smiles,pKb,pKaBasic_train_test,scaffold
O=[N+]([O-])c1nccn1CC(O)C[18F],0.0,test,<rdkit.Chem.rdchem.Mol object at 0x7fcdd94de490>
COCC(O)Cn1ccnc1[N+](=O)[O-],0.0,train,<rdkit.Chem.rdchem.Mol object at 0x7fcdd94de500>
O=P1(N(CCCl)CCCl)NC(OO)CCO1,0.0,train,<rdkit.Chem.rdchem.Mol object at 0x7fcdd94de570>
CS(=O)(=O)OCCNP1(=O)OCCCN1CCCl,0.0,train,<rdkit.Chem.rdchem.Mol object at 0x7fcdd94de5e0>
O=[N+]([O-])c1nccn1CC(O)CF,0.0,train,<rdkit.Chem.rdchem.Mol object at 0x7fcdd94de650>
CCn1cc(C(=O)O)c(=O)c2cc(F)c(N3CCN(C(=O)CCC(=O)O)CC3)cc21,0.01,train,<rdkit.Chem.rdchem.Mol object at 0x7fcdd94de6c0>
O=P1(N(CCCl)CCCl)NC(O)CCO1,0.01,train,<rdkit.Chem.rdchem.Mol object at 0x7fcdd94de730>
O=P1(N(CCCl)CCCl)NCCCO1,0.02,test,<rdkit.Chem.rdchem.Mol object at 0x7fcdd94de7a0>
COc1cc(C(Nc2ccc(S(N)(=O)=O)cc2)Nc2ccc(S(N)(=O)=O)cc2)ccc1O,0.02,train,<rdkit.Chem.rdchem.Mol object at 0x7fcdd94de880>
O=C(O)c1ccc[n+]([O-])c1,0.03,train,<rdkit.Chem.rdchem.Mol object at 0x7fcdd94de8f0>
Cc1cc(C2=NO[C@@](c3cc(Cl)c(Cl)c(Cl)c3)(C(F)(F)F)C2)sc1C(=O)NCC(=O)NCC(F)(F)F,0.03,train,<rdkit.Chem.rdchem.Mol object at 0x7fcdd94de960>
O=[N+]([O-])c1nccn1COC(CO)C(O)CO,0.04,train,<rdkit.Chem.rdchem.Mol object at 0x7fcdd94de9d0>
NC(=O)c1ccc(N(C(N)=O)c2c(F)cccc2F)nc1-c1ccc(F)cc1F,0.04,train,<rdkit.Chem.rdchem.Mol object at 0x7fcdd94dea40>
CCOC(=O)c1ccc(N(CC(C)O)CC(C)O)cc1,0.06,test,<rdkit.Chem.rdchem.Mol object at 0x7fcdd94deb90>
CC[N+](C)(C/C=C/C1=C(C(=O)[O-])N2C(=O)[C@@H](NC(=O)/C(=N\OCF)c3nsc(N)n3)[C@H]2SC1)CC(N)=O,0.07,train,<rdkit.Chem.rdchem.Mol object at 0x7fcdd94dec70>
Cc1cccc(N(C)C(=S)Oc2ccc3c(c2)C2CCC3C2)c1,0.08,train,<rdkit.Chem.rdchem.Mol object at 0x7fcdd94ded50>
Cc1cccc(N(C)C(=S)Oc2ccc3ccccc3c2)c1,0.08,train,<rdkit.Chem.rdchem.Mol object at 0x7fcdd94dedc0>
Cc1cccc(N(C)C(=S)Oc2ccc3c(c2)CCC3)c1,0.08,train,<rdkit.Chem.rdchem.Mol object at 0x7fcdd94dee30>
CC(C(=O)O)c1ccc(Oc2nccs2)cc1,0.08,train,<rdkit.Chem.rdchem.Mol object at 0x7fcdd94def10>
CS(=O)(=O)c1ccc([C@@H](C[C@H]2CCC(=O)C2)C(=O)Nc2cnccn2)cc1Cl,0.08,train,<rdkit.Chem.rdchem.Mol object at 0x7fcdd94def80>
O=C(O)Cn1nnc(-c2cc(N3CCC(Oc4cc(F)ccc4Br)CC3)no2)n1,0.08,train,<rdkit.Chem.rdchem.Mol object at 0x7fcdd94deff0>
CC(C(=O)O)c1ccc2oc(-c3ccc(Cl)cc3)nc2c1,0.09,train,<rdkit.Chem.rdchem.Mol object at 0x7fcdd94df060>
COP(=O)(OC)SCn1c(=O)oc2cc(Cl)cnc21,0.09,train,<rdkit.Chem.rdchem.Mol object at 0x7fcdd94df0d0>
CN1C(=O)[C@@H](NC(=O)[C@H](CCC(F)(F)F)[C@H](CCC(F)(F)F)C(N)=O)N=C(c2ccccc2)c2ccccc21,0.1,train,<rdkit.Chem.rdchem.Mol object at 0x7fcdd94df1b0>
CCn1cc(C(=O)O)c(=O)c2cc(F)c(-n3cccc3)cc21,0.11,train,<rdkit.Chem.rdchem.Mol object at 0x7fcdd94df290>
C[C@H](C(=O)O)c1ccc2oc(-c3ccc(F)cc3)nc2c1,0.12,train,<rdkit.Chem.rdchem.Mol object at 0x7fcdd94df370>
COc1ccc(N2CCOCC2)c2sc(NC(=O)N3CCC(C)(O)CC3)nc12,0.13,train,<rdkit.Chem.rdchem.Mol object at 0x7fcdd94df3e0>
O=C(NC(=O)c1c(F)cccc1F)Nc1ccc(Cl)c(Oc2ncc(C(F)(F)F)cc2Cl)c1,0.15,train,<rdkit.Chem.rdchem.Mol object at 0x7fcdd94df450>
CC(C)(C)NC(=O)[C@H]1CC[C@H]2[C@@H]3CC=C4C=C(C(=O)O)CC[C@]4(C)[C@H]3CC[C@]12C,0.16,test,<rdkit.Chem.rdchem.Mol object at 0x7fcdd94df530>
Cc1oc(=O)oc1COC(=O)N1CC[C@@H](N2CC/C(=C\C3=C(C(=O)[O-])N4C(=O)[C@@H](NC(=O)/C(=N/O)c5nsc(N)n5)[C@H]4SC3)C2=O)C1,0.17,train,<rdkit.Chem.rdchem.Mol object at 0x7fcdd94df5a0>
N#Cc1nn(-c2c(Cl)cc(C(F)(F)F)cc2Cl)c(N)c1[S+]([O-])C(F)(F)F,0.18,train,<rdkit.Chem.rdchem.Mol object at 0x7fcdd94df610>
COc1ccc(-c2cc(C(F)F)nn2-c2ccc(S(N)(=O)=O)cc2)cc1F,0.19,train,<rdkit.Chem.rdchem.Mol object at 0x7fcdd94df6f0>
CNC(=O)c1ccc(N2C(=S)N(c3cnc(C#N)c(C(F)(F)F)c3)C(=O)C23CCC3)cc1F,0.19,train,<rdkit.Chem.rdchem.Mol object at 0x7fcdd94df760>
O=C(Cn1ccnc1[N+](=O)[O-])NCc1ccccc1,0.2,train,<rdkit.Chem.rdchem.Mol object at 0x7fcdd94df8b0>
Nc1nc2c(ncn2/C=C2/CC2(CO)CO)c(=O)[nH]1,0.2,train,<rdkit.Chem.rdchem.Mol object at 0x7fcdd94df920>
CCc1nc2ccccc2c(=O)n1-c1c(Cl)cccc1Cl,0.21,train,<rdkit.Chem.rdchem.Mol object at 0x7fcdd94df990>
CC1(C)S[C@@H]2[C@H](NC(=O)c3nc4ccccc4nc3C(=O)O)C(=O)N2[C@H]1C(=O)O,0.21,train,<rdkit.Chem.rdchem.Mol object at 0x7fcdd94dfa00>
CN1C(=O)N(C[C@H](C(=O)NO)[C@@H](CC2CCCC2)C(=O)N2CCCCC2)C(=O)C1(C)C,0.22,train,<rdkit.Chem.rdchem.Mol object at 0x7fcdd94dfb50>
CCN(CC)C(=O)[C@@H]1[C@@H](C(=O)N(CC)CC)[C@H]2C=C[C@@H]1C2,0.22,train,<rdkit.Chem.rdchem.Mol object at 0x7fcdd94dfbc0>
O=P(NCCCO)(OCCCl)N(CCCl)CCCl,0.23,test,<rdkit.Chem.rdchem.Mol object at 0x7fcdd94dfc30>
O=C(NCCc1ccc(O)c(O)c1)C12CC3CC(CC(C3)C1)C2,0.23,train,<rdkit.Chem.rdchem.Mol object at 0x7fcdd94dfca0>
Cc1c(-c2cnccn2)ssc1=S,0.23,train,<rdkit.Chem.rdchem.Mol object at 0x7fcdd94dfd10>
Cc1nnc(SCC2=C(C(=O)O)N3C(=O)[C@@H](NC(=O)Cn4cc(Cl)c(=O)c(Cl)c4)[C@H]3SC2)s1,0.24,test,<rdkit.Chem.rdchem.Mol object at 0x7fcdd94dfd80>
Cc1nnc(SCC2=C(C(=O)O)N3C(=O)[C@@H](NC(=O)[C@H](O)c4ccccc4)[C@H]3SC2)s1,0.24,train,<rdkit.Chem.rdchem.Mol object at 0x7fcdd94dfdf0>
C[C@H]1O[C@@H](O[C@H]2[C@@H](O)C[C@H](O[C@H]3[C@@H](O)C[C@H](O[C@H]4CC[C@@]5(C)[C@H](CC[C@@H]6[C@@H]5CC[C@]5(C)[C@@H](C7=CC(=O)OC7)CC[C@]65O)C4)O[C@@H]3C)O[C@@H]2C)C[C@H](O)[C@@H]1O,0.24,train,<rdkit.Chem.rdchem.Mol object at 0x7fcdd94dfe60>
CC(=O)O[C@H]1C[C@H](O[C@H]2[C@@H](O)C[C@H](O[C@H]3[C@@H](O)C[C@H](O[C@H]4CC[C@@]5(C)[C@H](CC[C@@H]6[C@@H]5CC[C@]5(C)[C@@H](C7=CC(=O)OC7)CC[C@]65O)C4)O[C@@H]3C)O[C@@H]2C)O[C@H](C)[C@H]1O,0.24,train,<rdkit.Chem.rdchem.Mol object at 0x7fcdd94dfed0>
C[C@@H]1O[C@@H](O[C@H]2CC[C@@]3(C)[C@H](CC[C@@H]4[C@@H]3CC[C@]3(C)[C@@H](C5=CC(=O)OC5)CC[C@]43O)C2)CC[C@H]1O,0.24,train,<rdkit.Chem.rdchem.Mol object at 0x7fcdd94dff40>
COc1nc(C(=O)NC[C@](C)(O)C(F)(F)F)c(N)cc1C(F)(F)F,0.24,train,<rdkit.Chem.rdchem.Mol object at 0x7fcdd94f8040>
C#C[C@]1(O)CC[C@H]2[C@@H]3CCC4=Cc5oncc5C[C@]4(C)[C@H]3CC[C@@]21C,0.25,train,<rdkit.Chem.rdchem.Mol object at 0x7fcdd94f8120>
Cc1nnc(SCC2=C(C(=O)[O-])N3C(=O)[C@@H](NC(=O)Cn4cnnn4)[C@H]3SC2)s1,0.26,train,<rdkit.Chem.rdchem.Mol object at 0x7fcdd94f8200>
Cc1ccc(-n2nccn2)c(C(=O)N2CCN(c3nc4cc(Cl)ccc4o3)CC[C@H]2C)c1,0.26,train,<rdkit.Chem.rdchem.Mol object at 0x7fcdd94f8270>
O=C(N/N=C/C=C/c1ccc([N+](=O)[O-])o1)c1ccc([N+](=O)[O-])s1,0.27,train,<rdkit.Chem.rdchem.Mol object at 0x7fcdd94f82e0>
C[C@]12CC[C@H](O[C@@H]3O[C@H](CO)[C@@H](O)[C@H](O)[C@H]3O)C[C@H]1CC[C@@H]1[C@@H]2CC[C@]2(C)[C@@H](C3=CCOC3=O)CC[C@]12O,0.27,train,<rdkit.Chem.rdchem.Mol object at 0x7fcdd94f83c0>
CO[C@H]1[C@H](O)[C@H](O[C@H]2CC[C@@]3(C=O)[C@H](CC[C@@H]4[C@@H]3CC[C@]3(C)[C@@H](C5=CC(=O)OC5)CC[C@]43O)C2)O[C@@H](C)[C@@H]1O,0.27,train,<rdkit.Chem.rdchem.Mol object at 0x7fcdd94f8430>
COc1cc(S(C)(=O)=O)ccc1Nc1nc2ccc(-c3ccc(NC(=O)[C@H](C)c4ccc(F)cc4)cc3)cn2n1,0.27,train,<rdkit.Chem.rdchem.Mol object at 0x7fcdd94f84a0>
CCN(C(C)=O)c1cccc(-c2ccnc3c(C#N)cnn23)c1,0.28,test,<rdkit.Chem.rdchem.Mol object at 0x7fcdd94f8510>
C#CCOc1ccc2c(c1)c(-c1ccc(C(C)C)cc1)nc(=O)n2Cc1ccc2nc(Br)cnc2c1,0.28,train,<rdkit.Chem.rdchem.Mol object at 0x7fcdd94f8580>
CC[C@@]1(O)C(=O)OCc2c1cc1n(c2=O)Cc2cc3c([N+](=O)[O-])cccc3nc2-1,0.29,train,<rdkit.Chem.rdchem.Mol object at 0x7fcdd94f8660>
N#Cc1ccc(/C=N/NC(N)=S)s1,0.29,train,<rdkit.Chem.rdchem.Mol object at 0x7fcdd94f86d0>
C[C@@H]1O[C@@H](O[C@@H]2C=C3CC[C@@H]4[C@H](CC[C@]5(C)[C@@H](c6ccc(=O)oc6)CC[C@]45O)[C@@]3(C)CC2)[C@H](O)[C@H](O)[C@H]1O,0.3,train,<rdkit.Chem.rdchem.Mol object at 0x7fcdd94f8740>
COc1ccc2[nH]c(-c3cccc(F)c3)cc(=O)c2c1OP(=O)(O)O,0.3,train,<rdkit.Chem.rdchem.Mol object at 0x7fcdd94f8890>
CCOC(=O)Cn1nc(C(F)(F)F)cc1-c1ccc(-c2cccc(S(C)(=O)=O)c2)cc1,0.31,test,<rdkit.Chem.rdchem.Mol object at 0x7fcdd94f8900>
O=C(O)c1cn(C2CC2)c2cc(N3CCC(O)(COc4ccc(N5C[C@H](CO)OC5=O)cc4F)CC3)c(F)cc2c1=O,0.31,train,<rdkit.Chem.rdchem.Mol object at 0x7fcdd94f8970>
C[C@@]1(F)[C@H](O)[C@@H](COP(=O)(O)OP(=O)(O)OP(=O)(O)O)O[C@H]1n1cnc2c(=O)[nH]c(N)nc21,0.31,train,<rdkit.Chem.rdchem.Mol object at 0x7fcdd94f8a50>
CCOC(=O)NP(=O)(N1CC1)N1CC1,0.32,train,<rdkit.Chem.rdchem.Mol object at 0x7fcdd94f8ac0>
O=C(NP(=O)(N1CC1)N1CC1)OCc1ccccc1,0.32,train,<rdkit.Chem.rdchem.Mol object at 0x7fcdd94f8b30>
CC(=O)OCC(=O)[C@@]12N=C(C)O[C@@H]1C[C@H]1[C@@H]3CCC4=CC(=O)C=C[C@]4(C)[C@@]3(F)[C@@H](O)C[C@@]12C,0.32,train,<rdkit.Chem.rdchem.Mol object at 0x7fcdd94f8c10>
CC(C)(C)NC(=O)[C@H]1CC[C@H]2[C@@H]3CC[C@H]4NC(=O)C=C[C@]4(C)[C@H]3CC[C@]12C,0.33,train,<rdkit.Chem.rdchem.Mol object at 0x7fcdd94f8d60>
CC1CS(=O)(=O)CCN1/N=C/c1ccc([N+](=O)[O-])o1,0.34,train,<rdkit.Chem.rdchem.Mol object at 0x7fcdd94f8e40>
Nc1nc2c(ncn2COCCOP(=O)(O)OP(=O)(O)OP(=O)(O)O)c(=O)[nH]1,0.34,train,<rdkit.Chem.rdchem.Mol object at 0x7fcdd94f8eb0>
CCCCC(CC)COc1ccc(-c2nc(-c3ccc(OC)cc3)nc(-c3ccc(OCC(CC)CCCC)cc3O)n2)c(O)c1,0.35,train,<rdkit.Chem.rdchem.Mol object at 0x7fcdd94f8f90>
CCN(c1nncs1)P(=O)(N1CC1)N1CC1,0.36,test,<rdkit.Chem.rdchem.Mol object at 0x7fcdd94f9000>
CC(C)(OCc1nn(Cc2ccccc2)c2ccccc12)C(=O)O,0.36,train,<rdkit.Chem.rdchem.Mol object at 0x7fcdd94f9070>
CCO/N=C(\C(=O)N[C@@H]1C(=O)N2C(C(=O)[O-])=C(Sc3nc(-c4cc[n+](C)cc4)cs3)CS[C@H]12)c1nsc(N)n1,0.36,train,<rdkit.Chem.rdchem.Mol object at 0x7fcdd94f90e0>
CC(=O)N1CCc2c(C(=O)N3CCC(c4ccc(F)c(F)c4C(F)(F)F)CC3)n[nH]c2C1,0.38,train,<rdkit.Chem.rdchem.Mol object at 0x7fcdd94f9230>
Cc1cccn2c(=O)c(-c3nnn[nH]3)cnc12,0.39,test,<rdkit.Chem.rdchem.Mol object at 0x7fcdd94f92a0>
Cc1nc(-c2ccc(OCC(C)C)c(C#N)c2)sc1C(=O)O,0.39,test,<rdkit.Chem.rdchem.Mol object at 0x7fcdd94f9310>
O=C(O)c1cnccn1,0.39,train,<rdkit.Chem.rdchem.Mol object at 0x7fcdd94f9380>
Cc1cccn2c(=O)c(-c3nnn[n-]3)cnc12,0.39,train,<rdkit.Chem.rdchem.Mol object at 0x7fcdd94f9460>
CCOC(=O)c1cnc2n(c1=O)C(C)CCC2CC(=O)O,0.4,train,<rdkit.Chem.rdchem.Mol object at 0x7fcdd94f94d0>
CC(C)n1cc(C#N)c2cc(-n3cc(C(=O)O)cn3)ccc21,0.4,train,<rdkit.Chem.rdchem.Mol object at 0x7fcdd94f95b0>
CC(=O)/N=c1/sccn1CC(O)c1cccs1,0.41,train,<rdkit.Chem.rdchem.Mol object at 0x7fcdd94f9620>
Cc1onc(-c2ccccc2)c1-c1ccc(S(N)(=O)=O)cc1,0.42,test,<rdkit.Chem.rdchem.Mol object at 0x7fcdd94f9690>
CCC(=O)NS(=O)(=O)c1ccc(-c2c(-c3ccccc3)noc2C)cc1,0.42,train,<rdkit.Chem.rdchem.Mol object at 0x7fcdd94f9700>
CC(=O)Nc1cnn2c(C)nc3ccccc3c12,0.42,train,<rdkit.Chem.rdchem.Mol object at 0x7fcdd94f9770>
C[C@H](NC(=O)/C(C#N)=C/c1cccc(Br)n1)c1ccccc1,0.42,train,<rdkit.Chem.rdchem.Mol object at 0x7fcdd94f97e0>
CCC(=O)[N-]S(=O)(=O)c1ccc(-c2c(-c3ccccc3)noc2C)cc1,0.42,train,<rdkit.Chem.rdchem.Mol object at 0x7fcdd94f9850>
N#C[C@@]1(c2ccc3c(N)ncnn23)O[C@H](COP(=O)(O)OP(=O)(O)OP(=O)(O)O)[C@@H](O)[C@H]1O,0.42,train,<rdkit.Chem.rdchem.Mol object at 0x7fcdd94f98c0>
Cc1ccccc1/N=N/c1ccc(/N=N/c2c(O)ccc3ccccc23)c(C)c1,0.43,train,<rdkit.Chem.rdchem.Mol object at 0x7fcdd94f9930>
CC[C@H](NC(=O)c1c(NS(C)(=O)=O)c(-c2ccccc2)nc2ccccc12)c1ccccc1,0.43,train,<rdkit.Chem.rdchem.Mol object at 0x7fcdd94f99a0>
C=C1[C@H](OP(=O)(O)OP(=O)(O)OP(=O)(O)O)[C@@H](O)C[C@@H]1n1cnc2c(=O)[nH]c(N)nc21,0.44,test,<rdkit.Chem.rdchem.Mol object at 0x7fcdd94f9af0>
CCOCn1cc(F)c(=O)n(C(=O)c2cccc(C(=O)Oc3nc(OC(=O)c4ccccc4)ccc3C#N)c2)c1=O,0.44,train,<rdkit.Chem.rdchem.Mol object at 0x7fcdd94f9bd0>
COc1ccc(S(=O)(=O)Nc2nnc(CC(C)C)s2)cc1,0.44,train,<rdkit.Chem.rdchem.Mol object at 0x7fcdd94f9c40>
CC[C@H](C)[C@@H]1C(=O)N[C@H](C2Cc3ccccc3C2)C(=O)N1[C@@H](C(=O)N1CCOCC1)c1coc(C)n1,0.44,train,<rdkit.Chem.rdchem.Mol object at 0x7fcdd94f9cb0>
Nc1ncn([C@H]2C[C@H](OP(=O)(O)OC[C@H]3O[C@@H](n4cnc5c(=O)[nH]c(N)nc54)C[C@@H]3O)[C@@H](CO)O2)c(=O)n1,0.44,train,<rdkit.Chem.rdchem.Mol object at 0x7fcdd94f9d20>
Nc1ncn([C@H]2C[C@H](OP(=O)([O-])OC[C@H]3O[C@@H](n4cnc5c(=O)[nH]c(N)nc54)C[C@@H]3O)[C@@H](CO)O2)c(=O)n1,0.44,train,<rdkit.Chem.rdchem.Mol object at 0x7fcdd94f9d90>
CC(C)(C)n1nnc2c3c(ccc21)C1=CC(=O)CC[C@@]1(CCOc1ccccc1)C3,0.45,test,<rdkit.Chem.rdchem.Mol object at 0x7fcdd94f9e00>
Nc1c(/N=N/c2ccc(-c3ccc(/N=N/c4cc(S(=O)(=O)O)c5ccccc5c4N)cc3)cc2)cc(S(=O)(=O)O)c2ccccc12,0.45,train,<rdkit.Chem.rdchem.Mol object at 0x7fcdd94f9e70>
CCCCc1nnc(NS(=O)(=O)c2ccc(Cl)cc2)s1,0.46,train,<rdkit.Chem.rdchem.Mol object at 0x7fcdd94f9f50>
CC1(C)S[C@@H]2[C@H](NC(=O)[C@H](NC(=O)Nc3cnc(Nc4ccc(S(N)(=O)=O)cc4)nc3O)c3ccc(O)cc3)C(=O)N2[C@H]1C(=O)O,0.46,train,<rdkit.Chem.rdchem.Mol object at 0x7fcdd94f9fc0>
C[C@@H]1CC[C@H]([C@@H](O)C(F)(F)F)N1c1ccc2[nH]c(=O)cc(C(F)(F)F)c2c1,0.46,train,<rdkit.Chem.rdchem.Mol object at 0x7fcdd94fa0a0>
CCc1noc(CC)c1C(=O)O[C@H]1C(C)=C[C@]23C(=O)[C@@H](C=C(CO)[C@@H](O)[C@]12O)[C@H]1[C@@H](C[C@H]3C)C1(C)C,0.46,train,<rdkit.Chem.rdchem.Mol object at 0x7fcdd94fa110>
COCCOCCOCCOc1cccc(C2=N[C@@](C)(C(=O)O)CS2)c1O,0.46,train,<rdkit.Chem.rdchem.Mol object at 0x7fcdd94fa180>
Cc1cnc(NC(=O)C2=C(O)c3ccccc3S(=O)(=O)N2C)s1,0.47,test,<rdkit.Chem.rdchem.Mol object at 0x7fcdd94fa1f0>
CCOc1ccc(-c2nn3ncccc3c2-c2ccc(S(C)(=O)=O)cc2)cc1,0.47,train,<rdkit.Chem.rdchem.Mol object at 0x7fcdd94fa260>
CC(=O)OCC(=O)[C@@]12N=C(C)O[C@@H]1C[C@H]1[C@@H]3CCC4=CC(=O)C=C[C@]4(C)[C@H]3[C@@H](O)C[C@@]12C,0.48,test,<rdkit.Chem.rdchem.Mol object at 0x7fcdd94fa2d0>
COCOC[C@H](CCC1(C(=O)NC2CCC(C(=O)O)CC2)CCCC1)C(=O)O,0.48,train,<rdkit.Chem.rdchem.Mol object at 0x7fcdd94fa340>
Cc1c(NCc2c(C(C)C)c(=O)n(-c3ccccc3)n2C)c(=O)n(-c2ccccc2)n1C,0.48,train,<rdkit.Chem.rdchem.Mol object at 0x7fcdd94fa3b0>
CCOCc1ccc(C)c(Nc2ncc(-c3ccc(N4CCNC4=O)cc3)o2)c1,0.48,train,<rdkit.Chem.rdchem.Mol object at 0x7fcdd94fa490>
Cc1cc(=O)n(-c2ccccc2)n1C,0.49,train,<rdkit.Chem.rdchem.Mol object at 0x7fcdd94fa500>
C[C@H]1C[C@H](C(=O)O)CC[C@H]1C(=O)N1CC[C@@]2(S(=O)(=O)c3ccc(F)cc3)c3ccc(C(F)(C(F)(F)F)C(F)(F)F)cc3CC[C@@H]12,0.49,train,<rdkit.Chem.rdchem.Mol object at 0x7fcdd94fa570>
C[C@]1(C(=O)O)CSC(c2ccc(O)cc2O)=N1,0.49,train,<rdkit.Chem.rdchem.Mol object at 0x7fcdd94fa5e0>
Cc1cnn(-c2c(Cl)cccc2Cl)c1C(=O)N[C@@H]1C(=O)N2[C@@H]1SC(C)(C)[C@@H]2C(=O)O,0.51,train,<rdkit.Chem.rdchem.Mol object at 0x7fcdd94fa6c0>
Fc1ccc(-c2c3cccc(C(F)(F)F)c3nn2Cc2ccc(F)cc2Cl)cc1,0.51,train,<rdkit.Chem.rdchem.Mol object at 0x7fcdd94fa730>
CCCCCC[C@@H]([C@@H](C)O)n1cnc2c(=O)[nH]cnc21,0.52,train,<rdkit.Chem.rdchem.Mol object at 0x7fcdd94fa7a0>
COCCNC(=O)c1ccnc(C(=O)NCCOC)c1,0.53,train,<rdkit.Chem.rdchem.Mol object at 0x7fcdd94fa810>
COCCOCCOc1ccc(C2=N[C@@](C)(C(=O)O)CS2)c(O)c1,0.53,train,<rdkit.Chem.rdchem.Mol object at 0x7fcdd94fa880>
COCCCNC(=O)c1ccnc(C(=O)NCCCOC)c1,0.54,train,<rdkit.Chem.rdchem.Mol object at 0x7fcdd94fa8f0>
Nc1nc2c(ncn2CC[C@@H](O)CO)c(=O)[nH]1,0.54,train,<rdkit.Chem.rdchem.Mol object at 0x7fcdd94faa40>
Nc1nc2c(ncn2C[C@H](CO)CCO)c(=O)[nH]1,0.54,train,<rdkit.Chem.rdchem.Mol object at 0x7fcdd94faab0>
Nc1nc2c(ncn2CC(CO)CO)c(=O)[nH]1,0.54,train,<rdkit.Chem.rdchem.Mol object at 0x7fcdd94fab20>
Cc1nc(=O)cc(/C=C/c2ccc([N+](=O)[O-])o2)[nH]1,0.54,train,<rdkit.Chem.rdchem.Mol object at 0x7fcdd94fab90>
O=C(O)c1cc(/N=N/c2ccc(S(=O)(=O)Nc3ccccn3)cc2)ccc1O,0.55,test,<rdkit.Chem.rdchem.Mol object at 0x7fcdd94fac00>
[O-][n+]1ccccc1SSc1cccc[n+]1[O-],0.55,train,<rdkit.Chem.rdchem.Mol object at 0x7fcdd94fac70>
COc1ccccc1Oc1c(NS(=O)(=O)c2ccc(C(C)(C)C)cc2)nc(-c2ncccn2)nc1OCCO,0.57,test,<rdkit.Chem.rdchem.Mol object at 0x7fcdd94face0>
COc1cc(NC(=O)Nc2cccc(CNC(=O)O[C@H]3CCOC3)c2)ccc1-c1cnco1,0.57,train,<rdkit.Chem.rdchem.Mol object at 0x7fcdd94fad50>
Cc1nnc(NS(=O)(=O)c2ccc(NC(=O)c3ccccc3C(=O)O)cc2)s1,0.57,train,<rdkit.Chem.rdchem.Mol object at 0x7fcdd94fadc0>
Cc1ccc(Cn2nc(CCCc3ccc(OC(C)(C)C(=O)O)cc3)nc2O)cc1,0.57,train,<rdkit.Chem.rdchem.Mol object at 0x7fcdd94faf10>
Nc1nc2c(ncn2COC(CO)CO)c(=O)[nH]1,0.58,test,<rdkit.Chem.rdchem.Mol object at 0x7fcdd94faf80>
CCOCCOC(=O)C(=O)Nc1nc(-c2cc(C)no2)cs1,0.58,train,<rdkit.Chem.rdchem.Mol object at 0x7fcdd94faff0>
COCC[n+]1c2c(n(Cc3cnccn3)c1C)C(=O)c1ccccc1C2=O,0.58,train,<rdkit.Chem.rdchem.Mol object at 0x7fcdd94fb0d0>
O=c1[nH]cnc2c1ncn2[C@@H]1O[C@H](CO)[C@@H](O)[C@H]1O,0.58,train,<rdkit.Chem.rdchem.Mol object at 0x7fcdd94fb140>
CC(C)Oc1ccc(-c2nc(O[C@@H]3C[C@H]4C(=O)N[C@]5(C(=O)NS(=O)(=O)C6(C)CC6)C[C@H]5/C=C\CCCCC[C@H](NC(=O)OC5CCCC5)C(=O)N4C3)c3oc4ccccc4c3n2)cc1,0.59,test,<rdkit.Chem.rdchem.Mol object at 0x7fcdd94fb1b0>
O=C(O)c1ccccc1C(=O)Nc1ccc(S(=O)(=O)Nc2nccs2)cc1,0.59,train,<rdkit.Chem.rdchem.Mol object at 0x7fcdd94fb220>
O=[N+]([O-])c1ccc(S(=O)(=O)Nc2nccs2)cc1,0.59,train,<rdkit.Chem.rdchem.Mol object at 0x7fcdd94fb300>
CCC(CC)COC(=O)[C@H](C)N[P@](=O)(OC[C@H]1O[C@@](C#N)(c2ccc3c(N)ncnn23)[C@H](O)[C@@H]1O)Oc1ccccc1,0.59,train,<rdkit.Chem.rdchem.Mol object at 0x7fcdd94fb3e0>
Nc1nc2c(ncn2COCCO)c(=O)[nH]1,0.6,test,<rdkit.Chem.rdchem.Mol object at 0x7fcdd94fb4c0>
O=c1[nH]cnc2c1ncn2[C@H]1CC[C@@H](CO)O1,0.6,test,<rdkit.Chem.rdchem.Mol object at 0x7fcdd94fb530>
O=C1c2cc(-c3ccc(OC(F)(F)F)cc3)ccc2OCCN1Cc1ncccn1,0.6,train,<rdkit.Chem.rdchem.Mol object at 0x7fcdd94fb5a0>
N#Cc1nn(-c2c(Cl)cc(C(F)(F)F)cc2Cl)c(N)c1C1(C(F)(F)F)CC1(F)F,0.62,train,<rdkit.Chem.rdchem.Mol object at 0x7fcdd94fb680>
CC(C)Oc1ncc(-c2nc(-c3cccc4c3ccn4CCCC(=O)O)no2)cc1Cl,0.62,train,<rdkit.Chem.rdchem.Mol object at 0x7fcdd94fb6f0>
CCc1cc(-c2noc(-c3cc(OC)nc(C4CCCC4)c3)n2)cc(C)c1OC[C@@H](O)CO,0.62,train,<rdkit.Chem.rdchem.Mol object at 0x7fcdd94fb760>
O=C(NN1CCCC1)NS(=O)(=O)c1ccc(Cl)cc1,0.63,train,<rdkit.Chem.rdchem.Mol object at 0x7fcdd94fb7d0>
COc1ccccc1Oc1c(NS(=O)(=O)/C=C/c2ccccc2)nc(-c2ncccn2)nc1OC,0.63,train,<rdkit.Chem.rdchem.Mol object at 0x7fcdd94fb840>
O=C(O)c1ccc(S(=O)(=O)N(Cc2ccc(OC(F)(F)F)cc2)c2ncc3ccccc3c2C2CC2)cc1,0.63,train,<rdkit.Chem.rdchem.Mol object at 0x7fcdd94fb8b0>
CC(C)Oc1ccc(S(=O)(=O)N2CCN(c3ccc(-c4ncco4)c(OCC(=O)O)c3)CC2)cc1,0.64,train,<rdkit.Chem.rdchem.Mol object at 0x7fcdd94fb920>
Nc1nc(O)c2ncn(COC(CO)COP(=O)(O)OP(=O)(O)OP(=O)(O)O)c2n1,0.64,train,<rdkit.Chem.rdchem.Mol object at 0x7fcdd94fb990>
Cc1nc2ccccc2c(=O)n1-c1ccccc1Cl,0.65,train,<rdkit.Chem.rdchem.Mol object at 0x7fcdd94fba00>
O=C(Nc1nc(-c2ccccc2)cs1)OCC(Cl)(Cl)Cl,0.65,train,<rdkit.Chem.rdchem.Mol object at 0x7fcdd94fba70>
N#C[C@@]1(c2ccc3c(N)ncnn23)O[C@H](CO)[C@@H](O)[C@H]1O,0.65,train,<rdkit.Chem.rdchem.Mol object at 0x7fcdd94fbb50>
CCC[C@H](Oc1cc(C)c(-n2cc(C(F)(F)F)cn2)c(C)c1)c1ccc(C(=O)NCCC(=O)O)cc1,0.68,train,<rdkit.Chem.rdchem.Mol object at 0x7fcdd94fbca0>
CCCN(C)C(=O)OCc1c(-c2ccc(O[C@H]3CCC[C@H](C(=O)O)C3)c(C)n2)nnn1C,0.68,train,<rdkit.Chem.rdchem.Mol object at 0x7fcdd94fbd10>
O=C(O)c1cc(O)c2ccc(Cl)cc2n1,0.69,train,<rdkit.Chem.rdchem.Mol object at 0x7fcdd94fbd80>
O=C(Nc1cnn2ccc(N3CCC[C@@H]3c3cc(F)ccc3F)nc12)N1CC[C@H](O)C1,0.7,train,<rdkit.Chem.rdchem.Mol object at 0x7fcdd94fbdf0>
C[C@H](O)c1nc(Cn2nc(-c3ccc(Cl)cc3)n(C[C@H](O)C(F)(F)F)c2=O)nn1-c1cccc(Cl)c1,0.71,train,<rdkit.Chem.rdchem.Mol object at 0x7fcdd94fbe60>
C=CC(=O)N1CC[C@H](Oc2nc(-c3n[nH]c(=O)[nH]3)cc3ccccc23)C1,0.71,train,<rdkit.Chem.rdchem.Mol object at 0x7fcdd94fbed0>
CCOC(=O)NP(=O)(N1CC1(C)C)N1CC1(C)C,0.72,train,<rdkit.Chem.rdchem.Mol object at 0x7fcdd94fbf40>
CC(C)=CCC/C(C)=C/CC/C(C)=C/CN1C(=O)c2cccc(O)c2Nc2c(O)cc(O)cc21,0.73,train,<rdkit.Chem.rdchem.Mol object at 0x7fcdd94fc040>
FC(F)(F)c1ccc(/C=C/c2nc(COc3ccc(CCCCn4ccnn4)cc3)co2)cc1,0.74,train,<rdkit.Chem.rdchem.Mol object at 0x7fcdd94fc120>
C=C1[C@H](CO)[C@@H](O)C[C@@H]1n1cnc2c(=O)[nH]c(N)nc21,0.74,train,<rdkit.Chem.rdchem.Mol object at 0x7fcdd94fc190>
Cc1cc2c(cc1CC(=O)c1sccc1S(=O)(=O)Nc1onc(C)c1Cl)OCO2,0.75,test,<rdkit.Chem.rdchem.Mol object at 0x7fcdd94fc200>
O=C(O)C1C/C(=C2/CCN(c3ccccc3)C2=O)c2ccc(Cl)cc2N1,0.75,test,<rdkit.Chem.rdchem.Mol object at 0x7fcdd94fc270>
Cc1c(-c2ccc(-c3ccccc3F)cc2)nc2ccc(F)cc2c1C(=O)O,0.75,train,<rdkit.Chem.rdchem.Mol object at 0x7fcdd94fc2e0>
Cc1c(C(=O)OCCO)[n+]([O-])c2ccccc2[n+]1[O-],0.75,train,<rdkit.Chem.rdchem.Mol object at 0x7fcdd94fc350>
C[C@@]1(Cn2ccnn2)[C@H](C(=O)O)N2C(=O)C[C@H]2S1(=O)=O,0.75,train,<rdkit.Chem.rdchem.Mol object at 0x7fcdd94fc3c0>
Cc1c(-c2ccc(-c3ccccc3F)cc2)nc2ccc(F)cc2c1C(=O)[O-],0.75,train,<rdkit.Chem.rdchem.Mol object at 0x7fcdd94fc510>
CCC(=O)O[C@@H](C(=O)N1N=CC[C@H]1C(=O)NCc1cc(Cl)ccc1-n1cnnn1)c1ccc(F)cc1,0.76,train,<rdkit.Chem.rdchem.Mol object at 0x7fcdd94fc580>
Fc1ccc(F)c([C@H]2CCCN2c2ccn3ncc(-n4cc(C(F)(F)F)cn4)c3n2)c1,0.77,train,<rdkit.Chem.rdchem.Mol object at 0x7fcdd94fc5f0>
O=C(O)Cc1nn(-c2ccc(F)cc2)cc1-c1ccc(Cl)cc1,0.79,train,<rdkit.Chem.rdchem.Mol object at 0x7fcdd94fc6d0>
Cc1onc(NS(=O)(=O)c2ccccc2-c2ccc(-c3ncco3)cc2CN(C)C(=O)CC(C)(C)C)c1C,0.79,train,<rdkit.Chem.rdchem.Mol object at 0x7fcdd94fc740>
C#C[C@]1(CO)O[C@@H](n2cnc3c(N)nc(F)nc32)C[C@@H]1O,0.79,train,<rdkit.Chem.rdchem.Mol object at 0x7fcdd94fc7b0>
O=C(O)c1cncc(F)c1,0.8,train,<rdkit.Chem.rdchem.Mol object at 0x7fcdd94fc820>
C/C1=C/C[C@@H](/C(C)=C/c2cc(C)on2)OC(=O)C[C@H](O)C(C)(C)C(=O)[C@H](C)[C@@H](O)[C@@H](C)/C=C\C1,0.8,train,<rdkit.Chem.rdchem.Mol object at 0x7fcdd94fc890>
C[C@H](O)[C@H](O)[C@H]1CNc2nc(N)[nH]c(=O)c2N1,0.82,train,<rdkit.Chem.rdchem.Mol object at 0x7fcdd94fc9e0>
CNC(=O)N1CCN(/N=C\C=C\c2ccc([N+](=O)[O-])o2)C1=O,0.83,train,<rdkit.Chem.rdchem.Mol object at 0x7fcdd94fcb30>
O=C(CCn1cnc2c(=O)[nH]cnc21)Nc1ccc(C(=O)[O-])cc1,0.83,train,<rdkit.Chem.rdchem.Mol object at 0x7fcdd94fcc10>
Cc1oc(-c2ccccc2)nc1CCC(=O)c1ccc(CC2SC(=O)NC2=O)cc1,0.85,train,<rdkit.Chem.rdchem.Mol object at 0x7fcdd94fcc80>
Cc1c(C(C)C)c(=O)n(-c2ccccc2)n1C,0.87,test,<rdkit.Chem.rdchem.Mol object at 0x7fcdd94fccf0>
C[S+]([O-])CCCCN=C=S,0.87,train,<rdkit.Chem.rdchem.Mol object at 0x7fcdd94fcd60>
CC(C)C(NC(=O)Cn1c(-c2ccccc2)ncc(N)c1=O)C(=O)c1nnc(C(C)(C)C)o1,0.87,train,<rdkit.Chem.rdchem.Mol object at 0x7fcdd94fcdd0>
Cc1nsc(-c2nnc3n2CCN(C(=O)c2ccc(F)cc2)[C@@H]3C)n1,0.87,train,<rdkit.Chem.rdchem.Mol object at 0x7fcdd94fcf20>
O=C(O)c1cn2c(cnc3ccccc32)n1,0.88,train,<rdkit.Chem.rdchem.Mol object at 0x7fcdd94fcf90>
C[C@]1(CS(=O)(=O)N2CCC(Oc3ccc(Cl)cn3)CC2)NC(=O)NC1=O,0.88,train,<rdkit.Chem.rdchem.Mol object at 0x7fcdd94fd000>
COc1cccc([C@@H](Oc2ccc3c(cnn3-c3ccc(F)cc3)c2)[C@H](C)NC(=O)C(F)(F)F)c1,0.88,train,<rdkit.Chem.rdchem.Mol object at 0x7fcdd94fd070>
C[C@H](NC(=O)C(C)(F)F)[C@H](Oc1ccc2c(cnn2-c2cccc(C(=O)N[C@@H]3CCOC3)c2)c1)c1ccc2c(c1)OCCO2,0.88,train,<rdkit.Chem.rdchem.Mol object at 0x7fcdd94fd150>
CNc1ccc(-c2cc3cc(O)ccc3o2)c(F)n1,0.89,train,<rdkit.Chem.rdchem.Mol object at 0x7fcdd94fd2a0>
N#CCNC(=O)CNc1ccc(C(=O)O)cc1,0.9,train,<rdkit.Chem.rdchem.Mol object at 0x7fcdd94fd310>
O=C(/C=C(\O)c1nc[nH]n1)c1ccc(Cc2ccc(F)cc2)o1,0.9,train,<rdkit.Chem.rdchem.Mol object at 0x7fcdd94fd380>
CN1C(=O)[C@@H](NC(=O)c2cc3ccccc3[nH]2)N=C(c2ccccc2)c2ccccc21,0.91,train,<rdkit.Chem.rdchem.Mol object at 0x7fcdd94fd3f0>
CCC/N=C1\S/C(=C\c2ccc(OC[C@H](O)CO)c(Cl)c2)C(=O)N1c1ccccc1C,0.91,train,<rdkit.Chem.rdchem.Mol object at 0x7fcdd94fd460>
CN1c2c(oc(=O)n(-c3ccccn3)c2=O)-c2ccccc2S1(=O)=O,0.92,test,<rdkit.Chem.rdchem.Mol object at 0x7fcdd94fd540>
COc1nc(C)cnc1NS(=O)(=O)c1cccnc1-c1ccc(-c2nnco2)cc1,0.92,train,<rdkit.Chem.rdchem.Mol object at 0x7fcdd94fd5b0>
Nc1c(I)cc(I)c(C(=O)N(CCC(=O)O)c2ccccc2)c1I,0.93,train,<rdkit.Chem.rdchem.Mol object at 0x7fcdd94fd690>
Cc1oc(-c2ccccc2)nc1CCOc1ccc(CC2C(=O)NOC2=O)cc1,0.93,train,<rdkit.Chem.rdchem.Mol object at 0x7fcdd94fd770>
Cc1oc(-c2ccccc2)nc1CCOc1ccc(C[C@H](Nc2ccccc2C(=O)c2ccccc2)C(=O)O)cc1,0.93,train,<rdkit.Chem.rdchem.Mol object at 0x7fcdd94fd7e0>
COc1ccc(OC(=O)N(CC(=O)O)Cc2ccc(OCCc3nc(-c4ccccc4)oc3C)cc2)cc1,0.93,train,<rdkit.Chem.rdchem.Mol object at 0x7fcdd94fd850>
Cc1oc(-c2ccccc2)nc1CCOc1ccc(CC2SC(=O)NC2=O)c2sccc12,0.93,train,<rdkit.Chem.rdchem.Mol object at 0x7fcdd94fd930>
CO[C@@H](Cc1ccc(OCCc2nc(-c3ccccc3)oc2C)c2ccsc12)C(=O)O,0.93,train,<rdkit.Chem.rdchem.Mol object at 0x7fcdd94fda10>
CC(=O)/C=C(/C)N[C@@H]1CON=C1O,0.93,train,<rdkit.Chem.rdchem.Mol object at 0x7fcdd94fda80>
Nc1nc(=O)c2ncn(CCC(CO)CO)c2[nH]1,0.94,test,<rdkit.Chem.rdchem.Mol object at 0x7fcdd94fdaf0>
Cc1[nH]nc(C(F)(F)F)c1Cc1sc2c(c1C(=O)N1C[C@](C)(O)CO1)c(=O)n(C)c(=O)n2C(C)C,0.94,train,<rdkit.Chem.rdchem.Mol object at 0x7fcdd94fdb60>
Cc1cccnc1NS(=O)(=O)c1ccc(C#Cc2ccc(O)c(C(=O)O)c2)cc1,0.96,train,<rdkit.Chem.rdchem.Mol object at 0x7fcdd94fdbd0>
CN1C(=O)[C@@H](NC(=O)c2cc3cccc4c3n2CCC4)N=C(c2ccccc2)c2ccccc21,0.96,train,<rdkit.Chem.rdchem.Mol object at 0x7fcdd94fdc40>
CCN1C(=O)CNc2ncc(-c3ccc(-c4nc[nH]n4)nc3C)nc21,0.96,train,<rdkit.Chem.rdchem.Mol object at 0x7fcdd94fdcb0>
Cc1ccc(S(=O)(=O)NC(=O)N2N=CCC2C)cc1,0.97,train,<rdkit.Chem.rdchem.Mol object at 0x7fcdd94fdd20>
COc1cnc(-n2cnc(C)n2)c2c1c(C(=O)C(=O)N1CCN(C(=O)c3ccccc3)CC1)cn2COP(=O)(O)O,0.97,train,<rdkit.Chem.rdchem.Mol object at 0x7fcdd94fdd90>
CNS(=O)(=O)Nc1nccc(Cc2c(C)c3ccc(Oc4ncccn4)cc3oc2=O)c1F,0.97,train,<rdkit.Chem.rdchem.Mol object at 0x7fcdd94fde00>
COc1cnc(-n2cnc(C)n2)c2c1c(C(=O)C(=O)N1CCN(C(=O)c3ccccc3)CC1)cn2COP(=O)(O)O.NC(CO)(CO)CO,0.97,train,<rdkit.Chem.rdchem.Mol object at 0x7fcdd94fde70>
O=C(O)Cc1ccc(Cc2cc(-c3cccc(Cl)c3)nc(C(F)(F)F)c2)cc1,0.99,train,<rdkit.Chem.rdchem.Mol object at 0x7fcdd94fdee0>
C=Cc1cc(O)cc2nc(-c3ccc(O)c(F)c3)oc12,1.0,test,<rdkit.Chem.rdchem.Mol object at 0x7fcdd94fdf50>
C[C@H]1CNC(=O)c2cnn3cc4c(nc23)N(Cc2cc(F)cnc2O1)[C@@H]1CCC[C@@H]1O4,1.01,test,<rdkit.Chem.rdchem.Mol object at 0x7fcdd94fe030>
COC(=O)N/N=C/c1c[n+]([O-])c2ccccc2[n+]1[O-],1.01,train,<rdkit.Chem.rdchem.Mol object at 0x7fcdd94fe0a0>
N#CCC(=O)NN=Cc1c[n+]([O-])c2ccccc2[n+]1[O-],1.02,train,<rdkit.Chem.rdchem.Mol object at 0x7fcdd94fe110>
Cc1cc(O)c(C(C)C)cc1/N=N/c1ccc(S(=O)(=O)c2ccc(/N=N/c3cc(C(C)C)c(O)cc3C)cc2)cc1,1.03,train,<rdkit.Chem.rdchem.Mol object at 0x7fcdd94fe180>
Cn1nc(C(F)(F)C(F)(F)F)c(C(F)(F)F)c1-n1cc(-c2ccc(Cl)c(C(=O)NC3(C#N)CC3)c2)cn1,1.04,train,<rdkit.Chem.rdchem.Mol object at 0x7fcdd94fe1f0>
Nc1[nH]cnc2ncnc1-2,1.05,train,<rdkit.Chem.rdchem.Mol object at 0x7fcdd94fe260>
O/N=C/c1cc[n+](COC[n+]2ccc(/C=N/O)cc2)cc1,1.05,train,<rdkit.Chem.rdchem.Mol object at 0x7fcdd94fe2d0>
CC1CC(=O)NN=C1c1ccc2c(c1)OCC(=O)N2,1.05,train,<rdkit.Chem.rdchem.Mol object at 0x7fcdd94fe340>
Cc1cc(Oc2ncccc2C(F)(F)F)ccc1-c1c(C)c(=O)[nH]c(=O)n1C,1.05,train,<rdkit.Chem.rdchem.Mol object at 0x7fcdd94fe3b0>
CC(C)C[C@@H](C(=O)Nc1ccn(C[C@@H](O)CO)n1)N1CC(Oc2ccccc2Cl)=CC1=O,1.06,train,<rdkit.Chem.rdchem.Mol object at 0x7fcdd94fe420>
Cc1c(C(=O)NCCC#N)[n+]([O-])c2ccccc2[n+]1[O-],1.07,test,<rdkit.Chem.rdchem.Mol object at 0x7fcdd94fe570>
Cc1c(C(=O)NCCO)[n+]([O-])c2ccccc2[n+]1[O-],1.07,train,<rdkit.Chem.rdchem.Mol object at 0x7fcdd94fe5e0>
CC(C)(C)c1ccc(CN(Cc2cccc(OCC(=O)O)c2)S(=O)(=O)c2cccnc2)cc1,1.07,train,<rdkit.Chem.rdchem.Mol object at 0x7fcdd94fe650>
CCn1nc(C2CCN(C(=O)CCO)CC2)nc1-c1cnc(N)c(-c2nnc(C(C)(C)C)o2)n1,1.07,train,<rdkit.Chem.rdchem.Mol object at 0x7fcdd94fe6c0>
Cn1c(=O)c(F)c(Nc2ccc(I)cc2F)c2c(=O)n(C[C@@H](O)CO)cnc21,1.08,train,<rdkit.Chem.rdchem.Mol object at 0x7fcdd94fe810>
C[C@H](NC(=O)/C(C#N)=C/C=C/c1cccc(Br)n1)c1ccccc1,1.08,train,<rdkit.Chem.rdchem.Mol object at 0x7fcdd94fe880>
NC(=O)/C(=C/n1cnc(-c2cc(C(F)(F)F)cc(C(F)(F)F)c2)n1)c1cncnc1,1.08,train,<rdkit.Chem.rdchem.Mol object at 0x7fcdd94fe8f0>
O=C(CNC(=O)c1ccc(C2=NO[C@@](c3cc(Cl)c(F)c(C(F)(F)F)c3)(C(F)(F)F)C2)c2ccccc12)NCC(F)(F)F,1.09,train,<rdkit.Chem.rdchem.Mol object at 0x7fcdd94fe960>
CN(C)NC(=O)c1ccc(Cl)c(S(N)(=O)=O)c1,1.11,train,<rdkit.Chem.rdchem.Mol object at 0x7fcdd94fe9d0>
C=C[C@@H]1C[C@]1(NC(=O)[C@@H]1C[C@@H](Oc2cc(-c3csc(NC(=O)C(C)C)n3)nc3c(Br)c(OC)ccc23)CN1C(=O)[C@@H](NC(=O)OC1CCCC1)C(C)(C)C)C(=O)[O-],1.11,train,<rdkit.Chem.rdchem.Mol object at 0x7fcdd94feab0>
N=c1nc2n(cc1F)[C@@H]1O[C@H](CO)[C@@H](O)[C@@H]1O2,1.12,train,<rdkit.Chem.rdchem.Mol object at 0x7fcdd94feb20>
O=C(c1ccc2nccnc2c1)N1CCCCC1,1.13,train,<rdkit.Chem.rdchem.Mol object at 0x7fcdd94feb90>
COc1ccc(C2=NNC(=O)CC2CO)cc1OC,1.13,train,<rdkit.Chem.rdchem.Mol object at 0x7fcdd94fec00>
CCOC(=O)OC[C@H]1O[C@@H](Oc2nn(C(C)C)c(C)c2Cc2ccc(OC(C)C)cc2)[C@H](O)[C@@H](O)[C@@H]1O,1.13,train,<rdkit.Chem.rdchem.Mol object at 0x7fcdd94fece0>
[11CH3]Oc1ccc(-c2c(C#N)c(C(=O)NN3CCCCC3)nn2-c2ccc(Cl)cc2Cl)cc1,1.14,train,<rdkit.Chem.rdchem.Mol object at 0x7fcdd94fed50>
COc1ccc(-c2c(C#N)c(C(=O)NN3CCCCC3)nn2-c2ccc(Cl)cc2Cl)cc1,1.14,train,<rdkit.Chem.rdchem.Mol object at 0x7fcdd94fedc0>
O=C(CCCCNC(=O)c1nc(-c2nccs2)sc1C1CC1)NO,1.14,train,<rdkit.Chem.rdchem.Mol object at 0x7fcdd94fee30>
O=C(O)Cc1c(-c2ccccc2)c(-c2ccccc2)nn1-c1ccccc1,1.15,train,<rdkit.Chem.rdchem.Mol object at 0x7fcdd94feea0>
CC(Cl)C(=O)Nc1ccc(C2=NNC(=O)CC2C)cc1,1.17,train,<rdkit.Chem.rdchem.Mol object at 0x7fcdd94fef10>
CCS(=O)(=O)c1ccc(Oc2cc(O[C@@H](C)CO)cc(C(=O)Nc3ccn(C)n3)c2)cn1,1.17,train,<rdkit.Chem.rdchem.Mol object at 0x7fcdd94feff0>
Cc1ccccc1-n1c(C)nc2ccccc2c1=O,1.18,train,<rdkit.Chem.rdchem.Mol object at 0x7fcdd94ff060>
O=C1CO[C@H](c2cn(-c3ccc(Br)cc3)nc2-c2ccc(F)cc2)N1CCc1ccc2[nH]c(=O)[nH]c2c1,1.18,train,<rdkit.Chem.rdchem.Mol object at 0x7fcdd94ff1b0>
COC(=O)N[C@@H](Cc1ccccc1)C(=O)N[C@@H](Cc1ccc(NS(=O)(=O)O)cc1)c1csc(-c2cccs2)n1,1.22,train,<rdkit.Chem.rdchem.Mol object at 0x7fcdd94ff450>
CC(C)N(Cc1ccccc1)C(=O)CN1C(=O)[C@@H](Cc2c[nH]c3ccccc23)c2nnc(-c3ccccc3)n2-c2ccccc21,1.22,train,<rdkit.Chem.rdchem.Mol object at 0x7fcdd94ff4c0>
O=C(/C=C\n1cnc(-c2cc(C(F)(F)F)cc(C(F)(F)F)c2)n1)NNc1cnccn1,1.22,train,<rdkit.Chem.rdchem.Mol object at 0x7fcdd94ff530>
COC[C@@H](NC(=O)N1CC(=O)Nc2cc(OC)cnc21)c1ccc(OC(F)(F)F)c(F)c1,1.22,train,<rdkit.Chem.rdchem.Mol object at 0x7fcdd94ff5a0>
CCOC(=O)c1ccc(C#Cc2ccc3c(c2)C(C)(C)CCS3)nc1,1.23,train,<rdkit.Chem.rdchem.Mol object at 0x7fcdd94ff610>
Cc1nc(SCCCC(=O)O)sc1CC(=O)O,1.23,train,<rdkit.Chem.rdchem.Mol object at 0x7fcdd94ff680>
O/N=C/c1cc[n+](C[n+]2ccc(/C=N/O)cc2)cc1,1.24,train,<rdkit.Chem.rdchem.Mol object at 0x7fcdd94ff840>
Cc1nc(=O)c2cc(CN(C)c3ccc(C(=O)N[C@@H](CCC(=O)O)C(=O)O)s3)ccc2[nH]1,1.24,train,<rdkit.Chem.rdchem.Mol object at 0x7fcdd94ff8b0>
COc1cnc(-n2cnc(C)n2)c2[nH]cc(C(=O)C(=O)N3CCN(C(=O)c4ccccc4)CC3)c12,1.25,test,<rdkit.Chem.rdchem.Mol object at 0x7fcdd94ff920>
O=c1[nH]cnc2[nH]ncc12,1.25,test,<rdkit.Chem.rdchem.Mol object at 0x7fcdd94ff990>
CC(=O)O[C@H]1CC[C@H]2[C@@H]3CC[C@H]4C/C(=N/Oc5ccc([N+](=O)[O-])cc5)[C@H](Cl)C[C@]4(C)[C@H]3CC[C@]12C,1.25,train,<rdkit.Chem.rdchem.Mol object at 0x7fcdd94ffa00>
N#Cc1ccc(Cn2ccc(NC(=O)Cc3ccc(C4(C(F)(F)F)CC4)cc3)n2)nc1,1.25,train,<rdkit.Chem.rdchem.Mol object at 0x7fcdd94ffa70>
CCn1ncnc1COc1nn2c(-c3ccccc3F)nnc2cc1C(C)(C)C,1.26,test,<rdkit.Chem.rdchem.Mol object at 0x7fcdd94ffae0>
O=C(O)c1cc(-c2ccccc2)nc2ccccc12,1.26,train,<rdkit.Chem.rdchem.Mol object at 0x7fcdd94ffb50>
Cc1nc([N+](=O)[O-])cn1-c1ccc([N+](=O)[O-])cc1,1.26,train,<rdkit.Chem.rdchem.Mol object at 0x7fcdd94ffbc0>
C[C@H](Nc1ccc(C#N)n(C)c1=O)c1cc2cc(Cl)ccc2[nH]c1=O,1.26,train,<rdkit.Chem.rdchem.Mol object at 0x7fcdd94ffc30>
CCOC(=O)Cn1cccc1-c1nc(-c2ccc(OC)cc2)c(-c2ccc(OC)cc2)s1,1.27,train,<rdkit.Chem.rdchem.Mol object at 0x7fcdd94ffca0>
c1ccc2c(c1)ncc1ncnnc12,1.28,train,<rdkit.Chem.rdchem.Mol object at 0x7fcdd94ffd80>
CN1CC(=O)N=C1NC(=O)Nc1cccc(Cl)c1,1.28,train,<rdkit.Chem.rdchem.Mol object at 0x7fcdd94ffdf0>
CCCc1ncc(C(=O)O)s1,1.29,train,<rdkit.Chem.rdchem.Mol object at 0x7fcdd94ffed0>
COc1ccc(NC(=O)Nc2ccc(F)cc2F)cc1-c1c(Br)cnn1C,1.29,train,<rdkit.Chem.rdchem.Mol object at 0x7fcdd9500040>
O=C(O)Cc1sc(-c2ccccc2)nc1-c1ccc(Cl)cc1,1.3,train,<rdkit.Chem.rdchem.Mol object at 0x7fcdd95000b0>
COc1ccc(-n2nc(CCC(=O)N(C)O)cc2-c2ccc(Cl)cc2)cc1,1.31,train,<rdkit.Chem.rdchem.Mol object at 0x7fcdd9500190>
COc1c(O[C@@H]2O[C@H](CO)[C@@H](O)[C@H](O)[C@H]2O)cc2c(c1OC)-c1ccc(SC)c(=O)cc1C(NC(C)=O)CC2,1.31,train,<rdkit.Chem.rdchem.Mol object at 0x7fcdd9500200>
CCCn1c(=O)c2[nH]c(-c3cnn(Cc4cccc(C(F)(F)F)c4)c3)nc2n(CC)c1=O,1.31,train,<rdkit.Chem.rdchem.Mol object at 0x7fcdd9500270>
O=C(CNC(=O)c1ccc(C2=NOC(c3cc(Cl)cc(C(F)(F)F)c3)(C(F)(F)F)C2)c2ccccc12)NCC(F)(F)F,1.31,train,<rdkit.Chem.rdchem.Mol object at 0x7fcdd95002e0>
O=C(CNC(=O)c1ccc(C2=NO[C@@](c3cc(Cl)cc(C(F)(F)F)c3)(C(F)(F)F)C2)c2ccccc12)NCC(F)(F)F,1.31,train,<rdkit.Chem.rdchem.Mol object at 0x7fcdd9500350>
CCCn1cc(-n2c(Cl)c(Sc3cccc(C(=O)O)c3F)c3ccc(Cl)c(F)c32)cn1,1.31,train,<rdkit.Chem.rdchem.Mol object at 0x7fcdd95003c0>
C[C@@H]1CN(c2nc(-n3ccc(OCCC4(C(F)(F)F)CC4)n3)ccc2C(=O)NS(=O)(=O)c2ccccc2)C(C)(C)C1,1.31,train,<rdkit.Chem.rdchem.Mol object at 0x7fcdd9500430>
C[C@@H]1CN(c2nc(-n3ccc(OCCC4(C(F)(F)F)CC4)n3)ccc2C(=O)[N-]S(=O)(=O)c2ccccc2)C(C)(C)C1,1.31,train,<rdkit.Chem.rdchem.Mol object at 0x7fcdd95004a0>
CC1CCCC(C)N1NC(=O)c1ccc(Cl)c(S(N)(=O)=O)c1,1.32,train,<rdkit.Chem.rdchem.Mol object at 0x7fcdd9500510>
Clc1ccc2c(n1)C(c1ccccc1Cl)=NCc1nncn1-2,1.33,train,<rdkit.Chem.rdchem.Mol object at 0x7fcdd9500580>
C[C@H](Nc1cc(Cl)nc2c1cnn2[C@@H]1O[C@H](COP(=O)(O)CP(=O)(O)O)[C@@H](O)[C@H]1O)c1ccccc1F,1.33,train,<rdkit.Chem.rdchem.Mol object at 0x7fcdd95005f0>
Cc1nn(-c2cnc(OCC(C)C)c(Cl)c2)c2ccc(C(=O)NS(C)(=O)=O)cc12,1.34,train,<rdkit.Chem.rdchem.Mol object at 0x7fcdd9500660>
NS(=O)(=O)c1cc(C(=O)NN2C[C@@H]3[C@H]4CC[C@H](C4)[C@@H]3C2)ccc1Cl,1.35,test,<rdkit.Chem.rdchem.Mol object at 0x7fcdd95006d0>
C[C@@]1(O)CC[C@H]2[C@H](CC[C@@H]3[C@@H]2CC[C@]2(C)[C@@H](C(=O)Cn4cc(C#N)cn4)CC[C@@H]32)C1,1.36,test,<rdkit.Chem.rdchem.Mol object at 0x7fcdd9500740>
CC1=NN(CCOc2ccc3ccccc3c2)C(=O)C1,1.36,train,<rdkit.Chem.rdchem.Mol object at 0x7fcdd95007b0>
O=C(O)Cc1cn(-c2ccccc2)nc1-c1ccc(Cl)cc1,1.36,train,<rdkit.Chem.rdchem.Mol object at 0x7fcdd9500820>
Cn1c([N+](=O)[O-])cnc1C(O)c1cc(C(C)(C)C)ccc1O,1.36,train,<rdkit.Chem.rdchem.Mol object at 0x7fcdd9500900>
Cc1nc(C)c(Cl)c(O)c1Cl,1.37,train,<rdkit.Chem.rdchem.Mol object at 0x7fcdd95009e0>
COc1cccc2c1c(NS(=O)(=O)c1ccc(Cl)s1)nn2Cc1cccc(NC(=O)CO)c1,1.37,train,<rdkit.Chem.rdchem.Mol object at 0x7fcdd9500a50>
Cc1ccc(S(=O)(=O)NC(=O)NN2C[C@H]3CCC[C@@H]3C2)cc1,1.38,train,<rdkit.Chem.rdchem.Mol object at 0x7fcdd9500b30>
CC(C)(C)[C@@H](CO)NC(=O)c1nn(-c2c[n+]([O-])ccn2)c2c1C[C@@H]1C[C@H]21,1.39,train,<rdkit.Chem.rdchem.Mol object at 0x7fcdd9500c10>
CN1Cc2cc(C3=NNC(=O)CC3)ccc2NC1=O,1.4,train,<rdkit.Chem.rdchem.Mol object at 0x7fcdd9500d60>
CCCn1c(=O)c(CCCOC(=O)NC)nc2ccccc21,1.41,train,<rdkit.Chem.rdchem.Mol object at 0x7fcdd9500dd0>
CC(C)N(CCCCOCC(=O)NS(C)(=O)=O)c1cnc(-c2ccccc2)c(-c2ccccc2)n1,1.41,train,<rdkit.Chem.rdchem.Mol object at 0x7fcdd9500e40>
CS(=O)(=O)c1cc(C2(NC(=O)c3cncc4c3cnn4-c3ccc(F)cc3)CC2)ccn1,1.41,train,<rdkit.Chem.rdchem.Mol object at 0x7fcdd9500eb0>
CC1(NC2=NS(=O)(=O)c3sc(Cl)cc3N2)CC1,1.42,test,<rdkit.Chem.rdchem.Mol object at 0x7fcdd9500f20>
Cc1cc(Cl)ccc1N=C1SCS1,1.42,train,<rdkit.Chem.rdchem.Mol object at 0x7fcdd9500f90>
CCN(Cc1ccccc1)C(=O)Cn1c(=O)n(C)c2cnc(-c3ccccc3)nc21,1.42,train,<rdkit.Chem.rdchem.Mol object at 0x7fcdd9501000>
Cc1cc(C2=NOC(c3cc(Cl)cc(Cl)c3)(C(F)(F)F)C2)ccc1C(=O)NCC(=O)NCC(F)(F)F,1.42,train,<rdkit.Chem.rdchem.Mol object at 0x7fcdd9501070>
O=C(O)CNC(=O)c1ncc(C#CCOc2ccc(Cl)cc2)cc1O,1.43,test,<rdkit.Chem.rdchem.Mol object at 0x7fcdd95010e0>
Cc1c(CO)[n+]([O-])c2ccccc2[n+]1[O-],1.43,train,<rdkit.Chem.rdchem.Mol object at 0x7fcdd9501150>
CCN(CC)C(=O)Cc1c(-c2ccc(OCC[18F])cc2)nn2c(C)cc(C)nc12,1.43,train,<rdkit.Chem.rdchem.Mol object at 0x7fcdd95011c0>
CCCn1c(=O)[nH]c(=O)c2nc[nH]c21,1.44,test,<rdkit.Chem.rdchem.Mol object at 0x7fcdd95012a0>
COc1nc2nc(-c3noc(C)n3)cn2c2c1CCCC2,1.44,train,<rdkit.Chem.rdchem.Mol object at 0x7fcdd9501310>
CN1C(=O)[C@@H](NC(=O)c2n[nH]c(Cc3ccccc3)n2)COc2cccnc21,1.44,train,<rdkit.Chem.rdchem.Mol object at 0x7fcdd9501380>
CCOc1nc2cccc(C(=O)OC(C)OC(=O)OC3CCCCC3)c2n1Cc1ccc(-c2ccccc2-c2nn[nH]n2)cc1,1.45,train,<rdkit.Chem.rdchem.Mol object at 0x7fcdd95013f0>
CCc1c(OC)nc2nc(C(=O)c3ccccc3)cn2c1C,1.45,train,<rdkit.Chem.rdchem.Mol object at 0x7fcdd9501460>
O=C(O)Cn1cc(Cc2nc3c(F)c(F)cc(F)c3s2)c2ccccc21,1.45,train,<rdkit.Chem.rdchem.Mol object at 0x7fcdd95014d0>
CCc1c(OC)nc2nc(-c3noc(C)n3)cn2c1C,1.45,train,<rdkit.Chem.rdchem.Mol object at 0x7fcdd9501540>
Cn1ncnc1[C@H]1c2n[nH]c(=O)c3cc(F)cc(c23)N[C@@H]1c1ccc(F)cc1,1.45,train,<rdkit.Chem.rdchem.Mol object at 0x7fcdd9501620>
CC1(C)C(=O)Nc2ccc(C3=NNC(=O)CC3)cc21,1.47,train,<rdkit.Chem.rdchem.Mol object at 0x7fcdd9501690>
Cc1ccc(-c2ncccn2)c(C(=O)N2C[C@H](COc3ccc(F)cn3)CC[C@H]2C)c1,1.47,train,<rdkit.Chem.rdchem.Mol object at 0x7fcdd9501700>
COc1cccc(N(C)C(=S)Oc2ccc3c(c2)CCCC3)n1,1.48,test,<rdkit.Chem.rdchem.Mol object at 0x7fcdd9501770>
Cc1cc(/C=C/c2ccc3cc(N(C)C)ccc3[n+]2C)c(C)n1-c1ccccc1,1.48,train,<rdkit.Chem.rdchem.Mol object at 0x7fcdd95017e0>
CC(C)C1=C[C@@]23CC[C@@H]4[C@](C)(CCC[C@@]4(C)C(=O)N4CCOCC4)[C@H]2C[C@H]1[C@H]1C(=O)N(CCO)C(=O)[C@H]13,1.48,train,<rdkit.Chem.rdchem.Mol object at 0x7fcdd9501850>
CCOc1nc2cccc(C(=O)OCc3oc(=O)oc3C)c2n1Cc1ccc(-c2ccccc2-c2noc(=O)[nH]2)cc1,1.48,train,<rdkit.Chem.rdchem.Mol object at 0x7fcdd9501930>
CCOc1nc2cccc(C(=O)O)c2n1Cc1ccc(-c2ccccc2-c2nnn[nH]2)cc1,1.5,test,<rdkit.Chem.rdchem.Mol object at 0x7fcdd9501a10>
COc1ccc(/C(C)=N/OC(N)=O)cc1OC1CCCC1,1.5,train,<rdkit.Chem.rdchem.Mol object at 0x7fcdd9501a80>
C=CCNc1nc(C(=O)N/N=C/C=C/c2ccc([N+](=O)[O-])o2)cs1,1.5,train,<rdkit.Chem.rdchem.Mol object at 0x7fcdd9501af0>
CC(C)CN(C[C@@H](O)[C@H](Cc1ccccc1)NC(=O)[C@H](CC(N)=O)NC(=O)c1ccc2ccccc2n1)C(=O)NC(C)(C)C,1.51,train,<rdkit.Chem.rdchem.Mol object at 0x7fcdd9501bd0>
O=C(NO)c1ccc(CN(c2cnccn2)c2cnccn2)cc1,1.51,train,<rdkit.Chem.rdchem.Mol object at 0x7fcdd9501c40>
Cn1c([N+](=O)[O-])cnc1COC(N)=O,1.52,train,<rdkit.Chem.rdchem.Mol object at 0x7fcdd9501cb0>
C=CC[N@@+]12CC[C@@]34c5ccccc5N5C=C6[C@H]7C[C@H]8[C@@]9(CC[N@@+]8(CC=C)C/C7=C/CO)c7ccccc7N(C=C([C@@H](C[C@@H]31)/C(=C\CO)C2)[C@H]54)[C@@H]69,1.52,train,<rdkit.Chem.rdchem.Mol object at 0x7fcdd9501d90>
CNC(=O)c1cnn(-c2nc(N)c3ncn([C@@H]4O[C@H](CO)[C@@H](O)[C@H]4O)c3n2)c1,1.53,train,<rdkit.Chem.rdchem.Mol object at 0x7fcdd9501e70>
O=C(NN1CCCCCC1)NS(=O)(=O)c1ccc(Cl)cc1,1.55,train,<rdkit.Chem.rdchem.Mol object at 0x7fcdd9501f50>
CC(=O)OCC(=O)[C@@]1(O)[C@H](C)C[C@H]2[C@@H]3C=C(C)C4=Cc5c(cnn5-c5ccccc5)C[C@]4(C)[C@H]3[C@@H](O)C[C@@]21C,1.56,test,<rdkit.Chem.rdchem.Mol object at 0x7fcdd9501fc0>
CCOC[C@]12Cc3cnn(-c4ccc(F)cc4)c3C=C1CCN(S(=O)(=O)c1ccc(C(F)(F)F)cc1)C2,1.56,train,<rdkit.Chem.rdchem.Mol object at 0x7fcdd9502110>
Cc1cc([C@@H](C)Nc2ccccc2C(=O)O)c2nc(N3CCOCC3)cc(=O)n2c1,1.57,train,<rdkit.Chem.rdchem.Mol object at 0x7fcdd9502180>
CC(=O)N(CC(C)C(=O)O)c1c(I)cc(I)c(N)c1I,1.58,train,<rdkit.Chem.rdchem.Mol object at 0x7fcdd95021f0>
CCCCNc1c(C(=O)OCC)cnc2c1cnn2CC,1.58,train,<rdkit.Chem.rdchem.Mol object at 0x7fcdd9502260>
COC[C@H](C)Oc1cc(Oc2cnc(C(=O)N3CCC3)cn2)cc(C(=O)Nc2cnc(C)cn2)c1,1.58,train,<rdkit.Chem.rdchem.Mol object at 0x7fcdd95022d0>
Nc1c(CC(=O)O)cccc1C(=O)c1ccc(Br)cc1,1.59,test,<rdkit.Chem.rdchem.Mol object at 0x7fcdd95023b0>
CCOc1ccc(S(=O)(=O)[O-])c2cccnc12,1.59,test,<rdkit.Chem.rdchem.Mol object at 0x7fcdd9502420>
Cc1cc(C(=O)NCCc2ccc(S(=O)(=O)NC(=O)NN3CCCCCC3)cc2)no1,1.59,train,<rdkit.Chem.rdchem.Mol object at 0x7fcdd9502500>
Cc1ccc(/C=N/n2c(-c3ccccc3)csc2=S)cc1,1.59,train,<rdkit.Chem.rdchem.Mol object at 0x7fcdd95025e0>
Nc1c(CC(=O)[O-])cccc1C(=O)c1ccc(Br)cc1,1.59,train,<rdkit.Chem.rdchem.Mol object at 0x7fcdd95026c0>
Sc1ncnc2[nH]ncc12,1.59,train,<rdkit.Chem.rdchem.Mol object at 0x7fcdd9502730>
CN/C(=N\S(=O)(=O)c1ccc(Cl)cc1)N1C[C@H](c2ccccc2)C(c2ccc(Cl)cc2)=N1,1.6,train,<rdkit.Chem.rdchem.Mol object at 0x7fcdd95027a0>
CCc1c(C(=O)NN2CCCCC2)nn(-c2ccc(Cl)cc2Cl)c1-c1ccc(Br)cc1,1.6,train,<rdkit.Chem.rdchem.Mol object at 0x7fcdd9502810>
C#C[C@]1(O)CC[C@H]2[C@@H]3CCC4=Cc5c(cnn5-c5ccc(F)cc5)C[C@]4(C)[C@H]3CC[C@@]21C,1.6,train,<rdkit.Chem.rdchem.Mol object at 0x7fcdd9502880>
CC(C)(C)c1ccc2c(c1)CC[C@H]2NC(=O)Nc1cccc2[nH]ncc12,1.6,train,<rdkit.Chem.rdchem.Mol object at 0x7fcdd95028f0>
COc1ccc2c(O[C@@H]3C[C@H]4C(=O)N[C@]5(C(=O)NS(=O)(=O)C6CC6)C[C@H]5/C=C\CCCCN(C)C(=O)[C@@H]4C3)cc(-c3nc(C(C)C)cs3)nc2c1C,1.6,train,<rdkit.Chem.rdchem.Mol object at 0x7fcdd9502960>
Cc1ccc(S(=O)(=O)NC(=O)NN2CCCCCC2)cc1,1.61,train,<rdkit.Chem.rdchem.Mol object at 0x7fcdd9502a40>
CC(=O)N(c1onc(C)c1C)S(=O)(=O)c1ccc(N)cc1,1.61,train,<rdkit.Chem.rdchem.Mol object at 0x7fcdd9502ab0>
COc1ccc(N(C(C)=O)S(=O)(=O)c2ccc(N)cc2)nn1,1.61,train,<rdkit.Chem.rdchem.Mol object at 0x7fcdd9502b20>
O=C(/C=C/c1c(-c2ccccc2)nn2ccccc12)N1CCCC[C@@H]1CCO,1.61,train,<rdkit.Chem.rdchem.Mol object at 0x7fcdd9502b90>
C[S+]([O-])CC(=O)c1ccccn1,1.62,train,<rdkit.Chem.rdchem.Mol object at 0x7fcdd9502c00>
Cc1c(Cc2ccc(-n3cccn3)cc2)cc2c(c1F)CN([C@H]1COCC[C@@H]1O)C2=O,1.62,train,<rdkit.Chem.rdchem.Mol object at 0x7fcdd9502ce0>
Cc1cc(N2CCCCC2)nn2cnnc12,1.63,train,<rdkit.Chem.rdchem.Mol object at 0x7fcdd9502d50>
CCS(=O)(=O)c1ccc(/C=N/NC(N)=S)cc1,1.63,train,<rdkit.Chem.rdchem.Mol object at 0x7fcdd9502dc0>
CC/C(=C(/c1ccc(/C=C/C(=O)O)cc1)c1ccc2[nH]ncc2c1)c1ccc(F)cc1Cl,1.63,train,<rdkit.Chem.rdchem.Mol object at 0x7fcdd9502e30>
COc1cc(OC)c(F)c(COc2cnc(Nc3cnn(CCO)c3)nc2)c1F,1.63,train,<rdkit.Chem.rdchem.Mol object at 0x7fcdd9502ea0>
Cc1cc(CCCOc2c(C)cc(-c3noc(C(F)(F)F)n3)cc2C)on1,1.64,train,<rdkit.Chem.rdchem.Mol object at 0x7fcdd9502f10>
Cl/C(=C\n1cncn1)c1ccc(Cl)cc1Cl,1.64,train,<rdkit.Chem.rdchem.Mol object at 0x7fcdd9502f80>
O=C(O)CCCc1cc2cc(Cl)ccc2n1S(=O)(=O)c1ccc2ncsc2c1,1.64,train,<rdkit.Chem.rdchem.Mol object at 0x7fcdd9502ff0>
C[C@@H]1N=C(c2ccccc2Cl)c2cc([N+](=O)[O-])ccc2NC1=O,1.65,train,<rdkit.Chem.rdchem.Mol object at 0x7fcdd9503060>
COc1cc(F)ccc1Cn1ccc2c3c(ncc21)C(=O)N(O)CC3,1.65,train,<rdkit.Chem.rdchem.Mol object at 0x7fcdd95030d0>
O/N=C/c1cc[n+](CCC[n+]2ccc(/C=N/O)cc2)cc1,1.66,train,<rdkit.Chem.rdchem.Mol object at 0x7fcdd9503140>
COc1cc(C(=O)N2CCC3(CC2)CC(=O)c2c(cnn2C(C)C)C3)cc(-c2ccc(C(=O)O)cc2)n1.NC(CO)(CO)CO,1.66,train,<rdkit.Chem.rdchem.Mol object at 0x7fcdd9503220>
O=CNNc1nc(-c2ccc([N+](=O)[O-])o2)cs1,1.67,train,<rdkit.Chem.rdchem.Mol object at 0x7fcdd9503290>
Clc1ccc(-c2nc3c4ccccc4ccn3n2)cc1,1.68,train,<rdkit.Chem.rdchem.Mol object at 0x7fcdd95033e0>
Cc1c(C(=O)NN2CCCCC2)nn(-c2ccc(Cl)cc2Cl)c1-c1ccc(Cl)cc1,1.68,train,<rdkit.Chem.rdchem.Mol object at 0x7fcdd9503450>
O=C1C(=O)c2ncccc2-c2cccnc21,1.69,train,<rdkit.Chem.rdchem.Mol object at 0x7fcdd95035a0>
Cn1cc2cc(C(F)(F)c3nnc4ccc(-c5cnn(C6CC6)c5)nn34)c(F)cc2n1,1.69,train,<rdkit.Chem.rdchem.Mol object at 0x7fcdd9503610>
CC(C)Cn1nc(-c2ccccc2)c(-c2ccccc2)c1CC(=O)O,1.7,train,<rdkit.Chem.rdchem.Mol object at 0x7fcdd95036f0>
CCOc1nn(Cc2ccc(OCc3csc(-c4ccccc4)n3)cc2)cc1CCC(=O)O,1.7,train,<rdkit.Chem.rdchem.Mol object at 0x7fcdd9503760>
COc1ncccc1C(=O)NCCC1CCN(S(=O)(=O)NC(=O)NCC2CC3C=CC2C3)CC1,1.7,train,<rdkit.Chem.rdchem.Mol object at 0x7fcdd95037d0>
CC1=CN2CCS(=O)(=O)N=C2C(c2ccc(OC3CCCCC3)cc2)=N1,1.7,train,<rdkit.Chem.rdchem.Mol object at 0x7fcdd9503840>
CC(C)(CC(=O)O)Cc1nc2cc(Cl)cnc2n1Cc1ccc(Cl)cc1,1.71,train,<rdkit.Chem.rdchem.Mol object at 0x7fcdd95038b0>
O=C(O)COc1cccc(CN(Cc2ccc(-n3cccn3)cc2)S(=O)(=O)c2cccnc2)c1,1.71,train,<rdkit.Chem.rdchem.Mol object at 0x7fcdd9503920>
O=C(c1cccc(F)c1-c1ncccn1)N1C[C@H]2C[C@@H](Oc3ccc(C(F)(F)F)cn3)[C@@H]1C2,1.71,train,<rdkit.Chem.rdchem.Mol object at 0x7fcdd9503990>
O=C([O-])C1=C(C[n+]2ccc(CCS(=O)(=O)[O-])cc2)CS[C@@H]2[C@H](NC(=O)[C@H](NC(=O)c3nc[nH]c3C(=O)O)c3ccccc3)C(=O)N12,1.71,train,<rdkit.Chem.rdchem.Mol object at 0x7fcdd9503a00>
O=C(O)CCCc1ccc(N(CCCl)CCCl)cc1,1.72,test,<rdkit.Chem.rdchem.Mol object at 0x7fcdd9503a70>
CN1C(=O)CN=C(c2ccccc2F)c2cc([N+](=O)[O-])ccc21,1.72,train,<rdkit.Chem.rdchem.Mol object at 0x7fcdd9503b50>
O=C(O)c1c(O)c(-c2ccccc2)nc2ccccc12,1.72,train,<rdkit.Chem.rdchem.Mol object at 0x7fcdd9503bc0>
C[C@]12C=CC(=O)C=C1CC[C@@H]1[C@@H]2[C@@H](O)C[C@@]2(C)[C@H]1CC[C@]2(O)C(=O)COC(=O)CCCc1ccc(N(CCCl)CCCl)cc1,1.72,train,<rdkit.Chem.rdchem.Mol object at 0x7fcdd9503c30>
O=c1c2cccnc2oc2c(Cl)cc(-c3nnn[nH]3)cc12,1.72,train,<rdkit.Chem.rdchem.Mol object at 0x7fcdd9503ca0>
Cc1ccc2c(Br)cc(Br)c(OC(=O)c3ccccc3)c2n1,1.73,train,<rdkit.Chem.rdchem.Mol object at 0x7fcdd9503d80>
CC(C)OC(=O)COc1cccc(CN(Cc2ccc(-n3cccn3)cc2)S(=O)(=O)c2cccnc2)c1,1.73,train,<rdkit.Chem.rdchem.Mol object at 0x7fcdd9503df0>
CNC(=O)c1cccc(NCC(=O)NCCc2ccc(OC)c(OC)c2)c1,1.74,train,<rdkit.Chem.rdchem.Mol object at 0x7fcdd9503e60>
C[C@@H]1N=C(c2ccccc2Cl)c2c(ccc(NC(=O)NC(C)(CO)CO)c2Br)N(C)C1=O,1.75,train,<rdkit.Chem.rdchem.Mol object at 0x7fcdd9503ed0>
CCC(Cc1c(I)cc(I)c(N)c1I)C(=O)O,1.76,train,<rdkit.Chem.rdchem.Mol object at 0x7fcdd9504040>
Nc1c(CC(=O)O)cccc1C(=O)c1ccccc1,1.77,test,<rdkit.Chem.rdchem.Mol object at 0x7fcdd95040b0>
Nc1c(CC(=O)[O-])cccc1C(=O)c1ccccc1,1.77,train,<rdkit.Chem.rdchem.Mol object at 0x7fcdd9504120>
C=Cn1c([N+](=O)[O-])cnc1/C=C/c1ccc(C(=O)O)cc1,1.78,train,<rdkit.Chem.rdchem.Mol object at 0x7fcdd9504190>
COCCCOc1cccc(C[S+]([O-])c2nc3cc4c(cc3[nH]2)OCC4)c1C,1.78,train,<rdkit.Chem.rdchem.Mol object at 0x7fcdd9504270>
COc1ccc2nc3c(nc2c1)O[C@@H]1C[C@H]2C(=O)N[C@]4(C(=O)NS(=O)(=O)C5(C)CC5)C[C@H]4/C=C/CCCCC[C@H](NC(=O)O[C@@H]4CCC[C@H]4CCCCC3)C(=O)N2C1,1.79,train,<rdkit.Chem.rdchem.Mol object at 0x7fcdd9504350>
Nc1nc(N)c2nc(-c3cccc(O)c3)c(-c3cccc(O)c3)nc2n1,1.8,train,<rdkit.Chem.rdchem.Mol object at 0x7fcdd95043c0>
Cc1nsc(NC(=O)c2ccccc2)c1C(=O)Nc1ccc(Cl)cc1,1.82,train,<rdkit.Chem.rdchem.Mol object at 0x7fcdd95044a0>
Cn1cc(-c2ccc(S(=O)(=O)[C@@H]3C[C@@H](C(=O)NC4(C#N)CC4)N(C(=O)C4(C(F)(F)F)CC4)C3)c(C(F)(F)F)c2)cn1,1.82,train,<rdkit.Chem.rdchem.Mol object at 0x7fcdd9504510>
Nc1nc(N)c2nc(-c3ccco3)c(N)nc2n1,1.83,test,<rdkit.Chem.rdchem.Mol object at 0x7fcdd9504580>
NC(=O)Cc1cccc(C(=O)c2ccccc2)c1N,1.83,train,<rdkit.Chem.rdchem.Mol object at 0x7fcdd95045f0>
CC[C@@]1(O)CC(=O)OCc2c1cc1n(c2=O)Cc2cc3cc(F)c(F)cc3nc2-1,1.83,train,<rdkit.Chem.rdchem.Mol object at 0x7fcdd95046d0>
COc1ccc2cc(-c3cc(-c4cc(Cl)cc(Cl)c4)nn3[C@@H](C)c3ccc(C(=O)NCCC(=O)O)cc3)ccc2c1,1.83,train,<rdkit.Chem.rdchem.Mol object at 0x7fcdd9504740>
Nc1nc2[nH]cnc2c(=S)[nH]1,1.84,test,<rdkit.Chem.rdchem.Mol object at 0x7fcdd95047b0>
C[C@@H]1CCc2ncc(F)cc2[C@H]2CCCN2c2ccn3ncc(c3n2)C(=O)N1,1.84,train,<rdkit.Chem.rdchem.Mol object at 0x7fcdd9504820>
CC(C)C(=O)c1c(C(C)C)nn2ccccc12,1.85,test,<rdkit.Chem.rdchem.Mol object at 0x7fcdd9504890>
ClCCN(CCCl)c1ccc2ccccc2c1,1.85,train,<rdkit.Chem.rdchem.Mol object at 0x7fcdd9504900>
COc1cc(Cc2cnc(N3C(=O)c4ccccc4C3=O)nc2N)cc(OC)c1OC,1.85,train,<rdkit.Chem.rdchem.Mol object at 0x7fcdd9504970>
O=C(CO)N1CCC(c2n[nH]c(-c3ccc(Cl)cc3)c2-c2ccncn2)CC1,1.85,train,<rdkit.Chem.rdchem.Mol object at 0x7fcdd95049e0>
Nc1nc(N)c2nc(-c3ccccc3)c(N)nc2n1,1.86,test,<rdkit.Chem.rdchem.Mol object at 0x7fcdd9504a50>
O=C(NOCCO)c1cc2scnc2c(F)c1Nc1ccc(I)cc1F,1.86,train,<rdkit.Chem.rdchem.Mol object at 0x7fcdd9504ac0>
CC(C)c1ccc2oc3nc(N)c(C(=O)O)cc3c(=O)c2c1,1.87,train,<rdkit.Chem.rdchem.Mol object at 0x7fcdd9504b30>
CCOc1nc2cccc(C(=O)OC(C)OC(=O)OCc3nc(C)c(C)nc3C)c2n1Cc1ccc(-c2ccccc2-c2nc(=O)o[nH]2)cc1,1.87,train,<rdkit.Chem.rdchem.Mol object at 0x7fcdd9504ba0>
Cn1c(=O)c2c(ncn2CC(=O)Nc2ccc(-c3ccccc3)nn2)n(C)c1=O,1.88,train,<rdkit.Chem.rdchem.Mol object at 0x7fcdd9504c10>
O=C1CN=C(c2ccccc2Cl)c2cc([N+](=O)[O-])ccc2N1,1.89,test,<rdkit.Chem.rdchem.Mol object at 0x7fcdd9504c80>
CCNC(=O)O/N=C/c1ccc([C@H]2C[C@@]3(C)[C@@H](CC[C@]3(COC)OC)[C@@H]3CCC4=CC(=O)CCC4=C32)cc1,1.89,test,<rdkit.Chem.rdchem.Mol object at 0x7fcdd9504cf0>
CN1C(=O)CN=C(c2ccccc2F)c2cc(Cl)ccc21,1.89,train,<rdkit.Chem.rdchem.Mol object at 0x7fcdd9504d60>
N#Cc1ccc(C(c2ccc(C#N)cc2)n2cncn2)cc1,1.89,train,<rdkit.Chem.rdchem.Mol object at 0x7fcdd9504dd0>
COc1cc([S+](C)[O-])ccc1-c1nc2ncccc2[nH]1,1.89,train,<rdkit.Chem.rdchem.Mol object at 0x7fcdd9504e40>
CCOC(=O)/C(=C/c1ncc([N+](=O)[O-])n1C)C(C)=O,1.89,train,<rdkit.Chem.rdchem.Mol object at 0x7fcdd9504f20>
NS(=O)(=O)OC[C@H]1C[C@@H](Nc2ccnc3cc(-c4cccc(SC(F)(F)F)c4)nn23)[C@H](O)[C@@H]1O,1.89,train,<rdkit.Chem.rdchem.Mol object at 0x7fcdd9504f90>
COc1nsnc1NS(=O)(=O)c1ccc(N)cc1,1.9,train,<rdkit.Chem.rdchem.Mol object at 0x7fcdd9505000>
N#Cc1ccc(C(C(O)Cc2ccc(F)cc2)n2cncn2)cc1,1.9,train,<rdkit.Chem.rdchem.Mol object at 0x7fcdd9505150>
CCOc1nsnc1NS(=O)(=O)c1ccc(N)cc1,1.9,train,<rdkit.Chem.rdchem.Mol object at 0x7fcdd95051c0>
CC(=O)NS(=O)(=O)c1cc(N)ccc1S(=O)(=O)c1ccc(N)cc1,1.91,train,<rdkit.Chem.rdchem.Mol object at 0x7fcdd95052a0>
CCOC(=O)C(C)(C)NP(=O)(NC(C)(C)C(=O)OCC)c1ccc(-c2nc(N)sc2C(=O)C(C)(C)C)o1,1.91,train,<rdkit.Chem.rdchem.Mol object at 0x7fcdd9505310>
CCC(CC)c1cc(C)nc2c(-c3nc(N4CCOCC4)sc3Cl)c(C)nn12,1.91,train,<rdkit.Chem.rdchem.Mol object at 0x7fcdd9505380>
O=[N+]([O-])c1ccc(O)c2ncccc12,1.92,train,<rdkit.Chem.rdchem.Mol object at 0x7fcdd95053f0>
CCS(=O)(=O)CCN1C(=O)CN=C(c2ccccc2F)c2cc(Cl)ccc21,1.93,test,<rdkit.Chem.rdchem.Mol object at 0x7fcdd9505540>
CC(C)(C)c1nnc(NS(=O)(=O)c2ccc(N)cc2)s1,1.93,train,<rdkit.Chem.rdchem.Mol object at 0x7fcdd95055b0>
COc1cccc(CNc2ccc(S(=O)(=O)Nc3nc4ccccc4s3)cc2)c1O,1.93,train,<rdkit.Chem.rdchem.Mol object at 0x7fcdd9505620>
O=C(NC1CC1)c1cn(-c2cccc(C#Cc3ccc[n+]([O-])c3)c2)c2ncccc2c1=O,1.94,train,<rdkit.Chem.rdchem.Mol object at 0x7fcdd9505770>
Clc1ccc(C2(Cn3cncn3)OCCO2)c(Cl)c1,1.95,test,<rdkit.Chem.rdchem.Mol object at 0x7fcdd95057e0>
Cc1nnc(NS(=O)(=O)c2ccc(N)cc2)s1,1.95,train,<rdkit.Chem.rdchem.Mol object at 0x7fcdd9505850>
CCC1COC(Cn2cncn2)(c2ccc(Cl)cc2Cl)O1,1.95,train,<rdkit.Chem.rdchem.Mol object at 0x7fcdd9505930>
COC(=O)c1cnc2cc(OC(C)C)c(OC(C)C)cc2c1O,1.96,train,<rdkit.Chem.rdchem.Mol object at 0x7fcdd9505a10>
O=[N+]([O-])c1cnc(-c2ccc(F)cc2)n1CCO,1.96,train,<rdkit.Chem.rdchem.Mol object at 0x7fcdd9505a80>
CNC(=O)[C@H]1O[C@@H](n2cnc3c(NCc4cccc(I)c4)nc(Cl)nc32)[C@H](O)[C@@H]1O,1.96,train,<rdkit.Chem.rdchem.Mol object at 0x7fcdd9505af0>
Cc1cc(F)ccc1-c1nc(NC(CO)CO)nc2c1ccc(=O)n2-c1c(F)cccc1F,1.96,train,<rdkit.Chem.rdchem.Mol object at 0x7fcdd9505b60>
Cc1nnn(C)c1-c1cnc2c3ccc(C(C)(C)O)cc3n([C@H](c3ccccc3)C3CCOCC3)c2c1,1.96,train,<rdkit.Chem.rdchem.Mol object at 0x7fcdd9505bd0>
Cc1nc(NS(=O)(=O)c2ccc(N)cc2)nc(C)c1Br,1.97,train,<rdkit.Chem.rdchem.Mol object at 0x7fcdd9505cb0>
CCOC(=O)c1cnc2cc(OCC(C)C)c(OCC(C)C)cc2c1O,1.97,train,<rdkit.Chem.rdchem.Mol object at 0x7fcdd9505d20>
CCCCCCCCCCOc1cc2c(O)c(C(=O)OCC)cnc2cc1OCC,1.97,train,<rdkit.Chem.rdchem.Mol object at 0x7fcdd9505d90>
CCOC(=O)c1cnc2cc(OCC3CC3)c(OCC3CC3)cc2c1O,1.97,train,<rdkit.Chem.rdchem.Mol object at 0x7fcdd9505e70>
CNC(=O)c1cccc(-c2ccc3c(N4C5CCC4COC5)nc(N4CCOC[C@@H]4C)nc3n2)c1,1.97,train,<rdkit.Chem.rdchem.Mol object at 0x7fcdd9505ee0>
C=CC(=O)N1C[C@H](C)N(c2nc(=O)n(-c3c(C4CC4)ncnc3C3CC3)c3nc(-c4c(N)cccc4F)c(F)cc23)C[C@H]1C,1.97,train,<rdkit.Chem.rdchem.Mol object at 0x7fcdd9505f50>
COc1nccnc1NS(=O)(=O)c1ccc(N)cc1,1.98,test,<rdkit.Chem.rdchem.Mol object at 0x7fcdd9505fc0>
COc1cnc(NS(=O)(=O)c2ccc(N)cc2)nc1,1.98,train,<rdkit.Chem.rdchem.Mol object at 0x7fcdd9506030>
CCc1ccc(I)c(CC)c1NC(=O)CN(CC(=O)O)CC(=O)O,1.98,train,<rdkit.Chem.rdchem.Mol object at 0x7fcdd95060a0>
CC(=O)Nc1nc2c(Oc3cc(-c4ccc(C(F)(F)F)cc4)ncn3)cccc2s1,1.98,train,<rdkit.Chem.rdchem.Mol object at 0x7fcdd9506110>
C=CCn1c(=O)n([C@@H]2O[C@H](CO)[C@@H](O)[C@H]2O)c2nc(N)[nH]c(=O)c21,1.98,train,<rdkit.Chem.rdchem.Mol object at 0x7fcdd9506180>
COc1cc(NS(=O)(=O)c2ccc(N)cc2)nc(OC)n1,1.99,train,<rdkit.Chem.rdchem.Mol object at 0x7fcdd95061f0>
O=C(O)CN(CC(=O)O)CC(=O)Nc1ccc(Cl)cc1C(=O)c1ccccc1,1.99,train,<rdkit.Chem.rdchem.Mol object at 0x7fcdd9506260>
Fc1ccccc1-c1nc2ccn(Cc3ccc(-c4ccc(C(F)(F)F)cc4C(F)(F)F)nn3)cc-2n1,1.99,train,<rdkit.Chem.rdchem.Mol object at 0x7fcdd95063b0>
O=C(Nc1cccnn1)N1CCC(=Cc2cccc(Oc3ccc(C(F)(F)F)cn3)c2)CC1,1.99,train,<rdkit.Chem.rdchem.Mol object at 0x7fcdd9506420>
CC(C)(O)c1cccn2c(C3(c4ccc(Cl)cc4)CC3)nnc12,1.99,train,<rdkit.Chem.rdchem.Mol object at 0x7fcdd9506490>
O=C(Nc1ccnc(C(F)(F)F)c1)c1cnn(-c2cccc3c(=O)[nH]ccc23)c1C(F)(F)F,1.99,train,<rdkit.Chem.rdchem.Mol object at 0x7fcdd9506500>
CC(C)(C#N)c1cc(Cn2cncn2)cc(C(C)(C)C#N)c1,2.0,test,<rdkit.Chem.rdchem.Mol object at 0x7fcdd9506570>
Cc1ccnc(NS(=O)(=O)c2ccc(N)cc2)n1,2.0,train,<rdkit.Chem.rdchem.Mol object at 0x7fcdd95065e0>
Cc1ccnc([N-]S(=O)(=O)c2ccc(N)cc2)n1,2.0,train,<rdkit.Chem.rdchem.Mol object at 0x7fcdd95067a0>
Clc1ccc([C@]2(Cn3cncn3)O[C@H]2c2ccc(Cl)cc2Cl)cc1,2.0,train,<rdkit.Chem.rdchem.Mol object at 0x7fcdd9506810>
CNC(=O)c1cccc(-c2ccc3c(N4CCOC[C@@H]4C)nc(N4CCOC[C@@H]4C)nc3n2)c1,2.0,train,<rdkit.Chem.rdchem.Mol object at 0x7fcdd95068f0>
COc1ccc(-c2ccc3c(N4CCOC[C@@H]4C)nc(N4CCOC[C@@H]4C)nc3n2)cc1CO,2.0,train,<rdkit.Chem.rdchem.Mol object at 0x7fcdd9506960>
Cc1c(-c2ccnn2C)cc(C(=O)NCc2ccc(S(C)(=O)=O)cn2)c(=O)n1-c1cccc(C(F)(F)F)c1,2.0,train,<rdkit.Chem.rdchem.Mol object at 0x7fcdd95069d0>
Nc1ccc(S(=O)(=O)Nc2ncccn2)cc1,2.01,test,<rdkit.Chem.rdchem.Mol object at 0x7fcdd9506a40>
C[C@@H](c1ncncc1F)[C@](O)(Cn1cncn1)c1ccc(F)cc1F,2.01,test,<rdkit.Chem.rdchem.Mol object at 0x7fcdd9506ab0>
O=C(O)Cc1csc(-c2ccc(Cl)cc2)n1,2.01,train,<rdkit.Chem.rdchem.Mol object at 0x7fcdd9506b20>
Nc1ccc(S(=O)(=O)c2ccc(NCC(=O)O)cc2)cc1,2.01,train,<rdkit.Chem.rdchem.Mol object at 0x7fcdd9506b90>
Nc1ccc(S(=O)(=O)c2ccc(NC(=O)CCC(=O)O)cc2)cc1,2.01,train,<rdkit.Chem.rdchem.Mol object at 0x7fcdd9506c00>
Nc1ccc(S(=O)(=O)[N-]c2ncccn2)cc1,2.01,train,<rdkit.Chem.rdchem.Mol object at 0x7fcdd9506d50>
N#Cc1c(N)nc(SCc2csc(-c3ccc(Cl)cc3)n2)c(C#N)c1-c1ccc(OCCO)cc1,2.01,train,<rdkit.Chem.rdchem.Mol object at 0x7fcdd9506dc0>
CNc1cc2[nH]c(=O)n(-c3ccc(NC(=O)NS(=O)(=O)c4ccc(Cl)s4)cc3)c(=O)c2cc1F,2.01,train,<rdkit.Chem.rdchem.Mol object at 0x7fcdd9506e30>
Cc1ccc(-n2nc(C(C)(C)C)cc2NC(=O)NCc2cc(F)ccc2Oc2ccc3c(cnn3CCO)c2)cc1,2.01,train,<rdkit.Chem.rdchem.Mol object at 0x7fcdd9506ea0>
Cc1c2c(nn1C)CSCc1cc(n(C)n1)CSc1cc(c3ccccc3c1)OCCCc1c(C(=O)O)n(C)c3c-2c(Cl)ccc13,2.01,train,<rdkit.Chem.rdchem.Mol object at 0x7fcdd9506f80>
CCOCc1[nH]c(=O)c(-c2nnc(Cc3ccc(Cl)cn3)o2)c(O)c1-c1c(OC)cccc1OC,2.01,train,<rdkit.Chem.rdchem.Mol object at 0x7fcdd9506ff0>
COc1ccc(NS(=O)(=O)c2ccc(N)cc2)nn1,2.02,train,<rdkit.Chem.rdchem.Mol object at 0x7fcdd9507060>
Nc1ccc(S(=O)(=O)Nc2ccc(Cl)nn2)cc1,2.02,train,<rdkit.Chem.rdchem.Mol object at 0x7fcdd95070d0>
Cc1onc(NS(=O)(=O)c2ccc(N)cc2)c1C,2.02,train,<rdkit.Chem.rdchem.Mol object at 0x7fcdd9507140>
Cc1cnc(NS(=O)(=O)c2ccc(N)cc2)nc1,2.02,train,<rdkit.Chem.rdchem.Mol object at 0x7fcdd95071b0>
CCC(CC)Nc1c2c(nc3c(-c4ccc(OC)cc4Cl)c(C)nn13)CCC2,2.02,train,<rdkit.Chem.rdchem.Mol object at 0x7fcdd9507290>
C[C@]12C=CC(=O)C(N)=C1C=C[C@@H]1[C@@H]2CC[C@]2(C)C(=O)CC[C@@H]12,2.03,train,<rdkit.Chem.rdchem.Mol object at 0x7fcdd9507300>
NC(=O)Nc1ccc(S(=O)(=O)c2ccc(N)cc2)cc1,2.03,train,<rdkit.Chem.rdchem.Mol object at 0x7fcdd9507370>
Nc1nc(Cl)nc2c1ncn2[C@@H]1O[C@H](COP(=O)(O)OP(=O)(O)OP(=O)(O)O)[C@@H](O)[C@@H]1F,2.03,train,<rdkit.Chem.rdchem.Mol object at 0x7fcdd95073e0>
N#Cc1cc(Cl)cc(Oc2c(Cl)ccc3c2cnn3Cc2n[nH]c3ncccc23)c1,2.03,train,<rdkit.Chem.rdchem.Mol object at 0x7fcdd9507450>
O=C(O)CN1CSC(=S)N(Cc2ccccc2)C1,2.04,test,<rdkit.Chem.rdchem.Mol object at 0x7fcdd95074c0>
Nc1ccc(S(=O)(=O)Nc2nccs2)cc1,2.04,train,<rdkit.Chem.rdchem.Mol object at 0x7fcdd9507530>
CCOP(=O)(Cc1ccc(-c2nc3ccccc3s2)cc1)OCC,2.04,train,<rdkit.Chem.rdchem.Mol object at 0x7fcdd95075a0>
Nc1ccc(S(=O)(=O)[N-]c2nccs2)cc1,2.04,train,<rdkit.Chem.rdchem.Mol object at 0x7fcdd9507680>
CNC(=O)c1cc(COc2nnc(Nc3ccc(Cl)cc3)c3ccoc23)ccn1,2.05,test,<rdkit.Chem.rdchem.Mol object at 0x7fcdd9507760>
Nc1nc(Cl)nc2c1ncn2[C@H]1C[C@H](O)[C@@H](COP(=O)(O)OP(=O)(O)OP(=O)(O)O)O1,2.05,train,<rdkit.Chem.rdchem.Mol object at 0x7fcdd9507920>
O=C(O)CNC(=O)c1ncc(-c2cccc(Cl)c2)cc1O,2.05,train,<rdkit.Chem.rdchem.Mol object at 0x7fcdd9507990>
CNC(=O)Oc1ccc2c(c1)[C@]1(C)CCN(C)O[C@@H]1N2C,2.06,train,<rdkit.Chem.rdchem.Mol object at 0x7fcdd9507a00>
Cc1cccc(C)c1NC(=O)c1cccnc1O,2.06,train,<rdkit.Chem.rdchem.Mol object at 0x7fcdd9507a70>
CCCCCCCNC(=O)Oc1ccc2c(c1)[C@]1(C)CCN(C)O[C@@H]1N2C,2.06,train,<rdkit.Chem.rdchem.Mol object at 0x7fcdd9507ae0>
CCc1ccccc1NC(=O)Oc1ccc2c(c1)[C@]1(C)CCN(C)O[C@@H]1N2C,2.06,train,<rdkit.Chem.rdchem.Mol object at 0x7fcdd9507b50>
C[C@H]1[C@H](N2CCS(=O)(=O)CC2)O[C@@H]2O[C@@]3(C)CC[C@H]4[C@H](C)CC[C@@H]1[C@@]24OO3,2.06,train,<rdkit.Chem.rdchem.Mol object at 0x7fcdd9507bc0>
O=C(O)CCCCCCCOc1nc(-c2ccccc2)c(-c2ccccc2)n1-c1ccccc1,2.07,train,<rdkit.Chem.rdchem.Mol object at 0x7fcdd9507c30>
CC(C)Oc1ccc(C(=O)NS(=O)(=O)c2ccc(N)cc2)cc1,2.07,train,<rdkit.Chem.rdchem.Mol object at 0x7fcdd9507ca0>
CC1(C)CCC(C)(C)c2cc(Cn3cccn3)c(/C=C/c3ccc(C(=O)O)cc3)cc21,2.07,train,<rdkit.Chem.rdchem.Mol object at 0x7fcdd9507d10>
O=C(O)c1c(O)c(Cc2ccc(Cl)cc2)nc2c3c(ccc12)CCCC3,2.07,train,<rdkit.Chem.rdchem.Mol object at 0x7fcdd9507d80>
C[C@@H](O[C@H]1CC[C@@H]2CN(C3=CC(=O)CC3)C[C@H]2[C@@H]1c1ccc(F)cc1)c1cc(C(F)(F)F)cc(C(F)(F)F)c1,2.07,train,<rdkit.Chem.rdchem.Mol object at 0x7fcdd9507df0>
O=C1CN=C(c2ccccc2F)c2cc(Cl)ccc2N1CC1CC1,2.08,train,<rdkit.Chem.rdchem.Mol object at 0x7fcdd9507e60>
O=C(O)c1ccccc1NCCc1ccccc1,2.08,train,<rdkit.Chem.rdchem.Mol object at 0x7fcdd9507ed0>
Nc1nc(=O)c2nc(CNc3ccc(C(=O)N[C@@H](CCC(=O)O)C(=O)[O-])cc3)cnc2[nH]1,2.09,test,<rdkit.Chem.rdchem.Mol object at 0x7fcdd9508040>
Nc1ccc(S(=O)(=O)NC(=O)c2ccccc2)cc1,2.09,train,<rdkit.Chem.rdchem.Mol object at 0x7fcdd95080b0>
Nc1nc(=O)c2nc(CNc3ccc(C(=O)N[C@@H](CCC(=O)O)C(=O)O)cc3)cnc2[nH]1,2.09,train,<rdkit.Chem.rdchem.Mol object at 0x7fcdd9508120>
COc1ccc(-c2nnc(C)nc2-c2ccc(OC)cc2)cc1,2.09,train,<rdkit.Chem.rdchem.Mol object at 0x7fcdd9508190>
Cc1ccc(S(=O)(=O)CCN2C(=O)CN=C(c3ccccc3Cl)c3cc(Cl)ccc32)cc1,2.09,train,<rdkit.Chem.rdchem.Mol object at 0x7fcdd9508200>
CCc1nnc(/C(C)=C/c2ncc([N+](=O)[O-])n2C)s1,2.09,train,<rdkit.Chem.rdchem.Mol object at 0x7fcdd9508270>
Cc1nn(C)cc1S(=O)(=O)NC(=O)c1ccc(-n2ccc(OCC(C)(C)C(F)(F)F)n2)nc1N1C[C@@H](C)CC1(C)C,2.09,train,<rdkit.Chem.rdchem.Mol object at 0x7fcdd95082e0>
NC(=O)NS(=O)(=O)c1ccc(N)cc1,2.1,test,<rdkit.Chem.rdchem.Mol object at 0x7fcdd9508350>
CC[N+](C)(CC)CCSC1=Nc2ccccc2N=C(c2ccc(Sc3ccccc3)cc2)C1,2.1,train,<rdkit.Chem.rdchem.Mol object at 0x7fcdd95083c0>
CC(C)=CC(=O)NS(=O)(=O)c1ccc(N)cc1,2.11,train,<rdkit.Chem.rdchem.Mol object at 0x7fcdd9508430>
COc1cc(OCc2csc(-c3ccc(C(=O)N(C)C)cc3)n2)c2cc(-c3cn4nc(OC)sc4n3)oc2c1,2.11,train,<rdkit.Chem.rdchem.Mol object at 0x7fcdd9508510>
CCCCc1nc(C)n(Cc2sccc2C(=O)OC)c(=O)c1Cc1ccc(-c2ccccc2-c2nnn[nH]2)cc1,2.12,train,<rdkit.Chem.rdchem.Mol object at 0x7fcdd9508660>
NC(=O)CC[C@@H](C(=O)O)N(CCNC(=S)Nc1ccc2c(c1)C(=O)OC21c2ccc(O)cc2Oc2cc(O)ccc21)C(=O)c1ccc(NCc2cnc3nc(N)[nH]c(=O)c3n2)cc1,2.12,train,<rdkit.Chem.rdchem.Mol object at 0x7fcdd95086d0>
Nc1ccc(S(=O)(=O)Nc2cnc3ccccc3n2)cc1,2.13,train,<rdkit.Chem.rdchem.Mol object at 0x7fcdd9508740>
Cc1cc(C)c(NC(=O)CN(CC(=O)O)CC(=O)O)c(C)c1Br,2.13,train,<rdkit.Chem.rdchem.Mol object at 0x7fcdd95087b0>
CCc1nn(C2CCCC2)c2c1CCn1c(-c3cccs3)nnc1-2,2.13,train,<rdkit.Chem.rdchem.Mol object at 0x7fcdd9508820>
CC(C)c1cc2[nH]c(=O)n(NS(C)(=O)=O)c(=O)c2cc1-c1ccnn1C,2.13,train,<rdkit.Chem.rdchem.Mol object at 0x7fcdd9508890>
CC(=O)NS(=O)(=O)c1ccc(N)cc1,2.14,test,<rdkit.Chem.rdchem.Mol object at 0x7fcdd9508900>
Nc1ccc(S(=O)(=O)Nc2ccccn2)cc1,2.14,train,<rdkit.Chem.rdchem.Mol object at 0x7fcdd9508970>
Nc1nc2cc(Cl)ccc2o1,2.14,train,<rdkit.Chem.rdchem.Mol object at 0x7fcdd95089e0>
CC(=O)[N-]S(=O)(=O)c1ccc(N)cc1,2.14,train,<rdkit.Chem.rdchem.Mol object at 0x7fcdd9508a50>
C/C(=N\O)c1ccc(OCC(=O)N2CCOCC2)cc1,2.14,train,<rdkit.Chem.rdchem.Mol object at 0x7fcdd9508ac0>
C/C(=N\O)c1ccc(OCC(=O)N2CCCCC2)cc1,2.14,train,<rdkit.Chem.rdchem.Mol object at 0x7fcdd9508b30>
Cc1cc(SCc2sc(-c3ccc(C(F)(F)F)cc3)nc2C)ccc1OCC(=O)O,2.14,train,<rdkit.Chem.rdchem.Mol object at 0x7fcdd9508ba0>
CC(C)(C)c1cc(NC(=O)NCc2ccccc2Sc2ccc3nnc(-c4ccccc4SCCO)n3c2)n(-c2ccc(O)c(Cl)c2)n1,2.14,train,<rdkit.Chem.rdchem.Mol object at 0x7fcdd9508c10>
Cc1nccnc1N1CCCCC1,2.15,train,<rdkit.Chem.rdchem.Mol object at 0x7fcdd9508c80>
CCOCCc1c(-c2ccccc2)nc(N)n2ncnc12,2.15,train,<rdkit.Chem.rdchem.Mol object at 0x7fcdd9508cf0>
CCCCCCCCCCCCCCCCCC(=O)NS(=O)(=O)c1ccc(N)cc1,2.15,train,<rdkit.Chem.rdchem.Mol object at 0x7fcdd9508dd0>
Cc1nc(C#Cc2ccc(-c3cc(F)cc(C#N)c3)nc2)cs1,2.15,train,<rdkit.Chem.rdchem.Mol object at 0x7fcdd9508e40>
Cn1nccc1-c1ccc(Sc2cccc(C3(C(N)=O)CCOCC3)c2)cc1,2.15,train,<rdkit.Chem.rdchem.Mol object at 0x7fcdd9508eb0>
C[C@@H](Nc1cc(F)cc(F)c1)c1cc(C(=O)N(C)C)cc2c(=O)cc(N3CCOCC3)oc12,2.16,train,<rdkit.Chem.rdchem.Mol object at 0x7fcdd9508f90>
COC(=O)N[C@H](C(=O)N1CCC[C@H]1C(=O)Nc1ccc([C@@H]2CC[C@@H](c3ccc(NC(=O)[C@@H]4CCCN4C(=O)[C@@H](NC(=O)OC)C(C)C)cc3)N2c2ccc(C(C)(C)C)cc2)cc1)C(C)C,2.16,train,<rdkit.Chem.rdchem.Mol object at 0x7fcdd9509000>
Cc1noc(NS(=O)(=O)c2ccc(N)cc2)c1C,2.17,test,<rdkit.Chem.rdchem.Mol object at 0x7fcdd9509070>
CCn1ccc(NS(=O)(=O)c2ccc(N)cc2)nc1=O,2.17,train,<rdkit.Chem.rdchem.Mol object at 0x7fcdd95090e0>
CCCCc1nc(Cl)c(C(=O)O)n1Cc1ccc2oc(-c3ccccc3-c3nnn[nH]3)c(Br)c2c1,2.17,train,<rdkit.Chem.rdchem.Mol object at 0x7fcdd95091c0>
CC[C@H](NC(=O)c1cc(-c2ccccc2)nc2ccccc12)c1ccccc1,2.18,train,<rdkit.Chem.rdchem.Mol object at 0x7fcdd95092a0>
C=CC(=O)Nc1cccc(Nc2nc(Nc3ccc(OCCOC)cc3)ncc2F)c1,2.18,train,<rdkit.Chem.rdchem.Mol object at 0x7fcdd9509310>
C=CC(=O)Nc1cccc(Nc2nc(Nc3ccc(OCCOC)cc3)ncc2F)c1.O=S(=O)(O)c1ccccc1,2.18,train,<rdkit.Chem.rdchem.Mol object at 0x7fcdd9509380>
C[C@@H]1CNS(=O)(=O)N(c2ccc3c(C#N)nccc3c2)C1,2.18,train,<rdkit.Chem.rdchem.Mol object at 0x7fcdd95093f0>
Nc1n[n+]([O-])c2ccccc2[n+]1[O-],2.18,train,<rdkit.Chem.rdchem.Mol object at 0x7fcdd9509460>
Nc1ccc(C(=O)O)c(O)c1,2.19,train,<rdkit.Chem.rdchem.Mol object at 0x7fcdd95094d0>
CCCCc1nc(Cl)c(C(=O)OC(C)OC(=O)OCC)n1Cc1ccc(-c2ccccc2-c2nn[nH]n2)cc1,2.19,train,<rdkit.Chem.rdchem.Mol object at 0x7fcdd9509540>
Nc1c(C(=O)c2cccc(OC[C@@H](O)CO)c2)cnn1-c1ccc(F)cc1,2.19,train,<rdkit.Chem.rdchem.Mol object at 0x7fcdd9509620>
CC[C@@]1(O)C(=O)OCc2c1cc1n(c2=O)Cc2c-1nc1ccccc1c2/C=N/OC(C)(C)C,2.19,train,<rdkit.Chem.rdchem.Mol object at 0x7fcdd9509690>
CCc1nn(CCO)c(CC)c1Oc1cc(C#N)cc(C#N)c1,2.19,train,<rdkit.Chem.rdchem.Mol object at 0x7fcdd9509700>
Cc1cnc(C(=O)c2ncnc3[nH]ccc23)c(NS(=O)(=O)c2ccc(Cl)c(C(F)(F)F)c2)c1,2.19,train,<rdkit.Chem.rdchem.Mol object at 0x7fcdd9509770>
COc1cc(Nc2nn([C@H]3COCC[C@@H]3C#N)cc2C(N)=O)cc(F)n1,2.19,train,<rdkit.Chem.rdchem.Mol object at 0x7fcdd9509850>
Nc1nc(Cl)nc2c1ncn2[C@@H]1O[C@H](CO)[C@@H](O)[C@@H]1F,2.2,train,<rdkit.Chem.rdchem.Mol object at 0x7fcdd95098c0>
CS(=O)(=O)c1ccc(-n2cc(Cl)c(OC3CCN(c4ncc(Cl)cn4)CC3)cc2=O)c(F)c1,2.2,train,<rdkit.Chem.rdchem.Mol object at 0x7fcdd9509930>
Cc1ccc(S(=O)(=O)NC(=O)NC2CCCCC2)cc1N,2.21,train,<rdkit.Chem.rdchem.Mol object at 0x7fcdd95099a0>
Nc1nc(Cl)nc2c1ncn2[C@H]1C[C@H](O)[C@@H](CO)O1,2.22,train,<rdkit.Chem.rdchem.Mol object at 0x7fcdd9509a80>
CSc1ncc(OCC#CI)cn1,2.23,train,<rdkit.Chem.rdchem.Mol object at 0x7fcdd9509af0>
CCNC(=O)Nc1ncnc2c1ncn2[C@@H]1O[C@H](COP(=O)(O)O)[C@H]2O[C@H](/C=C/c3ccccc3)O[C@H]21,2.23,train,<rdkit.Chem.rdchem.Mol object at 0x7fcdd9509b60>
CCNC(=O)Nc1ncnc2c1ncn2[C@@H]1O[C@H](COP(=O)([O-])[O-])[C@H]2O[C@H](/C=C/c3ccccc3)O[C@H]21,2.23,train,<rdkit.Chem.rdchem.Mol object at 0x7fcdd9509cb0>
CC(=O)c1nn(CC(=O)N2C[C@H](F)C[C@H]2C(=O)Nc2cccc(Br)n2)c2ccc(-c3cnc(C)nc3)cc12,2.23,train,<rdkit.Chem.rdchem.Mol object at 0x7fcdd9509d20>
CC(C(=O)O)c1ccc2c(c1)Cc1cccnc1O2,2.24,train,<rdkit.Chem.rdchem.Mol object at 0x7fcdd9509d90>
C[C@@H]1CC(=O)NN=C1c1ccc(NN=C(C#N)C#N)cc1,2.24,train,<rdkit.Chem.rdchem.Mol object at 0x7fcdd9509e70>
Cn1c(=O)c(C(=O)NCCO)c(O)c2ncc(Cc3ccc(F)cc3)cc21,2.24,train,<rdkit.Chem.rdchem.Mol object at 0x7fcdd9509f50>
C[C@H](NC(=O)CCC(F)(F)F)C(=O)N[C@@H]1C(=O)N(CCO)c2ncccc2-c2ccccc21,2.24,train,<rdkit.Chem.rdchem.Mol object at 0x7fcdd9509fc0>
CC(=O)c1nn(CC(=O)N2[C@H](C(=O)Nc3nc(Br)ccc3C)C[C@@]3(C)C[C@@H]23)c2ccc(-c3cnc(C)nc3)cc12,2.24,train,<rdkit.Chem.rdchem.Mol object at 0x7fcdd950a030>
NC(=S)NS(=O)(=O)c1ccc(N)cc1,2.25,train,<rdkit.Chem.rdchem.Mol object at 0x7fcdd950a0a0>
Nc1ccc(S(=O)(=O)c2cnc(N)s2)cc1,2.26,test,<rdkit.Chem.rdchem.Mol object at 0x7fcdd950a110>
NC(=N/Cl)/N=N/C(N)=N\Cl,2.26,train,<rdkit.Chem.rdchem.Mol object at 0x7fcdd950a180>
CCOC(=O)N1c2ccc(C(F)(F)F)cc2[C@@H](N(Cc2cc(C(F)(F)F)cc(C(F)(F)F)c2)c2ncc(OCCCC(=O)O)cn2)C[C@H]1CC,2.26,train,<rdkit.Chem.rdchem.Mol object at 0x7fcdd950a1f0>
C[C@H](NC(=O)c1c(N)nn2cccnc12)c1cc2cccc(C#Cc3cnn(C)c3)c2c(=O)n1-c1ccccc1,2.26,train,<rdkit.Chem.rdchem.Mol object at 0x7fcdd950a260>
Nc1ccc(S(N)(=O)=O)cc1,2.27,train,<rdkit.Chem.rdchem.Mol object at 0x7fcdd950a2d0>
Nc1ccc(S(=O)(=O)Nc2ccccc2)cc1,2.27,train,<rdkit.Chem.rdchem.Mol object at 0x7fcdd950a340>
CC(C(=O)O)c1ccc(C2CCCC(=NO)C2)cc1,2.27,train,<rdkit.Chem.rdchem.Mol object at 0x7fcdd950a3b0>
O=C(O)Cc1nn(Cc2nc3cc(C(F)(F)F)ccc3s2)c(=O)c2nccnc12,2.27,train,<rdkit.Chem.rdchem.Mol object at 0x7fcdd950a420>
O=C(c1c(F)ccc(NS(=O)(=O)N2CC[C@@H](F)C2)c1F)c1c[nH]c2ncc(-c3cnc(C4CC4)nc3)cc12,2.28,test,<rdkit.Chem.rdchem.Mol object at 0x7fcdd950a490>
CC1CCC(C(C)C)C(OC(=O)c2ccccc2N)C1,2.28,train,<rdkit.Chem.rdchem.Mol object at 0x7fcdd950a500>
Cc1onc(-c2ccc(F)cc2)c1COc1ccc(C(=O)N2CCS(=O)(=O)CC2)cn1,2.28,train,<rdkit.Chem.rdchem.Mol object at 0x7fcdd950a570>
Cc1nnc(-c2c[nH]c(=O)[nH]c2=O)cc1[C@H]1C[C@@H]1C(C)C,2.28,train,<rdkit.Chem.rdchem.Mol object at 0x7fcdd950a5e0>
Cc1ccc(C(=O)Nc2ccc(Oc3cc4cnn(C)c4cc3-c3cn[nH]c3)c(F)c2)c(=O)n1-c1ccc(F)cc1,2.29,train,<rdkit.Chem.rdchem.Mol object at 0x7fcdd950a650>
Cc1ccc(C(=O)NNC(=O)c2c(C)cccc2Cl)cc1C#Cc1cnc2ccccc2c1,2.29,train,<rdkit.Chem.rdchem.Mol object at 0x7fcdd950a730>
O=C(O)Cc1nn(Cc2nc3cc(C(F)(F)F)ccc3s2)c(=O)c2cscc12,2.29,train,<rdkit.Chem.rdchem.Mol object at 0x7fcdd950a7a0>
OC(Cn1cncn1)(Cn1cncn1)c1ccc(F)cc1F,2.3,test,<rdkit.Chem.rdchem.Mol object at 0x7fcdd950a810>
CCCS(=O)(=O)Nc1ccc(F)c(C(=O)c2c[nH]c3ncc(-c4ccc(Cl)cc4)cc23)c1F,2.3,train,<rdkit.Chem.rdchem.Mol object at 0x7fcdd950a880>
O=C(O)Cc1nn(Cc2nc3cc(C(F)(F)F)ccc3s2)c(=O)c2ccccc12,2.31,train,<rdkit.Chem.rdchem.Mol object at 0x7fcdd950a8f0>
Nc1cccc2c1CN(C1CCC(=O)NC1=O)C2=O,2.31,train,<rdkit.Chem.rdchem.Mol object at 0x7fcdd950a9d0>
CC(Oc1ccc2[nH]nc(/C=C/c3cnn(CCO)c3)c2c1)c1c(Cl)cncc1Cl,2.31,train,<rdkit.Chem.rdchem.Mol object at 0x7fcdd950aa40>
Cc1cc(-c2ncnn2C)c2cccc(OCc3c(Cl)cc(F)cc3[C@H](C)NC(=O)COC(F)F)c2n1,2.31,train,<rdkit.Chem.rdchem.Mol object at 0x7fcdd950aab0>
C[C@H](C#N)Nc1cc(-c2ccc3cc(C#N)cnn23)ncc1C(=O)NC[C@@H](F)C(C)(C)O,2.31,train,<rdkit.Chem.rdchem.Mol object at 0x7fcdd950ab20>
Nc1ccc(C(=O)Oc2ccccc2)c(O)c1,2.32,test,<rdkit.Chem.rdchem.Mol object at 0x7fcdd950ab90>
C[C@@H](c1nc(-c2ccc(C#N)cc2)cs1)[C@@](O)(Cn1cncn1)c1cc(F)ccc1F,2.32,train,<rdkit.Chem.rdchem.Mol object at 0x7fcdd950ace0>
CC(=O)N[C@@H]1CCC[C@H](C(=O)Nc2cc(-c3cnn4c3CC(C)(C)C4)c(Cl)cn2)C1,2.32,train,<rdkit.Chem.rdchem.Mol object at 0x7fcdd950ad50>
CCOC(=O)c1cc(-c2ccccc2)nc2ccc(C)cc12,2.33,train,<rdkit.Chem.rdchem.Mol object at 0x7fcdd950aea0>
CC1=C(C(=O)OCCN(Cc2ccccc2)c2ccccc2)C(c2cccc([N+](=O)[O-])c2)C(P2(=O)OCC(C)(C)CO2)=C(C)N1,2.33,train,<rdkit.Chem.rdchem.Mol object at 0x7fcdd950af10>
COc1ccc(C(=O)N2CCCC2=O)cn1,2.33,train,<rdkit.Chem.rdchem.Mol object at 0x7fcdd950af80>
CCN1Cc2c(ccc(F)c2C#N)O[C@@H](C)CNC(=O)c2c(N)nn3ccc1nc23,2.34,train,<rdkit.Chem.rdchem.Mol object at 0x7fcdd950b0d0>
C[n+]1c2cc(N)ccc2cc2ccc(N)cc21,2.35,train,<rdkit.Chem.rdchem.Mol object at 0x7fcdd950b140>
COc1ccc2c(O[C@@H]3C[C@H]4C(=O)N[C@]5(C(=O)O)C[C@H]5/C=C\CCCCC[C@H](NC(=O)OC5CCCC5)C(=O)N4C3)cc(-c3csc(NC(C)C)n3)nc2c1,2.36,train,<rdkit.Chem.rdchem.Mol object at 0x7fcdd950b290>
C=CC[N+]([O-])(CC=C)c1nc(N)nc(N)n1,2.37,train,<rdkit.Chem.rdchem.Mol object at 0x7fcdd950b300>
C[C@@H](c1nc(-c2ccc(C#N)cc2)cs1)[C@@](Cn1cncn1)(OCOP(=O)(O)O)c1ccc(F)cc1F,2.37,train,<rdkit.Chem.rdchem.Mol object at 0x7fcdd950b370>
CCc1nc(-c2cccc(C)c2)c(-c2ccnc(NC(=O)c3ccccc3)c2)s1,2.37,train,<rdkit.Chem.rdchem.Mol object at 0x7fcdd950b3e0>
CC(O)c1cc(C(=O)N[C@@H](C)Cn2ccc(-c3ccc(C#N)c(Cl)c3)n2)n[nH]1,2.37,train,<rdkit.Chem.rdchem.Mol object at 0x7fcdd950b450>
Cn1cc(S(=O)(=O)N2CCC3=Cc4c(cnn4-c4ccc(F)cc4)C[C@]3(C(=O)c3cc(C(F)(F)F)ccn3)C2)cn1,2.37,train,<rdkit.Chem.rdchem.Mol object at 0x7fcdd950b4c0>
CC(C)(C)c1ccc(Oc2ccc(N)cn2)cc1,2.38,train,<rdkit.Chem.rdchem.Mol object at 0x7fcdd950b610>
Cc1cc(-c2ccc(/N=N/c3c(S(=O)(=O)[O-])cc4cc(S(=O)(=O)[O-])cc(N)c4c3O)c(C)c2)ccc1/N=N/c1c(S(=O)(=O)[O-])cc2cc(S(=O)(=O)[O-])cc(N)c2c1O,2.38,train,<rdkit.Chem.rdchem.Mol object at 0x7fcdd950b680>
Cn1ncc(S(=O)(=O)N2CC[C@H]3Cc4c(cnn4-c4ccc(F)cc4)C[C@]3(C(=O)c3cc(C(F)(F)F)ccn3)C2)n1,2.38,train,<rdkit.Chem.rdchem.Mol object at 0x7fcdd950b6f0>
CC(C)CN(C[C@@H](O)[C@H](Cc1ccccc1)NC(=O)O[C@H]1CO[C@H]2OCC[C@H]21)S(=O)(=O)c1ccc(N)cc1,2.39,test,<rdkit.Chem.rdchem.Mol object at 0x7fcdd950b760>
CCc1cc2c(s1)N(C)C(=O)CN=C2c1ccccc1Cl,2.39,train,<rdkit.Chem.rdchem.Mol object at 0x7fcdd950b7d0>
Nc1ccc(S(=O)(=O)c2ccc(N)cc2)cc1,2.39,train,<rdkit.Chem.rdchem.Mol object at 0x7fcdd950b840>
CC(C)CN(C[C@@H](O)[C@H](Cc1ccccc1)NC(=O)O[C@H]1CCOC1)S(=O)(=O)c1ccc(N)cc1,2.39,train,<rdkit.Chem.rdchem.Mol object at 0x7fcdd950b8b0>
CC(C)CN(C[C@@H](O)[C@H](Cc1ccccc1)NC(=O)O[C@H]1CO[C@H]2OCC[C@H]21)S(=O)(=O)c1ccc(N)cc1.CCO,2.39,train,<rdkit.Chem.rdchem.Mol object at 0x7fcdd950b920>
Nc1nc(=O)c2ncn([C@@H]3O[C@H](COP(=O)(O)OP(=O)(O)OP(=O)(O)O)[C@@H](O)[C@@H]3O)c2[nH]1,2.39,train,<rdkit.Chem.rdchem.Mol object at 0x7fcdd950b990>
O=C(Nc1c(Cl)cncc1Cl)c1ccc(OC(F)F)c(OCC2CC2)c1,2.4,test,<rdkit.Chem.rdchem.Mol object at 0x7fcdd950ba00>
COc1ccc(C(=O)Nc2c(Cl)cncc2Cl)cc1OC1CCCC1,2.4,train,<rdkit.Chem.rdchem.Mol object at 0x7fcdd950ba70>
O=C(Cn1c(Cl)cnc(NCC(F)(F)c2ccccn2)c1=O)NCc1ncccc1F,2.4,train,<rdkit.Chem.rdchem.Mol object at 0x7fcdd950bae0>
CS(=O)(=O)Nc1ccc2oc3c(OC(F)F)ccc(C(=O)Nc4c(Cl)cncc4Cl)c3c2c1,2.4,train,<rdkit.Chem.rdchem.Mol object at 0x7fcdd950bb50>
CC(C)c1cccc(C(C)C)c1NC(=O)CN(CC(=O)O)CC(=O)O,2.41,train,<rdkit.Chem.rdchem.Mol object at 0x7fcdd950bbc0>
Nc1nc(=O)c2ncn([C@H]3C=C[C@@H](COP(=O)(O)OP(=O)(O)OP(=O)(O)O)C3)c2[nH]1,2.41,train,<rdkit.Chem.rdchem.Mol object at 0x7fcdd950bc30>
Nc1ccc(S(=O)(=O)N2CC3CCC(CC3)C2)cc1,2.42,test,<rdkit.Chem.rdchem.Mol object at 0x7fcdd950bca0>
CNC(=O)OCc1cccc(COC(=O)NC)n1,2.42,train,<rdkit.Chem.rdchem.Mol object at 0x7fcdd950bd10>
COc1cc(C(=O)OCc2cccc(COC(=O)c3cc(OC)c(OC)c(OC)c3)n2)cc(OC)c1OC,2.42,train,<rdkit.Chem.rdchem.Mol object at 0x7fcdd950bd80>
CN(C)c1cccc(F)c1C(=O)NC(=O)Nc1ccc(Cl)cc1,2.43,train,<rdkit.Chem.rdchem.Mol object at 0x7fcdd950be60>
COCc1c(C(=O)OC(C)C)ncc2[nH]c3cccc(Oc4ccc(Cl)cc4)c3c12,2.43,train,<rdkit.Chem.rdchem.Mol object at 0x7fcdd950bed0>
COC(=O)N[C@H](C(=O)NCCCC[C@@H](CO)N(CC(C)C)S(=O)(=O)c1ccc(N)cc1)C(c1ccccc1)c1ccccc1,2.43,train,<rdkit.Chem.rdchem.Mol object at 0x7fcdd950bf40>
C#CCN(Cc1cc2c(O)nc(C)nc2cc1C)c1ccc(C(=O)N[C@@H](CCc2nnn[nH]2)C(=O)O)c(F)c1,2.43,train,<rdkit.Chem.rdchem.Mol object at 0x7fcdd950c0b0>
Nc1ccc(S(=O)(=O)Nc2ccnn2-c2ccccc2)cc1,2.44,train,<rdkit.Chem.rdchem.Mol object at 0x7fcdd950c120>
CCCn1c(=O)c2[nH]c(C34CC5CC(CC3C5)C4)nc2n(CCC)c1=O,2.44,train,<rdkit.Chem.rdchem.Mol object at 0x7fcdd950c190>
CCC(CC)(CC(=O)Nc1cccc(/C=C/c2nc(C3CCC3)cs2)c1)C(=O)O,2.44,train,<rdkit.Chem.rdchem.Mol object at 0x7fcdd950c200>
O=C1c2c(c3c4ccc(O)cc4n([C@@H]4O[C@H](CO)[C@@H](O)[C@H](O)[C@H]4O)c3c3[nH]c4cc(O)ccc4c23)C(=O)N1NC(CO)CO,2.44,train,<rdkit.Chem.rdchem.Mol object at 0x7fcdd950c270>
Cc1cc(OCCCS(C)(=O)=O)cc(C)c1-c1cccc(COc2cc3c(cn2)[C@H]2[C@@H](C3)[C@@H]2C(=O)O)c1,2.44,train,<rdkit.Chem.rdchem.Mol object at 0x7fcdd950c2e0>
CC(C)CN(C[C@@H](OP(=O)(O)O)[C@H](Cc1ccccc1)NC(=O)O[C@H]1CCOC1)S(=O)(=O)c1ccc(N)cc1,2.45,train,<rdkit.Chem.rdchem.Mol object at 0x7fcdd950c3c0>
CC[C@H](Nc1cc(C)nc2c(-c3ccc(OC)cc3C)c(C)nn12)c1nc(C)no1,2.45,train,<rdkit.Chem.rdchem.Mol object at 0x7fcdd950c430>
CC(C)CN(C[C@@H](OP(=O)([O-])[O-])[C@H](Cc1ccccc1)NC(=O)O[C@H]1CCOC1)S(=O)(=O)c1ccc(N)cc1,2.45,train,<rdkit.Chem.rdchem.Mol object at 0x7fcdd950c4a0>
CCc1c(CC)c2cc3nc(cnc4cc(OCCOCCOCCOC)c(OCCOCCOCCOC)cc4ncc4nc(cc1[nH]2)C(CCCO)=C4C)C(C)=C3CCCO,2.45,train,<rdkit.Chem.rdchem.Mol object at 0x7fcdd950c510>
Cc1ccn(-c2ccc(C(=O)N3CC[C@@](C)(C(=O)N[C@@H](C)CO)Cc4ccccc43)c(C)c2)n1,2.47,train,<rdkit.Chem.rdchem.Mol object at 0x7fcdd950c660>
Cc1ccccc1-n1c(CF)nc2ccc(N)cc2c1=O,2.48,train,<rdkit.Chem.rdchem.Mol object at 0x7fcdd950c6d0>
Cn1cnc([N+](=O)[O-])c1Sc1ncnc2[nH]cnc12,2.48,train,<rdkit.Chem.rdchem.Mol object at 0x7fcdd950c740>
CC(C)c1ccc(NC(=O)CN(CC(=O)O)CC(=O)O)cc1,2.49,train,<rdkit.Chem.rdchem.Mol object at 0x7fcdd950c7b0>
Nc1ncc(/C=C/c2ccc([N+](=O)[O-])o2)nn1,2.49,train,<rdkit.Chem.rdchem.Mol object at 0x7fcdd950c890>
CCCCc1ccc(NC(=O)CN(CC(=O)O)CC(=O)O)cc1,2.5,train,<rdkit.Chem.rdchem.Mol object at 0x7fcdd950c9e0>
C#CCN(c1nc(-c2cc(C)c(OC)cc2Cl)c(C)s1)[C@@H](CC1CC1)c1ccc(C)c(F)c1,2.52,train,<rdkit.Chem.rdchem.Mol object at 0x7fcdd950cba0>
CC[C@@H]1[C@H](F)C(=O)N[C@@H]1COc1nccc2cc(C(N)=O)c(OC)cc12,2.52,train,<rdkit.Chem.rdchem.Mol object at 0x7fcdd950cc10>
Cc1ccc2oc(N[C@@H](CC3CCCCC3)c3ccccn3)nc2c1,2.53,train,<rdkit.Chem.rdchem.Mol object at 0x7fcdd950cc80>
Cc1cc(N2C(=O)NC(=O)C2(C)C)cc(C)c1CCS(=O)(=O)N1CCC2(CC1)N=C(c1ccc(OC(F)(F)F)cc1)NC2=O,2.53,train,<rdkit.Chem.rdchem.Mol object at 0x7fcdd950ccf0>
CCCCc1ccc(C(N)=O)nc1,2.54,train,<rdkit.Chem.rdchem.Mol object at 0x7fcdd950cd60>
CCc1cccc(CC)c1NC(=O)CN(CC(=O)O)CC(=O)O,2.54,train,<rdkit.Chem.rdchem.Mol object at 0x7fcdd950cdd0>
CCn1cnc2c(-c3ccc(F)c(-c4ccc(S(=O)(=O)CC)cc4OC)c3)cnnc21,2.54,train,<rdkit.Chem.rdchem.Mol object at 0x7fcdd950ce40>
Cc1[nH]nc(C(=O)Nc2cnc3[nH]c(-c4ccccc4)cc3c2)c1C,2.55,train,<rdkit.Chem.rdchem.Mol object at 0x7fcdd950ceb0>
COC[C@]1(OC)CC[C@H]2[C@@H]3CCC4=CC(=O)CCC4=C3[C@@H](c3ccc(/C=N/O)cc3)C[C@@]21C,2.56,train,<rdkit.Chem.rdchem.Mol object at 0x7fcdd950cf20>
Cn1c(=O)c(Oc2ccc(F)cc2F)cc2cnc(NC3CCOCC3)nc21,2.56,train,<rdkit.Chem.rdchem.Mol object at 0x7fcdd950cf90>
Cn1c(=O)c(Oc2ccc(F)cc2F)cc2cnc(NC(CCO)CCO)nc21,2.56,train,<rdkit.Chem.rdchem.Mol object at 0x7fcdd950d000>
O=P(O)(O)OC(Cn1cncn1)(Cn1cncn1)c1ccc(F)cc1F,2.57,test,<rdkit.Chem.rdchem.Mol object at 0x7fcdd950d070>
O=C(O)[C@H]1C2CCC(CC2)[C@@H]1Nc1nc(-c2c[nH]c3ncc(F)cc23)ncc1F,2.57,test,<rdkit.Chem.rdchem.Mol object at 0x7fcdd950d0e0>
CCCn1c(=O)c2nc([C@H]3C[C@H]4C[C@@H]3[C@@H]3O[C@H]43)[nH]c2n(CCC)c1=O,2.57,train,<rdkit.Chem.rdchem.Mol object at 0x7fcdd950d150>
CC(C)CCC[C@@H](C)[C@H]1CC[C@H]2[C@@H]3CC/C(=N\O)[C@](C)(CCCO)[C@H]3CC[C@]12C,2.58,test,<rdkit.Chem.rdchem.Mol object at 0x7fcdd950d1c0>
C=CC(=O)N1CC[C@H](n2nc(C#Cc3cc(OC)cc(OC)c3)c3c(N)ncnc32)C1,2.58,train,<rdkit.Chem.rdchem.Mol object at 0x7fcdd950d2a0>
Cc1cnc(-c2ccnc(C(C)(C)O)n2)cc1-n1c(C)cc(OCc2ncc(F)cc2F)c(Cl)c1=O,2.58,train,<rdkit.Chem.rdchem.Mol object at 0x7fcdd950d310>
Fc1ccccc1C1=NCC(=S)N(CC(F)(F)F)c2ccc(Cl)cc21,2.59,train,<rdkit.Chem.rdchem.Mol object at 0x7fcdd950d380>
CCOP(=S)(Oc1cccc2cccnc12)c1ccccc1,2.59,train,<rdkit.Chem.rdchem.Mol object at 0x7fcdd950d3f0>
Cc1n[nH]c2c1N(c1ccccc1)C(=O)CC(=O)N2C,2.6,train,<rdkit.Chem.rdchem.Mol object at 0x7fcdd950d540>
CCc1nncn1C1CCCCC1,2.6,train,<rdkit.Chem.rdchem.Mol object at 0x7fcdd950d5b0>
Cc1nc(COc2ccc(C[C@H](NC(=O)O[C@H]3CO[C@H]4OCC[C@H]43)[C@H](O)CN(CC(C)C)S(=O)(=O)c3ccc4c(c3)OCO4)cc2)cs1,2.6,train,<rdkit.Chem.rdchem.Mol object at 0x7fcdd950d620>
O=C(Oc1cccc2cccnc12)c1ccccc1,2.61,train,<rdkit.Chem.rdchem.Mol object at 0x7fcdd950d690>
CN1C(=N)N(c2ccc(Cl)cc2)CC1=O,2.61,train,<rdkit.Chem.rdchem.Mol object at 0x7fcdd950d700>
CCOC(=O)NC(=N)c1ccc(OCc2cccc(COc3ccc(C(C)(C)c4ccc(O)cc4)cc3)c2)cc1,2.62,train,<rdkit.Chem.rdchem.Mol object at 0x7fcdd950d770>
CC[C@]1(C)C[C@@H](OC(=O)CSc2nnc(N)[nH]2)[C@]2(C)[C@H](C)CC[C@]3(CCC(=O)[C@H]32)[C@@H](C)[C@@H]1O,2.62,train,<rdkit.Chem.rdchem.Mol object at 0x7fcdd950d7e0>
CC(C)OC(=O)CNc1cccc(CN(Cc2ccc(-n3cccn3)cc2)S(=O)(=O)c2cccnc2)n1,2.62,train,<rdkit.Chem.rdchem.Mol object at 0x7fcdd950d850>
C=C[C@@H]1C[C@]1(NC(=O)[C@@H]1C[C@@H]2CN1C(=O)[C@H](C1CCCC1)NC(=O)O[C@@H]1CCC[C@H]1CCCCCn1c(nc3cc(OC)ccc3c1=O)O2)C(=O)NS(=O)(=O)C1(C)CC1,2.62,train,<rdkit.Chem.rdchem.Mol object at 0x7fcdd950d8c0>
C[C@@]1(O)CCC[C@H]1n1c(=O)c(C(F)F)cc2cnc(NC3CCN(S(C)(=O)=O)CC3)nc21,2.62,train,<rdkit.Chem.rdchem.Mol object at 0x7fcdd950d930>
CC1=C/C(=N/OCC(=O)O)c2ccccc2C1=O,2.63,test,<rdkit.Chem.rdchem.Mol object at 0x7fcdd950d9a0>
CCCCCCc1cc(S(C)(=N)=O)cc2c(=O)c3cc(C(=O)O)ccc3oc12,2.63,train,<rdkit.Chem.rdchem.Mol object at 0x7fcdd950da10>
CSc1nsc(Sc2nc3c(Cl)c(Cl)cc(Cl)c3[nH]2)n1,2.63,train,<rdkit.Chem.rdchem.Mol object at 0x7fcdd950da80>
CC(C)Cn1c2ccc(Nc3ncccn3)cc2c2c3c(c4c(c21)CCc1nn(C)cc1-4)C(=O)NC3,2.63,train,<rdkit.Chem.rdchem.Mol object at 0x7fcdd950daf0>
Cc1cnc(C(=O)N[C@H]2CCCCC/C=C\[C@@H]3C[C@@]3(C(=O)NS(=O)(=O)C3CC3)NC(=O)[C@@H]3C[C@@H](Oc4nc5ccccc5c5ccccc45)CN3C2=O)cn1,2.64,train,<rdkit.Chem.rdchem.Mol object at 0x7fcdd950db60>
C[C@@H]1CCC[C@H](n2cnc(-c3cc(Cl)ccc3-n3cc(Cl)nn3)cc2=O)c2cc(ccn2)-c2c(cnn2C(F)F)NC1=O,2.64,train,<rdkit.Chem.rdchem.Mol object at 0x7fcdd950dbd0>
O=C1CN=C(c2ccccn2)c2cc(Br)ccc2N1,2.65,test,<rdkit.Chem.rdchem.Mol object at 0x7fcdd950dc40>
O=C1CN=C(c2ccccc2)c2cc([N+](=O)[O-])ccc2N1,2.65,test,<rdkit.Chem.rdchem.Mol object at 0x7fcdd950dcb0>
Clc1ccccc1-c1nc(-c2ccncc2)no1,2.65,test,<rdkit.Chem.rdchem.Mol object at 0x7fcdd950dd20>
CCCc1c(Cn2ccnc2-c2ncccc2F)ncn2nc(C)nc12,2.65,train,<rdkit.Chem.rdchem.Mol object at 0x7fcdd950dd90>
Nc1nc(N)c2c(-c3ccccc3)nc(N)nc2n1,2.66,train,<rdkit.Chem.rdchem.Mol object at 0x7fcdd950de00>
COc1ccc(OC)c(Cc2cnc3nc(N)nc(N)c3c2C)c1.O=S(=O)(O)CCO,2.66,train,<rdkit.Chem.rdchem.Mol object at 0x7fcdd950de70>
COc1ccc(OC)c(Cc2cnc3nc(N)nc(N)c3c2C)c1,2.66,train,<rdkit.Chem.rdchem.Mol object at 0x7fcdd950dee0>
CNc1nc(C)c(-c2nc(Nc3cccc(S(N)(=O)=O)c3)ncc2F)s1,2.66,train,<rdkit.Chem.rdchem.Mol object at 0x7fcdd950df50>
CC1(C)C(/C=C\C=C\C=C\C=C2/N(CCCCS(=O)(=O)O)c3ccc4ccccc4c3C2(C)C)=[N+](CCCCS(=O)(=O)[O-])c2ccc3ccccc3c21,2.66,train,<rdkit.Chem.rdchem.Mol object at 0x7fcdd950dfc0>
Cc1cc(-c2ccccc2)c(C(=O)C(=O)Nc2ccc(N3CCN(c4ncc(F)cn4)CC3)cc2)n1C,2.66,train,<rdkit.Chem.rdchem.Mol object at 0x7fcdd950e030>
C[C@@H]1COCCN1c1cc(-c2ccnn2C)c2ccnc(-c3ccn[nH]3)c2n1,2.66,train,<rdkit.Chem.rdchem.Mol object at 0x7fcdd950e0a0>
CCN(C(=O)c1cnc(N2CC(C)(C)NC2=O)nc1N)c1cccc(C(F)(F)F)c1,2.68,train,<rdkit.Chem.rdchem.Mol object at 0x7fcdd950e110>
CNC(=O)c1c(-c2ccc(F)cc2)oc2cc(N(C)S(C)(=O)=O)c(-c3ccc4c(n3)-c3cc5c(F)cccc5n3CO4)cc12,2.68,train,<rdkit.Chem.rdchem.Mol object at 0x7fcdd950e180>
Nc1ccc(C(=O)[O-])cc1,2.69,train,<rdkit.Chem.rdchem.Mol object at 0x7fcdd950e2d0>
Nc1ccc(C(=O)OCC(O)CO)cc1,2.69,train,<rdkit.Chem.rdchem.Mol object at 0x7fcdd950e340>
CC1(C)CN(c2ncc(C(=O)Nc3cccc(C(F)(F)F)c3)c(N)n2)C(=O)N1,2.69,train,<rdkit.Chem.rdchem.Mol object at 0x7fcdd950e3b0>
CCCCNc1cc(C(=O)O)cc(S(N)(=O)=O)c1Oc1ccccc1,2.7,test,<rdkit.Chem.rdchem.Mol object at 0x7fcdd950e420>
Cc1cccc(C)c1NC(=O)CN(CC(=O)O)CC(=O)O,2.7,train,<rdkit.Chem.rdchem.Mol object at 0x7fcdd950e490>
CCC(CC)C(c1ccc(Nc2nc3ccccc3s2)cc1)n1cncn1,2.7,train,<rdkit.Chem.rdchem.Mol object at 0x7fcdd950e500>
O=C1CN2CCOC2(c2ccccc2Cl)c2cc(Cl)ccc2N1,2.71,train,<rdkit.Chem.rdchem.Mol object at 0x7fcdd950e570>
Cc1nc(C)c(N(C)C)nc1C,2.71,train,<rdkit.Chem.rdchem.Mol object at 0x7fcdd950e5e0>
Cc1cc(NC(=O)C(=O)c2cc(Cc3ccc(C#N)cc3)n3ccccc23)sn1,2.71,train,<rdkit.Chem.rdchem.Mol object at 0x7fcdd950e650>
COc1cc(Nc2ncc(F)c(Nc3ccc4c(n3)N(COP(=O)(O)O)C(=O)C(C)(C)O4)n2)cc(OC)c1OC,2.71,train,<rdkit.Chem.rdchem.Mol object at 0x7fcdd950e6c0>
COc1cc(Nc2ncc(F)c(Nc3ccc4c(n3)N(COP(=O)([O-])[O-])C(=O)C(C)(C)O4)n2)cc(OC)c1OC,2.71,train,<rdkit.Chem.rdchem.Mol object at 0x7fcdd950e730>
O=C1N[C@H](c2cncc(C#Cc3ccccc3)c2)[C@@H](c2ccccc2Cl)O1,2.71,train,<rdkit.Chem.rdchem.Mol object at 0x7fcdd950e7a0>
CN1C(=O)CN=C(c2ccccc2)c2cc([N+](=O)[O-])ccc21,2.72,test,<rdkit.Chem.rdchem.Mol object at 0x7fcdd950e810>
COCN1C(=O)CN=C(c2ccccc2)c2cc([N+](=O)[O-])ccc21,2.72,train,<rdkit.Chem.rdchem.Mol object at 0x7fcdd950e8f0>
C/C(=C\c1csc(C)n1)[C@@H]1C[C@@H]2O[C@]2(C)CCC[C@H](C)[C@H](O)[C@@H](C)C(=O)C(C)(C)[C@@H](O)CC(=O)N1,2.73,test,<rdkit.Chem.rdchem.Mol object at 0x7fcdd950e9d0>
O=C(O)c1ccc(Nc2ncc3c(n2)-c2ccc(Cl)cc2C(c2c(F)cccc2F)=NC3)cc1,2.73,test,<rdkit.Chem.rdchem.Mol object at 0x7fcdd950ea40>
C/C1=C/C[C@@H](/C(C)=C/c2csc(C)n2)OC(=O)C[C@H](O)C(C)(C)C(=O)[C@H](C)[C@@H](O)[C@@H](C)CCC1,2.73,train,<rdkit.Chem.rdchem.Mol object at 0x7fcdd950eab0>
CC[C@H](NC(=O)c1c(O)c(-c2ccccc2)nc2ccccc12)c1ccccc1,2.73,train,<rdkit.Chem.rdchem.Mol object at 0x7fcdd950eb20>
C/C1=C/C[C@@H](/C(C)=C/c2csc(C)n2)OC(=O)C[C@H](O)C(C)(C)C(=O)[C@H](C)[C@@H](O)[C@@H](C)/C=C/C1,2.73,train,<rdkit.Chem.rdchem.Mol object at 0x7fcdd950eb90>
Cc1cc2c(CCc3sc(-c4ccc(C(F)(F)F)cc4)nc3C(C)C)noc2cc1OCC(=O)O,2.73,train,<rdkit.Chem.rdchem.Mol object at 0x7fcdd950ec00>
CCCCc1nc(C)c(CC(=S)N(C)C)c(=O)n1Cc1ccc(-c2ccccc2-c2nnn[nH]2)cc1,2.73,train,<rdkit.Chem.rdchem.Mol object at 0x7fcdd950ec70>
C/C(=C\c1csc(C)n1)[C@@H]1C[C@@H]2O[C@]2(C)CCC[C@H](C)[C@H](O)[C@H](C)C(=O)C(C)(C)[C@@H](O)CC(=O)O1,2.73,train,<rdkit.Chem.rdchem.Mol object at 0x7fcdd950ed50>
C[C@@H](O)[C@@H](C)Oc1nc(Nc2ccc(S(=N)(=O)C3CC3)cc2)ncc1C(F)(F)F,2.74,test,<rdkit.Chem.rdchem.Mol object at 0x7fcdd950edc0>
C(=C/c1cccs1)\c1cc[nH]n1,2.74,train,<rdkit.Chem.rdchem.Mol object at 0x7fcdd950ee30>
O=C1NOCC1/N=C/c1ccc(/C=N/C2CONC2=O)cc1,2.75,train,<rdkit.Chem.rdchem.Mol object at 0x7fcdd950ef10>
CCN(CC)c1nc2c(s1)c1c(O)c3c(O)c(C)c4c(c32)C(=O)[C@@](C)(O/C=C/[C@H](OC)[C@@H](C)[C@@H](OC(C)=O)[C@H](C)[C@H](O)[C@H](C)[C@@H](O)[C@@H](C)/C=C/C=C(/C)C(=O)N1)O4,2.75,train,<rdkit.Chem.rdchem.Mol object at 0x7fcdd950ef80>
CC#CC(=O)N1CC[C@@H](n2cc(-c3ccc(Oc4c(F)cccc4F)cc3)c3c(N)n[nH]c(=O)c32)C1,2.75,train,<rdkit.Chem.rdchem.Mol object at 0x7fcdd950eff0>
CCCCOC(=O)c1ccc(N)cc1,2.76,train,<rdkit.Chem.rdchem.Mol object at 0x7fcdd950f060>
COc1ccc(-c2nc(C(F)(F)F)[nH]c2-c2ccc(OC)cc2)cc1,2.76,train,<rdkit.Chem.rdchem.Mol object at 0x7fcdd950f0d0>
CCCCOC(=O)c1ccc(N)cc1.CCCCOC(=O)c1ccc(N)cc1.O=[N+]([O-])c1cc([N+](=O)[O-])c(O)c([N+](=O)[O-])c1,2.76,train,<rdkit.Chem.rdchem.Mol object at 0x7fcdd950f140>
NC(=O)c1ncn([C@@H]2O[C@H](CO)[C@@H](O)[C@H]2O)c1O,2.77,train,<rdkit.Chem.rdchem.Mol object at 0x7fcdd950f1b0>
O=C(N/N=C/[C@H](O)[C@@H](O)[C@H](O)[C@H](O)C(=O)O)c1ccncc1,2.77,train,<rdkit.Chem.rdchem.Mol object at 0x7fcdd950f220>
NC(=O)c1ncn([C@@H]2O[C@H](COP(=O)(O)O)[C@@H](O)[C@H]2O)c1O,2.78,test,<rdkit.Chem.rdchem.Mol object at 0x7fcdd950f290>
CCc1ccc(C(=O)COc2ccc(CC3SC(=O)NC3=O)cc2)nc1,2.78,test,<rdkit.Chem.rdchem.Mol object at 0x7fcdd950f300>
CCOC(=O)c1ccc(N)cc1,2.78,train,<rdkit.Chem.rdchem.Mol object at 0x7fcdd950f370>
Nc1cc(N)c(/N=N/c2ccc(S(N)(=O)=O)cc2)c(C(=O)O)c1,2.78,train,<rdkit.Chem.rdchem.Mol object at 0x7fcdd950f3e0>
Nc1nc(N)c2nc(CNc3ccc(C(=O)N[C@@H](CCCNC(=O)c4ccccc4C(=O)O)C(=O)O)cc3)cnc2n1,2.78,train,<rdkit.Chem.rdchem.Mol object at 0x7fcdd950f450>
COc1cc(OC)c2c(=O)[nH]c(-c3cc(C)c(OCCO)c(C)c3)nc2c1,2.78,train,<rdkit.Chem.rdchem.Mol object at 0x7fcdd950f530>
Cc1nc(C)c2c(n1)N(Cc1ccc(-c3ccccc3-c3nnn[nH]3)cc1)C(=O)CC2,2.79,train,<rdkit.Chem.rdchem.Mol object at 0x7fcdd950f5a0>
O=C(O)C1(Cc2cccc(Nc3nccs3)n2)CCC(Oc2cccc(Cl)c2F)CC1,2.79,train,<rdkit.Chem.rdchem.Mol object at 0x7fcdd950f610>
CN(Cc1cnc2nc(N)nc(N)c2n1)c1ccc(C(=O)N[C@@H](CCC(=O)O)C(=O)O)cc1,2.8,test,<rdkit.Chem.rdchem.Mol object at 0x7fcdd950f680>
C=C[C@@H]1C[C@]1(NC(=O)[C@@H]1C[C@@H](Oc2ncc(OC)c3ccc(Cl)cc23)CN1C(=O)[C@@H](NC(=O)OC(C)(C)C)C(C)(C)C)C(=O)NS(=O)(=O)C1CC1,2.8,train,<rdkit.Chem.rdchem.Mol object at 0x7fcdd950f6f0>
CN(Cc1cnc2nc(N)nc(N)c2n1)c1ccc(C(=O)N[C@@H](CCC(=O)[O-])C(=O)[O-])cc1,2.8,train,<rdkit.Chem.rdchem.Mol object at 0x7fcdd950f760>
O=C(O)c1ccc(-c2ccc3cc(O)ccc3n2)c(Cl)c1,2.8,train,<rdkit.Chem.rdchem.Mol object at 0x7fcdd950f7d0>
CCCOC(=O)c1ccc(N)cc1,2.81,train,<rdkit.Chem.rdchem.Mol object at 0x7fcdd950f840>
O=C(O)COc1ccccc1/C=N/NC(=O)c1ccncc1,2.81,train,<rdkit.Chem.rdchem.Mol object at 0x7fcdd950f8b0>
CO/N=C1\C[C@]2(C[C@@H]3C[C@@H](C/C=C(\C)C[C@@H](C)/C=C/C=C4\CO[C@@H]5[C@H](O)C(C)=C[C@@H](C(=O)O3)[C@]45O)O2)O[C@H](/C(C)=C/C(C)C)[C@H]1C,2.81,train,<rdkit.Chem.rdchem.Mol object at 0x7fcdd950f920>
Cc1nc(NC(=O)N2CCC[C@H]2C(N)=O)sc1-c1ccnc(C(C)(C)C(F)(F)F)c1,2.81,train,<rdkit.Chem.rdchem.Mol object at 0x7fcdd950f990>
COc1cc2c(cc1F)C(c1ccccc1Cl)=Nc1c(n[nH]c1C)N2,2.81,train,<rdkit.Chem.rdchem.Mol object at 0x7fcdd950fa00>
O=S(=O)(O)c1cc(I)c(O)c2ncccc12,2.82,train,<rdkit.Chem.rdchem.Mol object at 0x7fcdd950fa70>
CCNc1nsc2ccccc12,2.82,train,<rdkit.Chem.rdchem.Mol object at 0x7fcdd950fae0>
CN1C(=O)c2c(nn(Cc3ccc(-c4cccc(F)n4)cc3)c2Nc2ccccc2)N2C1=N[C@@H]1CCC[C@@H]12,2.82,train,<rdkit.Chem.rdchem.Mol object at 0x7fcdd950fb50>
CCCCCCCOC(=O)NC1=NC(=O)N([C@H]2C[C@H](O)[C@@H](CO)O2)CN1,2.82,train,<rdkit.Chem.rdchem.Mol object at 0x7fcdd950fbc0>
CN1C(=O)C(F)=C[C@]2(C)C3CC[C@@]4(C)C(CC[C@@H]4C(=O)NCc4nc5ncccc5[nH]4)C3CCC12,2.82,train,<rdkit.Chem.rdchem.Mol object at 0x7fcdd950fc30>
Cc1cc(C(=O)NNCc2ccccc2)no1,2.83,train,<rdkit.Chem.rdchem.Mol object at 0x7fcdd950fca0>
Nc1nc(N)c2nc(CNc3ccc(C(=O)N[C@@H](CCC(=O)O)C(=O)O)cc3)cnc2n1,2.83,train,<rdkit.Chem.rdchem.Mol object at 0x7fcdd950fd80>
Nc1nc(N)c2nc(CNc3ccc(C(=O)N[C@@H](CCC(=O)[O-])C(=O)[O-])cc3)cnc2n1,2.83,train,<rdkit.Chem.rdchem.Mol object at 0x7fcdd950fdf0>
C=CC(=O)N1CCC(c2ccc(C(N)=O)c(-c3ccc(Oc4ccccc4)cc3)n2)CC1,2.83,train,<rdkit.Chem.rdchem.Mol object at 0x7fcdd950fe60>
Nc1nc(=O)c(Br)c(-c2ccccc2)[nH]1,2.83,train,<rdkit.Chem.rdchem.Mol object at 0x7fcdd950fed0>
CC(C)COC(=O)c1ccc(N)cc1,2.84,train,<rdkit.Chem.rdchem.Mol object at 0x7fcdd950ff40>
O=C(N[C@H]1CCN(C(=O)c2cc(C(F)(F)F)cc(C(F)(F)F)c2)[C@H](Cc2ccc(Cl)cc2)C1)c1ccnc2ccccc12,2.84,train,<rdkit.Chem.rdchem.Mol object at 0x7fcdd95100b0>
O=C1CN=C(c2ccccc2)c2cc(Cl)ccc2N1,2.85,train,<rdkit.Chem.rdchem.Mol object at 0x7fcdd9510120>
NNC(=O)CP(=O)(c1ccccc1)c1ccccc1,2.85,train,<rdkit.Chem.rdchem.Mol object at 0x7fcdd9510190>
C#CCC(Cc1cnc2nc(N)nc(N)c2n1)c1ccc(C(=O)N[C@@H](CCC(=O)O)C(=O)O)cc1,2.85,train,<rdkit.Chem.rdchem.Mol object at 0x7fcdd9510200>
CCC(Cc1cnc2nc(N)nc(N)c2n1)c1ccc(C(=O)N[C@@H](CCC(=O)O)C(=O)O)cc1,2.85,train,<rdkit.Chem.rdchem.Mol object at 0x7fcdd9510270>
CCOC(=O)c1ncn2c1CN(C)C(=O)c1c([123I])cccc1-2,2.86,test,<rdkit.Chem.rdchem.Mol object at 0x7fcdd95102e0>
CCOC(=O)c1ncn2c1CN(C)C(=O)c1c(Cl)cccc1-2,2.86,test,<rdkit.Chem.rdchem.Mol object at 0x7fcdd9510350>
Cc1c(CN(C)C(=O)/C=C/c2cnc3c(c2)CCC(=O)N3COP(=O)(O)O)oc2ccccc12,2.86,test,<rdkit.Chem.rdchem.Mol object at 0x7fcdd95103c0>
CCSc1ccnc(C[S+]([O-])c2nc3ccccc3[nH]2)c1C,2.86,train,<rdkit.Chem.rdchem.Mol object at 0x7fcdd9510430>
CCOC(=O)c1ncn2c1CN(C)C(=O)c1c(I)cccc1-2,2.86,train,<rdkit.Chem.rdchem.Mol object at 0x7fcdd95104a0>
O=c1c(N2CCCC2)c(O)c2cccnc2n1-c1ccccc1,2.86,train,<rdkit.Chem.rdchem.Mol object at 0x7fcdd9510510>
CCOC(=O)c1ncn2c1CN(C)C(=O)c1cc(F)ccc1-2,2.87,train,<rdkit.Chem.rdchem.Mol object at 0x7fcdd9510580>
O=C1CN2CCOC2(c2ccccc2F)c2cc(Cl)ccc2N1CCO,2.87,train,<rdkit.Chem.rdchem.Mol object at 0x7fcdd95105f0>
C=CCc1c(O)ccc2nc3c(cc12)Cn1c-3cc2c(c1=O)COC(=O)[C@]2(O)CC,2.87,train,<rdkit.Chem.rdchem.Mol object at 0x7fcdd9510660>
CC(C)[C@@]1(C(=O)N[C@H]2CC(=O)O[C@]2(O)CF)CC(c2nccc3ccccc23)=NO1,2.87,train,<rdkit.Chem.rdchem.Mol object at 0x7fcdd95106d0>
CC1(C)CC(OC(=O)C2CC2)CC(C)(C)N1O,2.88,test,<rdkit.Chem.rdchem.Mol object at 0x7fcdd9510740>
CC(C)c1ncc([N+](=O)[O-])n1C,2.88,train,<rdkit.Chem.rdchem.Mol object at 0x7fcdd95107b0>
COC(=O)c1cc2nc([S+]([O-])Cc3ncccc3C)[nH]c2cc1C,2.88,train,<rdkit.Chem.rdchem.Mol object at 0x7fcdd9510820>
C=CC[C@H]1C(=O)C(C)(C)[C@@H](O)CC(=O)O[C@H](c2ccc3sc(C)nc3c2)C[C@@H]2O[C@]2(C)CCC[C@H](C)[C@@H]1O,2.88,train,<rdkit.Chem.rdchem.Mol object at 0x7fcdd9510890>
C[C@H](Oc1ccc(S(C)(=O)=O)cc1C(=O)N1CCN(c2ncc(C(F)(F)F)cc2F)CC1)C(F)(F)F,2.88,train,<rdkit.Chem.rdchem.Mol object at 0x7fcdd9510900>
Nc1c(-c2cc(Cc3ccc(COc4ccccn4)cc3)no2)ccc[n+]1COP(=O)([O-])O,2.88,train,<rdkit.Chem.rdchem.Mol object at 0x7fcdd9510970>
Nc1nc(=O)c2ncn([C@@H]3C[C@H](CO)[C@H]3CO)c2[nH]1,2.88,train,<rdkit.Chem.rdchem.Mol object at 0x7fcdd95109e0>
CNc1ccc(-c2nc3ccc(O)cc3s2)cc1[18F],2.89,test,<rdkit.Chem.rdchem.Mol object at 0x7fcdd9510a50>
c1cscn1,2.89,train,<rdkit.Chem.rdchem.Mol object at 0x7fcdd9510ac0>
CNc1ccc(-c2nc3ccc(O)cc3s2)cc1F,2.89,train,<rdkit.Chem.rdchem.Mol object at 0x7fcdd9510ba0>
Cc1nc(-c2cnn(C)c2-c2ccc(C(F)(F)F)cn2)c2c(N3CCC3)ncnn12,2.89,train,<rdkit.Chem.rdchem.Mol object at 0x7fcdd9510c10>
CCCCC(CC)COC(=O)c1ccc(N(C)C)cc1,2.9,train,<rdkit.Chem.rdchem.Mol object at 0x7fcdd9510cf0>
CNC(=O)c1c(C)oc2cc(Oc3ncnc4cc(OC)c(OC)cc34)ccc12,2.9,train,<rdkit.Chem.rdchem.Mol object at 0x7fcdd9510d60>
COc1cc2ncnc(Oc3cccc(NC(=O)Nc4cc(C(C)(C)C(F)(F)F)on4)c3)c2cc1OC,2.9,train,<rdkit.Chem.rdchem.Mol object at 0x7fcdd9510dd0>
CS(=N)(=O)c1ccc(-c2ccc([C@@H](O)[C@@H](CF)NC(=O)C(F)F)cc2)cn1,2.91,train,<rdkit.Chem.rdchem.Mol object at 0x7fcdd9510eb0>
CN1C(=O)CN=C(c2ccccc2)c2cc(Cl)ccc21,2.92,train,<rdkit.Chem.rdchem.Mol object at 0x7fcdd9510f20>
CCCNC(=O)c1nnc2c(-c3c(F)cccc3OC)cccc2c1N,2.92,train,<rdkit.Chem.rdchem.Mol object at 0x7fcdd9510f90>
CC1COC2(c3ccccc3Cl)c3cc(Cl)ccc3NC(=O)CN12,2.93,train,<rdkit.Chem.rdchem.Mol object at 0x7fcdd9511000>
COc1ccc(C(=O)N2CCN(c3ccc4c(c3)CCC(=O)N4)CC2)cc1OC,2.94,train,<rdkit.Chem.rdchem.Mol object at 0x7fcdd95110e0>
O=S(=O)(Nc1cccc(OCc2ccc3ccccc3n2)c1)C(F)(F)F,2.94,train,<rdkit.Chem.rdchem.Mol object at 0x7fcdd9511150>
CO[C@@]12[C@H](COC(N)=O)C3=C(C(=O)C(C)=C(N)C3=O)N1C[C@H]1[C@@H]2N1C,2.95,train,<rdkit.Chem.rdchem.Mol object at 0x7fcdd95111c0>
CCOC(=O)NNC(C)c1ccccc1,2.95,train,<rdkit.Chem.rdchem.Mol object at 0x7fcdd9511230>
Cc1cccc(C)c1NC(=O)c1ccc(N)cc1,2.96,train,<rdkit.Chem.rdchem.Mol object at 0x7fcdd95112a0>
c1ccc(CCNc2nc(-c3ccccc3)cs2)cc1,2.96,train,<rdkit.Chem.rdchem.Mol object at 0x7fcdd9511310>
CCc1[nH]c(=O)[nH]c1C(=O)c1ccncc1,2.96,train,<rdkit.Chem.rdchem.Mol object at 0x7fcdd9511380>
C[C@@H](COCCC(=O)N1CCN(c2ncc(C(F)(F)F)cn2)CC1)Nc1cn[nH]c(=O)c1C(F)(F)F,2.96,train,<rdkit.Chem.rdchem.Mol object at 0x7fcdd9511460>
O=C(O)CC1CC(c2ccccc2)=NO1,2.97,train,<rdkit.Chem.rdchem.Mol object at 0x7fcdd95114d0>
CC(C)(C)c1nc(-c2cccc(NS(=O)(=O)c3c(F)cccc3F)c2F)c(-c2ccnc(N)n2)s1,2.97,train,<rdkit.Chem.rdchem.Mol object at 0x7fcdd9511540>
COc1ccc(CNC(=O)c2cc(-c3cncc(Cl)c3)cnc2-c2ccccn2)nc1OC,2.97,train,<rdkit.Chem.rdchem.Mol object at 0x7fcdd95115b0>
NC(CO)(CO)CO.NC(CO)(CO)CO.Nc1nc(=O)c2c(CCc3ccc(C(=O)N[C@@H](CCC(=O)O)C(=O)O)cc3)c[nH]c2[nH]1,2.97,train,<rdkit.Chem.rdchem.Mol object at 0x7fcdd9511690>
Nc1nc2[nH]cc(CCc3ccc(C(=O)N[C@H](CCC(=O)O)C(=O)O)cc3)c2c(=O)[nH]1,2.97,train,<rdkit.Chem.rdchem.Mol object at 0x7fcdd9511700>
Nc1nc2[nH]cc(CCc3ccc(C(=O)N[C@@H](CCC(=O)[O-])C(=O)[O-])cc3)c2c(=O)[nH]1,2.97,train,<rdkit.Chem.rdchem.Mol object at 0x7fcdd9511770>
Cc1cc2nc(N)nc(N)n2n1,2.98,train,<rdkit.Chem.rdchem.Mol object at 0x7fcdd95117e0>
CCNc1cc(O)c2c(c1)/C=C/C[C@H](O)[C@H](O)C(=O)/C=C\[C@@H](C)[C@H](C)OC2=O,2.98,train,<rdkit.Chem.rdchem.Mol object at 0x7fcdd9511850>
N#CCNC(=O)c1ccc(-c2ccnc(Nc3ccc(N4CCOCC4)cc3)n2)cc1,2.98,train,<rdkit.Chem.rdchem.Mol object at 0x7fcdd95118c0>
CCN(Cc1ccccc1)c1ccc(/N=N/c2ccc(NC(=O)C[N+](CC)(CC)CC)cc2)cc1,2.99,train,<rdkit.Chem.rdchem.Mol object at 0x7fcdd9511930>
C=CC(=O)N[C@@H]1CN(c2nc(Nc3cn(C)nc3OC)c3ncn(C)c3n2)C[C@H]1F,2.99,train,<rdkit.Chem.rdchem.Mol object at 0x7fcdd95119a0>
CC(c1ccc(Cl)c(Cl)c1)N1N=C(N)CC1=O,3.0,train,<rdkit.Chem.rdchem.Mol object at 0x7fcdd9511a10>
CC(C)COC(=O)OCN1C(=O)CN(CCN2CC(=O)N(COC(=O)OCC(C)C)C(=O)C2)CC1=O,3.01,test,<rdkit.Chem.rdchem.Mol object at 0x7fcdd9511a80>
Cc1ccc2c(n1)Oc1ccc(C(C)C(=O)OCC(=O)N(C)C)cc1C2,3.01,train,<rdkit.Chem.rdchem.Mol object at 0x7fcdd9511af0>
COc1cc(Nc2ncc3c(n2)-c2ccc(Cl)cc2C(c2c(F)cccc2OC)=NC3)ccc1C(=O)[O-],3.01,train,<rdkit.Chem.rdchem.Mol object at 0x7fcdd9511bd0>
Cc1ncc([N+](=O)[O-])n1CC(C)O,3.02,train,<rdkit.Chem.rdchem.Mol object at 0x7fcdd9511cb0>
Cc1ncc([N+](=O)[O-])n1C[C@H](O)CCl,3.02,train,<rdkit.Chem.rdchem.Mol object at 0x7fcdd9511d20>
CNC(=O)c1cc(Oc2ccc(NC(=O)Nc3ccc(Cl)c(C(F)(F)F)c3)c(F)c2)ccn1,3.02,train,<rdkit.Chem.rdchem.Mol object at 0x7fcdd9511d90>
Cc1nnc(-c2cc(C(=O)N3CCC(c4ccc(C#N)cc4)CC3)c(C)cc2C2CCC2)[nH]1,3.02,train,<rdkit.Chem.rdchem.Mol object at 0x7fcdd9511e00>
Cc1ncc([N+](=O)[O-])n1CCO,3.03,train,<rdkit.Chem.rdchem.Mol object at 0x7fcdd9511e70>
CNC(=O)c1cc(Oc2ccc(NC(=O)Nc3ccc(Cl)c(C(F)(F)F)c3)cc2)ccn1,3.03,train,<rdkit.Chem.rdchem.Mol object at 0x7fcdd9511f50>
[2H]C([2H])([2H])NC(=O)c1cc(Oc2ccc(NC(=O)Nc3ccc(Cl)c(C(F)(F)F)c3)cc2)ccn1,3.03,train,<rdkit.Chem.rdchem.Mol object at 0x7fcdd9511fc0>
COc1ccc(/C=N/NC(=O)c2ccncc2)cc1OC,3.04,train,<rdkit.Chem.rdchem.Mol object at 0x7fcdd95120a0>
Cc1cc(-c2nnc(N)nc2-c2ccc(F)cc2)cc(Cl)n1,3.04,train,<rdkit.Chem.rdchem.Mol object at 0x7fcdd9512110>
COc1cc(/C=N/NC(=O)c2ccncc2)ccc1O,3.04,train,<rdkit.Chem.rdchem.Mol object at 0x7fcdd9512180>
O=C(Nc1c(Cl)cncc1Cl)C(=O)c1cn(Cc2ccc(F)cc2)c2ncccc12,3.05,test,<rdkit.Chem.rdchem.Mol object at 0x7fcdd95121f0>
CC(C)c1oc2ccccc2c1C(=O)c1ccncc1,3.05,train,<rdkit.Chem.rdchem.Mol object at 0x7fcdd95122d0>
Cc1cc(Nc2ccc3c(c2)c(-c2ccc(N)cc2)[n+](C)c2cc(N)ccc32)nc(N)[n+]1C,3.05,train,<rdkit.Chem.rdchem.Mol object at 0x7fcdd9512340>
Cc1cc(NS(=O)(=O)c2ccc(N)cc2)n(-c2cccc(Cl)c2)n1,3.05,train,<rdkit.Chem.rdchem.Mol object at 0x7fcdd95123b0>
Cn1nccc1Nc1nccc(-c2ccn([C@H](CO)c3ccc(Cl)c(F)c3)c(=O)c2)n1,3.05,train,<rdkit.Chem.rdchem.Mol object at 0x7fcdd9512420>
C#Cc1cc(Nc2nccc(Oc3ccc(NC(=O)Nc4cc(C(C)(C)C)cc(NS(C)(=O)=O)c4OC)c4ccccc34)n2)cc(C(=O)NCCOCCOCCOC)c1,3.05,train,<rdkit.Chem.rdchem.Mol object at 0x7fcdd9512490>
CC[C@@H](C)Nc1nc(C)nc2c(-c3ccc(OC)nc3C)c(C)nn12,3.06,test,<rdkit.Chem.rdchem.Mol object at 0x7fcdd9512500>
O=C1CN=C(c2ccccc2)c2cc(Cl)ccc2N1CC1CC1,3.06,train,<rdkit.Chem.rdchem.Mol object at 0x7fcdd9512570>
CCN(C(=O)CCC(=O)O)c1c(I)cc(I)c(NC)c1I,3.06,train,<rdkit.Chem.rdchem.Mol object at 0x7fcdd9512650>
Cn1cc(-c2cnc3cnn(S(=O)(=O)c4cnc5ccc(-c6cnn(C)c6)cn45)c3c2)cn1,3.06,train,<rdkit.Chem.rdchem.Mol object at 0x7fcdd95126c0>
CC[C@@]1(O)C(=O)OCc2c1cc1n(c2=O)Cc2cc3ccccc3nc2-1,3.07,train,<rdkit.Chem.rdchem.Mol object at 0x7fcdd9512730>
Cc1ncc([N+](=O)[O-])n1CCCO,3.07,train,<rdkit.Chem.rdchem.Mol object at 0x7fcdd9512810>
O=C(O)[C@@H](c1ccc(OCc2ccc3ccccc3n2)cc1)C1CCCC1,3.07,train,<rdkit.Chem.rdchem.Mol object at 0x7fcdd9512880>
C/C=C/C=N\NC(=O)c1ccncc1,3.07,train,<rdkit.Chem.rdchem.Mol object at 0x7fcdd95128f0>
CCC(=O)O[C@]1(CC)C(=O)OCc2c1cc1n(c2=O)Cc2cc3ccccc3nc2-1,3.07,train,<rdkit.Chem.rdchem.Mol object at 0x7fcdd9512960>
COc1c(C)cc(N(CCCl)CCCl)c2ccccc12,3.08,test,<rdkit.Chem.rdchem.Mol object at 0x7fcdd9512a40>
COc1ccccc1Oc1c(NS(=O)(=O)c2ccc(C(C)C)cn2)nc(-c2ccnc(-c3nnn[nH]3)c2)nc1OCCO,3.08,test,<rdkit.Chem.rdchem.Mol object at 0x7fcdd9512ab0>
COc1ccc([C@@H](O)c2cc(-c3ncnc4cc(N5CCOCC5)ccc34)c(F)cc2Cl)nn1,3.08,test,<rdkit.Chem.rdchem.Mol object at 0x7fcdd9512b20>
COc1ccccc1Oc1c(NS(=O)(=O)c2ccc(C)cn2)nc(-c2ccnc(-c3nnn[nH]3)c2)nc1OCCO,3.08,train,<rdkit.Chem.rdchem.Mol object at 0x7fcdd9512b90>
CCc1cnc(N2CCC(c3nc(COc4ccc(-n5cnnn5)cc4)cs3)CC2)nc1,3.09,test,<rdkit.Chem.rdchem.Mol object at 0x7fcdd9512c70>
C#C[C@]1(OC(C)=O)CC[C@H]2[C@@H]3CCC4=C/C(=N/O)CC[C@@H]4[C@H]3CC[C@@]21CC,3.11,train,<rdkit.Chem.rdchem.Mol object at 0x7fcdd9512d50>
Cc1cnc(-c2cc(O[C@@H]3CCOC3)cc(C(=O)N[C@H](C)c3cnc(C(F)(F)F)nc3)c2)s1,3.11,train,<rdkit.Chem.rdchem.Mol object at 0x7fcdd9512dc0>
CC(C)(O)c1ccccc1CC[C@@H](SCC1(CC(=O)O)CC1)c1cccc(/C=C/c2ccc3ccc(Cl)cc3n2)c1,3.12,test,<rdkit.Chem.rdchem.Mol object at 0x7fcdd9512e30>
O=C(O)CSC(CCCc1ccccc1)c1ccc(OCc2ccc3ccccc3n2)cc1,3.12,train,<rdkit.Chem.rdchem.Mol object at 0x7fcdd9512f80>
C#C[C@]1(O)CC[C@H]2[C@@H]3CCC4=C/C(=N/O)CC[C@@H]4[C@H]3CC[C@@]21CC,3.12,train,<rdkit.Chem.rdchem.Mol object at 0x7fcdd9512ff0>
O=C1CN=C(c2ccccc2)c2cc(Cl)ccc2N1CCOCC1CC1,3.13,train,<rdkit.Chem.rdchem.Mol object at 0x7fcdd95130d0>
CN(C)c1ccc2nc3ccc(=[N+](C)C)cc-3sc2c1,3.14,train,<rdkit.Chem.rdchem.Mol object at 0x7fcdd95131b0>
Cc1ccc(-c2nc(N)nc3c2nnn3Cc2cccc(CO[C@H]3CCOC3)n2)o1,3.14,train,<rdkit.Chem.rdchem.Mol object at 0x7fcdd9513300>
Cc1ncc(OC[C@@]2(c3cccc(F)c3)C[C@H]2C(=O)Nc2ccc(F)cn2)c(C)n1,3.15,train,<rdkit.Chem.rdchem.Mol object at 0x7fcdd95133e0>
O=C(N[C@@H]1CC[C@@H](c2cccc(F)c2F)CN(CC(F)(F)F)C1=O)N1CCC(n2c(=O)[nH]c3ncccc32)CC1,3.16,test,<rdkit.Chem.rdchem.Mol object at 0x7fcdd9513450>
CCc1ncc([N+](=O)[O-])n1CCNC(=S)OC,3.16,train,<rdkit.Chem.rdchem.Mol object at 0x7fcdd95134c0>
CC[C@@]1(O)C(=O)OCc2c1cc1n(c2=O)Cc2cc3cc(O)ccc3nc2-1,3.17,train,<rdkit.Chem.rdchem.Mol object at 0x7fcdd9513530>
Cc1ncsc1CCCl,3.18,train,<rdkit.Chem.rdchem.Mol object at 0x7fcdd95135a0>
O=C1CN=C(C2=CCCCC2)c2cc(Cl)ccc2N1,3.18,train,<rdkit.Chem.rdchem.Mol object at 0x7fcdd9513610>
CCCCCCCCCCCCCCCCNc1ccc(C(=O)[O-])cc1,3.19,train,<rdkit.Chem.rdchem.Mol object at 0x7fcdd9513760>
CC(CN1CC(=O)NC(=O)C1)N1CC(=O)NC(=O)C1,3.2,train,<rdkit.Chem.rdchem.Mol object at 0x7fcdd95137d0>
Cc1nc(NC(=N)NS(=O)(=O)c2ccc(N)cc2)oc1C,3.2,train,<rdkit.Chem.rdchem.Mol object at 0x7fcdd9513840>
C[C@@H](CN1CC(=O)NC(=O)C1)N1CC(=O)NC(=O)C1,3.2,train,<rdkit.Chem.rdchem.Mol object at 0x7fcdd95138b0>
O=C(c1cc(Cn2c(=O)[nH]c(=O)c3c(F)cccc32)ccc1F)N1CCN(c2ncccn2)CC1,3.2,train,<rdkit.Chem.rdchem.Mol object at 0x7fcdd9513920>
O=C(NNCS(=O)(=O)O)c1ccncc1,3.21,train,<rdkit.Chem.rdchem.Mol object at 0x7fcdd9513990>
CC1CC(OC(=O)C(OC(=O)c2cccnc2)c2ccccc2)CC(C)(C)C1,3.23,train,<rdkit.Chem.rdchem.Mol object at 0x7fcdd9513a00>
CC(=O)Nc1ccc(C(=O)Nc2ccccc2N)cc1,3.24,test,<rdkit.Chem.rdchem.Mol object at 0x7fcdd9513a70>
CCCCOCCOC(=O)c1cccnc1,3.24,test,<rdkit.Chem.rdchem.Mol object at 0x7fcdd9513ae0>
CC(C)(Oc1ccc(Cl)cc1)C(=O)OCCCOC(=O)c1cccnc1,3.24,test,<rdkit.Chem.rdchem.Mol object at 0x7fcdd9513b50>
CC(C)C(OC(=O)c1cccnc1)c1ccc(Cl)cc1,3.24,test,<rdkit.Chem.rdchem.Mol object at 0x7fcdd9513bc0>
O=C(OCC1CCCO1)c1cccnc1,3.24,train,<rdkit.Chem.rdchem.Mol object at 0x7fcdd9513c30>
COC(=O)c1cccnc1,3.24,train,<rdkit.Chem.rdchem.Mol object at 0x7fcdd9513ca0>
O=C(OCc1ccccc1)c1cccnc1,3.24,train,<rdkit.Chem.rdchem.Mol object at 0x7fcdd9513d10>
CN1C(=O)CN=C(C2=CCCCC2)c2cc(Cl)ccc21,3.24,train,<rdkit.Chem.rdchem.Mol object at 0x7fcdd9513d80>
C[C@@H]1C[C@@H](OC(=O)c2cccnc2)CC(C)(C)C1,3.24,train,<rdkit.Chem.rdchem.Mol object at 0x7fcdd9513f40>
Cn1cc(-c2ccc(S(=O)(=O)n3ccc(/C=C/C(=O)Nc4ccccc4N)c3)cc2)cn1,3.24,train,<rdkit.Chem.rdchem.Mol object at 0x7fcdd9514040>
C/C=C/C1O[C@]2(C(=O)COC(=O)c3cccnc3)CC[C@@]3(O1)[C@@H]1CCC4=CC(=O)CC[C@]4(C)[C@H]1[C@@H](O)C[C@]23C,3.24,train,<rdkit.Chem.rdchem.Mol object at 0x7fcdd95140b0>
Cc1ncsc1CCCCl,3.25,train,<rdkit.Chem.rdchem.Mol object at 0x7fcdd9514190>
CC(C)(F)C[C@H](N[C@@H](c1ccc(-c2ccc(S(C)(=O)=O)cc2)cc1)C(F)(F)F)C(=O)NC1(C#N)CC1,3.25,train,<rdkit.Chem.rdchem.Mol object at 0x7fcdd9514200>
C[C@H](Nc1ncnc2[nH]cnc12)c1nc2ccc(F)cc2c(=O)n1-c1ccccc1,3.25,train,<rdkit.Chem.rdchem.Mol object at 0x7fcdd9514270>
CC[C@H](Nc1ncnc2[nH]cnc12)c1nc2cccc(F)c2c(=O)n1-c1ccccc1,3.25,train,<rdkit.Chem.rdchem.Mol object at 0x7fcdd95142e0>
COc1ccc(/C=N/NC(=O)c2ccncc2)c(C(=O)O)c1OC,3.26,train,<rdkit.Chem.rdchem.Mol object at 0x7fcdd95143c0>
CCCNS(=O)(=O)Nc1ncnc(OCCOc2ncc(Br)cn2)c1-c1ccc(Br)cc1,3.26,train,<rdkit.Chem.rdchem.Mol object at 0x7fcdd9514430>
NS(=O)(=O)Nc1ncnc(OCCOc2ncc(Br)cn2)c1-c1ccc(Br)cc1,3.26,train,<rdkit.Chem.rdchem.Mol object at 0x7fcdd95144a0>
Cc1csc2nc([C@H](C)Nc3ncnc4[nH]cnc34)c(-c3cccc(F)c3)c(=O)n12,3.26,train,<rdkit.Chem.rdchem.Mol object at 0x7fcdd9514510>
CN1C(=N)N(c2ccccc2)CC1=O,3.27,train,<rdkit.Chem.rdchem.Mol object at 0x7fcdd9514580>
Cc1ncc([N+](=O)[O-])n1CCOC(=O)c1ccccc1,3.27,train,<rdkit.Chem.rdchem.Mol object at 0x7fcdd9514660>
Cc1ccnc2c1NC(=O)c1cccnc1N2C1CC1,3.28,train,<rdkit.Chem.rdchem.Mol object at 0x7fcdd9514740>
CCS(=O)(=O)CCn1c([N+](=O)[O-])cnc1C,3.28,train,<rdkit.Chem.rdchem.Mol object at 0x7fcdd95147b0>
Cc1ncc([N+](=O)[O-])n1CCOP(=O)(O)O,3.28,train,<rdkit.Chem.rdchem.Mol object at 0x7fcdd9514820>
NC(=O)N1CCC(CC(=O)N2CCC([C@H]3c4ncc(Br)cc4CCc4cc(Cl)cc(Br)c43)CC2)CC1,3.28,train,<rdkit.Chem.rdchem.Mol object at 0x7fcdd9514890>
CO/N=C(\C(=O)N[C@@H]1C(=O)N(OCC(=O)OCC(=O)OC(C)(C)C)[C@H]1C)c1csc(N)n1,3.28,train,<rdkit.Chem.rdchem.Mol object at 0x7fcdd9514970>
COCC1=C(C(=O)OC(C)OC(=O)OC(C)C)N2C(=O)[C@@H](NC(=O)/C(=N\OC)c3csc(N)n3)[C@H]2SC1,3.28,train,<rdkit.Chem.rdchem.Mol object at 0x7fcdd95149e0>
Cc1ncc([N+](=O)[O-])n1CCNS(N)(=O)=O,3.28,train,<rdkit.Chem.rdchem.Mol object at 0x7fcdd9514a50>
CCOC(=O)C1=C(C)NC(C)=C(C(=O)OCC)C1c1cccnc1SC,3.29,train,<rdkit.Chem.rdchem.Mol object at 0x7fcdd9514b30>
CCCC[C@](C)(CO)Nc1nc(N)nc2cc(F)cnc12,3.29,train,<rdkit.Chem.rdchem.Mol object at 0x7fcdd9514c10>
N#CCCNc1nonc1-c1nc2ccccc2n1CC(=O)c1ccc(N)cc1,3.3,train,<rdkit.Chem.rdchem.Mol object at 0x7fcdd9514c80>
CCn1ncc2c(NC3CCOCC3)c(-c3nnc(Cc4sc(C)nc4C)o3)cnc21,3.31,test,<rdkit.Chem.rdchem.Mol object at 0x7fcdd9514cf0>
Oc1c(Br)cc(Br)c2cccnc12,3.31,train,<rdkit.Chem.rdchem.Mol object at 0x7fcdd9514d60>
COCc1nn(Cc2ccc(Cn3ccccc3=O)cc2)cc1C(=O)NCc1nccc(OC)c1F,3.31,train,<rdkit.Chem.rdchem.Mol object at 0x7fcdd9514e40>
COCc1nn(Cc2ccc(Cn3cc(F)ccc3=O)cc2)cc1C(=O)NCc1nccc(OC)c1F,3.31,train,<rdkit.Chem.rdchem.Mol object at 0x7fcdd9514eb0>
COc1ncnc(C2CC2)c1-c1ncc2cnn(Cc3ccc(-c4nc(C(F)(F)F)cn4C(C)C)cc3)c2n1,3.31,train,<rdkit.Chem.rdchem.Mol object at 0x7fcdd9514f20>
CC(NNC(=O)c1ccccc1)c1ccccc1,3.32,train,<rdkit.Chem.rdchem.Mol object at 0x7fcdd9514f90>
COc1ccc(-c2c(Cl)ncn2-c2ccc(S(N)(=O)=O)cc2)cc1F,3.32,train,<rdkit.Chem.rdchem.Mol object at 0x7fcdd9515000>
CC(C)(O)c1nc2ccc(Cl)cc2cc1N,3.32,train,<rdkit.Chem.rdchem.Mol object at 0x7fcdd9515070>
O=C(Nc1nc2cccc(-c3ccc(CN4CCS(=O)(=O)CC4)cc3)n2n1)C1CC1,3.32,train,<rdkit.Chem.rdchem.Mol object at 0x7fcdd95150e0>
C[C@H](Nc1ccc2c(c1)OCCn1cc(N3C(=O)OC[C@H]3C(F)F)nc1-2)C(N)=O,3.32,train,<rdkit.Chem.rdchem.Mol object at 0x7fcdd9515150>
CC#CC(=O)N1CC[C@@H](n2c(=O)n(-c3ccc(Oc4ccccc4)cc3)c3c(N)ncnc32)C1,3.33,train,<rdkit.Chem.rdchem.Mol object at 0x7fcdd95151c0>
Oc1c(I)cc(I)c2cccnc12,3.34,train,<rdkit.Chem.rdchem.Mol object at 0x7fcdd9515230>
Cc1cc(N2CCc3cc(F)ccc3C2)cc(C)c1NC(=O)CC(C)(C)C,3.34,train,<rdkit.Chem.rdchem.Mol object at 0x7fcdd9515310>
Cn1nccc1[C@H]1CCCC[C@@H]1Oc1cc(F)c(S(=O)(=O)Nc2ccncn2)cc1Cl,3.34,train,<rdkit.Chem.rdchem.Mol object at 0x7fcdd9515380>
NNC(=O)c1ccncc1,3.35,train,<rdkit.Chem.rdchem.Mol object at 0x7fcdd95153f0>
CC(C)(Oc1ccc(Cl)cc1)C(=O)OCc1cccc(CO)n1,3.35,train,<rdkit.Chem.rdchem.Mol object at 0x7fcdd9515460>
CN1CCN(c2ccc(N3C[C@H](CO)OC3=O)cc2F)C=N1,3.35,train,<rdkit.Chem.rdchem.Mol object at 0x7fcdd95154d0>
CNC(=O)c1nnc(NC(=O)C2CC2)cc1Nc1cccc(-c2ncn(C)n2)c1OC,3.35,train,<rdkit.Chem.rdchem.Mol object at 0x7fcdd9515540>
C[C@]12Cc3c[nH]nc3C[C@@H]1CC[C@@H]1[C@@H]2CC[C@@]2(C)[C@H]1CC[C@]2(C)O,3.36,train,<rdkit.Chem.rdchem.Mol object at 0x7fcdd95155b0>
CC(/C=C/C(=O)NO)=C\[C@@H](C)C(=O)c1ccc(N(C)C)cc1,3.36,train,<rdkit.Chem.rdchem.Mol object at 0x7fcdd9515620>
CCN1c2ncc(CCOc3cc[n+]([O-])c4ccccc34)cc2C(=O)N(C)c2cccnc21,3.36,train,<rdkit.Chem.rdchem.Mol object at 0x7fcdd9515690>
Cc1cc(Nc2nc(C(O)c3ccc(F)cc3)nc3ccccc23)n[nH]1,3.36,train,<rdkit.Chem.rdchem.Mol object at 0x7fcdd9515770>
CCOC(=O)NNc1ccc(N(CC)CC(C)O)nn1,3.37,test,<rdkit.Chem.rdchem.Mol object at 0x7fcdd95157e0>
Cn1c([N+](=O)[O-])cnc1CSc1ccccn1,3.37,train,<rdkit.Chem.rdchem.Mol object at 0x7fcdd9515850>
c1ccc(C23OCC(Cn4c2nc2ccccc24)O3)cc1,3.37,train,<rdkit.Chem.rdchem.Mol object at 0x7fcdd95158c0>
Cc1ccc(F)c(NC(=O)Nc2ccc(-c3cccc4[nH]nc(N)c34)cc2)c1,3.37,train,<rdkit.Chem.rdchem.Mol object at 0x7fcdd9515930>
CC(C)CCC[C@@H](C)[C@H]1CC[C@H]2[C@@H]3CCC4=CC(=NO)CC[C@]4(C)[C@H]3CC[C@]12C,3.37,train,<rdkit.Chem.rdchem.Mol object at 0x7fcdd95159a0>
CC[C@H](OC(C)=O)[C@@H]1C[C@@H](O)[C@H](n2c(=O)sc3cnc(N)nc32)O1,3.37,train,<rdkit.Chem.rdchem.Mol object at 0x7fcdd9515a10>
CC(=O)N1N=C(c2ccc(N)cc2)c2cc3c(cc2C[C@H]1C)OCO3,3.38,train,<rdkit.Chem.rdchem.Mol object at 0x7fcdd9515a80>
O=c1[nH]c(Cc2ccccn2)nc2c1cnn2C1CCOCC1,3.38,train,<rdkit.Chem.rdchem.Mol object at 0x7fcdd9515af0>
Cc1ncc([N+](=O)[O-])n1CCOC(=O)CN(CC(=O)O)CC(=O)OCCn1c([N+](=O)[O-])cnc1C,3.39,train,<rdkit.Chem.rdchem.Mol object at 0x7fcdd9515b60>
Cc1ncc([N+](=O)[O-])n1CCOC(=O)CN(CC(=O)[O-])CC(=O)OCCn1c([N+](=O)[O-])cnc1C,3.39,train,<rdkit.Chem.rdchem.Mol object at 0x7fcdd9515bd0>
OC1CCN(c2ccc(-c3ccc(Cl)cc3Cl)nn2)CC1,3.4,test,<rdkit.Chem.rdchem.Mol object at 0x7fcdd9515c40>
Oc1c(Cl)cc(Cl)c2cccnc12,3.4,train,<rdkit.Chem.rdchem.Mol object at 0x7fcdd9515cb0>
OC(CNc1ncccn1)c1ccccc1,3.4,train,<rdkit.Chem.rdchem.Mol object at 0x7fcdd9515d20>
CC(C)Nc1ncccn1,3.4,train,<rdkit.Chem.rdchem.Mol object at 0x7fcdd9515e00>
C/C(=N/Nc1nnc2c(n1)[nH]c1c(C)cccc12)c1ccccn1,3.4,train,<rdkit.Chem.rdchem.Mol object at 0x7fcdd9515e70>
CO/N=C(\C(=O)N[C@@H]1C(=O)N2C(C(=O)OCOC(=O)C(C)(C)C)=C(/C=C\c3scnc3C)CS[C@H]12)c1csc(N)n1,3.4,train,<rdkit.Chem.rdchem.Mol object at 0x7fcdd9515ee0>
CO/N=C/C1=CCCN(C(=O)Oc2ccc(Cl)cc2)C1,3.4,train,<rdkit.Chem.rdchem.Mol object at 0x7fcdd9515f50>
Cc1c(CC(=O)O)c2cccnc2n1Cc1ccc(S(C)(=O)=O)cc1C(F)(F)F,3.4,train,<rdkit.Chem.rdchem.Mol object at 0x7fcdd9516030>
CO/N=C(\C(=O)N[C@@H]1C(=O)N2C(C(=O)O)=C(COC(C)=O)C[S+]([O-])[C@H]12)c1csc(N)n1,3.41,test,<rdkit.Chem.rdchem.Mol object at 0x7fcdd95160a0>
O=C(CCNNC(=O)c1ccncc1)NCc1ccccc1,3.41,train,<rdkit.Chem.rdchem.Mol object at 0x7fcdd9516110>
Nc1nc(/C(=N/O)C(=O)N[C@@H]2C(=O)N3C(C(=O)O)=C(SCSc4cnn[nH]4)CS[C@H]23)cs1,3.41,train,<rdkit.Chem.rdchem.Mol object at 0x7fcdd95161f0>
CC(C)n1nccc1-c1ncccc1COc1cccc(O)c1C=O,3.41,train,<rdkit.Chem.rdchem.Mol object at 0x7fcdd9516260>
COC(=O)Nc1nc2cc(C(=O)c3ccccc3)ccc2[nH]1,3.42,test,<rdkit.Chem.rdchem.Mol object at 0x7fcdd95162d0>
COC(=O)Nc1nc2cc(C(=O)c3ccc(F)cc3)ccc2[nH]1,3.42,train,<rdkit.Chem.rdchem.Mol object at 0x7fcdd9516340>
Cc1ccc(COC(=O)N2CC[C@H](CNc3ncccn3)[C@H](F)C2)cc1,3.42,train,<rdkit.Chem.rdchem.Mol object at 0x7fcdd9516420>
CO/N=C(\C(=O)N[C@H]1C(=O)N2C(C(=O)O)=C(CSc3nnnn3C)CS[C@H]12)c1csc(N)n1,3.42,train,<rdkit.Chem.rdchem.Mol object at 0x7fcdd9516490>
C[C@H](O)C(=O)C1=Nc2c([nH]c(N)nc2=O)NC1,3.42,train,<rdkit.Chem.rdchem.Mol object at 0x7fcdd9516570>
COC(=O)N1CC2(CC2)C[C@H](C(=O)NO)[C@H]1C(=O)N1CCN(c2ccccc2)CC1,3.43,test,<rdkit.Chem.rdchem.Mol object at 0x7fcdd9516650>
Cn1cnc2c(OCc3ccccc3Cl)nccc21,3.43,train,<rdkit.Chem.rdchem.Mol object at 0x7fcdd95166c0>
COc1ncnc(NS(=O)(=O)c2ccc(N)cc2)c1OC,3.44,train,<rdkit.Chem.rdchem.Mol object at 0x7fcdd9516730>
Cc1c2c(cn1C)NC(=O)CN=C2c1ccccc1,3.44,train,<rdkit.Chem.rdchem.Mol object at 0x7fcdd95167a0>
O=C1N(C(O)C(Cl)(Cl)Cl)CNC1(c1ccccc1)c1ccccc1,3.44,train,<rdkit.Chem.rdchem.Mol object at 0x7fcdd9516810>
CO/N=C(/C(=O)N[C@@H]1C(=O)N2C(C(=O)[O-])=C(C[n+]3ccc(N)n3CCO)CS[C@H]12)c1csc(N)n1,3.44,train,<rdkit.Chem.rdchem.Mol object at 0x7fcdd9516880>
Cc1nc(C)c(Cl)c(NS(=O)(=O)c2ccc(N)cc2)n1,3.45,train,<rdkit.Chem.rdchem.Mol object at 0x7fcdd95168f0>
CC1=C(C(=O)N2CCC[C@H]2c2ccc(F)cc2)[C@@H](c2ccc(Cl)c(Cl)c2)n2nccc2N1,3.45,train,<rdkit.Chem.rdchem.Mol object at 0x7fcdd9516960>
Nc1ccc(C(=O)Nc2ccccc2N)cc1,3.46,train,<rdkit.Chem.rdchem.Mol object at 0x7fcdd95169d0>
CCCNC(=O)C(C)Nc1ccc(OCC)cc1,3.46,train,<rdkit.Chem.rdchem.Mol object at 0x7fcdd9516a40>
COC[C@H](NC(=O)c1ccn(S(C)(=O)=O)c1)C(=O)Nc1nc(-c2cccc(N3C[C@@H](C)O[C@@H](C)C3)n2)cs1,3.47,train,<rdkit.Chem.rdchem.Mol object at 0x7fcdd9516c00>
CO/N=C(\C(=O)N[C@@H]1C(=O)N2C(C(=O)O)=C(/C=C/Sc3n[nH]c(=O)c(=O)n3CC=O)CS[C@H]12)c1csc(N)n1,3.48,train,<rdkit.Chem.rdchem.Mol object at 0x7fcdd9516c70>
Cc1csc(-c2nnc(Nc3ccc(Oc4ncccc4-c4ccnc(N)n4)cc3)c3ccccc23)c1,3.48,train,<rdkit.Chem.rdchem.Mol object at 0x7fcdd9516ce0>
Cc1cc(C#N)cc(C)c1Oc1nc(Nc2ccc(C#N)cc2)nc(N)c1Br,3.49,train,<rdkit.Chem.rdchem.Mol object at 0x7fcdd9516d50>
COCC1=C(C(=O)O)N2C(=O)[C@@H](NC(=O)/C(=N\O)c3csc(N)n3)[C@H]2SC1,3.49,train,<rdkit.Chem.rdchem.Mol object at 0x7fcdd9516e30>
Cc1cc(Cc2c(C)nn(CCC(=O)O)c2C)c2c(c1O)CCC2,3.49,train,<rdkit.Chem.rdchem.Mol object at 0x7fcdd9516f10>
O=C1OC(OC(=O)c2cccnc2Nc2cccc(C(F)(F)F)c2)c2ccccc21,3.5,train,<rdkit.Chem.rdchem.Mol object at 0x7fcdd9516f80>
O=C(NO)c1cccnc1,3.5,train,<rdkit.Chem.rdchem.Mol object at 0x7fcdd9516ff0>
COC(=O)N(C)c1c(N)nc(-c2nn(Cc3ccccc3F)c3ncccc23)nc1N,3.5,train,<rdkit.Chem.rdchem.Mol object at 0x7fcdd9517060>
NC(=O)C1CCCC2c3cc(Cl)ccc3NC12,3.5,train,<rdkit.Chem.rdchem.Mol object at 0x7fcdd9517140>
O=C(NNCNNC(=O)c1ccncc1)c1ccncc1,3.51,train,<rdkit.Chem.rdchem.Mol object at 0x7fcdd95171b0>
CCOc1ccc(/N=N/c2ccc(N)cc2N)cc1,3.51,train,<rdkit.Chem.rdchem.Mol object at 0x7fcdd9517220>
CCn1c(=O)c(NC)nc2ccccc21,3.51,train,<rdkit.Chem.rdchem.Mol object at 0x7fcdd9517370>
Cc1cc(-c2nc(C(=O)Nc3cc4oc(N5CCOCC5)nc4nc3N3CC[C@@H](O)C3)co2)ccn1,3.51,train,<rdkit.Chem.rdchem.Mol object at 0x7fcdd9517450>
CN(C(=O)CO/N=C(\c1ccccc1)c1ccc2c(c1)CN1CC(=O)NC1=N2)C1CCCCC1,3.52,train,<rdkit.Chem.rdchem.Mol object at 0x7fcdd9517530>
CC(C)(O/N=C(\C(=O)NC1CN(C(=O)NS(=O)(=O)N2CCN(NC(=O)c3cc(=O)c(O)c[nH]3)C2=O)C1=O)c1csc(N)n1)C(=O)O,3.53,train,<rdkit.Chem.rdchem.Mol object at 0x7fcdd9517610>
CO/N=C(\C(=O)N[C@@H]1C(=O)N(OCC(=O)O)[C@H]1C)c1csc(N)n1,3.53,train,<rdkit.Chem.rdchem.Mol object at 0x7fcdd9517680>
COC(=O)Nc1c(N)nc(-c2nn(Cc3ccccc3F)c3ncc(F)cc23)nc1N,3.53,train,<rdkit.Chem.rdchem.Mol object at 0x7fcdd95176f0>
CO/N=C(\C(=O)N[C@@H]1C(=O)N2C(C(=O)O)=C(CSc3nc(=O)c(O)nn3C)CS[C@H]12)c1csc(N)n1,3.54,test,<rdkit.Chem.rdchem.Mol object at 0x7fcdd9517760>
OCCN(CCO)c1nc(N2CCCCC2)c2nc(N(CCO)CCO)nc(N3CCCCC3)c2n1,3.54,train,<rdkit.Chem.rdchem.Mol object at 0x7fcdd95177d0>
CC(C)(Oc1ccc(Cl)cc1)C(=O)OC(COC(=O)c1cccnc1)COC(=O)c1cccnc1,3.54,train,<rdkit.Chem.rdchem.Mol object at 0x7fcdd9517840>
Cn1c(=O)c2c(ncn2CC(COC(=O)c2cccnc2)OC(=O)c2cccnc2)n(C)c1=O,3.54,train,<rdkit.Chem.rdchem.Mol object at 0x7fcdd95178b0>
CO/N=C(\C(=O)N[C@@H]1C(=O)N2C(C(=O)[O-])=C(C[n+]3cccc4c3CCC4)CS[C@H]12)c1csc(N)n1,3.54,train,<rdkit.Chem.rdchem.Mol object at 0x7fcdd9517920>
CO/N=C(\C(=O)N[C@@H]1C(=O)N2C(C(=O)O)=C(C[n+]3cccc4c3CCC4)CS[C@H]12)c1csc(N)n1,3.54,train,<rdkit.Chem.rdchem.Mol object at 0x7fcdd9517990>
CO/N=C(\C(=O)N[C@@H]1C(=O)N2C(C(=O)[O-])=C(CSc3nc(=O)c([O-])nn3C)CS[C@H]12)c1csc(N)n1,3.54,train,<rdkit.Chem.rdchem.Mol object at 0x7fcdd9517a00>
O=C(/C=C/c1ccc2ccc(C(F)(F)F)cc2n1)c1ccncc1,3.54,train,<rdkit.Chem.rdchem.Mol object at 0x7fcdd9517a70>
COc1ccnc(C[S+]([O-])c2nc3ccc(OC(F)F)cc3[nH]2)c1OC,3.55,test,<rdkit.Chem.rdchem.Mol object at 0x7fcdd9517ae0>
CO/N=C(\C(=O)N[C@@H]1C(=O)N2C(C(=O)[O-])=C(C[n+]3cccc4c3CCCC4)CS[C@H]12)c1csc(N)n1,3.55,train,<rdkit.Chem.rdchem.Mol object at 0x7fcdd9517bc0>
CO/N=C(\C(=O)N[C@@H]1C(=O)N2C(C(=O)O)=C(C[n+]3cccc4c3CCCC4)CS[C@H]12)c1csc(N)n1,3.55,train,<rdkit.Chem.rdchem.Mol object at 0x7fcdd9517c30>
COc1ccnc(C[S+]([O-])c2nc3cc(OC(F)F)ccc3[n-]2)c1OC,3.55,train,<rdkit.Chem.rdchem.Mol object at 0x7fcdd9517d10>
CCOc1c([C@H](C)n2nc(C)c3c(N)ncnc32)cc(Cl)c(F)c1[C@@H]1CNC(=O)C1,3.56,train,<rdkit.Chem.rdchem.Mol object at 0x7fcdd9517d80>
Cc1cccc(C)c1NC(=O)/N=C1\CCCN1C,3.57,train,<rdkit.Chem.rdchem.Mol object at 0x7fcdd9517df0>
COc1ccc(Oc2cc(NCCC(F)(F)F)c3ncc(-c4ccc(C(=O)NC5CC5)c(C)c4)n3n2)c(F)c1F,3.57,train,<rdkit.Chem.rdchem.Mol object at 0x7fcdd9518040>
CC1CC(=O)NN=C1c1ccc2[nH]c(-c3cc[nH]n3)nc2c1,3.58,train,<rdkit.Chem.rdchem.Mol object at 0x7fcdd9518120>
C[C@@H](n1cnc2cc(Cl)ccc2c1=O)[C@](O)(Cn1cncn1)c1ccc(F)cc1F,3.58,train,<rdkit.Chem.rdchem.Mol object at 0x7fcdd9518200>
Nc1ncc2ncn(CC3(OCP(=O)(O)O)CC3)c2n1,3.58,train,<rdkit.Chem.rdchem.Mol object at 0x7fcdd9518270>
CC(C)(C)C(=O)OCOP(=O)(COC1(Cn2cnc3cnc(N)nc32)CC1)OCOC(=O)C(C)(C)C,3.58,train,<rdkit.Chem.rdchem.Mol object at 0x7fcdd95182e0>
CO/N=C(\C(=O)N[C@@H]1C(=O)N2C(C(=O)[O-])=C(COC(C)=O)CS[C@H]12)c1csc(N)n1,3.58,train,<rdkit.Chem.rdchem.Mol object at 0x7fcdd9518350>
Cc1c(NC(=O)c2cccnc2)c(=O)n(-c2ccccc2)n1C,3.59,train,<rdkit.Chem.rdchem.Mol object at 0x7fcdd95183c0>
Cc1c(Cl)cccc1Nc1ncccc1C(=O)OCC(O)CO,3.59,train,<rdkit.Chem.rdchem.Mol object at 0x7fcdd9518430>
C/C(=N\NC(=O)c1ccncc1)C(=O)O,3.6,test,<rdkit.Chem.rdchem.Mol object at 0x7fcdd95184a0>
CO/N=C(\C(=O)N[C@@H]1C(=O)N2C(C(=O)[O-])=CCS[C@H]12)c1csc(N)n1,3.6,test,<rdkit.Chem.rdchem.Mol object at 0x7fcdd9518510>
Cc1cc(NS(=O)(=O)c2ccc(N)cc2)sn1,3.6,train,<rdkit.Chem.rdchem.Mol object at 0x7fcdd9518580>
CO/N=C(\C(=O)N[C@@H]1C(=O)N2C(C(=O)O)=CCS[C@H]12)c1csc(N)n1,3.6,train,<rdkit.Chem.rdchem.Mol object at 0x7fcdd9518660>
CO/N=C(\C(=O)N[C@@H]1C(=O)N2C(C(=O)O)=C(C)CS[C@H]12)c1csc(N)n1,3.61,test,<rdkit.Chem.rdchem.Mol object at 0x7fcdd95186d0>
CCN(CC)C(=O)c1cccnc1,3.61,train,<rdkit.Chem.rdchem.Mol object at 0x7fcdd9518740>
O=C(c1cccnc1)N1CCOCC1,3.61,train,<rdkit.Chem.rdchem.Mol object at 0x7fcdd95187b0>
COCC1=C(C(=O)O)N2C(=O)[C@@H](NC(=O)/C(=N\OC)c3csc(N)n3)[C@H]2SC1,3.61,train,<rdkit.Chem.rdchem.Mol object at 0x7fcdd9518820>
C=CC1=C(C(=O)O)N2C(=O)[C@@H](NC(=O)/C(=N\O)c3csc(N)n3)[C@H]2SC1,3.61,train,<rdkit.Chem.rdchem.Mol object at 0x7fcdd9518890>
O=C(NCCO[N+](=O)[O-])c1cccnc1,3.62,test,<rdkit.Chem.rdchem.Mol object at 0x7fcdd9518970>
CO/N=C(\C(=O)N[C@@H]1C(=O)N2C(C(=O)[O-])=C(C[N+]3(C)CCCC3)CS[C@H]12)c1csc(N)n1,3.62,test,<rdkit.Chem.rdchem.Mol object at 0x7fcdd9518a50>
CO/N=C(\C(=O)N[C@@H]1C(=O)N2C(C(=O)O)=C(C[N+]3(C)CCCC3)CS[C@H]12)c1csc(N)n1,3.62,test,<rdkit.Chem.rdchem.Mol object at 0x7fcdd9518ac0>
CNC(=O)c1cccnc1,3.62,train,<rdkit.Chem.rdchem.Mol object at 0x7fcdd9518b30>
O=C(NCCc1c[nH]c2ccccc12)c1cccnc1,3.62,train,<rdkit.Chem.rdchem.Mol object at 0x7fcdd9518ba0>
O=C(NC(Cc1ccccc1)c1ccccc1)c1cccnc1,3.62,train,<rdkit.Chem.rdchem.Mol object at 0x7fcdd9518c10>
CO/N=C(/C(=O)N[C@@H]1C(=O)N2C(C(=O)O)=C([C@@H]3CCCO3)CS[C@H]12)c1csc(N)n1,3.62,train,<rdkit.Chem.rdchem.Mol object at 0x7fcdd9518c80>
CCCCOC(=O)N1CCN(C(=O)[C@H](CP(=O)(O)O)NC(=O)c2cc(N3CC[C@H](OC)C3)nc(-c3ccccc3)n2)CC1,3.62,train,<rdkit.Chem.rdchem.Mol object at 0x7fcdd9518cf0>
O=C1CN2Cc3c(ccc(Cl)c3Cl)N=C2N1,3.62,train,<rdkit.Chem.rdchem.Mol object at 0x7fcdd9518d60>
CCCc1nc(C(C)(C)O)c(C(=O)OCc2oc(=O)oc2C)n1Cc1ccc(-c2ccccc2-c2nnn[nH]2)cc1,3.63,test,<rdkit.Chem.rdchem.Mol object at 0x7fcdd9518e40>
C=CC(=O)N1C[C@H](COc2nc(Nc3cnn(C)c3)nc3[nH]cc(Cl)c23)[C@@H](OC)C1,3.63,test,<rdkit.Chem.rdchem.Mol object at 0x7fcdd9518eb0>
NC(=O)c1cccnc1,3.63,train,<rdkit.Chem.rdchem.Mol object at 0x7fcdd9518f20>
CC[n+]1c(-c2ccccc2)c2cc(N)ccc2c2ccc(N)cc21,3.63,train,<rdkit.Chem.rdchem.Mol object at 0x7fcdd9518f90>
Cc1c(N(CNC(=O)c2cccnc2)C(C)C)c(=O)n(-c2ccccc2)n1C,3.63,train,<rdkit.Chem.rdchem.Mol object at 0x7fcdd9519000>
Cc1nc(-c2cn3c(n2)-c2ccc(-c4cnn(C(C)(C)C(N)=O)c4)cc2OCC3)n(C(C)C)n1,3.63,train,<rdkit.Chem.rdchem.Mol object at 0x7fcdd9519070>
CO[C@H]1/C=C/C[C@H](C)[C@@H](C)S(=O)(=O)NC(=O)c2ccc3c(c2)N(C[C@@H]2CC[C@H]21)C[C@@]1(CCCc2cc(Cl)ccc21)CO3,3.63,train,<rdkit.Chem.rdchem.Mol object at 0x7fcdd95190e0>
Nc1ncc2ncn(CC(CO)CO)c2n1,3.64,test,<rdkit.Chem.rdchem.Mol object at 0x7fcdd95191c0>
Cc1noc2c1-c1ccccc1C(c1ccc(Cl)cc1)=N[C@H]2CC(N)=O,3.64,train,<rdkit.Chem.rdchem.Mol object at 0x7fcdd95192a0>
CC(=O)OCC(CCn1cnc2cnc(N)nc21)COC(C)=O,3.65,train,<rdkit.Chem.rdchem.Mol object at 0x7fcdd9519310>
CN(C)c1nc(NP(=O)(N2CC2)N2CC2)c2c(ncn2C)n1,3.65,train,<rdkit.Chem.rdchem.Mol object at 0x7fcdd9519380>
CNc1ccc(-c2nc3ccc(O)cc3s2)cc1,3.65,train,<rdkit.Chem.rdchem.Mol object at 0x7fcdd95193f0>
Cc1c(N(C)C)c(=O)n(-c2ccccc2)n1C.O=S(=O)(O)NC1CCCCC1,3.66,train,<rdkit.Chem.rdchem.Mol object at 0x7fcdd95194d0>
CC(C)Cn1cnc2c(N)nc3cccnc3c21,3.66,train,<rdkit.Chem.rdchem.Mol object at 0x7fcdd9519540>
CC(C)Cn1cnc2c(N)nc3cccnc3c21.CCS(=O)(=O)O,3.66,train,<rdkit.Chem.rdchem.Mol object at 0x7fcdd95195b0>
CCc1ncnc2cc(OC)c(OC)cc12,3.67,train,<rdkit.Chem.rdchem.Mol object at 0x7fcdd9519690>
CC(C)(C)C(=O)NCc1ccc(Cl)c(C(=O)Nc2ncc[nH]2)c1,3.67,train,<rdkit.Chem.rdchem.Mol object at 0x7fcdd9519700>
O=C(c1cccnc1)N1CCN2C(=O)c3ccncc3[C@]12c1ccc(Cl)cc1,3.67,train,<rdkit.Chem.rdchem.Mol object at 0x7fcdd9519770>
Nc1nccc(-c2ccc(O)c(-c3ccnc(N)n3)n2)n1,3.67,train,<rdkit.Chem.rdchem.Mol object at 0x7fcdd95197e0>
[O-][S+](Cc1cc(OCC(F)(F)C(F)(F)C(F)(F)F)ccn1)c1nc2cscc2[nH]1,3.68,train,<rdkit.Chem.rdchem.Mol object at 0x7fcdd9519850>
CN(C(=O)c1ccc(F)cc1C(F)(F)F)C1CCN(c2nnc(-c3ccnn3C)c3ccccc23)CC1,3.68,train,<rdkit.Chem.rdchem.Mol object at 0x7fcdd95198c0>
Cc1n[nH]c(C)c1-c1cnn(C2(CC#N)CN(c3cc(F)c(C(=O)N[C@@H](C)C(F)(F)F)cc3F)C2)c1,3.68,train,<rdkit.Chem.rdchem.Mol object at 0x7fcdd9519930>
N#Cc1c(N)nc(N)nc1N[C@H](c1nc2c(F)ccc(Cl)c2c(=O)n1-c1cccnc1)C1CC1,3.68,train,<rdkit.Chem.rdchem.Mol object at 0x7fcdd95199a0>
CC(C)c1ccc(CC(=O)N[C@H](C)c2ccc(OCC(F)(F)F)cn2)cc1,3.69,test,<rdkit.Chem.rdchem.Mol object at 0x7fcdd9519a10>
CCC1(c2ccccc2)NCC(=O)NC1=O,3.69,train,<rdkit.Chem.rdchem.Mol object at 0x7fcdd9519a80>
Cc1nc2c(N)nc3cccnc3c2n1CC(C)C,3.69,train,<rdkit.Chem.rdchem.Mol object at 0x7fcdd9519af0>
CO/N=C(\C(=O)N[C@@H]1C(=O)N2C(C(=O)O)=C(/C=C\c3scnc3C)CS[C@H]12)c1csc(N)n1,3.69,train,<rdkit.Chem.rdchem.Mol object at 0x7fcdd9519b60>
COC(=O)C1=C(C)NC(C)=C(C(=O)OCC2COC3(CCN(c4ccc(Cl)cc4)CC3)O2)[C@H]1c1cccc([N+](=O)[O-])c1,3.69,train,<rdkit.Chem.rdchem.Mol object at 0x7fcdd9519bd0>
CC(Cc1ccccc1)[N+](C)([O-])Cc1ccccc1,3.7,test,<rdkit.Chem.rdchem.Mol object at 0x7fcdd9519c40>
CCn1c(=O)c(-c2cc[nH]n2)cc2c(C)nc(N)nc21,3.7,test,<rdkit.Chem.rdchem.Mol object at 0x7fcdd9519cb0>
CCn1cc(C(=O)O)c(=O)c2ccc(Cc3ccccc3)nc21,3.7,train,<rdkit.Chem.rdchem.Mol object at 0x7fcdd9519d20>
Nc1cnc(-c2cc(Cl)cc(Cl)c2Cl)c(N)n1,3.7,train,<rdkit.Chem.rdchem.Mol object at 0x7fcdd9519d90>
O[C@@H]1[C@H](O)[C@@H](CSc2ccccc2F)O[C@H]1n1cnc2c(N[C@@H]3CCC[C@H]3O)ncnc21,3.7,train,<rdkit.Chem.rdchem.Mol object at 0x7fcdd9519e00>
CS(=O)(=O)c1ccc(C(=O)Nc2ccc(Cl)c(-c3ccccn3)c2)c(Cl)c1,3.7,train,<rdkit.Chem.rdchem.Mol object at 0x7fcdd9519e70>
Cc1nc2c(c(C)c(C)n2Cc2cnn(C)c2)c(-c2ccc(Cl)cc2)c1[C@H](OC(C)(C)C)C(=O)O,3.7,train,<rdkit.Chem.rdchem.Mol object at 0x7fcdd9519ee0>
CC(C)c1noc(N2CCC(COc3ccc(-c4ccc(S(C)(=O)=O)cc4)nc3)CC2)n1,3.71,test,<rdkit.Chem.rdchem.Mol object at 0x7fcdd9519f50>
Nc1ncnc2c1ncn2Cc1c(F)cccc1Cl,3.71,train,<rdkit.Chem.rdchem.Mol object at 0x7fcdd9519fc0>
CC(C)c1[nH]c2ccccc2c1C(=O)c1cccnc1,3.71,train,<rdkit.Chem.rdchem.Mol object at 0x7fcdd951a030>
Nc1ncnc2c1nc(Cl)n2[C@@H]1O[C@@H]2COP(=O)(O)O[C@H]2[C@H]1O,3.71,train,<rdkit.Chem.rdchem.Mol object at 0x7fcdd951a0a0>
Cc1cccc(Oc2cc(Oc3cccc(C)n3)cc(Oc3cccc(C)n3)c2)n1,3.71,train,<rdkit.Chem.rdchem.Mol object at 0x7fcdd951a180>
CCCCCCC(COC(=O)c1cccnc1)(COC(=O)c1cccnc1)COC(=O)c1cccnc1,3.72,train,<rdkit.Chem.rdchem.Mol object at 0x7fcdd951a1f0>
CC(C)=CCNc1ncnc2c1ncn2[C@@H]1O[C@H](CO)[C@@H](O)[C@H]1O,3.72,train,<rdkit.Chem.rdchem.Mol object at 0x7fcdd951a260>
Cc1ccccc1CNc1ncnc2c1ncn2[C@@H]1O[C@H](CO)[C@@H](O)[C@H]1O,3.72,train,<rdkit.Chem.rdchem.Mol object at 0x7fcdd951a2d0>
O=C(NC[C@H](O)CO)c1ccncc1Nc1ccc(I)cc1F,3.72,train,<rdkit.Chem.rdchem.Mol object at 0x7fcdd951a340>
Cc1ccn(-c2nc(NC3CCC(F)(F)CC3)cc(N3CCOCC3)n2)n1,3.72,train,<rdkit.Chem.rdchem.Mol object at 0x7fcdd951a3b0>
CCOc1ccc(Nc2ccc(/C(=C3/C=C/C(=[N+](/CC)Cc4cccc(S(=O)(=O)[O-])c4)C=C3C)c3ccc(N(CC)Cc4cccc(S(=O)(=O)[O-])c4)cc3C)cc2)cc1,3.73,train,<rdkit.Chem.rdchem.Mol object at 0x7fcdd951a420>
CCCCC(CC)COC(=O)c1ccc(Nc2nc(Nc3ccc(C(=O)NC(C)(C)C)cc3)nc(Nc3ccc(C(=O)OCC(CC)CCCC)cc3)n2)cc1,3.73,train,<rdkit.Chem.rdchem.Mol object at 0x7fcdd951a490>
O=[N+]([O-])OC[C@H]1O[C@@H](n2cnc3c(NC4CCCC4)ncnc32)[C@H](O)[C@@H]1O,3.73,train,<rdkit.Chem.rdchem.Mol object at 0x7fcdd951a500>
O=C(O)C1(Sc2ccnc3ccc(Br)cc23)CCC1,3.73,train,<rdkit.Chem.rdchem.Mol object at 0x7fcdd951a570>
CS(=O)(=O)CCCn1c(Cn2c(=O)n(CC(F)(F)F)c3ccncc32)cc2cc(Cl)ccc21,3.73,train,<rdkit.Chem.rdchem.Mol object at 0x7fcdd951a5e0>
Cn1nc(-c2cccnc2)nc1-c1ccccc1CO,3.74,train,<rdkit.Chem.rdchem.Mol object at 0x7fcdd951a650>
C[C@H](Cn1cnc2c(N)ncnc21)OCP(=O)(O)O,3.74,train,<rdkit.Chem.rdchem.Mol object at 0x7fcdd951a6c0>
CC(C)OC(=O)OCOP(=O)(CO[C@H](C)Cn1cnc2c(N)ncnc21)OCOC(=O)OC(C)C,3.74,train,<rdkit.Chem.rdchem.Mol object at 0x7fcdd951a730>
CC(C)OC(=O)[C@H](C)N[P@](=O)(CO[C@H](C)Cn1cnc2c(N)ncnc21)Oc1ccccc1,3.74,train,<rdkit.Chem.rdchem.Mol object at 0x7fcdd951a7a0>
c1cn2cc(-c3ccc4cn[nH]c4c3)nc(Nc3ccc(N4CCOCC4)cc3)c2n1,3.74,train,<rdkit.Chem.rdchem.Mol object at 0x7fcdd951a810>
CC(C)OC(=O)OCOP(=O)(CO[C@H](C)Cn1cnc2c(N)ncnc21)OCOC(=O)OC(C)C.N[C@@H](CC(=O)O)C(=O)O,3.74,train,<rdkit.Chem.rdchem.Mol object at 0x7fcdd951a880>
Nc1ncnc2c1ncn2CCOCP(=O)(O)O,3.75,test,<rdkit.Chem.rdchem.Mol object at 0x7fcdd951a960>
CC(C)(C)C(=O)OCOP(=O)(COCCn1cnc2c(N)ncnc21)OCOC(=O)C(C)(C)C,3.75,test,<rdkit.Chem.rdchem.Mol object at 0x7fcdd951a9d0>
CCCCCCCCCCCCCCCCOCCCOP(=O)(O)CO[C@H](C)Cn1cnc2c(N)ncnc21,3.75,test,<rdkit.Chem.rdchem.Mol object at 0x7fcdd951aa40>
CC(=O)Oc1cc(O[C@H](C)CCCc2ccccc2)cc2c1[C@@H]1C[C@H](O)CC[C@H]1[C@H](C)N2,3.75,train,<rdkit.Chem.rdchem.Mol object at 0x7fcdd951aab0>
Nc1ncnc2c1ncn2CCOC[P@@]1(=O)OCC[C@@H](c2cccc(Cl)c2)O1,3.75,train,<rdkit.Chem.rdchem.Mol object at 0x7fcdd951ab20>
CC(C)n1nc(-c2ccc3oc(N)nc3c2)c2c(N)ncnc21,3.75,train,<rdkit.Chem.rdchem.Mol object at 0x7fcdd951ac00>
COc1ccc(-c2nc(N3CCOCC3)c3sc(CN(C)c4ncc(C(=O)NO)cn4)cc3n2)cn1,3.76,train,<rdkit.Chem.rdchem.Mol object at 0x7fcdd951ace0>
Cc1cccc(Nc2cc(Cl)nc(SCC(=O)O)n2)c1C,3.77,train,<rdkit.Chem.rdchem.Mol object at 0x7fcdd951ad50>
OCCN(CCO)c1nc(N2CCCCC2)c2nc(N(CCO)CCO)ncc2n1,3.77,train,<rdkit.Chem.rdchem.Mol object at 0x7fcdd951adc0>
CC(C)Cc1ccc(C(C)C(=O)OCc2ccccn2)cc1,3.78,train,<rdkit.Chem.rdchem.Mol object at 0x7fcdd951ae30>
Nc1nc(=S)c2ncn([C@@H]3O[C@H](COP(=O)(O)O)[C@@H](O)[C@H]3O)c2[nH]1,3.78,train,<rdkit.Chem.rdchem.Mol object at 0x7fcdd951af10>
O=C1Nc2cc3[nH]nc(-c4ccncc4)c3cc2CN1Cc1ccccc1,3.78,train,<rdkit.Chem.rdchem.Mol object at 0x7fcdd951aff0>
C=CC(=O)N[C@H]1CCOC[C@H]1Nc1ncc2cc(-c3c(Cl)c(OC)cc(OC)c3Cl)ccc2n1,3.79,test,<rdkit.Chem.rdchem.Mol object at 0x7fcdd951b060>
N#CCN1CC(=N)N(c2ccc(Cl)cc2)C1=O,3.79,train,<rdkit.Chem.rdchem.Mol object at 0x7fcdd951b0d0>
c1ccc2oc(-c3ccncc3)cc2c1,3.79,train,<rdkit.Chem.rdchem.Mol object at 0x7fcdd951b140>
CCCNC(=O)c1nnc2c(-c3cc(OC)ccc3OC)cccc2c1N,3.79,train,<rdkit.Chem.rdchem.Mol object at 0x7fcdd951b220>
CN1C(C(=O)Nc2ccccn2)=C(O)c2ccccc2S1(=O)=O,3.79,train,<rdkit.Chem.rdchem.Mol object at 0x7fcdd951b290>
CN1C(C(=O)Nc2ccccn2)=C(O)c2ccccc2S1(=O)=O.NCCO,3.79,train,<rdkit.Chem.rdchem.Mol object at 0x7fcdd951b300>
Cc1ccccc1-n1c(/C=C/c2ccccn2)nc2ccccc2c1=O,3.81,train,<rdkit.Chem.rdchem.Mol object at 0x7fcdd951b450>
O=C(Nc1ccccc1)C1CCN(C(=O)Oc2cccnc2)CC1,3.81,train,<rdkit.Chem.rdchem.Mol object at 0x7fcdd951b4c0>
CCn1c(C(=O)N(C2CC2)C2CC2)cc2c3c(ncn3C)c(Nc3cc(C)n(C)n3)nc21,3.81,train,<rdkit.Chem.rdchem.Mol object at 0x7fcdd951b530>
CCCCc1nc(Cl)c(CO)n1Cc1ccc(-c2ccccc2-c2nnn[nH]2)cc1,3.82,test,<rdkit.Chem.rdchem.Mol object at 0x7fcdd951b5a0>
Cc1nnc2n1-c1sc(Br)cc1C(c1ccccc1Cl)=NC2,3.82,train,<rdkit.Chem.rdchem.Mol object at 0x7fcdd951b680>
CC(C)NNC(=O)c1ccncc1,3.82,train,<rdkit.Chem.rdchem.Mol object at 0x7fcdd951b6f0>
CCCCCCOC(=O)NC(=N)c1ccc(NCc2nc3cc(C(=O)N(CCC(=O)OCC)c4ccccn4)ccc3n2C)cc1,3.82,train,<rdkit.Chem.rdchem.Mol object at 0x7fcdd951b760>
c1cnc(NCc2ccc(CNc3ncccn3)cc2)nc1,3.82,train,<rdkit.Chem.rdchem.Mol object at 0x7fcdd951b7d0>
O=C1CCC[C@@H]2[C@H]3CCC[N@+]4([O-])CCC[C@@H](CN12)[C@@H]34,3.82,train,<rdkit.Chem.rdchem.Mol object at 0x7fcdd951b840>
Cc1nc(=O)c(C#N)c(NCc2cccnc2)[nH]1,3.82,train,<rdkit.Chem.rdchem.Mol object at 0x7fcdd951b8b0>
CC1CN2CC(=O)Nc3ccc(Cl)cc3C2(c2ccccc2)O1,3.83,train,<rdkit.Chem.rdchem.Mol object at 0x7fcdd951b990>
CC(C)OCC(COC(C)C)OCn1cnc2cnc(N)nc21,3.83,train,<rdkit.Chem.rdchem.Mol object at 0x7fcdd951ba70>
CC(=O)[C@]1(O)Cc2c(O)c3c(c(O)c2[C@@H](O[C@H]2C[C@H](N4CC4)[C@H](OS(C)(=O)=O)[C@H](C)O2)C1)C(=O)c1ccccc1C3=O,3.83,train,<rdkit.Chem.rdchem.Mol object at 0x7fcdd951bae0>
Nc1nc(/C(=N\O[C@H](C(=O)O)c2ccc(O)c(O)c2)C(=O)N[C@@H]2C(=O)N3C(C(=O)O)=CCS[C@H]23)cs1,3.84,test,<rdkit.Chem.rdchem.Mol object at 0x7fcdd951bbc0>
O=C(OCC(COC(=O)c1cccnc1)(COC(=O)c1cccnc1)COC(=O)c1cccnc1)c1cccnc1,3.84,train,<rdkit.Chem.rdchem.Mol object at 0x7fcdd951bc30>
O=C(OC[C@H]1O[C@](O)(COC(=O)c2cccnc2)[C@@H](OC(=O)c2cccnc2)[C@@H]1OC(=O)c1cccnc1)c1cccnc1,3.84,train,<rdkit.Chem.rdchem.Mol object at 0x7fcdd951bd10>
Cc1nc(C(=O)NCC(=O)O)c(O)c2ccc(Oc3ccccc3)cc12,3.84,train,<rdkit.Chem.rdchem.Mol object at 0x7fcdd951bdf0>
Cc1c(Cc2ccc3ccccc3n2)c2cc(F)ccc2n1CC(=O)O,3.84,train,<rdkit.Chem.rdchem.Mol object at 0x7fcdd951be60>
CN(C)C(=O)CCn1nc(Nc2ccc3c(c2)OC(F)(F)O3)nc1-c1ccncc1,3.84,train,<rdkit.Chem.rdchem.Mol object at 0x7fcdd951bed0>
COC(=O)c1cc([C@@H](OC(=O)c2cccnc2)[C@H](OC(=O)c2cccnc2)[C@@H](COC(=O)c2cccnc2)OC(=O)c2cccnc2)oc1C,3.84,train,<rdkit.Chem.rdchem.Mol object at 0x7fcdd951bf40>
Cc1cc(O)c2c(ccc3nc(-c4ccco4)[nH]c32)n1,3.85,test,<rdkit.Chem.rdchem.Mol object at 0x7fcdd951c040>
Cc1cc(=O)c(C(=O)N[C@@H](C(=O)N[C@@H]2C(=O)N3C(C(=O)O)=C(CSc4nnnn4C)CS[C@H]23)c2ccc(O)cc2)c[nH]1,3.85,train,<rdkit.Chem.rdchem.Mol object at 0x7fcdd951c0b0>
CC[N+]([O-])(CC)CCOc1ccc(/C(=C(/Cl)c2ccccc2)c2ccccc2)cc1,3.85,train,<rdkit.Chem.rdchem.Mol object at 0x7fcdd951c120>
OC1(c2ccc(Cl)cc2)c2ccccc2C2=NCCN21,3.86,train,<rdkit.Chem.rdchem.Mol object at 0x7fcdd951c270>
O=C(O)Cc1sc2nc3ccccc3n2c1-c1ccc(Cl)cc1,3.86,train,<rdkit.Chem.rdchem.Mol object at 0x7fcdd951c2e0>
C[n+]1ccc(SCC2=C(C(=O)O)N3C(=O)[C@@H](NC(=O)/C(=N\OC(C)(C)C(=O)O)c4csc(N)n4)[C@H]3[S+]([O-])C2)cc1,3.87,train,<rdkit.Chem.rdchem.Mol object at 0x7fcdd951c430>
CN1C2C(=O)c3ccccc3C1C1=C2C(=O)c2ccccc2C1=O,3.87,train,<rdkit.Chem.rdchem.Mol object at 0x7fcdd951c4a0>
Nc1nc(/C(=N/OC2(C(=O)O)CC2)C(=O)N[C@@H]2C(=O)N(S(=O)(=O)O)[C@@H]2CN2CCOC2=O)cs1,3.87,train,<rdkit.Chem.rdchem.Mol object at 0x7fcdd951c510>
Nc1cc2[nH]cnc2c(=O)[nH]1,3.88,train,<rdkit.Chem.rdchem.Mol object at 0x7fcdd951c580>
N=C1NC(=O)N2CC12,3.88,train,<rdkit.Chem.rdchem.Mol object at 0x7fcdd951c5f0>
C[C@@H](Oc1nnc(-c2ccncc2)n1C)c1cc(-c2cccc(Cl)c2)on1,3.89,test,<rdkit.Chem.rdchem.Mol object at 0x7fcdd951c660>
COCC(=O)Nc1cc(COc2ccc(NC(=O)Nc3cc(C(C)(C)C)nn3-c3ccc(C)cc3)c3ccccc23)ccn1,3.89,train,<rdkit.Chem.rdchem.Mol object at 0x7fcdd951c6d0>
NC(=O)OC[C@@H]1[C@H](NC(=O)/C(=N\OCC(=O)O)c2csc(N)n2)C(=O)N1S(=O)(=O)O,3.9,train,<rdkit.Chem.rdchem.Mol object at 0x7fcdd951c7b0>
O=C(O)C(O)C(O)C(=O)Oc1cccnc1,3.9,train,<rdkit.Chem.rdchem.Mol object at 0x7fcdd951c890>
C[C@@H](O[C@H]1OCCN(Cc2nc(=O)n(P(=O)(O)O)[nH]2)[C@H]1c1ccc(F)cc1)c1cc(C(F)(F)F)cc(C(F)(F)F)c1,3.9,train,<rdkit.Chem.rdchem.Mol object at 0x7fcdd951c900>
C[C@H]1[C@H](NC(=O)/C(=N\OC(C)(C)C(=O)O)c2csc(N)n2)C(=O)N1S(=O)(=O)O,3.91,test,<rdkit.Chem.rdchem.Mol object at 0x7fcdd951c970>
CCS(=O)(=O)N1CC(CC#N)(n2cc(-c3ncnc4[nH]ccc34)cn2)C1,3.91,test,<rdkit.Chem.rdchem.Mol object at 0x7fcdd951c9e0>
CCC(C)n1ncn(-c2ccc(N3CCN(c4ccc(OCC5COC(Cn6cncn6)(c6ccc(Cl)cc6Cl)O5)cc4)CC3)cc2)c1=O,3.91,train,<rdkit.Chem.rdchem.Mol object at 0x7fcdd951ca50>
Cc1ccc2c(Br)cc(Br)c(O)c2n1,3.91,train,<rdkit.Chem.rdchem.Mol object at 0x7fcdd951cac0>
CC[C@@]1(O)C(=O)OCc2c1cc1n(c2=O)Cc2cc3c(N)cccc3nc2-1,3.91,train,<rdkit.Chem.rdchem.Mol object at 0x7fcdd951cb30>
CCC(C)n1ncn(-c2ccc(N3CCN(c4ccc(OC[C@H]5CO[C@](Cn6cncn6)(c6ccc(F)cc6F)O5)cc4)CC3)cc2)c1=O,3.91,train,<rdkit.Chem.rdchem.Mol object at 0x7fcdd951cc10>
CNC(=S)C1(c2ccccn2)CCCS1,3.91,train,<rdkit.Chem.rdchem.Mol object at 0x7fcdd951cc80>
N#Cc1cc(-c2n[nH]c(-c3ccncc3)n2)ccn1,3.91,train,<rdkit.Chem.rdchem.Mol object at 0x7fcdd951ccf0>
N#CC[C@H](C1CCCC1)n1cc(-c2ncnc3[nH]ccc23)cn1,3.91,train,<rdkit.Chem.rdchem.Mol object at 0x7fcdd951cdd0>
N#CCC1(n2cc(-c3ncnc4[nH]ccc34)cn2)CN(S(=O)(=O)C2CC2)C1,3.91,train,<rdkit.Chem.rdchem.Mol object at 0x7fcdd951ce40>
Cc1cc2c(C(N)=O)cccc2n1-c1nc2c(c(NCc3ccccc3)n1)COCC2,3.91,train,<rdkit.Chem.rdchem.Mol object at 0x7fcdd951cf20>
O=C(c1cccnc1-c1ccncc1)N1CCC(O)(Cc2ccccc2)CC1,3.91,train,<rdkit.Chem.rdchem.Mol object at 0x7fcdd951cf90>
COC(=O)Nc1nc2ccc(C(=O)C3CC3)cc2[nH]1,3.92,train,<rdkit.Chem.rdchem.Mol object at 0x7fcdd951d000>
CC(CNC(=O)c1cccnc1)NC(=O)c1cccnc1,3.92,train,<rdkit.Chem.rdchem.Mol object at 0x7fcdd951d070>
COc1cc(C(=O)c2c[nH]c(-c3c[nH]c4ccccc34)n2)cc(OC)c1OC,3.92,train,<rdkit.Chem.rdchem.Mol object at 0x7fcdd951d230>
CC(C)OC(=O)Nc1ccc2[nH]c(-c3cscn3)nc2c1,3.93,train,<rdkit.Chem.rdchem.Mol object at 0x7fcdd951d2a0>
Nc1ncnc2c1ncn2[C@@H]1O[C@H](CO)[C@@H](O)[C@@H]1O,3.94,train,<rdkit.Chem.rdchem.Mol object at 0x7fcdd951d460>
Nc1ncnc2c1ncn2[C@@H]1O[C@H](CO)C[C@@H]1F,3.94,train,<rdkit.Chem.rdchem.Mol object at 0x7fcdd951d540>
O=[N+]([O-])c1ccc(NN=C(c2ccc(O)cc2)c2ccc(O)cc2)c([N+](=O)[O-])c1,3.94,train,<rdkit.Chem.rdchem.Mol object at 0x7fcdd951d5b0>
CC(C)(O/N=C(\C(=O)N[C@@H]1C(=O)N2C(C(=O)[O-])=C(C[n+]3ccccc3)CS[C@H]12)c1csc(N)n1)C(=O)O,3.94,train,<rdkit.Chem.rdchem.Mol object at 0x7fcdd951d620>
CC(C)(O/N=C(\C(=O)N[C@@H]1C(=O)N2C(C(=O)[O-])=C(C[n+]3ccccc3)CS[C@H]12)c1csc(N)n1)C(=O)[O-],3.94,train,<rdkit.Chem.rdchem.Mol object at 0x7fcdd951d690>
COc1ncnc(Cn2cc(C(=O)NCCO)c3ncc(C)cc32)c1C,3.94,train,<rdkit.Chem.rdchem.Mol object at 0x7fcdd951d700>
O=C(O)[C@H](Cc1ccc(Nc2nccc3ccncc23)cc1)NC1=C(Br)C(=O)C12CCCCC2,3.95,train,<rdkit.Chem.rdchem.Mol object at 0x7fcdd951d850>
COc1cccc(-c2cc(F)c(Nc3ncccc3C(=O)O)c(F)c2)c1,3.95,train,<rdkit.Chem.rdchem.Mol object at 0x7fcdd951d8c0>
CCOC(=O)OC(C)OC1=C(C(=O)Nc2ccccn2)N(C)S(=O)(=O)c2ccccc21,3.96,train,<rdkit.Chem.rdchem.Mol object at 0x7fcdd951d930>
COC(=O)N1CCC(CC#Cc2nc(N)c3ncn([C@@H]4O[C@H](C(=O)NC5CC5)[C@@H](O)[C@H]4O)c3n2)CC1,3.96,train,<rdkit.Chem.rdchem.Mol object at 0x7fcdd951da80>
O=[N+]([O-])c1cn2c(n1)O[C@@H](COc1ccc(-c3ccc(F)cc3)nc1)CC2,3.96,train,<rdkit.Chem.rdchem.Mol object at 0x7fcdd951daf0>
CC(C)NNC(=O)COc1ccc(Cl)cc1,3.97,train,<rdkit.Chem.rdchem.Mol object at 0x7fcdd951db60>
O=C(Cc1ccc(-c2ccc(N3CCOCC3)cc2)cn1)NCc1cccc(F)c1,3.97,train,<rdkit.Chem.rdchem.Mol object at 0x7fcdd951dbd0>
CCCc1cc2c(O)c(C(=O)OC)cnc2cc1N(CC)CC,3.98,test,<rdkit.Chem.rdchem.Mol object at 0x7fcdd951dc40>
CCCCc1nc(CCCC)n(Cc2ccc(-c3ccccc3-c3nnn[nH]3)nc2)n1,3.98,train,<rdkit.Chem.rdchem.Mol object at 0x7fcdd951dcb0>
O=C(Nc1ccc(OC(F)(F)Cl)cc1)c1cnc(N2CC[C@@H](O)C2)c(-c2cc[nH]n2)c1,3.98,train,<rdkit.Chem.rdchem.Mol object at 0x7fcdd951dd90>
CC(C)(O/N=C(\C(=O)N[C@@H]1C(=O)N2C(C(=O)[O-])=C(C[N+]3(CCNC(=O)c4ccc(O)c(O)c4Cl)CCCC3)CS[C@H]12)c1csc(N)n1)C(=O)O,3.98,train,<rdkit.Chem.rdchem.Mol object at 0x7fcdd951de00>
CC[C@H](Nc1ncnc2[nH]cnc12)c1oc2ccccc2c(=O)c1-c1cccc(F)c1,3.98,train,<rdkit.Chem.rdchem.Mol object at 0x7fcdd951de70>
Cc1c(C#N)cccc1-c1cc(-c2cn(Cc3cccc(C(C)(C)O)n3)nn2)nc(N)n1,3.98,train,<rdkit.Chem.rdchem.Mol object at 0x7fcdd951dee0>
CCOC(=O)Nc1ccc(NCc2ccc(F)cc2)cc1N,3.99,test,<rdkit.Chem.rdchem.Mol object at 0x7fcdd951df50>
Cc1cc(CCCCCCCOc2ccc(C3=NCCO3)cc2)on1,3.99,train,<rdkit.Chem.rdchem.Mol object at 0x7fcdd951dfc0>
COC(=O)Nc1nc2cc(OS(=O)(=O)c3ccc(F)cc3)ccc2[nH]1,3.99,train,<rdkit.Chem.rdchem.Mol object at 0x7fcdd951e030>
C=CC(=O)Nc1ccc2ncnc(Nc3ccc(OCc4cccc(F)c4)c(Cl)c3)c2c1,3.99,train,<rdkit.Chem.rdchem.Mol object at 0x7fcdd951e0a0>
COc1ccc2c(c1)c(CC(=O)O)c(C)n2C(=O)c1cccnc1,4.0,test,<rdkit.Chem.rdchem.Mol object at 0x7fcdd951e110>
Cc1ccc2c(Cl)cc(Cl)c(O)c2n1,4.0,train,<rdkit.Chem.rdchem.Mol object at 0x7fcdd951e180>
NOCc1ccc(Br)c(O)c1,4.0,train,<rdkit.Chem.rdchem.Mol object at 0x7fcdd951e1f0>
O=C(NCN1CCOCC1)c1cnccn1,4.0,train,<rdkit.Chem.rdchem.Mol object at 0x7fcdd951e260>
COc1ncc(-c2ccc3nccc(-c4ccnnc4)c3c2)cc1NS(=O)(=O)c1ccc(F)cc1F,4.0,train,<rdkit.Chem.rdchem.Mol object at 0x7fcdd951e340>
COc1ccc(-c2cncc(N[C@@H](C)c3cccc(NC(=O)c4cncc(C)c4)c3)n2)cc1OC,4.0,train,<rdkit.Chem.rdchem.Mol object at 0x7fcdd951e3b0>
N#Cc1ccccc1-c1cc(-c2ccccn2)cn(-c2ccccc2)c1=O,4.01,test,<rdkit.Chem.rdchem.Mol object at 0x7fcdd951e420>
Oc1ccc(Cl)c2cccnc12,4.01,train,<rdkit.Chem.rdchem.Mol object at 0x7fcdd951e490>
CCn1cc(C(=O)O)c(=O)c2cnc(N3CCCC3)nc21,4.01,train,<rdkit.Chem.rdchem.Mol object at 0x7fcdd951e500>
Cc1ccc2ccccc2c1CON.O=C(O)CC(O)C(=O)O,4.01,train,<rdkit.Chem.rdchem.Mol object at 0x7fcdd951e570>
Cc1ccc2ccccc2c1CON,4.01,train,<rdkit.Chem.rdchem.Mol object at 0x7fcdd951e5e0>
CO[C@H](C(=O)NO)[C@@H](CC(C)C)C(=O)N[C@H](C(=O)Nc1ccccn1)C(C)(C)C,4.01,train,<rdkit.Chem.rdchem.Mol object at 0x7fcdd951e6c0>
Cc1c(N)cccc1Cn1ccc(OCCc2cccs2)cc1=O,4.01,train,<rdkit.Chem.rdchem.Mol object at 0x7fcdd951e730>
CC(C)Oc1ccc(-c2nn([C@@H](C)c3oc4ccc(F)cc4c(=O)c3-c3cccc(F)c3)c3ncnc(N)c23)cc1F,4.01,train,<rdkit.Chem.rdchem.Mol object at 0x7fcdd951e7a0>
C=CC(=O)N1CCN(c2ncnc3c(F)c(-c4ccc(F)c5sc(N)nc45)c(Cl)cc23)CC1,4.01,train,<rdkit.Chem.rdchem.Mol object at 0x7fcdd951e810>
O=C(c1ccccc1)N1CCN/C1=N\c1c(Cl)cccc1Cl,4.02,train,<rdkit.Chem.rdchem.Mol object at 0x7fcdd951e880>
O=C(OC[C@H](OC(=O)c1cccnc1)[C@@H](OC(=O)c1cccnc1)[C@H](OC(=O)c1cccnc1)[C@@H](COC(=O)c1cccnc1)OC(=O)c1cccnc1)c1cccnc1,4.02,train,<rdkit.Chem.rdchem.Mol object at 0x7fcdd951e8f0>
O=C(O)/C=C/c1nc(CSc2c(Cl)cccc2Cl)ccc1OCCc1ccccc1,4.03,test,<rdkit.Chem.rdchem.Mol object at 0x7fcdd951e960>
CCCCCCCN(CCCCCSc1nc(-c2ccccc2)c(-c2ccccc2)[nH]1)C(=O)Nc1ccc(F)cc1F,4.03,train,<rdkit.Chem.rdchem.Mol object at 0x7fcdd951e9d0>
CN(C)S(=O)(=O)c1cc(-c2cs/c(=N/c3ccccc3)n2C)ccc1Cl,4.03,train,<rdkit.Chem.rdchem.Mol object at 0x7fcdd951ea40>
O=C(Cc1ccc(-c2ccccc2)cc1)Nc1ccccn1,4.04,train,<rdkit.Chem.rdchem.Mol object at 0x7fcdd951eab0>
O=C(N[C@H]1[C@H](OC(=O)c2cccnc2)O[C@H](COC(=O)c2cccnc2)[C@@H](OC(=O)c2cccnc2)[C@@H]1OC(=O)c1cccnc1)c1cccnc1,4.04,train,<rdkit.Chem.rdchem.Mol object at 0x7fcdd951eb20>
CCCCc1nc(N)c2nc(-n3nccn3)n(C)c2n1,4.04,train,<rdkit.Chem.rdchem.Mol object at 0x7fcdd951eb90>
CCOc1ccc(-c2ccc(Cn3c(CC(C)(C)C(=O)[O-])c(SC(C)(C)C)c4cc(OCc5ccc(C)cn5)ccc43)cc2)cn1,4.05,train,<rdkit.Chem.rdchem.Mol object at 0x7fcdd951ec70>
COC(=O)Nc1nc2cc(Sc3ccccc3)ccc2[nH]1,4.06,test,<rdkit.Chem.rdchem.Mol object at 0x7fcdd951ece0>
Cn1c([N+](=O)[O-])cnc1/C=C/c1ccnc(N)n1,4.06,train,<rdkit.Chem.rdchem.Mol object at 0x7fcdd951ed50>
C=CC(=O)N1CCCC(n2nc(-c3ccc(Oc4ccccc4)cc3)c3c(N)ncnc32)C1,4.06,train,<rdkit.Chem.rdchem.Mol object at 0x7fcdd951ee30>
COc1cc(NC(C)CCCN/C(C)=C2\CCOC2=O)c2ncccc2c1,4.07,train,<rdkit.Chem.rdchem.Mol object at 0x7fcdd951eea0>
CSc1ccc2ncn(/C=C/C(=O)O)c(=O)c2c1,4.07,train,<rdkit.Chem.rdchem.Mol object at 0x7fcdd951ef10>
Cn1c(=O)n(-c2ccc(C(C)(C)C#N)cc2)c2c3cc(-c4cnc5ccccc5c4)ccc3ncc21,4.07,train,<rdkit.Chem.rdchem.Mol object at 0x7fcdd951ef80>
O=[N+]([O-])c1cn2c(n1)OC[C@@H](OCc1ccc(-c3ccc(OC(F)(F)F)cc3)nc1)C2,4.07,train,<rdkit.Chem.rdchem.Mol object at 0x7fcdd951eff0>
O=P(O)(O)Oc1ccc(C(c2ccc(OP(=O)(O)O)cc2)c2ccccn2)cc1,4.08,test,<rdkit.Chem.rdchem.Mol object at 0x7fcdd951f0d0>
CC(=O)Oc1ccc(C(c2ccc(OC(C)=O)cc2)c2ccccn2)cc1,4.08,train,<rdkit.Chem.rdchem.Mol object at 0x7fcdd951f140>
c1ccc2[nH]c(-c3cscn3)nc2c1,4.08,train,<rdkit.Chem.rdchem.Mol object at 0x7fcdd951f220>
Cc1nc(N)sc1-c1ccnc(Nc2ccc(N3CCOCC3)cc2)n1,4.08,train,<rdkit.Chem.rdchem.Mol object at 0x7fcdd951f290>
Cn1c(-c2ccccn2)c(C2CCCC2)c2ccc(C(=O)NC3(C(=O)Nc4ccc(/C=C/C(=O)O)cc4)CCC3)cc21,4.09,test,<rdkit.Chem.rdchem.Mol object at 0x7fcdd951f370>
Nc1nc(OCc2cc(Br)cs2)c2[nH]cnc2n1,4.09,train,<rdkit.Chem.rdchem.Mol object at 0x7fcdd951f450>
C[C@@H]1C(=O)NC2=Nc3cccc(Cl)c3CN21,4.09,train,<rdkit.Chem.rdchem.Mol object at 0x7fcdd951f5a0>
CN(C)c1ccc(-c2nc(=O)n(C)nc2-c2ccc(N(C)C)cc2)cc1,4.1,test,<rdkit.Chem.rdchem.Mol object at 0x7fcdd951f610>
CC/C=C(\C(=O)N[C@@H]1C(=O)N2C(C(=O)O)=C(COC(N)=O)CS[C@H]12)c1csc(N)n1,4.1,train,<rdkit.Chem.rdchem.Mol object at 0x7fcdd951f680>
Cc1ncc(CO)c(C=O)c1O,4.11,train,<rdkit.Chem.rdchem.Mol object at 0x7fcdd951f6f0>
Cc1ncc(COP(=O)(O)O)c(C=O)c1O,4.11,train,<rdkit.Chem.rdchem.Mol object at 0x7fcdd951f760>
Cc1ncc(COP(=O)([O-])[O-])c(C=O)c1O,4.11,train,<rdkit.Chem.rdchem.Mol object at 0x7fcdd951f7d0>
CC(C)NC(=O)COc1cccc(-c2nc(Nc3ccc4[nH]ncc4c3)c3ccccc3n2)c1,4.11,train,<rdkit.Chem.rdchem.Mol object at 0x7fcdd951f840>
COc1ccc(COc2ccc(Cn3c(N)nc4cc(-c5cnn(C)c5)cnc43)cc2OC)cc1,4.11,train,<rdkit.Chem.rdchem.Mol object at 0x7fcdd951f920>
CCCCC(=N)NC(=O)Nc1ccc(Cl)cc1.CCCCCCCCCCCCOS(=O)(=O)O,4.12,train,<rdkit.Chem.rdchem.Mol object at 0x7fcdd951fa70>
CCCCCCCN1C(C)=CS/C1=C/C=C(/C=C/c1scc(C)[n+]1CCCCCCC)c1scc(C)[n+]1CCCCCCC,4.13,train,<rdkit.Chem.rdchem.Mol object at 0x7fcdd951fb50>
Cc1cc(Cn2nnc3c(-c4ccco4)nc(N)nc32)ccc1N,4.13,train,<rdkit.Chem.rdchem.Mol object at 0x7fcdd951fbc0>
Clc1ccccc1C1=NCc2nnc(C3CCCCC3)n2-c2sc(Br)cc21,4.14,train,<rdkit.Chem.rdchem.Mol object at 0x7fcdd951fca0>
C=N[C@@H](C(=O)N[C@@H]1C(=O)N2[C@@H]1SC(C)(C)[C@@H]2C(=O)O)c1ccccc1,4.14,train,<rdkit.Chem.rdchem.Mol object at 0x7fcdd951fd10>
O=C(Nc1cnc(-c2ccncc2F)c(-c2cccnc2)n1)C1CC1,4.14,train,<rdkit.Chem.rdchem.Mol object at 0x7fcdd951fdf0>
CN1C(=S)CN=C(c2ccccc2)c2cc(Cl)ccc21,4.15,train,<rdkit.Chem.rdchem.Mol object at 0x7fcdd951fed0>
COC(=O)Nc1nc2cc(C3(O)c4ccccc4C(=O)N3c3cc(Cl)ccc3C)ccc2[nH]1,4.15,train,<rdkit.Chem.rdchem.Mol object at 0x7fcdd95200b0>
Cc1c(OCC(F)(F)F)ccnc1C[S+]([O-])c1nc2ccccc2[nH]1,4.16,test,<rdkit.Chem.rdchem.Mol object at 0x7fcdd9520120>
CN(C)/C=N/c1c(I)cc(I)c(CCC(=O)O)c1I,4.16,train,<rdkit.Chem.rdchem.Mol object at 0x7fcdd9520190>
CCCC(=O)NCCc1ccc(S(=O)(=O)N2CCN(C3CC=CCC3)C2=N)cc1,4.16,train,<rdkit.Chem.rdchem.Mol object at 0x7fcdd9520200>
CN(C)/C=N/c1c(I)cc(I)c(CCC(=O)[O-])c1I,4.16,train,<rdkit.Chem.rdchem.Mol object at 0x7fcdd9520270>
O=[N+]([O-])c1ccc(/C=C/c2cccc(CO)n2)o1,4.16,train,<rdkit.Chem.rdchem.Mol object at 0x7fcdd95202e0>
CCOc1ccc(-c2nc(-c3cccc(C(=O)O)n3)cs2)cc1OCC,4.17,train,<rdkit.Chem.rdchem.Mol object at 0x7fcdd9520350>
O=C(c1ccccc1Cl)c1cccnc1-c1nnn(Cc2cc(C(F)(F)F)cc(C(F)(F)F)c2)c1-c1ccncc1,4.17,train,<rdkit.Chem.rdchem.Mol object at 0x7fcdd95203c0>
C[C@@H](C(=O)Nc1ccc(Cl)cc1)C1CCC(c2ccnc3ccc(F)cc23)CC1,4.17,train,<rdkit.Chem.rdchem.Mol object at 0x7fcdd9520430>
O=C(O)c1cccnc1,4.19,test,<rdkit.Chem.rdchem.Mol object at 0x7fcdd95204a0>
CCOP(=S)(OCC)Oc1cc(C)nc(C(C)C)n1,4.19,train,<rdkit.Chem.rdchem.Mol object at 0x7fcdd9520510>
COC(=O)Nc1nc2cc(SC3CCCCC3)ccc2[nH]1,4.19,train,<rdkit.Chem.rdchem.Mol object at 0x7fcdd9520580>
CO/N=C(\C(=O)N[C@@H]1C(=O)N2C(C(=O)O)=C(CSc3nc(C)c(CC(=O)O)s3)CS[C@H]12)c1csc(N)n1,4.19,train,<rdkit.Chem.rdchem.Mol object at 0x7fcdd95205f0>
Cc1cccc(Nc2ccncc2S(=O)(=O)NC(=O)NC(C)C)c1,4.2,test,<rdkit.Chem.rdchem.Mol object at 0x7fcdd9520660>
CCCCCCCCCCCCCCCCCC(=O)NCCCCOn1c(CCCC)nc2c(N)nc3ccccc3c21,4.2,test,<rdkit.Chem.rdchem.Mol object at 0x7fcdd95206d0>
CCC(=O)NS(=O)(=O)c1cnccc1Nc1cccc(C(F)(F)F)c1,4.2,train,<rdkit.Chem.rdchem.Mol object at 0x7fcdd9520740>
CCCSc1ccc([N+](=O)[O-])c(N/C(=N/CCS(=O)(=O)O)NC(=O)OC)c1,4.2,train,<rdkit.Chem.rdchem.Mol object at 0x7fcdd95207b0>
CC1(C)CC=C(c2nc(C3CC(C)(C)OC(C)(C)C3)ccc2NC(=O)c2nc(C#N)c[nH]2)CC1,4.2,train,<rdkit.Chem.rdchem.Mol object at 0x7fcdd9520820>
Nc1nc(OCCc2ccc(Cl)cc2)nc2c1ncn2[C@@H]1O[C@H](CO)[C@@H](O)[C@H]1O,4.21,test,<rdkit.Chem.rdchem.Mol object at 0x7fcdd9520890>
Cc1sc2c(c1C)C(c1ccc(Cl)cc1)=N[C@@H](CC(=O)Nc1ccc(O)cc1)c1nnc(C)n1-2,4.21,test,<rdkit.Chem.rdchem.Mol object at 0x7fcdd9520900>
C[C@@]1(C(=O)Nc2ccc(F)nc2)CCCN1c1nc(Nc2cc(C3CC3)n[nH]2)c2cccn2n1,4.21,train,<rdkit.Chem.rdchem.Mol object at 0x7fcdd95209e0>
CN1C(C(=O)Nc2ccccn2)=C(O)c2sc(Cl)cc2S1(=O)=O,4.22,train,<rdkit.Chem.rdchem.Mol object at 0x7fcdd9520b30>
COc1ccc(S(=O)(=O)Nc2cccnc2Nc2ccc(O)cc2)cc1,4.23,test,<rdkit.Chem.rdchem.Mol object at 0x7fcdd9520ba0>
CCNNC(=O)[C@@H]1[C@H](c2cc(OC)c(OC)c(OC)c2)c2cc3c(cc2[C@H](O)[C@H]1CO)OCO3,4.23,train,<rdkit.Chem.rdchem.Mol object at 0x7fcdd9520c10>
CCCSc1nc(N2CCC[C@@H](CC(=O)O)C2)ccc1C(=O)NC1CCCCC1,4.23,train,<rdkit.Chem.rdchem.Mol object at 0x7fcdd9520c80>
COC(=O)[C@H](c1ccccc1Cl)N1CCc2sc(OC(C)=O)cc2C1,4.23,train,<rdkit.Chem.rdchem.Mol object at 0x7fcdd9520cf0>
COCCCOc1ccnc(C[S+]([O-])c2nc3ccccc3[nH]2)c1C,4.24,test,<rdkit.Chem.rdchem.Mol object at 0x7fcdd9520d60>
Nc1ccc(C(=O)NCC(=O)O)cc1,4.24,train,<rdkit.Chem.rdchem.Mol object at 0x7fcdd9520dd0>
Nc1ccc(C(=O)NCC(=O)[O-])cc1,4.24,train,<rdkit.Chem.rdchem.Mol object at 0x7fcdd9520f20>
COCCCOc1ccnc(C[S+]([O-])c2nc3ccccc3[n-]2)c1C,4.24,train,<rdkit.Chem.rdchem.Mol object at 0x7fcdd9520f90>
COc1ccc(-c2ccc(OCc3cc(C(=O)NS(=O)(=O)c4ccccc4C)oc3C)cc2)nc1,4.24,train,<rdkit.Chem.rdchem.Mol object at 0x7fcdd9521000>
COC(=O)C1(OC(=O)c2cncn2[C@H](C)c2ccccc2)CC1,4.24,train,<rdkit.Chem.rdchem.Mol object at 0x7fcdd9521070>
O=C(O)CCCCON=C(c1cccnc1)c1cccc(C(F)(F)F)c1,4.25,test,<rdkit.Chem.rdchem.Mol object at 0x7fcdd95210e0>
CC(C)(O)CNc1nc(Nc2ccnc(C(F)(F)F)c2)nc(-c2cccc(C(F)(F)F)n2)n1,4.25,test,<rdkit.Chem.rdchem.Mol object at 0x7fcdd9521150>
COC(=O)c1cncn1C(C)c1ccccc1,4.25,train,<rdkit.Chem.rdchem.Mol object at 0x7fcdd95211c0>
CCOC(=O)c1cncn1C(C)c1ccc(F)cc1,4.25,train,<rdkit.Chem.rdchem.Mol object at 0x7fcdd9521310>
CCOC(=O)c1cncn1[C@H](C)c1ccccc1,4.25,train,<rdkit.Chem.rdchem.Mol object at 0x7fcdd9521380>
COC(=O)c1cncn1[C@H](C)c1ccc(I)cc1,4.25,train,<rdkit.Chem.rdchem.Mol object at 0x7fcdd9521460>
CN1C(C(=O)Nc2ccccn2)=C(O)c2sccc2S1(=O)=O,4.26,test,<rdkit.Chem.rdchem.Mol object at 0x7fcdd9521540>
Cc1nnc2n1-c1ccc(Cl)cc1C(c1ccccc1Cl)=NC2,4.26,train,<rdkit.Chem.rdchem.Mol object at 0x7fcdd95215b0>
CN(c1ncccc1CNc1nc(Nc2ccc3c(c2)CC(=O)N3)ncc1C(F)(F)F)S(C)(=O)=O,4.26,train,<rdkit.Chem.rdchem.Mol object at 0x7fcdd9521690>
Cn1cc(-c2ccc3nnc(Sc4ccc5ncccc5c4)n3n2)cn1,4.26,train,<rdkit.Chem.rdchem.Mol object at 0x7fcdd9521700>
CC(C)c1nc2c([nH]1)C(=O)C(=O)c1ccccc1-2,4.26,train,<rdkit.Chem.rdchem.Mol object at 0x7fcdd9521770>
O=S(=O)([O-])c1cc(S(=O)(=O)O)cc2[nH]c(-c3ccc(-c4nc5c(S(=O)(=O)[O-])cc(S(=O)(=O)O)cc5[nH]4)cc3)nc12,4.26,train,<rdkit.Chem.rdchem.Mol object at 0x7fcdd9521850>
COc1ccnc(C[S+]([O-])c2nc3cc(-n4cccc4)ccc3[nH]2)c1C,4.27,train,<rdkit.Chem.rdchem.Mol object at 0x7fcdd95218c0>
CCC1(c2ccc(N)cc2)CCC(=O)NC1=O,4.28,train,<rdkit.Chem.rdchem.Mol object at 0x7fcdd95219a0>
CCOC(=O)Nc1nc2ccccc2[nH]1,4.28,train,<rdkit.Chem.rdchem.Mol object at 0x7fcdd9521a10>
CCNC1=Nc2ccc(Cl)cc2C(c2ccccc2)S1,4.28,train,<rdkit.Chem.rdchem.Mol object at 0x7fcdd9521a80>
CN(C(=O)CCCOc1ccc2c(c1)CN1CC(=O)NC1=N2)C1CCCCC1,4.28,train,<rdkit.Chem.rdchem.Mol object at 0x7fcdd9521af0>
CCN(CC)c1ccc2cc(C(=O)Nc3ccc4[nH]c(C(=O)N5C[C@@H](CCl)c6c5cc(OC(=O)Nc5ccccc5)c5[nH]cc(C)c65)cc4c3)oc2c1,4.29,train,<rdkit.Chem.rdchem.Mol object at 0x7fcdd9521b60>
Cn1cnc([N+](=O)[O-])c1Sc1nc(N)nc2[nH]cnc12,4.3,test,<rdkit.Chem.rdchem.Mol object at 0x7fcdd9521c40>
CCCC1C(=O)N2C(N(C)C)=Nc3ccc(C)cc3N2C1=O,4.3,train,<rdkit.Chem.rdchem.Mol object at 0x7fcdd9521cb0>
CNc1c2c(nn1C)CCCC2,4.3,train,<rdkit.Chem.rdchem.Mol object at 0x7fcdd9521d20>
Cn1cc(-c2ccncc2)c(-c2ccc(OCc3ccc4ccccc4n3)cc2)n1,4.31,train,<rdkit.Chem.rdchem.Mol object at 0x7fcdd9521d90>
Cc1ccc(NC(=O)c2ccnc(C(F)(F)F)c2)cc1-c1cc(OCCO)nc(N2CCOCC2)c1,4.31,train,<rdkit.Chem.rdchem.Mol object at 0x7fcdd9521e70>
CCOC(=O)N[C@@H]1CC[C@@H]2[C@@H](C1)C[C@H]1C(=O)O[C@H](C)[C@H]1[C@H]2/C=C/c1ccc(-c2cccc(F)c2)cn1,4.32,train,<rdkit.Chem.rdchem.Mol object at 0x7fcdd9521ee0>
CCS(=O)(=O)N1CCN(c2ccc(Nc3ncc(C(N)=O)c(NC4CC4)n3)cc2)CC1,4.33,test,<rdkit.Chem.rdchem.Mol object at 0x7fcdd9521f50>
CCOC(=O)N1CCC(=C2c3ccc(Cl)cc3CCc3cccnc32)CC1,4.33,train,<rdkit.Chem.rdchem.Mol object at 0x7fcdd9521fc0>
COc1ccc(NC(=O)N2CCc3c(sc4c3C(c3ccccc3Cl)=NCc3nnc(C)n3-4)C2)cc1,4.33,train,<rdkit.Chem.rdchem.Mol object at 0x7fcdd9522030>
CCc1cnn2c(NCc3ccc[n+]([O-])c3)cc(N3CCCC[C@H]3CCO)nc12,4.33,train,<rdkit.Chem.rdchem.Mol object at 0x7fcdd95220a0>
O=C(Cc1cccc(OC(F)(F)F)c1)Nc1ccc(CCCCc2nnc(NC(=O)Cc3ccccn3)s2)nn1,4.33,train,<rdkit.Chem.rdchem.Mol object at 0x7fcdd9522110>
Cc1cc(-c2nc(-c3ccnc(N)c3F)ccc2O)nc(N)n1,4.33,train,<rdkit.Chem.rdchem.Mol object at 0x7fcdd9522180>
C=CC(=O)Nc1cccc(Nc2nc(Nc3ccc(N4CCN(C(C)=O)CC4)cc3OC)ncc2C(F)(F)F)c1,4.34,train,<rdkit.Chem.rdchem.Mol object at 0x7fcdd95221f0>
C=CCONC1=Nc2ccc(Cl)cc2C(c2ccccc2Cl)=NC1,4.36,test,<rdkit.Chem.rdchem.Mol object at 0x7fcdd9522260>
CCNC(=O)C[C@@H]1N=C(c2ccc(Cl)cc2)c2cc(OC)ccc2-n2c(C)nnc21.O=S(=O)(O)c1ccccc1,4.36,test,<rdkit.Chem.rdchem.Mol object at 0x7fcdd95222d0>
CC(Cc1ccccc1)/N=C/C(Cl)(Cl)Cl,4.36,train,<rdkit.Chem.rdchem.Mol object at 0x7fcdd9522340>
Cc1ccc(Nc2nccc(N(C)c3ccc4c(C)n(C)nc4c3)n2)cc1S(N)(=O)=O,4.36,train,<rdkit.Chem.rdchem.Mol object at 0x7fcdd9522420>
CCNC(=O)C[C@@H]1N=C(c2ccc(Cl)cc2)c2cc(OC)ccc2-n2c(C)nnc21,4.36,train,<rdkit.Chem.rdchem.Mol object at 0x7fcdd9522490>
O=C(Nc1ccc(F)c(-c2ccn3c(N4CCOCC4)cnc3n2)c1)N1CCCC1,4.37,test,<rdkit.Chem.rdchem.Mol object at 0x7fcdd9522500>
N/C(CN(Cc1ccccc1)c1ccccc1)=N\O,4.37,train,<rdkit.Chem.rdchem.Mol object at 0x7fcdd9522570>
Nc1ccccc1NC(=O)c1ccc(CNc2nccc(-c3cccnc3)n2)cc1,4.37,train,<rdkit.Chem.rdchem.Mol object at 0x7fcdd95225e0>
O=C(CCCCCCC(=O)Nc1cccnc1)NO,4.38,test,<rdkit.Chem.rdchem.Mol object at 0x7fcdd9522650>
Nc1nc(-c2nn(Cc3ccccc3F)c3ncccc23)ncc1-c1ccncc1,4.38,train,<rdkit.Chem.rdchem.Mol object at 0x7fcdd9522730>
CSc1nc2cc(Cl)c(Oc3cccc(Cl)c3Cl)cc2[nH]1,4.39,train,<rdkit.Chem.rdchem.Mol object at 0x7fcdd95227a0>
O=C1NCNC1(c1ccccc1)c1ccccc1,4.4,train,<rdkit.Chem.rdchem.Mol object at 0x7fcdd9522810>
CC(C)S(=O)(=O)n1c(N)nc2ccc(C(=NO)c3ccccc3)cc21,4.4,train,<rdkit.Chem.rdchem.Mol object at 0x7fcdd9522880>
Cc1ccc(C)n1Nc1ccc(N2CCOCC2)nn1,4.4,train,<rdkit.Chem.rdchem.Mol object at 0x7fcdd95228f0>
CC(C)S(=O)(=O)n1c(N)nc2ccc(/C(=N\O)c3ccccc3)cc21,4.4,train,<rdkit.Chem.rdchem.Mol object at 0x7fcdd95229d0>
O=C(Nc1ccc(OC(F)(F)F)cc1)c1sccc1NCc1ccnc2ccccc12,4.4,train,<rdkit.Chem.rdchem.Mol object at 0x7fcdd9522ab0>
COc1cc2cc(-c3ccc(CC(=O)Nc4cc(C(C)(C)C(F)(F)F)no4)cn3)cnc2cc1OC,4.4,train,<rdkit.Chem.rdchem.Mol object at 0x7fcdd9522b20>
COCOC(=O)[C@@H]1N2C(=O)[C@@H](N3C(=O)C(c4ccc(O)cc4)NC3(C)C)[C@H]2SC1(C)C,4.41,train,<rdkit.Chem.rdchem.Mol object at 0x7fcdd9522c70>
Cn1cc(C(=O)O)c2ccc(N3CCC(OCc4c(-c5c(Cl)cccc5Cl)noc4C4CC4)CC3)cc21,4.41,train,<rdkit.Chem.rdchem.Mol object at 0x7fcdd9522ce0>
Cn1cc(-c2ccc3nnc(C(F)(F)c4ccc5ncccc5c4)n3n2)cn1,4.41,train,<rdkit.Chem.rdchem.Mol object at 0x7fcdd9522d50>
Cc1nc(N(C)C(=O)Cc2ccc(-c3ccccn3)cc2)sc1S(N)(=O)=O,4.42,train,<rdkit.Chem.rdchem.Mol object at 0x7fcdd9522e30>
C[N+](C)([O-])CCC=C1c2ccccc2CCc2ccccc21,4.43,train,<rdkit.Chem.rdchem.Mol object at 0x7fcdd9522f10>
CC(Oc1cccc2ccccc12)/C(N)=N/O,4.43,train,<rdkit.Chem.rdchem.Mol object at 0x7fcdd9522ff0>
Cc1cccc(Nc2cc(Cl)nc(N(C)C)n2)c1C,4.43,train,<rdkit.Chem.rdchem.Mol object at 0x7fcdd9523060>
C[N+](C)([O-])CC/C=C1\c2ccccc2C=Cc2c(Cl)cccc21,4.43,train,<rdkit.Chem.rdchem.Mol object at 0x7fcdd95230d0>
CCOc1nc(N)nc2c1ncn2[C@@H]1O[C@@H]2COP(=O)(OC(C)C)O[C@H]2[C@@]1(C)F,4.43,train,<rdkit.Chem.rdchem.Mol object at 0x7fcdd9523140>
CCCc1nc(C)n2[nH]c(=O)nc2c1Cc1ccc(-c2ccccc2-c2nnn[nH]2)cc1,4.44,train,<rdkit.Chem.rdchem.Mol object at 0x7fcdd95231b0>
Nc1cccc(CN2C(=O)N(Cc3cccc(N)c3)[C@H](Cc3ccccc3)[C@H](O)[C@@H](O)[C@H]2Cc2ccccc2)c1,4.44,train,<rdkit.Chem.rdchem.Mol object at 0x7fcdd9523220>
Cc1cc(/C=C/C#N)cc(C)c1Nc1ccnc(Nc2ccc(C#N)cc2)n1,4.44,train,<rdkit.Chem.rdchem.Mol object at 0x7fcdd9523290>
COc1ccc(-c2nc3c4ccccc4ccc3n2C(C)C)cc1,4.44,train,<rdkit.Chem.rdchem.Mol object at 0x7fcdd9523300>
Cc1nnc2n1-c1sc(CCc3ccc(CC(C)C)cc3)cc1C(c1ccccc1Cl)=NC2C,4.45,test,<rdkit.Chem.rdchem.Mol object at 0x7fcdd9523370>
Cn1cc(Nc2nccc(N3C[C@H]4CC[C@@H](C3)N4C(=O)[C@@H]3CC3(F)F)n2)cn1,4.45,train,<rdkit.Chem.rdchem.Mol object at 0x7fcdd9523450>
Cc1cc(Br)c(O)c2ncccc12,4.46,train,<rdkit.Chem.rdchem.Mol object at 0x7fcdd9523530>
CC(C)COc1ccc(NC(=S)Nc2ccc(-c3ccccn3)cc2)cc1,4.47,test,<rdkit.Chem.rdchem.Mol object at 0x7fcdd9523610>
COc1nc(N)nc2c1ncn2[C@@H]1O[C@H](CO)[C@@H](O)[C@@H]1O,4.47,test,<rdkit.Chem.rdchem.Mol object at 0x7fcdd9523680>
CC(CC#N)N(C)CC(=O)N(C)c1ccc(Cl)cc1C(=O)c1ccccc1F,4.47,train,<rdkit.Chem.rdchem.Mol object at 0x7fcdd95236f0>
O=C(c1ccccn1)c1cnn2c(-c3ccncc3)ccnc12,4.47,train,<rdkit.Chem.rdchem.Mol object at 0x7fcdd9523760>
COc1cc2c(Nc3ccc(Br)cc3F)ncnc2cc1OCCn1ccnn1,4.47,train,<rdkit.Chem.rdchem.Mol object at 0x7fcdd95237d0>
CCOC(=O)COC1CCN(C(=O)[C@H](C)NC(=O)c2ccc(/C(N)=N/O)cc2)CC1,4.47,train,<rdkit.Chem.rdchem.Mol object at 0x7fcdd9523840>
COc1nc(N)nc2c1ncn2[C@@H]1O[C@H](COP(=O)(N[C@@H](C)C(=O)OCC(C)(C)C)Oc2cccc3ccccc23)[C@@H](O)[C@@]1(C)O,4.47,train,<rdkit.Chem.rdchem.Mol object at 0x7fcdd95238b0>
CC[N+](C)(C)CCN(C)CC[N+](C)(C)CC,4.48,train,<rdkit.Chem.rdchem.Mol object at 0x7fcdd9523920>
COc1cc(Nc2ncc(C)c(Nc3ccc4oc(=O)[nH]c4c3)n2)cc(C)c1F,4.48,train,<rdkit.Chem.rdchem.Mol object at 0x7fcdd9523a00>
CN(C)C(=O)[C@H]1C[C@@H]1c1ccc(-c2ncn(C)c2Sc2ccc(Cl)cn2)cc1,4.48,train,<rdkit.Chem.rdchem.Mol object at 0x7fcdd9523a70>
CN(C)C(=O)[C@H]1C[C@@H]1c1ccc(-c2ncn([11CH3])c2Sc2ccc(Cl)cn2)cc1,4.48,train,<rdkit.Chem.rdchem.Mol object at 0x7fcdd9523ae0>
COCOC(=O)[C@@H]1N2C(=O)[C@@H](N3C(=O)C(c4ccccc4)NC3(C)C)[C@H]2SC1(C)C,4.49,train,<rdkit.Chem.rdchem.Mol object at 0x7fcdd9523b50>
COc1nc(N)nc2c1ncn2[C@H]1CC[C@@H](CO)O1,4.49,train,<rdkit.Chem.rdchem.Mol object at 0x7fcdd9523bc0>
OCCn1cc(-c2cnc3nnn(Cc4ccc5ncccc5c4)c3n2)cn1,4.49,train,<rdkit.Chem.rdchem.Mol object at 0x7fcdd9523c30>
COCCc1ccc(-c2c(C)nc3c(N4CCOCC4)ccnn23)cn1,4.49,train,<rdkit.Chem.rdchem.Mol object at 0x7fcdd9523d10>
Cc1nnc2n1-c1sc3c(c1C(c1ccccc1Cl)=NC2)CC(C(=O)N1CCOCC1)C3,4.51,train,<rdkit.Chem.rdchem.Mol object at 0x7fcdd9523df0>
CCCc1nc2c(n1Cc1ccc(-c3ccccc3-c3nnn[nH]3)cc1)C(=O)CCCC2,4.53,train,<rdkit.Chem.rdchem.Mol object at 0x7fcdd9523e60>
O=c1[nH]c2cnc(-n3cnc4ccc(F)cc43)nc2n1[C@@H]1CCOc2c(F)cccc21,4.53,train,<rdkit.Chem.rdchem.Mol object at 0x7fcdd9523ed0>
FC(F)(c1ccc2ncccc2c1)c1nnc2ccc(-c3ccncc3)nn12,4.53,train,<rdkit.Chem.rdchem.Mol object at 0x7fcdd9523f40>
Nc1ccc(C#Cc2cnn3c(C(F)(F)F)cc(-c4ccc(C(F)(F)F)cc4)nc23)cn1,4.54,train,<rdkit.Chem.rdchem.Mol object at 0x7fcdd95240b0>
CCc1cc2c(s1)-n1c(C)nnc1CN=C2c1ccccc1Cl,4.55,train,<rdkit.Chem.rdchem.Mol object at 0x7fcdd9524120>
O=S(=O)(O)c1ccc2[nH]c(-c3ccccc3)nc2c1,4.55,train,<rdkit.Chem.rdchem.Mol object at 0x7fcdd9524190>
S=C(NCCc1ccccn1)Nc1ccc(Br)cn1,4.55,train,<rdkit.Chem.rdchem.Mol object at 0x7fcdd9524200>
C=CCNc1c(O)cc2c(O)c1C[C@@H](C)C[C@H](OC)[C@H](O)[C@@H](C)/C=C(\C)[C@H](OC(N)=O)[C@@H](OC)/C=C\C=C(/C)C(=O)N2,4.55,train,<rdkit.Chem.rdchem.Mol object at 0x7fcdd9524270>
CNC(=O)c1ccc(-c2cnc3ncc(Cc4ccc5ncccc5c4)n3n2)cc1F,4.55,train,<rdkit.Chem.rdchem.Mol object at 0x7fcdd95242e0>
Cc1nc(-c2cnc(NC(C)C)n(C)c2=O)ccc1Oc1ccnc(-c2cnn(C)c2)c1,4.55,train,<rdkit.Chem.rdchem.Mol object at 0x7fcdd9524350>
c1ccc(-c2cc(-c3ccncc3)c(N3CCN(c4ncccn4)CC3)nn2)cc1,4.56,train,<rdkit.Chem.rdchem.Mol object at 0x7fcdd95244a0>
Nc1nc2ccc(OC(F)(F)F)cc2s1,4.57,test,<rdkit.Chem.rdchem.Mol object at 0x7fcdd9524510>
Cc1nn(C)c2c1C(c1cccc(Cl)c1)=NCCN2,4.58,train,<rdkit.Chem.rdchem.Mol object at 0x7fcdd9524740>
Cc1cccc(Nc2cc(Cl)nc(NCC(=O)O)n2)c1C,4.59,train,<rdkit.Chem.rdchem.Mol object at 0x7fcdd95247b0>
CNC(=O)c1ccccc1Sc1ccc2c(/C=C/c3ccccn3)n[nH]c2c1,4.59,train,<rdkit.Chem.rdchem.Mol object at 0x7fcdd9524820>
Cc1cc(C(=O)Nc2cc(Nc3ccc4c(/C=C/c5ccccn5)n[nH]c4c3)ccc2F)n(C)n1,4.59,train,<rdkit.Chem.rdchem.Mol object at 0x7fcdd9524890>
Cc1cccc(-c2[nH]c(CNc3ccccc3F)nc2-c2ccc3ncnn3c2)n1,4.59,train,<rdkit.Chem.rdchem.Mol object at 0x7fcdd9524900>
c1cncc(C2=NCCCC2)c1,4.6,train,<rdkit.Chem.rdchem.Mol object at 0x7fcdd9524970>
CC(C)(Oc1ccc(Cl)cc1)C(=O)NC(=O)NCN1CCOCC1,4.6,train,<rdkit.Chem.rdchem.Mol object at 0x7fcdd95249e0>
C[N+](C)([O-])CCNc1ccc(NCC[N+](C)(C)[O-])c2c1C(=O)c1c(O)ccc(O)c1C2=O,4.6,train,<rdkit.Chem.rdchem.Mol object at 0x7fcdd9524a50>
O=C(O)C1=CS[C@@H]2/C(=C\c3cn4c(n3)COCC4)C(=O)N12,4.61,test,<rdkit.Chem.rdchem.Mol object at 0x7fcdd9524ac0>
COc1ccc(-c2nc(-c3ccc(F)cc3F)[nH]c2-c2ccc(OC)cc2)cc1,4.61,train,<rdkit.Chem.rdchem.Mol object at 0x7fcdd9524b30>
O=C(O)c1ccc2c(c1)nc(Nc1cccc(Cl)c1)c1ccncc12,4.61,train,<rdkit.Chem.rdchem.Mol object at 0x7fcdd9524ba0>
CN1C(=O)CN2CCc3ccccc3C2c2cc(Cl)ccc21,4.62,train,<rdkit.Chem.rdchem.Mol object at 0x7fcdd9524c10>
C#Cc1cccc(Nc2ncnc3cc(OCCOC)c(OCCOC)cc23)c1,4.62,train,<rdkit.Chem.rdchem.Mol object at 0x7fcdd9524c80>
CN(C)c1cccc2c(S(=O)(=O)Nc3ccc(NC(=O)C(C)(C)CO)cc3)cccc12,4.62,train,<rdkit.Chem.rdchem.Mol object at 0x7fcdd9524cf0>
CNC(=S)C1(c2cccc(C)n2)CCCS1,4.62,train,<rdkit.Chem.rdchem.Mol object at 0x7fcdd9524d60>
C/C=C(\c1ccccc1)c1ccc2nc(N)n(S(=O)(=O)C(C)C)c2c1,4.62,train,<rdkit.Chem.rdchem.Mol object at 0x7fcdd9524dd0>
CNc1ccc(/C=C/c2ccc(OCCOCCOCC[18F])cc2)cc1,4.62,train,<rdkit.Chem.rdchem.Mol object at 0x7fcdd9524e40>
C#Cc1cccc(Nc2ncnc3cc4c(cc23)OCCOCCOCCO4)c1,4.62,train,<rdkit.Chem.rdchem.Mol object at 0x7fcdd9524eb0>
CNc1ccc(/C=C/c2ccc(OCCOCCOCC[18F])nc2)cc1,4.62,train,<rdkit.Chem.rdchem.Mol object at 0x7fcdd9524f20>
CNc1ccc(/C=C/c2ccc(OCCOCCOCCF)cc2)cc1,4.62,train,<rdkit.Chem.rdchem.Mol object at 0x7fcdd9524f90>
CNc1ccc(/C=C/c2ccc(OCCOCCOCCF)nc2)cc1,4.62,train,<rdkit.Chem.rdchem.Mol object at 0x7fcdd9525000>
CC#CC(=O)N1CCC[C@H]1c1nc(-c2ccc(C(=O)Nc3ccccn3)cc2)c2c(N)nccn12,4.63,train,<rdkit.Chem.rdchem.Mol object at 0x7fcdd9525150>
COc1cc(NS(=O)(=O)c2ccc(N)cc2)nc(C)n1,4.64,train,<rdkit.Chem.rdchem.Mol object at 0x7fcdd95251c0>
COc1ccc(Oc2cc(N(C)CCOc3ccc(CC4SC(=O)NC4=O)cc3)ncn2)cc1,4.64,train,<rdkit.Chem.rdchem.Mol object at 0x7fcdd9525230>
CCCCc1ccc2[nH]c(NC(=O)OC)nc2c1,4.65,test,<rdkit.Chem.rdchem.Mol object at 0x7fcdd9525310>
CN(C)C(=O)CCNc1ccc(Br)cc1,4.65,train,<rdkit.Chem.rdchem.Mol object at 0x7fcdd9525380>
C[C@@H]1Cc2c([nH]c3ccccc23)[C@@H](c2c(F)cc(/C=C/C(=O)O)cc2F)N1CC(C)(C)F,4.65,train,<rdkit.Chem.rdchem.Mol object at 0x7fcdd95254d0>
C/C(=N\O)c1ncc([C@@H](O)[C@H](O)[C@H](O)CO)[nH]1,4.65,train,<rdkit.Chem.rdchem.Mol object at 0x7fcdd9525540>
Nc1nc(=O)c2c([nH]1)NCC(CNc1ccc(C(=O)N[C@@H](CCC(=O)O)C(=O)O)cc1)N2C=O,4.67,test,<rdkit.Chem.rdchem.Mol object at 0x7fcdd9525620>
Cc1cc(Oc2ccc3nc(COc4ccc(CC5SC(=O)NC5=O)cc4)n(C)c3c2)cc(C)c1N,4.67,train,<rdkit.Chem.rdchem.Mol object at 0x7fcdd9525690>
Nc1nc(=O)c2c([nH]1)NC[C@H](CNc1ccc(C(=O)N[C@@H](CCC(=O)[O-])C(=O)[O-])cc1)N2C=O,4.67,train,<rdkit.Chem.rdchem.Mol object at 0x7fcdd9525700>
Nc1nc(=O)c2c([nH]1)NCC(CNc1ccc(C(=O)N[C@@H](CCC(=O)[O-])C(=O)[O-])cc1)N2C=O,4.67,train,<rdkit.Chem.rdchem.Mol object at 0x7fcdd9525770>
OC[C@H]1O[C@@H](n2cnc3c(N[C@@H]4CCOC4)ncnc32)[C@H](O)[C@@H]1O,4.68,test,<rdkit.Chem.rdchem.Mol object at 0x7fcdd95257e0>
Nc1nc(/C(=C/CC(=O)O)C(=O)N[C@@H]2C(=O)N3C(C(=O)O)=CCS[C@H]23)cs1,4.68,test,<rdkit.Chem.rdchem.Mol object at 0x7fcdd9525850>
O=C1c2ccccc2N(C(=O)CN2CCOCC2)CN1c1ccccc1,4.68,train,<rdkit.Chem.rdchem.Mol object at 0x7fcdd95258c0>
C=C1C(=O)C2CCN1CC2,4.68,train,<rdkit.Chem.rdchem.Mol object at 0x7fcdd9525930>
Cn1cnc([N+](=O)[O-])c1C[N+](C)(C)C/C=C/C(=O)Nc1cc2c(Nc3ccc(Cl)c(Br)c3)ncnc2cn1,4.68,train,<rdkit.Chem.rdchem.Mol object at 0x7fcdd95259a0>
COCc1c(-c2cc3cc(C)cc(OC)c3s2)c2c(N)ncnn2c1CN1CCNC(=O)C1,4.68,train,<rdkit.Chem.rdchem.Mol object at 0x7fcdd9525a10>
C=CC(=O)N(C)CCOc1c(N)ncnc1-c1cc(F)cc(NC(=O)c2ccc(C3CC3)cc2F)c1C,4.68,train,<rdkit.Chem.rdchem.Mol object at 0x7fcdd9525a80>
NC(=O)c1ccn2c1CS[C@@H]2c1cccnc1,4.69,train,<rdkit.Chem.rdchem.Mol object at 0x7fcdd9525af0>
CN(C)c1ccc(/C=C/c2scc(-c3ccc(-c4ccccc4)cc3)[n+]2C)cc1,4.69,train,<rdkit.Chem.rdchem.Mol object at 0x7fcdd9525b60>
O=C(c1ccccc1)c1cccc(NC(=O)c2ccn3c2CS[C@@H]3c2cccnc2)c1,4.69,train,<rdkit.Chem.rdchem.Mol object at 0x7fcdd9525cb0>
Cc1ccc2c(Nc3cccc(Cl)c3F)nccc2c1NC(=O)c1csc2c(N)ncnc12,4.69,train,<rdkit.Chem.rdchem.Mol object at 0x7fcdd9525d20>
OCc1ccccn1,4.7,train,<rdkit.Chem.rdchem.Mol object at 0x7fcdd9525d90>
O=c1c(-n2ccnn2)c[nH]n1-c1cc(N2CCOCC2)ncn1,4.7,train,<rdkit.Chem.rdchem.Mol object at 0x7fcdd9525e00>
Cc1cc([N+](=O)[O-])c(NS(=O)(=O)c2cccc(C(=O)O)c2)cc1-c1cccnc1,4.7,train,<rdkit.Chem.rdchem.Mol object at 0x7fcdd9525e70>
[O-]c1c(-n2ccnn2)cnn1-c1cc(N2CCOCC2)ncn1,4.7,train,<rdkit.Chem.rdchem.Mol object at 0x7fcdd9525ee0>
CCNC(=O)[C@H]1O[C@@H](n2cnc3c(NC4CCCC4)ncnc32)[C@H](O)[C@@H]1O,4.71,train,<rdkit.Chem.rdchem.Mol object at 0x7fcdd9525fc0>
CC1(C)S[C@@H]2[C@H](N3C(=O)[C@@H](c4ccc(O)cc4)NC3(C)C)C(=O)N2[C@H]1C(=O)O,4.71,train,<rdkit.Chem.rdchem.Mol object at 0x7fcdd9526030>
O=C(CCCCCCC(=O)Nc1ccc(CN[C@H](C(=O)OC2CCCC2)c2ccccc2)cc1)NO,4.71,train,<rdkit.Chem.rdchem.Mol object at 0x7fcdd95260a0>
CCC(C)(Oc1ccc(Cc2ccc(Cl)cc2)cc1)C(=O)OCc1cccnc1,4.72,train,<rdkit.Chem.rdchem.Mol object at 0x7fcdd9526110>
CC(C)(Oc1ccc(Cl)cc1)C(=O)OCc1cccnc1,4.72,train,<rdkit.Chem.rdchem.Mol object at 0x7fcdd9526180>
C[C@@H](Cn1cnc2c(N)ncnc21)OCP(=O)(O)OP(=O)(O)OP(=O)(O)O,4.72,train,<rdkit.Chem.rdchem.Mol object at 0x7fcdd95261f0>
Cc1ccc2nc(N)[nH]c(=O)c2c1Sc1ccncc1,4.72,train,<rdkit.Chem.rdchem.Mol object at 0x7fcdd9526260>
CC1(C)C(=O)N(c2ccc(C#N)c(C(F)(F)F)c2F)C(=S)N1c1ccc(CCCc2ncco2)nc1,4.73,test,<rdkit.Chem.rdchem.Mol object at 0x7fcdd95262d0>
OCc1cccnc1,4.73,train,<rdkit.Chem.rdchem.Mol object at 0x7fcdd95263b0>
CC(C)(C)c1cc(CCCOCc2cccnc2)cc(C(C)(C)C)c1O,4.73,train,<rdkit.Chem.rdchem.Mol object at 0x7fcdd9526420>
Nc1ccccc1NC(=O)c1ccc(CNC(=O)OCc2cccnc2)cc1,4.74,train,<rdkit.Chem.rdchem.Mol object at 0x7fcdd9526570>
C=CC(=O)N1CCN(c2nc(=O)n(-c3c(C)ccnc3C(C)C)c3nc(-c4c(O)cccc4F)c(F)cc23)[C@@H](C)C1,4.74,train,<rdkit.Chem.rdchem.Mol object at 0x7fcdd9526650>
COc1cc2ncnc(Nc3ccc(O)cc3)c2cc1OC,4.75,train,<rdkit.Chem.rdchem.Mol object at 0x7fcdd95266c0>
CC(C)c1nc(-c2ccccc2)cc(-c2ccc(F)cc2)c1/C=C/[C@@H]1C[C@@H](O)CC(=O)O1,4.75,train,<rdkit.Chem.rdchem.Mol object at 0x7fcdd9526730>
CC(C)COc1cc(F)cc(-c2ccc(C(=O)NS(=O)(=O)c3ccccc3)c(N3C[C@@H](C)CC3(C)C)n2)c1,4.75,train,<rdkit.Chem.rdchem.Mol object at 0x7fcdd9526880>
CCOC(=O)c1cnc2c(cnn2CC)c1NN=C(C)C,4.76,train,<rdkit.Chem.rdchem.Mol object at 0x7fcdd95268f0>
COc1ccc(-c2nc3cc(C4=NNC(=O)CC4C)ccc3[nH]2)cc1,4.76,train,<rdkit.Chem.rdchem.Mol object at 0x7fcdd9526960>
C[C@H](Oc1cc2cc(F)ccc2nc1N)c1[nH]c(=O)ccc1-n1cccn1,4.76,train,<rdkit.Chem.rdchem.Mol object at 0x7fcdd95269d0>
COc1ccc2[nH]c([S+]([O-])Cc3ncc(C)c(OC)c3C)nc2c1,4.77,test,<rdkit.Chem.rdchem.Mol object at 0x7fcdd9526a40>
C=C(C)CNc1ccc(C(C)C(=O)O)cc1,4.77,train,<rdkit.Chem.rdchem.Mol object at 0x7fcdd9526ab0>
COC(=O)[C@H](c1ccccc1Cl)N1CCc2sccc2C1,4.77,train,<rdkit.Chem.rdchem.Mol object at 0x7fcdd9526b20>
O=C1CN(/N=C/c2ccc([N+](=O)[O-])o2)C(=O)N1CN1CCOCC1,4.77,train,<rdkit.Chem.rdchem.Mol object at 0x7fcdd9526c00>
Nc1nc(N/N=C/C2CCCCC2)nc2c1ncn2[C@@H]1O[C@H](CO)[C@@H](O)[C@H]1O,4.77,train,<rdkit.Chem.rdchem.Mol object at 0x7fcdd9526c70>
COc1ccc2c(c1)nc([S+]([O-])Cc1ncc(C)c(OC)c1C)n2S(=O)(=O)c1ccc(OCC(=O)O)cc1,4.77,train,<rdkit.Chem.rdchem.Mol object at 0x7fcdd9526ce0>
COc1ccc2[n-]c([S+]([O-])Cc3ncc(C)c(OC)c3C)nc2c1,4.77,train,<rdkit.Chem.rdchem.Mol object at 0x7fcdd9526dc0>
COc1ccc2[n-]c([S@@+]([O-])Cc3ncc(C)c(OC)c3C)nc2c1,4.77,train,<rdkit.Chem.rdchem.Mol object at 0x7fcdd9526e30>
CCCCCCCCC/C=C/C=C/C(=O)NCC(=O)N[C@@H]1C(O)[C@H](O)C(Nc2ncnc3[nH]cnc23)OC1[C@H](O)CO,4.77,train,<rdkit.Chem.rdchem.Mol object at 0x7fcdd9526ea0>
COc1ccc2[n-]c([S+]([O-])Cc3ncc(C)c(OC)c3C)nc2c1.COc1ccc2[n-]c([S+]([O-])Cc3ncc(C)c(OC)c3C)nc2c1,4.77,train,<rdkit.Chem.rdchem.Mol object at 0x7fcdd9526f10>
CCCCCC(C)C(C)c1cc(O)c2c(c1)OC(C)(C)C=C2c1ccncc1,4.78,train,<rdkit.Chem.rdchem.Mol object at 0x7fcdd9526ff0>
N#Cc1cc(NC(=O)[C@H]2c3ccccc3C(=O)N(CC(F)(F)F)[C@@H]2c2cccnc2)ccc1F,4.78,train,<rdkit.Chem.rdchem.Mol object at 0x7fcdd9527060>
CC1(C)S[C@@H]2[C@H](N3C(=O)[C@@H](c4ccccc4)NC3(C)C)C(=O)N2[C@H]1C(=O)[O-],4.79,test,<rdkit.Chem.rdchem.Mol object at 0x7fcdd95270d0>
c1ccc(Cn2ccnc2-c2nnn[nH]2)cc1,4.79,train,<rdkit.Chem.rdchem.Mol object at 0x7fcdd9527140>
CN1C(=O)CC[C@H]1c1cccnc1,4.79,train,<rdkit.Chem.rdchem.Mol object at 0x7fcdd9527220>
CN1C(=O)CC[C@H]1c1cccnc1.CN1C(=O)CC[C@H]1c1cccnc1,4.79,train,<rdkit.Chem.rdchem.Mol object at 0x7fcdd9527290>
CC(C)(Sc1ccncc1-c1ccc(C#N)c2ccccc12)C(=O)O,4.8,train,<rdkit.Chem.rdchem.Mol object at 0x7fcdd9527370>
CCC(C)SSc1ncc[nH]1,4.81,test,<rdkit.Chem.rdchem.Mol object at 0x7fcdd95273e0>
C[C@]12CC[C@H](O)CC1=CC[C@@H]1[C@@H]2CC[C@]2(C)C(c3cccnc3)=CC[C@@H]12,4.81,train,<rdkit.Chem.rdchem.Mol object at 0x7fcdd9527450>
CN(Cc1cccnc1)C(=O)C(CO)c1ccccc1,4.81,train,<rdkit.Chem.rdchem.Mol object at 0x7fcdd95274c0>
CC(=O)O[C@H]1CC[C@@]2(C)C(=CC[C@@H]3[C@@H]2CC[C@]2(C)C(c4cccnc4)=CC[C@@H]32)C1,4.81,train,<rdkit.Chem.rdchem.Mol object at 0x7fcdd9527530>
COc1cccc(-c2nccc3[nH]c(=O)c(-c4noc(C)n4)cc23)c1,4.81,train,<rdkit.Chem.rdchem.Mol object at 0x7fcdd95275a0>
Cc1[nH]c(=O)c(C#N)cc1-c1ccncc1,4.82,test,<rdkit.Chem.rdchem.Mol object at 0x7fcdd9527610>
NC(=O)c1ncn([C@@H]2O[C@H](CO)[C@@H](O)[C@H]2O)c1N,4.82,test,<rdkit.Chem.rdchem.Mol object at 0x7fcdd9527680>
CCCC/N=C(/c1cc(Cl)ccc1O)c1ccccc1Cl,4.82,train,<rdkit.Chem.rdchem.Mol object at 0x7fcdd9527760>
Cc1ccnc(NC(=O)C(C)c2cccc(C(=O)c3ccccc3)c2)c1,4.82,train,<rdkit.Chem.rdchem.Mol object at 0x7fcdd95277d0>
CC(O)C(=O)O.Cc1[nH]c(=O)c(C#N)cc1-c1ccncc1,4.82,train,<rdkit.Chem.rdchem.Mol object at 0x7fcdd9527840>
O=C(O)CCCC/C=C(/c1ccccc1)c1cccnc1,4.82,train,<rdkit.Chem.rdchem.Mol object at 0x7fcdd9527920>
CN1C(=O)COc2c1cnc1ccc(Sc3nnc4c(F)cc(-c5cnn(C)c5)cn34)cc21,4.82,train,<rdkit.Chem.rdchem.Mol object at 0x7fcdd9527990>
CC[n+]1c(-c2ccc(-c3ccccc3)cc2)csc1/C=C/c1ccc(N2CCCC2)cc1,4.83,test,<rdkit.Chem.rdchem.Mol object at 0x7fcdd9527a70>
O=C(Nc1cc(Oc2cc(F)c(NC(=O)C3(C(=O)Nc4ccc(F)cc4)CC3)cc2F)ccn1)C1CC1,4.83,test,<rdkit.Chem.rdchem.Mol object at 0x7fcdd9527ae0>
Oc1cccc2cccnc12,4.83,train,<rdkit.Chem.rdchem.Mol object at 0x7fcdd9527b50>
CN(C)c1ccc(C(=C2C=CC(=[N+](C)C)C=C2)c2ccc(N(C)C)cc2)cc1,4.83,train,<rdkit.Chem.rdchem.Mol object at 0x7fcdd9527bc0>
ClCCN(CCCl)CCCl,4.83,train,<rdkit.Chem.rdchem.Mol object at 0x7fcdd9527c30>
CCOCc1nc2c(N)nc3ccccc3c2n1CC(C)(C)O,4.83,train,<rdkit.Chem.rdchem.Mol object at 0x7fcdd9527ca0>
O=C(O)c1cccnc1Nc1cccc(Cl)c1Cl,4.83,train,<rdkit.Chem.rdchem.Mol object at 0x7fcdd9527d10>
CCOC(=O)C1=C(c2ccc(-n3c(C)nc4cnccc43)cc2)NC(C)=C(C(=O)Nc2ccccn2)[C@H]1c1ccccc1Cl,4.83,train,<rdkit.Chem.rdchem.Mol object at 0x7fcdd9527d80>
CC(O)c1ccc(CCOc2ccc(CC3SC(=O)NC3=O)cc2)nc1,4.83,train,<rdkit.Chem.rdchem.Mol object at 0x7fcdd9527df0>
C[C@@H](Nc1cc(NS(=O)(=O)N2CCC2)nc(SCc2cccc(F)c2F)n1)[C@@H](O)CO,4.83,train,<rdkit.Chem.rdchem.Mol object at 0x7fcdd9527e60>
Oc1cccc2cccnc12.Oc1cccc2cccnc12,4.83,train,<rdkit.Chem.rdchem.Mol object at 0x7fcdd9527ed0>
CC(C)(COP(=O)(O)OP(=O)(O)OC[C@H]1O[C@@H](n2cnc3c(N)ncnc32)[C@H](O)[C@@H]1OP(=O)(O)O)[C@@H](O)C(=O)NCCC(=O)NCCS,4.84,train,<rdkit.Chem.rdchem.Mol object at 0x7fcdd9528040>
O=C(/C=C/c1cccnc1)NCCCCC1CCN(C(=O)c2ccccc2)CC1,4.84,train,<rdkit.Chem.rdchem.Mol object at 0x7fcdd95280b0>
Nc1cc(F)ccc1NC(=O)c1ccc(CNC(=O)/C=C/c2cccnc2)cc1,4.84,train,<rdkit.Chem.rdchem.Mol object at 0x7fcdd9528120>
COc1ccc2c(c1)c(CC(=O)SCc1cccnc1)c(C)n2C(=O)c1ccc(Cl)cc1,4.85,train,<rdkit.Chem.rdchem.Mol object at 0x7fcdd9528200>
CCOC(=O)CN1CCN(C(=O)/C=C/c2cc(OC)c(OC)c(OC)c2)CC1,4.86,train,<rdkit.Chem.rdchem.Mol object at 0x7fcdd95282e0>
C/C(=N\Nc1ccc(S(C)(=O)=O)cc1)c1ccc2c(c1)C(C)(C)CCC2(C)C,4.86,train,<rdkit.Chem.rdchem.Mol object at 0x7fcdd9528350>
CCOCCn1nc(C(=O)NS(C)(=O)=O)c2nc(N(C)CC)nc(Nc3cc(C)ccn3)c21,4.86,train,<rdkit.Chem.rdchem.Mol object at 0x7fcdd95283c0>
O=C([O-])C[C@H](O)C[C@H](O)/C=C/c1c(C2CC2)nc2ccccc2c1-c1ccc(F)cc1,4.86,train,<rdkit.Chem.rdchem.Mol object at 0x7fcdd9528430>
O=C([O-])C[C@H](O)C[C@H](O)/C=C/c1c(C2CC2)nc2ccccc2c1-c1ccc(F)cc1.O=C([O-])C[C@H](O)C[C@H](O)/C=C/c1c(C2CC2)nc2ccccc2c1-c1ccc(F)cc1,4.86,train,<rdkit.Chem.rdchem.Mol object at 0x7fcdd95284a0>
Nc1cc(-c2ccncc2)c[nH]c1=O,4.87,train,<rdkit.Chem.rdchem.Mol object at 0x7fcdd9528510>
CC(C)(C(=O)c1cccnc1)c1cccnc1,4.87,train,<rdkit.Chem.rdchem.Mol object at 0x7fcdd9528580>
CC(O)C(=O)O.Nc1cc(-c2ccncc2)c[nH]c1=O,4.87,train,<rdkit.Chem.rdchem.Mol object at 0x7fcdd95285f0>
Nc1ncnc2c1ncn2[C@@H]1O[C@H](COP(=O)(O)O)[C@@H](O)[C@@H]1O,4.88,test,<rdkit.Chem.rdchem.Mol object at 0x7fcdd9528660>
Nc1ncnc2c1ncn2[C@@H]1O[C@H](COP(=O)(O)O)[C@@H](O)[C@H]1O,4.88,train,<rdkit.Chem.rdchem.Mol object at 0x7fcdd9528740>
Cc1oc(=O)oc1CN1CCN(c2cc3c(cc2F)c(=O)c(C(=O)O)c2n3C(C)S2)CC1,4.88,train,<rdkit.Chem.rdchem.Mol object at 0x7fcdd95287b0>
Cc1cc(N(C)C)ccc1[PH](=O)O,4.88,train,<rdkit.Chem.rdchem.Mol object at 0x7fcdd9528820>
Nc1ncnc2c1ncn2[C@@H]1O[C@H](COP(=O)([O-])[O-])[C@@H](O)[C@@H]1O,4.88,train,<rdkit.Chem.rdchem.Mol object at 0x7fcdd9528890>
CCc1cc(C(N)=O)ccc1-n1nc(C(C)C)c2c(-n3cnc(-c4cnn(C)c4)c3)ccnc21,4.88,train,<rdkit.Chem.rdchem.Mol object at 0x7fcdd9528900>
Cc1noc(C)c1-c1cnc2c(-c3ccc(C(=O)O)cc3)cn([C@@H](C)c3ccccn3)c2c1,4.88,train,<rdkit.Chem.rdchem.Mol object at 0x7fcdd9528970>
CC(=O)O[C@]1(C(C)=O)CC[C@H]2[C@@H]3CCC4=CC(=O)CCC4=C3[C@@H](c3ccc(N(C)C)cc3)C[C@@]21C,4.89,test,<rdkit.Chem.rdchem.Mol object at 0x7fcdd95289e0>
CC#C[C@]1(O)CC[C@H]2[C@@H]3CCC4=CC(=O)CCC4=C3[C@@H](c3ccc(N(C)C)cc3)C[C@@]21C,4.89,train,<rdkit.Chem.rdchem.Mol object at 0x7fcdd9528ac0>
CC(C)c1cccc(C(C)C)c1NC(=O)NCC1(c2ccc(N(C)C)cc2)CCCC1,4.89,train,<rdkit.Chem.rdchem.Mol object at 0x7fcdd9528b30>
CCn1cc(C(=O)O)c(=O)c2ccc(-c3ccncc3)cc21,4.89,train,<rdkit.Chem.rdchem.Mol object at 0x7fcdd9528ba0>
OCCC#Cc1nc(-c2ccc(F)cc2)c(-c2ccncc2)n1CCCc1ccccc1,4.89,train,<rdkit.Chem.rdchem.Mol object at 0x7fcdd9528c10>
CN(C)c1ccc([C@H]2C[C@]3(C)[C@@H](CC[C@]3(O)CCCO)[C@@H]3CCC4=CC(=O)CCC4=C32)cc1,4.89,train,<rdkit.Chem.rdchem.Mol object at 0x7fcdd9528c80>
COCC(=O)[C@@]1(OC(C)=O)CC[C@H]2[C@@H]3CCC4=CC(=O)CCC4=C3[C@@H](c3ccc(N(C)C)cc3)C[C@@]21C,4.89,train,<rdkit.Chem.rdchem.Mol object at 0x7fcdd9528cf0>
CC(=O)[C@@]1(O)CC[C@H]2[C@@H]3CCC4=CC(=O)CCC4=C3[C@@H](c3ccc(N(C)C)cc3)C[C@@]21C,4.89,train,<rdkit.Chem.rdchem.Mol object at 0x7fcdd9528dd0>
C/C=C\[C@]1(O)CC[C@H]2[C@@H]3CCC4=CC(=O)CCC4=C3[C@@H](c3ccc(N(C)C)cc3)C[C@@]21C,4.89,train,<rdkit.Chem.rdchem.Mol object at 0x7fcdd9528e40>
CCOC(=O)[C@H](C)N[P@](=O)(CO[C@@H]1C=C(F)[C@H](n2cnc3c(N)ncnc32)O1)Oc1ccccc1,4.89,train,<rdkit.Chem.rdchem.Mol object at 0x7fcdd9528eb0>
Nc1ncnc2c1ncn2[C@@H]1O[C@H](OCP(=O)(O)O)C=C1F,4.89,train,<rdkit.Chem.rdchem.Mol object at 0x7fcdd9528f20>
CCOC(=O)[C@H](C)N[P@](=O)(CO[C@@H]1C=C(F)[C@H](n2cnc3c(N)ncnc32)O1)Oc1ccccc1.O=C(O)CC(O)(CC(=O)O)C(=O)O,4.89,train,<rdkit.Chem.rdchem.Mol object at 0x7fcdd9528f90>
Clc1ccc2c(c1)C(c1ccccc1)=NCc1nncn1-2,4.9,train,<rdkit.Chem.rdchem.Mol object at 0x7fcdd9529000>
CCc1nc(C2CC2)c(C(N)=O)n1Cc1ccc2oc(-c3ccccc3NS(=O)(=O)C(F)(F)F)c(Br)c2c1,4.91,train,<rdkit.Chem.rdchem.Mol object at 0x7fcdd95290e0>
O=P([O-])(O)C(O)(Cc1cccnc1)P(=O)(O)O,4.91,train,<rdkit.Chem.rdchem.Mol object at 0x7fcdd9529150>
NC(=O)c1ccc[n+]([C@@H]2O[C@H](COP(=O)([O-])OP(=O)(O)OC[C@H]3O[C@@H](n4cnc5c(N)ncnc54)[C@H](O)[C@@H]3O)[C@@H](O)[C@H]2O)c1,4.92,train,<rdkit.Chem.rdchem.Mol object at 0x7fcdd95291c0>
Nc1ncnc2c1ncn2[C@@H]1O[C@H](COP(=O)(O)OP(=O)(O)OP(=O)(O)O)[C@@H](O)[C@H]1O,4.92,train,<rdkit.Chem.rdchem.Mol object at 0x7fcdd9529230>
COc1ccc(C=Nc2ccnc3cc(OC)c(OC)cc23)cc1OC,4.92,train,<rdkit.Chem.rdchem.Mol object at 0x7fcdd9529310>
Nc1ncnc2c1ncn2[C@@H]1O[C@H](COP(=O)(O)OP(=O)([O-])OP(=O)([O-])O)[C@@H](O)[C@H]1O,4.92,train,<rdkit.Chem.rdchem.Mol object at 0x7fcdd9529380>
CCC(CC)CNC(=O)Cn1cccc(NC(=O)[C@H](CC/C=C/C(=O)OC)NC(=O)c2cncn2C)c1=O,4.92,train,<rdkit.Chem.rdchem.Mol object at 0x7fcdd95293f0>
CC1(c2ccccc2)CC(=O)N(CN2CCOCC2)C1=O,4.93,train,<rdkit.Chem.rdchem.Mol object at 0x7fcdd9529460>
Nc1ncnc2c1ncn2[C@H]1CC[C@@H](COP(=O)(O)OP(=O)(O)OP(=O)(O)O)O1,4.94,test,<rdkit.Chem.rdchem.Mol object at 0x7fcdd95294d0>
CO[C@@H]1[C@H](OP(=O)(S)OC[C@H]2O[C@@H](n3cnc4c(N)ncnc43)C[C@@H]2O)[C@@H](CO)O[C@H]1n1ccc(=O)[nH]c1=O,4.94,test,<rdkit.Chem.rdchem.Mol object at 0x7fcdd9529540>
Nc1nc(N)c(-c2ccccc2)s1,4.94,train,<rdkit.Chem.rdchem.Mol object at 0x7fcdd95295b0>
CSCCNc1nc(SCCC(F)(F)F)nc2c1ncn2[C@@H]1O[C@H](CO[P@](=O)(O)O[P@](=O)(O)C(Cl)(Cl)P(=O)(O)O)[C@@H](O)[C@H]1O,4.94,train,<rdkit.Chem.rdchem.Mol object at 0x7fcdd9529620>
COc1ccc(N(C)c2nc(C)nc3ccccc23)cc1,4.94,train,<rdkit.Chem.rdchem.Mol object at 0x7fcdd9529690>
CO[C@@H]1[C@H](OP(=O)(OC[C@H]2O[C@@H](n3cnc4c(N)ncnc43)C[C@@H]2O)SCOC(=O)OC(C)C)[C@@H](CO)O[C@H]1n1ccc(=O)[nH]c1=O,4.94,train,<rdkit.Chem.rdchem.Mol object at 0x7fcdd9529700>
CC(C)OC(=O)N[C@H]1Cc2c(n(Cc3ccccn3)c3ccc(C#N)cc23)C1,4.94,train,<rdkit.Chem.rdchem.Mol object at 0x7fcdd9529770>
CSCCNc1nc(SCCC(F)(F)F)nc2c1ncn2[C@@H]1O[C@H](COP(=O)([O-])OP(=O)([O-])C(Cl)(Cl)P(=O)([O-])[O-])[C@@H](O)[C@H]1O,4.94,train,<rdkit.Chem.rdchem.Mol object at 0x7fcdd95297e0>
C[N+]1(C)CCN(CC(O)(c2ccccc2)C2CCCCC2)CC1,4.95,test,<rdkit.Chem.rdchem.Mol object at 0x7fcdd9529850>
O=C1NC(=O)/C(=C/c2ccc3nccc(-c4ccncc4)c3c2)S1,4.95,train,<rdkit.Chem.rdchem.Mol object at 0x7fcdd9529a10>
N#Cc1ccc2c(c1)[C@H]1CCCN(C(=O)c3ccc4[nH]cnc4c3)[C@H]1C2,4.95,train,<rdkit.Chem.rdchem.Mol object at 0x7fcdd9529a80>
CNC(=O)c1cc(F)c(-c2nc3cc(C)ccn3c2C[C@H]2CN(C(=O)OC)CCO2)c(F)c1,4.95,train,<rdkit.Chem.rdchem.Mol object at 0x7fcdd9529af0>
Cc1ccc(-c2ncc(Cl)cc2-c2ccc(S(C)(=O)=O)cc2)cn1,4.96,train,<rdkit.Chem.rdchem.Mol object at 0x7fcdd9529bd0>
CCOC(=O)N1CCN(C(=O)[C@H](Cc2cccc(/C(N)=N\O)c2)NS(=O)(=O)c2c(C(C)C)cc(C(C)C)cc2C(C)C)CC1,4.96,train,<rdkit.Chem.rdchem.Mol object at 0x7fcdd9529c40>
Nc1ncc(-c2cnn(CCO)c2)c2scc(-c3ccc(NC(=O)Nc4cccc(F)c4)cc3)c12,4.96,train,<rdkit.Chem.rdchem.Mol object at 0x7fcdd9529d20>
OC1O[C@H](CN(CCCl)CCCl)[C@H](O)[C@H](O)[C@H]1O,4.97,train,<rdkit.Chem.rdchem.Mol object at 0x7fcdd9529d90>
CCCc1cc(C(N)=S)ccn1,4.97,train,<rdkit.Chem.rdchem.Mol object at 0x7fcdd9529e00>
CS(=O)(=O)N(c1cc(F)cc(F)c1)C1CN(C(c2ccc(Cl)cc2)c2ccc(Cl)cc2)C1,4.98,train,<rdkit.Chem.rdchem.Mol object at 0x7fcdd9529ee0>
Cc1ccc(NC(=O)[C@H]2CCCN(C(=O)c3c(C)cccc3F)[C@H]2c2ccc(NC3CCCC3)cc2)cc1C(F)(F)F,4.98,train,<rdkit.Chem.rdchem.Mol object at 0x7fcdd9529f50>
NC(=O)CCC/N=C(\c1ccc(Cl)cc1)c1cc(F)ccc1O,4.99,test,<rdkit.Chem.rdchem.Mol object at 0x7fcdd9529fc0>
Oc1noc2c1CCNC2,4.99,train,<rdkit.Chem.rdchem.Mol object at 0x7fcdd952a030>
CC(=O)OCC1=C(C(=O)O)N2C(=O)[C@@H](NC(=O)CSc3ccncc3)[C@H]2SC1,4.99,train,<rdkit.Chem.rdchem.Mol object at 0x7fcdd952a0a0>
CN(C)c1ccc(NC(=O)NS(=O)(=O)c2ccc(Cl)cc2)cc1,4.99,train,<rdkit.Chem.rdchem.Mol object at 0x7fcdd952a110>
CC(SC(=S)Nc1ccc(NC(=S)SC(C)c2nc3ccccc3n2C)cc1)c1nc2ccccc2n1C,4.99,train,<rdkit.Chem.rdchem.Mol object at 0x7fcdd952a180>
CC(=O)OCC1=C(C(=O)[O-])N2C(=O)[C@@H](NC(=O)CSc3ccncc3)[C@H]2SC1,4.99,train,<rdkit.Chem.rdchem.Mol object at 0x7fcdd952a260>
Cc1cc(NS(=O)(=O)c2ccc(N)cc2)nc(C)n1,5.0,train,<rdkit.Chem.rdchem.Mol object at 0x7fcdd952a340>
CC[C@@](C)(Nc1ccnc(-c2c[nH]c3ncccc23)n1)C(=O)NCC(F)(F)F,5.0,train,<rdkit.Chem.rdchem.Mol object at 0x7fcdd952a420>
Cc1nnc2n1-c1ccc(Cl)cc1C(c1ccccc1)=NC2,5.01,train,<rdkit.Chem.rdchem.Mol object at 0x7fcdd952a490>
CCN(Cc1ccncc1)C(=O)C(CO)c1ccccc1,5.02,train,<rdkit.Chem.rdchem.Mol object at 0x7fcdd952a570>
Cc1cc(C)cc(C(=O)NCc2ccncc2)c1,5.02,train,<rdkit.Chem.rdchem.Mol object at 0x7fcdd952a5e0>
CCC1(c2ccncc2)CCC(=O)NC1=O,5.02,train,<rdkit.Chem.rdchem.Mol object at 0x7fcdd952a650>
CCCC(=O)N(C)Cc1c(-c2ccc(Cl)cc2)nc2ccccn12,5.02,train,<rdkit.Chem.rdchem.Mol object at 0x7fcdd952a6c0>
Cc1ncccc1NC(=O)c1ccc2c(c1)CC[C@@H]1C[C@@](OP(=O)(O)O)(C(F)(F)F)CC[C@@]21Cc1ccccc1,5.02,train,<rdkit.Chem.rdchem.Mol object at 0x7fcdd952a7a0>
Nc1nc(=O)c2c([nH]1)N[C@@H]1O[C@@H]3COP(=O)(O)O[C@@H]3C(O)(O)[C@@H]1N2,5.03,test,<rdkit.Chem.rdchem.Mol object at 0x7fcdd952a880>
NCc1cc(O)no1,5.03,train,<rdkit.Chem.rdchem.Mol object at 0x7fcdd952a8f0>
OC1(c2cccc(Cl)c2)C2=NCCCN2c2ccccc21,5.03,train,<rdkit.Chem.rdchem.Mol object at 0x7fcdd952a960>
CCCCCC(O)/C=C/C1C(O)CC2N=C(SCCCC(=O)OC)CC21,5.03,train,<rdkit.Chem.rdchem.Mol object at 0x7fcdd952aa40>
CNC(=O)c1ccc(Nc2ncc(C(F)(F)F)c(NCc3nccnc3N(C)S(C)(=O)=O)n2)cc1,5.03,train,<rdkit.Chem.rdchem.Mol object at 0x7fcdd952aab0>
C#Cc1cccc(Nc2ncnc3cc(OC)c(OCCCCCCC(=O)NO)cc23)c1,5.04,train,<rdkit.Chem.rdchem.Mol object at 0x7fcdd952ab20>
C[C@@H](Nc1nc(N[C@H](C)C(F)(F)F)nc(-c2cccc(Cl)n2)n1)C(F)(F)F,5.04,train,<rdkit.Chem.rdchem.Mol object at 0x7fcdd952ab90>
CC(C)=C/C(C)=N/Nc1nncc2ccccc12,5.05,test,<rdkit.Chem.rdchem.Mol object at 0x7fcdd952ac00>
CCCN(CCC)C(=O)Cc1c(-c2ccc(Cl)cc2)nc2ccc(Cl)cn12,5.05,train,<rdkit.Chem.rdchem.Mol object at 0x7fcdd952ac70>
N/N=c1/ccc(C(N)=O)n[nH]1,5.05,train,<rdkit.Chem.rdchem.Mol object at 0x7fcdd952ace0>
COc1cc(-c2cn(C)c(=O)c(C)c2C)cc(OC)c1CN1CC[C@H](N2CCN(c3ccc(N[C@H]4CCC(=O)NC4=O)cc3F)CC2)C(F)(F)C1,5.05,train,<rdkit.Chem.rdchem.Mol object at 0x7fcdd952adc0>
CCOC(=O)[C@H](CCc1ccccc1)N[C@H]1CCCN2CCC[C@@H](C(=O)O)N2C1=O,5.06,train,<rdkit.Chem.rdchem.Mol object at 0x7fcdd952ae30>
Cn1cnc2c(F)c(Nc3ccc(Br)cc3F)c(C(=O)NOCCO)cc21,5.06,train,<rdkit.Chem.rdchem.Mol object at 0x7fcdd952aea0>
COc1ccc(-n2nccn2)c(C(=O)N2CCC[C@@]2(C)c2nc3c(C)c(Cl)ccc3[nH]2)c1,5.06,train,<rdkit.Chem.rdchem.Mol object at 0x7fcdd952af10>
CC1=C(CCC(=O)O)c2cc3[nH]c(cc4nc(cc5[nH]c(cc1n2)c(C)c5C(C)O)C(C)=C4C(C)O)c(C)c3CCC(=O)O,5.06,train,<rdkit.Chem.rdchem.Mol object at 0x7fcdd952af80>
Cn1cnc2c(F)c(Nc3ccc(Br)cc3Cl)c(C(=O)NOCCO)cc21,5.07,train,<rdkit.Chem.rdchem.Mol object at 0x7fcdd952aff0>
C#CCN(c1ccc(C(=O)N[C@@H](CCC(=O)N[C@H](CCC(=O)O)C(=O)O)C(=O)O)cc1)[C@H]1CCc2cc3nc(CO)[nH]c(=O)c3cc21,5.07,train,<rdkit.Chem.rdchem.Mol object at 0x7fcdd952b060>
Cc1nc2ccccc2c(-c2ccc3c4c(ccnc24)CCO3)c1[C@H](OC(C)(C)C)C(=O)O,5.08,test,<rdkit.Chem.rdchem.Mol object at 0x7fcdd952b0d0>
Nc1nccs1,5.09,train,<rdkit.Chem.rdchem.Mol object at 0x7fcdd952b140>
CCOP(=S)(OCC)Oc1cc(C)nc(N(CC)CC)n1,5.09,train,<rdkit.Chem.rdchem.Mol object at 0x7fcdd952b1b0>
Cc1cc(-c2ncc(CC(=O)Nc3ccc(-c4cnccn4)cn3)cc2C)ccn1,5.09,train,<rdkit.Chem.rdchem.Mol object at 0x7fcdd952b220>
COC(=O)N[C@H](C(=O)N1CCC[C@H]1c1nc(-c2ccc3cc(-c4ccc5[nH]c([C@@H]6CCCN6C(=O)[C@@H](NC(=O)OC)C(C)C)nc5c4)ccc3c2)c[nH]1)C(C)C,5.09,train,<rdkit.Chem.rdchem.Mol object at 0x7fcdd952b290>
COC(=O)N[C@H](C(=O)N1CC2(CC2)C[C@H]1c1nc(-c2ccc3c(c2)C(F)(F)c2cc(-c4ccc5[nH]c([C@@H]6[C@H]7CC[C@H](C7)N6C(=O)[C@@H](NC(=O)OC)C(C)C)nc5c4)ccc2-3)c[nH]1)C(C)C,5.09,train,<rdkit.Chem.rdchem.Mol object at 0x7fcdd952b370>
C=CC1=C(C)c2cc3[nH]c(cc4nc(cc5[nH]c(cc1n2)c(C)c5CCC(=O)O)C(CCC(=O)O)=C4C)c(C)c3C=C,5.09,train,<rdkit.Chem.rdchem.Mol object at 0x7fcdd952b3e0>
COC1=C(N)C(=O)c2nc(-c3nc(C(=O)O)c(C)c(-c4ccc(OC)c(OC)c4O)c3N)ccc2C1=O,5.1,train,<rdkit.Chem.rdchem.Mol object at 0x7fcdd952b450>
C1=CN2CC(c3cccs3)N=C2S1,5.1,train,<rdkit.Chem.rdchem.Mol object at 0x7fcdd952b530>
CCOC(=O)[C@H](CC(C)C)N(C)S(=O)(=O)c1ccc(Cn2c(C)nc3cnccc32)cc1,5.1,train,<rdkit.Chem.rdchem.Mol object at 0x7fcdd952b5a0>
CCOC[C@H](CC(C)C)N(C)S(=O)(=O)c1ccc(Cn2c(C)nc3cnccc32)cc1,5.1,train,<rdkit.Chem.rdchem.Mol object at 0x7fcdd952b610>
Cc1nc(C#Cc2ccnc(Cl)c2)c(C)n1-c1ccc(F)cc1,5.11,train,<rdkit.Chem.rdchem.Mol object at 0x7fcdd952b6f0>
COc1ccc(C(=O)NCc2cccnc2)cc1C(=O)NCc1cccnc1,5.12,train,<rdkit.Chem.rdchem.Mol object at 0x7fcdd952b760>
CN(C)c1ccc(Cn2cnc3c2c(=O)n(C)c(=O)n3C)cc1,5.12,train,<rdkit.Chem.rdchem.Mol object at 0x7fcdd952b7d0>
CC(=O)Oc1cc2c(s1)CCN(C(C(=O)C1CC1)c1ccccc1F)C2,5.12,train,<rdkit.Chem.rdchem.Mol object at 0x7fcdd952b840>
CC1(C)C(=O)Nc2cc3[nH]c(-c4ccncc4)nc3cc21,5.13,train,<rdkit.Chem.rdchem.Mol object at 0x7fcdd952b8b0>
Cc1nc2ccc(F)cc2n1-c1nc(N)c(F)c(Nc2ccc(C(F)(F)F)cc2)n1,5.13,train,<rdkit.Chem.rdchem.Mol object at 0x7fcdd952b920>
C[N+](C)(C)CCCOc1ccc(-c2c3nc(cc4ccc([nH]4)c(-c4ccc(OCCC[N+](C)(C)C)cc4)c4nc(cc5ccc2[nH]5)C=C4)C=C3)cc1,5.13,train,<rdkit.Chem.rdchem.Mol object at 0x7fcdd952b990>
COc1ccc(C(=O)/C=C/c2ccncc2)c(OC)c1,5.14,train,<rdkit.Chem.rdchem.Mol object at 0x7fcdd952ba70>
O=c1[nH]nc2c3c(cccc13)N=C(CN1Cc3ccccc3C1)N2,5.14,train,<rdkit.Chem.rdchem.Mol object at 0x7fcdd952bae0>
CC[n+]1c(/C=C/c2ccc(N3CCCC3)cc2)cccc1/C=C/c1ccc(N2CCCC2)cc1,5.15,train,<rdkit.Chem.rdchem.Mol object at 0x7fcdd952bb50>
CCOP(=S)(OCC)Oc1cc(C)nc(N(C)C)n1,5.15,train,<rdkit.Chem.rdchem.Mol object at 0x7fcdd952bbc0>
CC1=C(CC(=O)NCc2ccccc2)c2cc(F)ccc2/C1=C\c1ccncc1,5.15,train,<rdkit.Chem.rdchem.Mol object at 0x7fcdd952bc30>
COc1cc(C(=O)c2ccc(Cl)cc2)cc(OC)c1OCCN1CCOCC1,5.17,train,<rdkit.Chem.rdchem.Mol object at 0x7fcdd952bd80>
Cc1ccncc1N1CCN(c2ccnc(Cl)c2)C1=O,5.17,train,<rdkit.Chem.rdchem.Mol object at 0x7fcdd952bdf0>
CC(C)(C)Cn1c(N)nc2ccc(-c3[nH]c(C(C)(C)C)nc3-c3ccc(F)cc3)nc21,5.18,train,<rdkit.Chem.rdchem.Mol object at 0x7fcdd952be60>
COCC(=O)NC/C=C/c1ccc2ncnc(Nc3ccc(Oc4ccc(C)nc4)c(C)c3)c2c1,5.19,train,<rdkit.Chem.rdchem.Mol object at 0x7fcdd952bf40>
CCOC(=O)[C@H](CCc1ccccc1)N[C@@H](C)C(=O)N1CC2(C[C@H]1C(=O)O)SCCS2,5.2,test,<rdkit.Chem.rdchem.Mol object at 0x7fcdd952c040>
CCOC(=O)[C@H](CCc1ccccc1)N[C@@H](C)C(=O)N1Cc2ccccc2C[C@H]1C(=O)O,5.2,train,<rdkit.Chem.rdchem.Mol object at 0x7fcdd952c0b0>
CN(C)c1ccc(C(O)(c2ccc(N(C)C)cc2)c2ccc(N(C)C)cc2)cc1,5.2,train,<rdkit.Chem.rdchem.Mol object at 0x7fcdd952c120>
CCOC(=O)[C@H](CCc1ccccc1)N[C@@H](C)C(=O)N1C2CCC(CC2)[C@H]1C(=O)O,5.2,train,<rdkit.Chem.rdchem.Mol object at 0x7fcdd952c190>
CC[C@H](CO)Nc1nc(NCc2ccccc2)c2ncn(C(C)C)c2n1,5.2,train,<rdkit.Chem.rdchem.Mol object at 0x7fcdd952c270>
CCOC(=O)[C@H](CCc1ccccc1)N[C@@H](C)C(=O)N1[C@H](C(=O)O)C[C@@H]2CCC[C@@H]21,5.2,train,<rdkit.Chem.rdchem.Mol object at 0x7fcdd952c2e0>
Cc1ncccc1NC(=O)c1ccc2c(c1)CC[C@@H]1C[C@@](O)(C(F)(F)F)CC[C@@]21Cc1ccccc1,5.2,train,<rdkit.Chem.rdchem.Mol object at 0x7fcdd952c3c0>
CCOC(=O)[C@H](CCc1ccccc1)N[C@H](C)C(=O)N1CC2(C[C@H]1C(=O)O)SCCS2,5.2,train,<rdkit.Chem.rdchem.Mol object at 0x7fcdd952c430>
Cn1cc[nH]c1=S,5.21,train,<rdkit.Chem.rdchem.Mol object at 0x7fcdd952c4a0>
CCOC(=O)[C@H](CCc1ccccc1)N[C@@H](C)C(=O)N(CC(=O)O)C1Cc2ccccc2C1,5.21,train,<rdkit.Chem.rdchem.Mol object at 0x7fcdd952c510>
CCOC(=O)[C@H](CCc1ccccc1)N[C@@H](C)C(=O)N1[C@H](C(=O)O)C[C@@H]2CCCC[C@@H]21,5.21,train,<rdkit.Chem.rdchem.Mol object at 0x7fcdd952c580>
Cc1cc(Nc2nc(N[C@@H](C)c3ncc(F)cn3)ncc2Cl)[nH]n1,5.21,train,<rdkit.Chem.rdchem.Mol object at 0x7fcdd952c5f0>
CCOC(=O)[C@H](CCc1ccccc1)N[C@@H](C)C(=O)N1[C@@H]2CCCC[C@@H]2C[C@H]1C(=O)O,5.21,train,<rdkit.Chem.rdchem.Mol object at 0x7fcdd952c660>
CC1CC(=O)N2CCSC2=N1,5.22,train,<rdkit.Chem.rdchem.Mol object at 0x7fcdd952c6d0>
COc1cc2c(cc1OC)-c1c/c(=N\c3c(C)cc(C)cc3C)n(CCNC(N)=O)c(=O)n1CC2,5.23,train,<rdkit.Chem.rdchem.Mol object at 0x7fcdd952c890>
CC(C)(O)c1ccccc1-c1ccc2[nH]c(/C=C/c3ccc(C(F)(F)F)cc3)nc2c1,5.23,train,<rdkit.Chem.rdchem.Mol object at 0x7fcdd952c900>
COc1cc(OC)c(/C=C/S(=O)(=O)Cc2ccc(OC)c(NCC(=O)O)c2)c(OC)c1,5.24,train,<rdkit.Chem.rdchem.Mol object at 0x7fcdd952c970>
COc1cc(OC)c(/C=C/S(=O)(=O)Cc2ccc(OC)c(NCC(=O)[O-])c2)c(OC)c1,5.24,train,<rdkit.Chem.rdchem.Mol object at 0x7fcdd952c9e0>
CCOC(=O)C1=C(CN2CCN3C(=O)N(CC(C)(C)C(=O)O)C[C@@H]3C2)N=C(c2nccs2)N[C@H]1c1cccc(F)c1C,5.25,test,<rdkit.Chem.rdchem.Mol object at 0x7fcdd952ca50>
CN(C)c1ccc2c(c1)Sc1cc(N(C)C)ccc1N2,5.25,train,<rdkit.Chem.rdchem.Mol object at 0x7fcdd952cac0>
Oc1ccc(-c2cc(OC3CCCC3)c3ccccc3n2)cc1O,5.25,train,<rdkit.Chem.rdchem.Mol object at 0x7fcdd952cb30>
COCCc1ccccn1,5.26,train,<rdkit.Chem.rdchem.Mol object at 0x7fcdd952cc10>
O=C(Nc1ccccc1Br)N[C@@H]1CCN(c2ccc(C(F)(F)F)cn2)C1,5.26,train,<rdkit.Chem.rdchem.Mol object at 0x7fcdd952cc80>
N/C(CC(O)COc1cccc2ccccc12)=N/O,5.27,train,<rdkit.Chem.rdchem.Mol object at 0x7fcdd952ccf0>
O=C1NC(=O)C(c2cnc3ccccn23)=C1c1cn2c3c(cc(F)cc13)CN(C(=O)N1CCCCC1)CC2,5.27,train,<rdkit.Chem.rdchem.Mol object at 0x7fcdd952cd60>
Cc1cnc2c(c1)CCCC2C(N)=S,5.28,train,<rdkit.Chem.rdchem.Mol object at 0x7fcdd952ce40>
COC(=O)N[C@H](C(=O)N1CCC[C@H]1c1nc2cc(-c3csc4c(-c5ccc(-c6c[nH]c([C@@H]7CCCN7C(=O)[C@H](NC(=O)OC)c7ccccc7)n6)cc5)csc34)ccc2[nH]1)C(C)C,5.29,train,<rdkit.Chem.rdchem.Mol object at 0x7fcdd952ceb0>
Nc1nc(=O)c2c([nH]1)NCC1CN(c3ccc(C(=O)N[C@@H](CCC(=O)O)C(=O)O)cc3)CN21,5.29,train,<rdkit.Chem.rdchem.Mol object at 0x7fcdd952cf20>
CCN(CC)/C(C)=N/N=C/c1c2c(O)c3c(O)c(C)c4c(c3c1O)C(=O)[C@@](C)(O/C=C/[C@H](OC)[C@@H](C)[C@@H](OC(C)=O)[C@H](C)[C@H](O)[C@H](C)[C@@H](O)[C@@H](C)/C=C/C=C(/C)C(=O)N2)O4,5.29,train,<rdkit.Chem.rdchem.Mol object at 0x7fcdd952cf90>
Nc1nc(=O)c2c([nH]1)NCC1CN(c3ccc(C(=O)N[C@@H](CCC(=O)[O-])C(=O)[O-])cc3)CN21,5.29,train,<rdkit.Chem.rdchem.Mol object at 0x7fcdd952d000>
CN1c2c([nH]c(N)nc2=O)NC[C@@H]1CNc1ccc(C(=O)N[C@@H](CCC(=O)[O-])C(=O)[O-])cc1,5.3,test,<rdkit.Chem.rdchem.Mol object at 0x7fcdd952d070>
Cc1ncc(C[n+]2csc(CCOP(=O)(O)O)c2C)c(N)n1,5.3,train,<rdkit.Chem.rdchem.Mol object at 0x7fcdd952d0e0>
O=C(O)c1cccnc1Nc1cccc(C(F)(F)F)c1,5.3,train,<rdkit.Chem.rdchem.Mol object at 0x7fcdd952d150>
Clc1ccc(OCC2=NCCc3ccccc32)cc1,5.3,train,<rdkit.Chem.rdchem.Mol object at 0x7fcdd952d1c0>
CN1c2c([nH]c(N)nc2=O)NC[C@@H]1CNc1ccc(C(=O)N[C@@H](CCC(=O)O)C(=O)O)cc1,5.3,train,<rdkit.Chem.rdchem.Mol object at 0x7fcdd952d230>
CC(=O)O[C@H]1C[C@@H]2CC[C@@H]3[C@H](CC[C@@]4(C)[C@H]3C[C@H](N3CC[N+](C)(C)CC3)[C@@H]4OC(C)=O)[C@@]2(C)C[C@@H]1N1CC[N+](C)(C)CC1,5.31,train,<rdkit.Chem.rdchem.Mol object at 0x7fcdd952d2a0>
Cc1nc(NCCCCCCc2ccccc2)nc(C)c1O,5.31,train,<rdkit.Chem.rdchem.Mol object at 0x7fcdd952d310>
Cc1ccccc1C(=O)NC(c1ccncc1)C(NC(=O)c1ccccc1C)c1ccncc1,5.31,train,<rdkit.Chem.rdchem.Mol object at 0x7fcdd952d380>
CCc1ccc(-c2nc3ccc(C)cn3c2CN(C)C(=O)CC(C)C)cc1,5.32,train,<rdkit.Chem.rdchem.Mol object at 0x7fcdd952d460>
CC#C[C@]1(O)CC[C@H]2[C@@H]3CCC4=CC(=O)CCC4=C3[C@@H](c3ccc(N(C)C(C)C)cc3)C[C@@]21C,5.32,train,<rdkit.Chem.rdchem.Mol object at 0x7fcdd952d4d0>
Nc1c(F)ccc2cnc(-n3ccc4ccncc43)cc12,5.32,train,<rdkit.Chem.rdchem.Mol object at 0x7fcdd952d540>
CCCc1nc(C(C)(C)O)c(C(=O)O)n1Cc1ccc(-c2ccccc2-c2nnn[nH]2)cc1,5.33,test,<rdkit.Chem.rdchem.Mol object at 0x7fcdd952d5b0>
CCCc1ncc(C[n+]2ccccc2C)c(N)n1,5.33,train,<rdkit.Chem.rdchem.Mol object at 0x7fcdd952d620>
CC(NN)c1ccccc1,5.33,train,<rdkit.Chem.rdchem.Mol object at 0x7fcdd952d690>
CCN(CC)c1ccc(C(=C2C=CC(=[N+](CC)CC)C=C2)c2cc(S(=O)(=O)[O-])ccc2S(=O)(=O)O)cc1,5.33,train,<rdkit.Chem.rdchem.Mol object at 0x7fcdd952d700>
Nc1nc(=O)c2c([nH]1)NC[C@@H](CNc1ccc(C(=O)N[C@@H](CCC(=O)O)C(=O)O)cc1)N2,5.33,train,<rdkit.Chem.rdchem.Mol object at 0x7fcdd952d770>
COc1cc2c(cc1OC)[C@@H]1Cc3ccc(OC)c(OC)c3CN1CC2,5.34,train,<rdkit.Chem.rdchem.Mol object at 0x7fcdd952d7e0>
N=C(N)c1ncn([C@@H]2O[C@H](CO)[C@@H](O)[C@H]2O)n1,5.34,train,<rdkit.Chem.rdchem.Mol object at 0x7fcdd952d8c0>
CCOc1cc(C(C)(C)C)ccc1C1=N[C@@](C)(c2ccc(Cl)cc2)[C@@](C)(c2ccc(Cl)cc2)N1C(=O)N1CCN(CCCS(C)(=O)=O)CC1,5.34,train,<rdkit.Chem.rdchem.Mol object at 0x7fcdd952d930>
O=C1N(c2ccccc2)c2ccccc2C1(Cc1ccncc1)Cc1ccncc1,5.35,train,<rdkit.Chem.rdchem.Mol object at 0x7fcdd952d9a0>
CCOC(=O)/C=C1\S[C@H](N2CCCCC2)C(=O)N1C,5.35,train,<rdkit.Chem.rdchem.Mol object at 0x7fcdd952da10>
CCOC(=O)/C=C1\SC(N2CCCCC2)C(=O)N1C,5.35,train,<rdkit.Chem.rdchem.Mol object at 0x7fcdd952da80>
COc1cc(C(=O)C(=O)N(C)[C@@H](Cc2ccc(Cl)cc2)C(=O)N(Cc2ccccc2)C(CCc2ccncc2)CCc2ccncc2)cc(OC)c1OC,5.35,train,<rdkit.Chem.rdchem.Mol object at 0x7fcdd952daf0>
c1cc(-c2nc3cc(-c4ccc5[nH]c(-c6ccncc6)nc5c4)ccc3[nH]2)ccn1,5.35,train,<rdkit.Chem.rdchem.Mol object at 0x7fcdd952db60>
CN1c2c([nH]c(N)nc2=O)NCC1CCNc1ccc(C(=O)N[C@@H](CCC(=O)O)C(=O)O)cc1,5.36,test,<rdkit.Chem.rdchem.Mol object at 0x7fcdd952dbd0>
CCOC(=O)[C@H](CCc1ccccc1)N[C@H]1CCc2ccccc2N(CC(=O)O)C1=O,5.36,train,<rdkit.Chem.rdchem.Mol object at 0x7fcdd952dc40>
COc1cc2c(cc1OC)-c1c/c(=N\c3c(C)cc(C)cc3C)n(C)c(=O)n1CC2,5.37,test,<rdkit.Chem.rdchem.Mol object at 0x7fcdd952dcb0>
Cc1c(Cl)cccc1Nc1ncccc1C(=O)O,5.37,train,<rdkit.Chem.rdchem.Mol object at 0x7fcdd952dd20>
COc1cc2ncnc(N3CCN(C(=O)OCC(C)C)CC3)c2cc1OC,5.37,train,<rdkit.Chem.rdchem.Mol object at 0x7fcdd952dd90>
COc1cc2ncnc(N3CCN(C(=O)OCC(C)(C)O)CC3)c2cc1OC,5.37,train,<rdkit.Chem.rdchem.Mol object at 0x7fcdd952de00>
CS(=O)(=O)c1ccc(-c2cn3ccccc3n2)cc1,5.38,train,<rdkit.Chem.rdchem.Mol object at 0x7fcdd952de70>
Cc1c(Nc2ncccc2C(=O)O)cccc1C(F)(F)F,5.38,train,<rdkit.Chem.rdchem.Mol object at 0x7fcdd952dee0>
CNC[C@H](O)[C@@H](O)[C@H](O)[C@H](O)CO.Cc1c(Nc2ncccc2C(=O)O)cccc1C(F)(F)F,5.38,train,<rdkit.Chem.rdchem.Mol object at 0x7fcdd952df50>
CCOC(=O)/C=C1\SC(N2CCCCC2)C(=O)N1CC,5.38,train,<rdkit.Chem.rdchem.Mol object at 0x7fcdd952dfc0>
Cn1/c(=N\C#N)n(-c2ccc(C(C)(C)C#N)nc2)c2c3cc(-c4cnc(N)c(C(F)(F)F)c4)ccc3ncc21,5.38,train,<rdkit.Chem.rdchem.Mol object at 0x7fcdd952e030>
Cc1ccc(-c2nc3ccc(C)cn3c2CC(=O)N(C)C)cc1,5.39,train,<rdkit.Chem.rdchem.Mol object at 0x7fcdd952e0a0>
Cc1nc2cccc(N)c2c(=O)n1C1CCC(=O)NC1=O,5.39,train,<rdkit.Chem.rdchem.Mol object at 0x7fcdd952e180>
COC(=O)N[C@H](C(=O)N1CCC[C@H]1c1nc(-c2ccc3c(c2)O[C@@H](c2ccccc2)n2c-3cc3cc(-c4c[nH]c([C@@H]5CCCN5C(=O)[C@@H](NC(=O)OC)C(C)C)n4)ccc32)c[nH]1)C(C)C,5.39,train,<rdkit.Chem.rdchem.Mol object at 0x7fcdd952e260>
Cc1[nH]c(-c2ccccc2)nc1CC#N,5.4,train,<rdkit.Chem.rdchem.Mol object at 0x7fcdd952e2d0>
COc1cc2nccc(Oc3ccc(NC(=O)NC4CC4)c(Cl)c3)c2cc1C(N)=O,5.4,train,<rdkit.Chem.rdchem.Mol object at 0x7fcdd952e340>
Cc1noc(C)c1-c1cc(C(O)(c2ccccn2)c2ccccn2)c2nc(C3CC3)[nH]c2c1,5.4,train,<rdkit.Chem.rdchem.Mol object at 0x7fcdd952e3b0>
O=C([O-])c1cc2cc(Cc3cccnc3)ccc2o1,5.41,train,<rdkit.Chem.rdchem.Mol object at 0x7fcdd952e490>
O=C(O)c1ccc2nc3ccccn3c(=O)c2c1,5.41,train,<rdkit.Chem.rdchem.Mol object at 0x7fcdd952e570>
N#CC1(c2ccc(NC(=O)c3cccnc3NCc3ccncc3)cc2)CCCC1,5.41,train,<rdkit.Chem.rdchem.Mol object at 0x7fcdd952e5e0>
CCc1nc2ccc(Cl)cn2c1C(=O)NCc1ccc(N2CCC(c3ccc(OC(F)(F)F)cc3)CC2)cc1,5.42,train,<rdkit.Chem.rdchem.Mol object at 0x7fcdd952e6c0>
Nc1nc2c(Cc3cccnc3)c[nH]c2c(=O)[nH]1,5.42,train,<rdkit.Chem.rdchem.Mol object at 0x7fcdd952e730>
CC1(C)CNc2cc(NC(=O)c3cccnc3NCc3ccncc3)ccc21,5.43,test,<rdkit.Chem.rdchem.Mol object at 0x7fcdd952e7a0>
Nc1ncnc(Nc2ccc(Cl)cc2)n1,5.43,train,<rdkit.Chem.rdchem.Mol object at 0x7fcdd952e810>
Nc1ncnc(Nc2ccccc2)n1,5.43,train,<rdkit.Chem.rdchem.Mol object at 0x7fcdd952e880>
CCC(=O)N1CC[C@H](Nc2ncnc3c2CN(c2cnc(OC)c(C(F)(F)F)c2)CC3)C1,5.43,train,<rdkit.Chem.rdchem.Mol object at 0x7fcdd952e8f0>
C=Cc1c(C)c2cc3nc(c(CC(=O)N[C@@H](CC(=O)O)C(=O)O)c4[nH]c(cc5nc(cc1[nH]2)C(C)=C5CC)c(C)c4C(=O)O)[C@@H](CCC(=O)O)[C@@H]3C,5.43,train,<rdkit.Chem.rdchem.Mol object at 0x7fcdd952e960>
COc1cccc(Nc2c(C(N)=O)cnc3c(C)cc(S(=O)(=O)c4cccc(C(=O)N(C)C)c4)cc23)c1,5.44,train,<rdkit.Chem.rdchem.Mol object at 0x7fcdd952ea40>
CC(COc1ccccc1)NN,5.45,train,<rdkit.Chem.rdchem.Mol object at 0x7fcdd952eab0>
N/N=c1/cc2c(n[nH]1)CCN(C(=O)c1ccccc1)C2,5.46,train,<rdkit.Chem.rdchem.Mol object at 0x7fcdd952eb90>
NN(Cc1ccccc1)CC1COc2ccccc2O1,5.46,train,<rdkit.Chem.rdchem.Mol object at 0x7fcdd952ec00>
CCc1c(O)cc(O)c(C(=O)c2ccc(OCCN3CCOCC3)c(OC)c2)c1CC(=O)N(CCOC)CCOC,5.46,train,<rdkit.Chem.rdchem.Mol object at 0x7fcdd952ec70>
COc1cccc2c1C(=O)c1c(O)c3c(c(O)c1C2=O)C[C@@](O)(C(=O)CO)C[C@@H]3O[C@H]1C[C@H](N2CCO[C@H](OC)C2)[C@H](O)[C@H](C)O1,5.47,test,<rdkit.Chem.rdchem.Mol object at 0x7fcdd952ece0>
COc1ccc2c(C)c(C(C)=O)c(C)nc2c1,5.47,test,<rdkit.Chem.rdchem.Mol object at 0x7fcdd952ed50>
CC(C)c1nc(COC(N)=O)n(Cc2ccncc2)c1Sc1cc(Cl)cc(Cl)c1,5.47,train,<rdkit.Chem.rdchem.Mol object at 0x7fcdd952edc0>
C/C(=N\Cc1ccccc1)c1ccccc1O,5.47,train,<rdkit.Chem.rdchem.Mol object at 0x7fcdd952ee30>
COc1cc2c(cc1OC)C(C(C(=O)N(CCc1ccc(OC)c(OC)c1OC)CCc1ccc(OC)c(OC)c1OC)c1ccccc1)=NCC2,5.48,train,<rdkit.Chem.rdchem.Mol object at 0x7fcdd952ef10>
CC(C)(C)N.CCC[C@H](N[C@@H](C)C(=O)N1[C@H](C(=O)O)C[C@@H]2CCCC[C@@H]21)C(=O)OCC,5.48,train,<rdkit.Chem.rdchem.Mol object at 0x7fcdd952ef80>
CCC[C@H](N[C@@H](C)C(=O)N1[C@H](C(=O)O)C[C@@H]2CCCC[C@@H]21)C(=O)OCC.N=C(N)NCCC[C@H](N)C(=O)O,5.48,train,<rdkit.Chem.rdchem.Mol object at 0x7fcdd952eff0>
Cc1ccccc1-c1cc(N2CC[N+](C)(COP(=O)([O-])O)CC2)ncc1N(C)C(=O)C(C)(C)c1cc(C(F)(F)F)cc(C(F)(F)F)c1,5.48,train,<rdkit.Chem.rdchem.Mol object at 0x7fcdd952f0d0>
Cc1ccccc1-c1cc(N2CC[N+](C)(COP(=O)(O)O)CC2)ncc1N(C)C(=O)C(C)(C)c1cc(C(F)(F)F)cc(C(F)(F)F)c1,5.48,train,<rdkit.Chem.rdchem.Mol object at 0x7fcdd952f140>
C[C@@H]1COCCN1c1cc(C2([S@](C)(=N)=O)CC2)nc(-c2cc[nH]c3nccc2-3)n1,5.49,test,<rdkit.Chem.rdchem.Mol object at 0x7fcdd952f1b0>
Cc1cccc(Nc2ncccc2C(=O)O)c1C,5.49,train,<rdkit.Chem.rdchem.Mol object at 0x7fcdd952f220>
Cc1ccnc2c1CCCC2C(N)=S,5.49,train,<rdkit.Chem.rdchem.Mol object at 0x7fcdd952f290>
CCCCc1ccc(Nc2ncccc2C(=O)O)cc1,5.5,train,<rdkit.Chem.rdchem.Mol object at 0x7fcdd952f370>
O=C(Nc1ccncc1)C(=O)c1cn(Cc2ccc(Cl)cc2)c2ccccc12,5.51,test,<rdkit.Chem.rdchem.Mol object at 0x7fcdd952f3e0>
C[C@]1(COc2ccc(N3CCC(Oc4ccc(OC(F)(F)F)cc4)CC3)cc2)Cn2cc([N+](=O)[O-])nc2O1,5.51,test,<rdkit.Chem.rdchem.Mol object at 0x7fcdd952f450>
Cc1ncc2c(c1O)COC2c1ccc(Cl)cc1,5.51,train,<rdkit.Chem.rdchem.Mol object at 0x7fcdd952f4c0>
Cc1ncc([N+](=O)[O-])n1CCc1ccncc1,5.51,train,<rdkit.Chem.rdchem.Mol object at 0x7fcdd952f530>
OC(c1ccccc1)(c1ccccc1)C1CC1c1ccncc1,5.52,test,<rdkit.Chem.rdchem.Mol object at 0x7fcdd952f5a0>
Oc1cccc(-c2c3nc(c(-c4cccc(O)c4)c4ccc([nH]4)c(-c4cccc(O)c4)c4nc(c(-c5cccc(O)c5)c5ccc2[nH]5)CC4)C=C3)c1,5.53,train,<rdkit.Chem.rdchem.Mol object at 0x7fcdd952f610>
CN=C1SCC(O)(c2ccc(Cl)c(S(N)(=O)=O)c2)N1C,5.53,train,<rdkit.Chem.rdchem.Mol object at 0x7fcdd952f680>
Cc1ncc(C[n+]2csc(CCO)c2C)c(N)n1,5.54,train,<rdkit.Chem.rdchem.Mol object at 0x7fcdd952f6f0>
Cc1ncc(C[n+]2csc(CCCl)c2C)c(N)n1,5.54,train,<rdkit.Chem.rdchem.Mol object at 0x7fcdd952f760>
Cc1cccc(C)c1Nc1ncccc1C(=O)O,5.54,train,<rdkit.Chem.rdchem.Mol object at 0x7fcdd952f7d0>
CN(CC(=O)N1CCOCC1)Cc1c(Cl)cccc1NC(=O)c1ccccc1,5.55,train,<rdkit.Chem.rdchem.Mol object at 0x7fcdd952f840>
NNCCc1ccccc1,5.55,train,<rdkit.Chem.rdchem.Mol object at 0x7fcdd952f8b0>
O=C1NC2(CCCCC2)C(=O)N1CCN(CCCl)CCCl,5.55,train,<rdkit.Chem.rdchem.Mol object at 0x7fcdd952f920>
CNNCc1ccc(C(=O)NC(C)C)cc1,5.56,train,<rdkit.Chem.rdchem.Mol object at 0x7fcdd952f990>
O=C(O)c1ccc(C(c2ccccc2)(c2ccccc2)c2ccccc2)cn1,5.56,train,<rdkit.Chem.rdchem.Mol object at 0x7fcdd952fa00>
COc1cc([S+](C)[O-])ccc1-c1nc2cnccc2[nH]1,5.56,train,<rdkit.Chem.rdchem.Mol object at 0x7fcdd952fa70>
COc1cc(C(=O)OC(CN2CCOCC2)Cn2nnc3c(OC)c(OC)c(OC)cc3c2=O)cc(OC)c1OC,5.56,train,<rdkit.Chem.rdchem.Mol object at 0x7fcdd952fae0>
O=C(O)c1ccc(C(c2ccccc2)(c2ccccc2)c2ccccc2)cn1.OCCNCCO,5.56,train,<rdkit.Chem.rdchem.Mol object at 0x7fcdd952fb50>
COCCOCCOCCOC(=O)/C(C#N)=C/c1ccc2cc(N3CCCCC3)ccc2c1,5.56,train,<rdkit.Chem.rdchem.Mol object at 0x7fcdd952fbc0>
O=P(O)(O)C(NC1CCCCCC1)P(=O)(O)O,5.57,train,<rdkit.Chem.rdchem.Mol object at 0x7fcdd952fc30>
COc1ccc(C(=O)N2CCN(CC(=O)N3CCOCC3)CC2)cc1,5.57,train,<rdkit.Chem.rdchem.Mol object at 0x7fcdd952fca0>
COCc1c(C(C)C)nc(C(C)C)c(/C=C/[C@@H](O)C[C@@H](O)CC(=O)O)c1-c1ccc(F)cc1,5.58,test,<rdkit.Chem.rdchem.Mol object at 0x7fcdd952fd10>
COC(=O)N1CCN(Cc2cccc(NC(=O)Nc3ccc(C)nc3)c2F)CC1,5.58,train,<rdkit.Chem.rdchem.Mol object at 0x7fcdd952fdf0>
COCc1c(C(C)C)nc(C(C)C)c(/C=C/[C@@H](O)C[C@@H](O)CC(=O)[O-])c1-c1ccc(F)cc1,5.58,train,<rdkit.Chem.rdchem.Mol object at 0x7fcdd952fe60>
C[C@@H]1O[C@@H](OC[C@H]2O[C@@H](Oc3c(-c4ccc(O)c(O)c4)oc4cc(OCCN5CCOCC5)cc(O)c4c3=O)[C@H](O)[C@@H](O)[C@@H]2O)[C@H](O)[C@H](O)[C@H]1O,5.58,train,<rdkit.Chem.rdchem.Mol object at 0x7fcdd952fed0>
O=C(/C=C\n1cnc(-c2cc(C(F)(F)F)cc(C(F)(F)F)c2)n1)NNc1ccccn1,5.59,train,<rdkit.Chem.rdchem.Mol object at 0x7fcdd9530040>
CCc1ccc(CCOc2ccc(CC3SC(=O)NC3=O)cc2)nc1,5.6,test,<rdkit.Chem.rdchem.Mol object at 0x7fcdd95300b0>
COC1=C(C)C(=O)C2=C(C1=O)[C@@H](COC(N)=O)[C@@]1(OC)[C@H]3N[C@H]3CN21,5.6,test,<rdkit.Chem.rdchem.Mol object at 0x7fcdd9530120>
CCN(CC)c1ccc(NC(=O)c2ccccc2N)c(C)c1,5.6,train,<rdkit.Chem.rdchem.Mol object at 0x7fcdd9530200>
C=C[C@@H]1C[C@]1(NC(=O)[C@@H]1C[C@@H](Oc2cc(-c3ccccc3)nc3cc(OC)ccc23)CN1C(=O)[C@@H](CC(=O)N1CCCCC1)C(C)(C)C)C(=O)NS(=O)(=O)C1CC1,5.6,train,<rdkit.Chem.rdchem.Mol object at 0x7fcdd9530270>
COC(=O)CC[C@@H]1N=C(c2ccccn2)c2cc(Br)ccc2-n2c(C)cnc21,5.61,test,<rdkit.Chem.rdchem.Mol object at 0x7fcdd95302e0>
CCOc1cc(-c2nccc3cc(OC)c(OC)cc23)cc(OCC)c1OCC,5.61,train,<rdkit.Chem.rdchem.Mol object at 0x7fcdd9530350>
CC(C)NC(=O)CN1CCN(Cc2nc3ccccc3n2CCC(=O)c2ccccc2)CC1,5.61,train,<rdkit.Chem.rdchem.Mol object at 0x7fcdd95303c0>
N#CN=C(NCCCCCCOc1ccc(Cl)cc1)Nc1ccncc1,5.61,train,<rdkit.Chem.rdchem.Mol object at 0x7fcdd9530430>
C[C@@H](N/C(=N\c1ccncc1)NC#N)C(C)(C)C,5.61,train,<rdkit.Chem.rdchem.Mol object at 0x7fcdd95304a0>
Cc1nc2ccccc2c(=O)n1CC(O)CO,5.62,train,<rdkit.Chem.rdchem.Mol object at 0x7fcdd95305f0>
C[C@]12CCCN1CC1=NNC(=O)c3cc(F)cc4[nH]c2c1c34,5.62,train,<rdkit.Chem.rdchem.Mol object at 0x7fcdd9530660>
CN(c1nccc(=O)[nH]1)C1CCN(c2nc3ccccc3n2Cc2ccc(F)cc2)CC1,5.63,test,<rdkit.Chem.rdchem.Mol object at 0x7fcdd95306d0>
Cc1ccc(Cc2c[nH]c(NCCCCc3ncc(Br)cc3C)nc2=O)cn1,5.64,train,<rdkit.Chem.rdchem.Mol object at 0x7fcdd9530740>
CC(C(=O)O)c1ccc(-c2cn3ccccc3n2)cc1,5.64,train,<rdkit.Chem.rdchem.Mol object at 0x7fcdd95307b0>
C[C@@](Cc1ccc(OP(=O)(O)O)c(O)c1)(NN)C(=O)O,5.64,train,<rdkit.Chem.rdchem.Mol object at 0x7fcdd9530890>
O=C1c2ccccc2C(=O)C1(CN1CCOCC1)c1ccccc1,5.65,train,<rdkit.Chem.rdchem.Mol object at 0x7fcdd9530970>
O=C1COC(N2CCN=C(c3ccccc3Cl)c3cc(Cl)ccc32)=N1,5.66,train,<rdkit.Chem.rdchem.Mol object at 0x7fcdd9530ac0>
CC(=O)c1c(C)c2cnc(N[C@@H]3CCOC[C@H]3O)cc2n(C2CCCC2)c1=O,5.66,train,<rdkit.Chem.rdchem.Mol object at 0x7fcdd9530ba0>
c1ccc(Cn2cc(CCc3ccncc3)c3ccccc32)cc1,5.67,test,<rdkit.Chem.rdchem.Mol object at 0x7fcdd9530c10>
O=C(O)CNc1cccc(CN(Cc2ccc(-n3cccn3)cc2)S(=O)(=O)c2cccnc2)n1,5.67,train,<rdkit.Chem.rdchem.Mol object at 0x7fcdd9530c80>
COC[C@H]1C[C@@H](c2nc(-c3ccc4c(c3)COc3cc5c(ccc6nc([C@@H]7CC[C@H](C)N7C(=O)[C@@H](NC(=O)OC)C(C)C)[nH]c65)cc3-4)c[nH]2)N(C(=O)[C@H](NC(=O)OC)c2ccccc2)C1,5.67,train,<rdkit.Chem.rdchem.Mol object at 0x7fcdd9530cf0>
CCCCC1(CCCC)CS(=O)(=O)c2ccc(N(C)C)cc2[C@@H](c2ccc(OCc3ccc(C[N+]45CCN(CC4)CC5)cc3)cc2)[C@H]1O,5.68,train,<rdkit.Chem.rdchem.Mol object at 0x7fcdd9530d60>
CN1C(N)=N[C@](C)(c2cc(NC(=O)c3ccc(F)cn3)ccc2F)CS1(=O)=O,5.68,train,<rdkit.Chem.rdchem.Mol object at 0x7fcdd9530dd0>
O=c1cc(CN2CCOCC2)c2cc(O)c(O)cc2o1,5.69,train,<rdkit.Chem.rdchem.Mol object at 0x7fcdd9530e40>
COc1ccc2c(Oc3ccc4c(C(=O)Nc5ccccc5N)cccc4c3)ccnc2c1,5.69,train,<rdkit.Chem.rdchem.Mol object at 0x7fcdd9530eb0>
Cn1nccc1Nc1nccc(-c2cc3c(s2)C(C)(C)N(CCN2CCOCC2)C3=O)n1,5.69,train,<rdkit.Chem.rdchem.Mol object at 0x7fcdd9530f20>
O=C(CCc1ccc(CN[C@H](C(=O)OC2CCCC2)C2CCCCC2)cn1)NO,5.71,test,<rdkit.Chem.rdchem.Mol object at 0x7fcdd9531000>
C[C@H]1Oc2cc(cnc2N)-c2c(nn(C)c2C#N)CN(C)C(=O)c2ccc(F)cc21,5.71,train,<rdkit.Chem.rdchem.Mol object at 0x7fcdd9531070>
O=S1(=O)CCNCN1,5.72,test,<rdkit.Chem.rdchem.Mol object at 0x7fcdd95310e0>
Cc1cc(Nc2cc(CN3CCOCC3)c3nc(C)c(Cc4ccc(Cl)cc4F)n3n2)n[nH]1,5.72,train,<rdkit.Chem.rdchem.Mol object at 0x7fcdd9531150>
Nc1cc(C(F)(F)F)c(-c2nc(N3CCOCC3)nc(N3CCOCC3)n2)cn1,5.73,train,<rdkit.Chem.rdchem.Mol object at 0x7fcdd9531230>
CCNC(=O)Nc1ccc(-c2nc3c(c(N4CCOC[C@@H]4C)n2)CCN(C2COC2)C3)cc1,5.73,train,<rdkit.Chem.rdchem.Mol object at 0x7fcdd95312a0>
COc1cc(/C=C/C(=O)N2CCN(CC(=O)NC(C)C)CC2)cc(OC)c1OC,5.74,test,<rdkit.Chem.rdchem.Mol object at 0x7fcdd9531310>
Cn1cc(-c2ccc(F)c(C(F)(F)F)c2)nc1C1CCN(c2ncnc3[nH]ncc23)CC1,5.74,test,<rdkit.Chem.rdchem.Mol object at 0x7fcdd9531380>
Cc1ccccc1-c1cc(N2CCOCC2)ncc1N(C)C(=O)C(C)(C)c1cc(C(F)(F)F)cc(C(F)(F)F)c1,5.74,train,<rdkit.Chem.rdchem.Mol object at 0x7fcdd95313f0>
CCN(CC)C(=O)N[C@H]1C=C2c3cccc4[nH]c(Br)c(c34)C[C@H]2N(C)C1,5.75,train,<rdkit.Chem.rdchem.Mol object at 0x7fcdd95314d0>
Oc1ccccc1/C=N/Cc1ccccc1,5.75,train,<rdkit.Chem.rdchem.Mol object at 0x7fcdd9531540>
Nc1ccc2c(c1)CN1C(=O)c3ccccc3C1=N2,5.76,train,<rdkit.Chem.rdchem.Mol object at 0x7fcdd95315b0>
C[C@@H]1CC[C@@H](Nc2nc(NC(C)(C)C)ncc2C(N)=O)C[C@H]1O,5.77,train,<rdkit.Chem.rdchem.Mol object at 0x7fcdd9531690>
CN(C(=O)CN(CCO)CC(=O)N(C)C(C)(C)Cc1ccccc1)C(C)(C)Cc1ccccc1,5.78,train,<rdkit.Chem.rdchem.Mol object at 0x7fcdd9531700>
CNc1ccc(-c2ccc3cc(OC[C@H](O)CF)ccc3n2)cn1,5.78,train,<rdkit.Chem.rdchem.Mol object at 0x7fcdd9531770>
COC(=O)N[C@H](C(=O)N1CCC[C@H]1c1ncc(-c2ccc(-c3ccc(-c4ccc5nc([C@@H]6CCCN6C(=O)[C@@H](NC(=O)OC)C(C)C)[nH]c5c4)c4c3[C@@H]3CC[C@H]4C3)cc2)[nH]1)C(C)C,5.78,train,<rdkit.Chem.rdchem.Mol object at 0x7fcdd95317e0>
c1ccc2[nH]cnc2c1,5.79,train,<rdkit.Chem.rdchem.Mol object at 0x7fcdd9531850>
COc1cc(OC)c(C(=O)OCCN2CCOCC2)c(OC)c1,5.79,train,<rdkit.Chem.rdchem.Mol object at 0x7fcdd95318c0>
Nc1nc(NC2CC2)c2ncn([C@H]3C=C[C@@H](CO)C3)c2n1.O=C(O)CCC(=O)O,5.8,test,<rdkit.Chem.rdchem.Mol object at 0x7fcdd95319a0>
CC(CCc1ccc2c(c1)OCO2)NN,5.8,train,<rdkit.Chem.rdchem.Mol object at 0x7fcdd9531a10>
Nc1nc(NC2CC2)c2ncn([C@H]3C=C[C@@H](CO)C3)c2n1,5.8,train,<rdkit.Chem.rdchem.Mol object at 0x7fcdd9531a80>
Nc1nc(NC2CC2)c2ncn([C@H]3C=C[C@@H](COC(=O)CO)C3)c2n1,5.8,train,<rdkit.Chem.rdchem.Mol object at 0x7fcdd9531af0>
C1CN(P2(N3CC3)=NP(N3CC3)(N3CC3)=NP(N3CC3)(N3CC3)=N2)CCO1,5.81,train,<rdkit.Chem.rdchem.Mol object at 0x7fcdd9531bd0>
Clc1nc(-n2ccnc2)c2ccccc2c1-c1ccccc1,5.81,train,<rdkit.Chem.rdchem.Mol object at 0x7fcdd9531c40>
Cc1ccc2c(NC[C@](O)(CC(C)(C)c3cc(F)cc4c3OCC4)C(F)(F)F)cccc2n1,5.81,train,<rdkit.Chem.rdchem.Mol object at 0x7fcdd9531cb0>
CN1CCN(c2cccc3c2CCN(C(=O)/C=C/c2c(-n4cnnn4)ccc(Cl)c2F)[C@@H]3C(=O)Nc2ccc(C(=O)O)cc2)C(=O)C1,5.81,train,<rdkit.Chem.rdchem.Mol object at 0x7fcdd9531d20>
CCNC(=O)OC1CCN(c2nncc3cc(OC)c(OC)cc23)CC1,5.82,train,<rdkit.Chem.rdchem.Mol object at 0x7fcdd9531d90>
O=C(c1ccc(Oc2ccccc2)cc1Cl)c1c[nH]c2ncnc(N[C@@H]3CC[C@@H](CO)OC3)c12,5.82,train,<rdkit.Chem.rdchem.Mol object at 0x7fcdd9531e00>
Nc1nc(N)c2ncn([C@H]3CO[C@@H](CO)O3)c2n1,5.83,test,<rdkit.Chem.rdchem.Mol object at 0x7fcdd9531e70>
CCCc1nn(C)c2c(=O)[nH]c(-c3cc(S(=O)(=O)N4CCN(CCO)CC4)ccc3OCC)nc12,5.83,train,<rdkit.Chem.rdchem.Mol object at 0x7fcdd9531ee0>
COc1nc(/C=C/c2nc3n(n2)CCC[C@H]3c2ccccc2C(F)(F)F)ccc1-n1cnc(C)c1,5.84,test,<rdkit.Chem.rdchem.Mol object at 0x7fcdd9531fc0>
O=C(OCC(O)CO)c1ccccc1Nc1ccnc2c(C(F)(F)F)cccc12,5.84,train,<rdkit.Chem.rdchem.Mol object at 0x7fcdd9532030>
CCn1c(=O)c(-c2cc(NC(=O)Nc3ccccc3)c(F)cc2Br)cc2cnc(NC)cc21,5.85,train,<rdkit.Chem.rdchem.Mol object at 0x7fcdd95320a0>
CCCc1nc2c(C)cc(-c3nc4ccccc4n3C)cc2n1Cc1ccc(-c2ccccc2C(=O)O)cc1,5.86,test,<rdkit.Chem.rdchem.Mol object at 0x7fcdd9532110>
Cc1nc2ccccc2n1Cc1ccc(Cl)cc1,5.86,train,<rdkit.Chem.rdchem.Mol object at 0x7fcdd9532180>
O=C(OCCN1CCOCC1)c1cccnc1Nc1cccc(C(F)(F)F)c1,5.86,train,<rdkit.Chem.rdchem.Mol object at 0x7fcdd95321f0>
COc1cccnc1CCCCNc1nc(=O)c(Cc2ccc(C)nc2)c[nH]1,5.86,train,<rdkit.Chem.rdchem.Mol object at 0x7fcdd9532260>
COc1cc(C(=O)C(=O)N2CCCC[C@H]2C(=O)OC(CCCc2cccnc2)CCCc2cccnc2)cc(OC)c1OC,5.86,train,<rdkit.Chem.rdchem.Mol object at 0x7fcdd95322d0>
COc1cc(/C=C/C(=O)N2CCN(CC(O)COc3ccc(C(C)=O)c4c3OCCO4)CC2)cc(OC)c1OC,5.86,train,<rdkit.Chem.rdchem.Mol object at 0x7fcdd9532340>
CC(C)(Oc1ccccc1)C(=O)OCCN1CCOCC1,5.87,train,<rdkit.Chem.rdchem.Mol object at 0x7fcdd9532420>
C[C@@H]1CN(Cc2ccc(F)cc2)[C@@H](C)CN1C(=O)c1cc2c(C(=O)C(=O)N(C)C)cn(C)c2cc1Cl,5.87,train,<rdkit.Chem.rdchem.Mol object at 0x7fcdd9532490>
Nc1ncccc1-c1cc(Cc2ccc(COc3ccccn3)cc2)no1,5.87,train,<rdkit.Chem.rdchem.Mol object at 0x7fcdd9532500>
C1N2CN3CN1CN(C2)C3.O=C(O)C(O)c1ccccc1,5.88,train,<rdkit.Chem.rdchem.Mol object at 0x7fcdd95325e0>
c1ccc(Cc2nc3ccccc3[nH]2)cc1,5.88,train,<rdkit.Chem.rdchem.Mol object at 0x7fcdd9532650>
C1N2CN3CN1CN(C2)C3.O=C(O)CNC(=O)c1ccccc1,5.88,train,<rdkit.Chem.rdchem.Mol object at 0x7fcdd95326c0>
CO[C@H]1/C=C/O[C@@]2(C)Oc3c(C)c(O)c4c(O)c(c5c(nc6cc(C)ccn65)c4c3C2=O)NC(=O)/C(C)=C\C=C\[C@H](C)[C@H](O)[C@@H](C)[C@@H](O)[C@@H](C)[C@H](OC(C)=O)[C@@H]1C,5.88,train,<rdkit.Chem.rdchem.Mol object at 0x7fcdd9532730>
Cc1cc(F)ccc1-c1cc(N2C[C@H]3COCCN3C[C@H]2CO)ncc1N(C)C(=O)C(C)(C)c1cc(C(F)(F)F)cc(C(F)(F)F)c1,5.88,train,<rdkit.Chem.rdchem.Mol object at 0x7fcdd9532810>
N#C/C(=C1/SC[C@@H](c2ccc(Cl)cc2Cl)S1)n1ccnc1,5.89,test,<rdkit.Chem.rdchem.Mol object at 0x7fcdd9532880>
NNCC1CCCCC1,5.89,train,<rdkit.Chem.rdchem.Mol object at 0x7fcdd9532960>
N#C/C(=C1/SCC(c2ccccc2Cl)S1)n1ccnc1,5.89,train,<rdkit.Chem.rdchem.Mol object at 0x7fcdd95329d0>
COc1cc2nccc(Oc3ccc(NC(=O)Nc4cc(C)on4)c(Cl)c3)c2cc1OC,5.89,train,<rdkit.Chem.rdchem.Mol object at 0x7fcdd9532a40>
Cc1cccc(/C=N/Nc2cc(N3CCOCC3)nc(OCCc3ccccn3)n2)c1,5.89,train,<rdkit.Chem.rdchem.Mol object at 0x7fcdd9532ab0>
Cc1nc(-c2cccnc2)sc1C(=O)Nc1ccccc1-c1cn2c(CN3CCOCC3)csc2n1,5.89,train,<rdkit.Chem.rdchem.Mol object at 0x7fcdd9532b20>
CS(=O)(=O)c1ccc(-c2cnc(N)c(-c3ccc(C(F)(F)F)nc3)c2)cc1,5.9,test,<rdkit.Chem.rdchem.Mol object at 0x7fcdd9532c00>
COc1cc2nccc(Oc3ccc(NC(=O)C4(C(=O)Nc5ccc(F)cc5)CC4)cc3)c2cc1OC.O=C(O)C[C@H](O)C(=O)O,5.9,train,<rdkit.Chem.rdchem.Mol object at 0x7fcdd9532c70>
COc1cc2nccc(Oc3ccc(NC(=O)C4(C(=O)Nc5ccc(F)cc5)CC4)cc3)c2cc1OC,5.9,train,<rdkit.Chem.rdchem.Mol object at 0x7fcdd9532ce0>
CCN1C(=O)N(c2c(F)c(OC)cc(OC)c2F)Cc2cnc3[nH]c(CN4CCOCC4)cc3c21,5.9,train,<rdkit.Chem.rdchem.Mol object at 0x7fcdd9532d50>
COc1cc(/C=C/C(=O)N2CCN(CC(=O)N3CCCC3)CC2)cc(OC)c1OC,5.91,train,<rdkit.Chem.rdchem.Mol object at 0x7fcdd9532dc0>
O=C(/C=C/c1ccc2c(c1)OCO2)N1CCN(CC(=O)N2CCCC2)CC1,5.91,train,<rdkit.Chem.rdchem.Mol object at 0x7fcdd9532e30>
CN1c2ccc(Cl)cc2C(c2ccccc2Cl)=NCC1CO,5.91,train,<rdkit.Chem.rdchem.Mol object at 0x7fcdd9532ea0>
CCCCCCC(C)NN,5.92,train,<rdkit.Chem.rdchem.Mol object at 0x7fcdd9532f80>
CN(C)c1ccc(O)cc1,5.92,train,<rdkit.Chem.rdchem.Mol object at 0x7fcdd9532ff0>
N#Cc1cc(-c2ccccc2)nnc1NCCN1CCOCC1,5.92,train,<rdkit.Chem.rdchem.Mol object at 0x7fcdd9533060>
Cc1cn(-c2cc(NC(=O)c3ccc(C)c(Nc4nccc(-c5cccnc5)n4)c3)cc(C(F)(F)F)c2)cn1,5.92,train,<rdkit.Chem.rdchem.Mol object at 0x7fcdd95330d0>
Cc1cc(Nc2cc(N3CC(F)(C4CC4)C3)nc(O[C@H]3CCN(C(=O)c4cc(Cl)ccc4F)C3)n2)n[nH]1,5.92,train,<rdkit.Chem.rdchem.Mol object at 0x7fcdd9533140>
CN1C[C@@H](c2cccc(O)c2)OC1C(C)(C)C,5.92,train,<rdkit.Chem.rdchem.Mol object at 0x7fcdd95331b0>
Cc1nc2ccccc2n1CC1CCN(C(=O)/C=C(/c2ccccc2)c2ccc(/N=N/c3ccc(O)c(C(=O)O)c3)cc2)CC1,5.92,train,<rdkit.Chem.rdchem.Mol object at 0x7fcdd9533220>
N#Cc1ccc(-c2cnc3ccc(-c4ccc(C(=O)N5CCOCC5)cc4)cn23)cc1,5.93,train,<rdkit.Chem.rdchem.Mol object at 0x7fcdd9533290>
CC1(C)SCCN(S(=O)(=O)c2ccc(Oc3ccncc3)cc2)[C@H]1C(=O)NO,5.94,train,<rdkit.Chem.rdchem.Mol object at 0x7fcdd9533300>
Nc1cc(C(F)(F)F)c(-c2cc(N3CCOCC3)nc(N3CCOCC3)n2)cn1,5.94,train,<rdkit.Chem.rdchem.Mol object at 0x7fcdd9533370>
N#CCC1CCN(c2nc(Nc3ccc(N4CCC(O)CC4)cc3)c3c(=O)[nH]ncc3n2)CC1,5.94,train,<rdkit.Chem.rdchem.Mol object at 0x7fcdd95333e0>
Cc1c[nH]c(-c2ccc(-c3ccc(NC(=O)Nc4c(F)cc(F)cc4F)cc3F)c3c2C(=O)NC3)n1,5.94,train,<rdkit.Chem.rdchem.Mol object at 0x7fcdd9533450>
CNC(=O)c1ccc(N2CCN(Cc3ccc4nc(C)c(=O)[nH]c4c3F)CC2)c(F)n1,5.94,train,<rdkit.Chem.rdchem.Mol object at 0x7fcdd95334c0>
CN(C(=O)CN(CCO)CCO)c1ccc(Cl)cc1C(=O)c1ccccc1Cl,5.95,train,<rdkit.Chem.rdchem.Mol object at 0x7fcdd9533530>
O=C(O)Cn1c(=O)c(=O)[nH]c2cc([N+](=O)[O-])c(-n3ccnc3)cc21,5.95,train,<rdkit.Chem.rdchem.Mol object at 0x7fcdd95335a0>
CNC(=O)c1ccc2cc([C@@]3(O)CCn4cncc43)ccc2c1,5.95,train,<rdkit.Chem.rdchem.Mol object at 0x7fcdd9533610>
C#Cc1cccc(-c2cc(=O)n(C)c3ccc([C@](O)(c4ccc(Cl)cc4)c4cncn4C)cc23)c1,5.95,train,<rdkit.Chem.rdchem.Mol object at 0x7fcdd9533680>
C/C(=N\NC(=O)c1cccc(S(=O)(=O)N2CCN(C)CC2)c1)c1cc(Cl)ccc1O,5.95,train,<rdkit.Chem.rdchem.Mol object at 0x7fcdd95336f0>
O=C1CCc2c(Oc3ccc4c(c3)[C@@H]3[C@H](O4)[C@H]3c3nc4cc(C(F)(F)F)ccc4[nH]3)ccnc2N1,5.97,test,<rdkit.Chem.rdchem.Mol object at 0x7fcdd9533760>
Cc1nc(Nc2ccc(F)cc2)nc(N2CCc3ccccc3C2C)c1C,5.97,train,<rdkit.Chem.rdchem.Mol object at 0x7fcdd95337d0>
Cn1cc(NC(=O)c2cc(NC(=O)c3ccc(/C=C/c4cnc5ccccc5c4)cc3)cn2C)cc1C(=O)NCCN1CCOCC1,5.97,train,<rdkit.Chem.rdchem.Mol object at 0x7fcdd9533840>
CCOc1ccn(-c2ccc(F)cc2)c(=O)c1C(=O)Nc1ccc(Oc2ccnc(N)c2Cl)c(F)c1,5.97,train,<rdkit.Chem.rdchem.Mol object at 0x7fcdd95338b0>
NC(=O)[C@H]1CCN(c2ncnc(N)c2F)C[C@@H]1N1CCC[C@@H](Nc2cc(Cl)cc(C(F)(F)F)c2)C1=O,5.97,train,<rdkit.Chem.rdchem.Mol object at 0x7fcdd9533920>
NC(=O)[C@H]1CCN(c2ncnc(N)c2F)C[C@@H]1N1CCC[C@@H](Nc2cc(Cl)cc(C(F)(F)F)c2)C1=O.O=C(O)CCC(=O)O,5.97,train,<rdkit.Chem.rdchem.Mol object at 0x7fcdd9533990>
CCCc1nn(C)c2c(=O)[nH]c(-c3cc(S(=O)(=O)N4CCN(C)CC4)ccc3OCC)nc12,5.98,test,<rdkit.Chem.rdchem.Mol object at 0x7fcdd9533a00>
CCOc1cc(N)c(Cl)cc1C(=O)NCC1CN(Cc2ccc(F)cc2)CCO1.O=C(O)CC(O)(CC(=O)O)C(=O)O,5.98,train,<rdkit.Chem.rdchem.Mol object at 0x7fcdd9533ae0>
CCOc1cc(N)c(Cl)cc1C(=O)NCC1CN(Cc2ccc(F)cc2)CCO1,5.98,train,<rdkit.Chem.rdchem.Mol object at 0x7fcdd9533b50>
CS(=O)(=O)N1CCN(Cc2cc3nc(-c4cccc5[nH]ncc45)nc(N4CCOCC4)c3s2)CC1,5.98,train,<rdkit.Chem.rdchem.Mol object at 0x7fcdd9533bc0>
CCCc1nn(C)c2c(=O)[nH]c(-c3cc(S(=O)(=O)N4CCN(C)CC4)ccc3OCC)nc12.O=C(O)CC(O)(CC(=O)O)C(=O)O,5.98,train,<rdkit.Chem.rdchem.Mol object at 0x7fcdd9533c30>
CN1CCN(c2c(F)cc3c(=O)c(C(=O)O)cn(CCF)c3c2F)CC1,5.99,test,<rdkit.Chem.rdchem.Mol object at 0x7fcdd9533ca0>
COc1cc2c(N)nc(N3CCN(C(=O)OCC(C)(C)O)CC3)nc2c(OC)c1OC,5.99,test,<rdkit.Chem.rdchem.Mol object at 0x7fcdd9533d10>
COc1cc(N)c(Cl)cc1C(=O)N1CCN(Cc2ccc3c(c2)OCO3)CC1,6.0,train,<rdkit.Chem.rdchem.Mol object at 0x7fcdd9533e60>
O=c1cc(CN2CCOCC2)c2ccc(O)cc2o1,6.0,train,<rdkit.Chem.rdchem.Mol object at 0x7fcdd9533ed0>
CCOc1ccc(Cc2nccc3cc(OCC)c(OCC)cc23)cc1OCC,6.01,train,<rdkit.Chem.rdchem.Mol object at 0x7fcdd9533f40>
COc1ccc(F)c(F)c1C(=O)c1cnc(NC2CCN(S(C)(=O)=O)CC2)nc1N,6.01,train,<rdkit.Chem.rdchem.Mol object at 0x7fcdd9534040>
Cc1nc2ccc(C(=O)N3CCC4(CC3)CC(=O)c3c(cnn3C(C)C)C4)cc2[nH]1,6.01,train,<rdkit.Chem.rdchem.Mol object at 0x7fcdd95340b0>
O=C(Nc1cnccc1Cl)N1CCN(Cc2ccc3c(c2)OC(F)(F)O3)CC1,6.01,train,<rdkit.Chem.rdchem.Mol object at 0x7fcdd9534120>
O=C(NCCN1CCOCC1)c1ccc(Cl)cc1,6.02,train,<rdkit.Chem.rdchem.Mol object at 0x7fcdd9534190>
O=C(O)c1cc(O)c2c3nc4ccccc4oc-3cc(=O)c2n1,6.02,train,<rdkit.Chem.rdchem.Mol object at 0x7fcdd9534200>
Cc1ncc(CSSCc2cnc(C)c(O)c2CO)c(CO)c1O,6.02,train,<rdkit.Chem.rdchem.Mol object at 0x7fcdd9534270>
COc1cc2ccnc(Cc3ccc(OC(=O)c4cccnc4)c(OC(=O)c4cccnc4)c3)c2cc1OC,6.02,train,<rdkit.Chem.rdchem.Mol object at 0x7fcdd95342e0>
COc1ccc(Cc2nccc3cc(OC)c(OC)cc23)cc1OC,6.03,train,<rdkit.Chem.rdchem.Mol object at 0x7fcdd9534350>
CN1CCN(c2c(F)cc3c(=O)c(C(=O)O)cn4c3c2SCC4)CC1,6.04,test,<rdkit.Chem.rdchem.Mol object at 0x7fcdd9534430>
CCCCCOc1ccccc1/C(=C\SC)n1ccnc1,6.04,train,<rdkit.Chem.rdchem.Mol object at 0x7fcdd95344a0>
O=C1OC(CN2CCOCC2)CN1/N=C/c1ccc([N+](=O)[O-])o1,6.04,train,<rdkit.Chem.rdchem.Mol object at 0x7fcdd9534510>
NS(=O)(=O)OC[C@@H]1C[C@@H](n2ccc3c(N[C@H]4CCc5ccccc54)ncnc32)C[C@@H]1O,6.04,train,<rdkit.Chem.rdchem.Mol object at 0x7fcdd9534580>
Cc1ccc(Cc2cc3c(=O)n([C@H]4CCCC[C@@H]4O)cnc3c3ccccc23)cn1,6.04,train,<rdkit.Chem.rdchem.Mol object at 0x7fcdd95345f0>
CN(CCO)C(=O)c1ccc(C(=C2CCN(Cc3cscn3)CC2)c2cccc3cccnc23)cc1,6.05,train,<rdkit.Chem.rdchem.Mol object at 0x7fcdd9534740>
CCn1cc(C(=O)O)c(=O)c2ccc(C)nc21,6.06,train,<rdkit.Chem.rdchem.Mol object at 0x7fcdd9534820>
Cc1c(CCN2CCOCC2)c(=O)oc2cc(NC(=O)N3CCOCC3)ccc12,6.06,train,<rdkit.Chem.rdchem.Mol object at 0x7fcdd9534890>
CCn1cc(C(=O)[O-])c(=O)c2ccc(C)nc21,6.06,train,<rdkit.Chem.rdchem.Mol object at 0x7fcdd9534900>
CCOc1ncc(C)c2c1[C@H](c1ccc(C#N)cc1OC)C(C(N)=O)=C(C)N2,6.06,train,<rdkit.Chem.rdchem.Mol object at 0x7fcdd9534970>
C=C(c1ccccc1OCc1cccc(Cl)c1)n1ccnc1,6.07,train,<rdkit.Chem.rdchem.Mol object at 0x7fcdd9534a50>
O=P(O)(O)C(O)(Cc1cnc2ccccn12)P(=O)(O)O,6.07,train,<rdkit.Chem.rdchem.Mol object at 0x7fcdd9534ac0>
Cc1nc2cc(C(=O)N(C)C)cc(O[C@H]3CCOc4cc(F)cc(F)c43)c2[nH]1,6.07,train,<rdkit.Chem.rdchem.Mol object at 0x7fcdd9534b30>
Cc1cc(C(N)=O)ccc1-n1c(CCC(=O)O)ccc1-c1ccc(-n2ccnc2)cc1,6.07,train,<rdkit.Chem.rdchem.Mol object at 0x7fcdd9534ba0>
CN(CCCl)CCCl,6.08,train,<rdkit.Chem.rdchem.Mol object at 0x7fcdd9534c80>
Cc1n[nH]cc1-c1cc2nc([C@@H]3CC4CCN3CC4)[nH]c(=O)c2s1,6.08,train,<rdkit.Chem.rdchem.Mol object at 0x7fcdd9534cf0>
O=C(COc1ccc(Cl)cc1)N1CCN(Cc2ccc3c(c2)OCO3)CC1,6.09,train,<rdkit.Chem.rdchem.Mol object at 0x7fcdd9534d60>
CN1CCc2cc3c(cc2C1O)OCO3,6.09,train,<rdkit.Chem.rdchem.Mol object at 0x7fcdd9534dd0>
Fc1cc(-c2ccc(/N=C3\CCCN3)c(F)c2)ccc1/N=C1\CCCN1,6.09,train,<rdkit.Chem.rdchem.Mol object at 0x7fcdd9534e40>
CN1c2ccccc2C(c2ccccc2F)=NCC1CNC(=O)c1ccsc1,6.09,train,<rdkit.Chem.rdchem.Mol object at 0x7fcdd9534eb0>
CCOc1ncc(S(=O)(=O)N2CCN(CC)CC2)cc1-c1nc(=O)c2nn(CCOC)c(CC)c2[nH]1,6.09,train,<rdkit.Chem.rdchem.Mol object at 0x7fcdd9535000>
CCOc1ncc(S(=O)(=O)N2CCN(CC)CC2)cc1-c1nc2c(CC)n(CCOC)nc2c(=O)[nH]1.O=S(=O)(O)c1ccccc1,6.09,train,<rdkit.Chem.rdchem.Mol object at 0x7fcdd9535070>
Clc1ccc(OCCO/C(=C\n2ccnc2)c2ccc(Cl)cc2Cl)cc1,6.1,train,<rdkit.Chem.rdchem.Mol object at 0x7fcdd95350e0>
COc1cc(C(=O)OC(COCCC(C)C)CN2CCOCC2)cc(OC)c1OC,6.11,train,<rdkit.Chem.rdchem.Mol object at 0x7fcdd9535150>
O=C(O)c1ccc2c(c1)C=C(n1ccnc1)CC2,6.12,train,<rdkit.Chem.rdchem.Mol object at 0x7fcdd95351c0>
O=C(O)c1c[nH]cn1,6.13,test,<rdkit.Chem.rdchem.Mol object at 0x7fcdd9535230>
CC/N=c1\cc2oc3cc(NCC)c(C)cc3c(-c3ccccc3C(=O)OCC)c-2cc1C,6.13,train,<rdkit.Chem.rdchem.Mol object at 0x7fcdd95352a0>
CN1CCN(c2c(F)cc3c(=O)c(C(=O)O)cn4c3c2OCN4C)CC1,6.13,train,<rdkit.Chem.rdchem.Mol object at 0x7fcdd9535310>
N#Cc1ccc(Cn2cncc2CN2CCN(c3cccc(Cl)c3)C(=O)C2)cc1,6.13,train,<rdkit.Chem.rdchem.Mol object at 0x7fcdd9535380>
O=C(O)/C=C\c1c[nH]cn1,6.13,train,<rdkit.Chem.rdchem.Mol object at 0x7fcdd95353f0>
O=c1[nH]c(NCc2ccc(Cl)c(Cl)c2)nc2ncn(CCN3CCOCC3)c12,6.14,test,<rdkit.Chem.rdchem.Mol object at 0x7fcdd9535460>
CCc1cc(CC[C@]2(C3CCCC3)CC(O)=C(Cc3nc4nc(C)cc(C)n4n3)C(=O)O2)cc(CC)n1,6.14,train,<rdkit.Chem.rdchem.Mol object at 0x7fcdd9535540>
COc1ccc2c(c1)[nH]c1c(C)nccc12,6.15,test,<rdkit.Chem.rdchem.Mol object at 0x7fcdd95355b0>
CN(CCO)CC(=O)N(C)c1ccc(Cl)cc1C(=O)c1ccccc1,6.15,train,<rdkit.Chem.rdchem.Mol object at 0x7fcdd9535690>
CC(C)CC(=O)Nc1cncc(-c2ccc3[nH]nc(-c4nc5cncc(-c6cccc(F)c6)c5[nH]4)c3c2)c1,6.15,train,<rdkit.Chem.rdchem.Mol object at 0x7fcdd9535700>
CC1COc2c(N3CCN(C)CC3)c(F)cc3c(=O)c(C(=O)O)cn1c23,6.16,test,<rdkit.Chem.rdchem.Mol object at 0x7fcdd9535770>
CCCCCC(/C=C/n1ccnc1)OCc1ccccc1,6.16,test,<rdkit.Chem.rdchem.Mol object at 0x7fcdd9535850>
CCCCCC(/C=C/n1ccnc1)OC(=O)c1cccnc1,6.16,train,<rdkit.Chem.rdchem.Mol object at 0x7fcdd95358c0>
COc1ccc2c(OCc3nnc4ccc(-c5ccccc5)nn34)ccnc2c1,6.17,train,<rdkit.Chem.rdchem.Mol object at 0x7fcdd9535930>
Cc1nc2ccc3ccc(CNc4ccc5c(c4)CN([C@@H](CCC(=O)O)C(=O)O)C5=O)cc3c2c(=O)[nH]1,6.17,train,<rdkit.Chem.rdchem.Mol object at 0x7fcdd95359a0>
CCc1nc2c(C)cc(-c3cn4c(n3)CCCC4)cc2n1Cc1ccc(-c2ccccc2C(=O)O)cc1,6.18,train,<rdkit.Chem.rdchem.Mol object at 0x7fcdd9535a10>
COc1ccc(C(=O)Nc2ccc(S(=O)(=O)NC(CC#CCN3CCOCC3)C(=O)O)cc2)cc1,6.18,train,<rdkit.Chem.rdchem.Mol object at 0x7fcdd9535a80>
Cc1ncc2n1-c1ccc(Cl)cc1C(c1ccccc1F)=NC2,6.19,train,<rdkit.Chem.rdchem.Mol object at 0x7fcdd9535af0>
COc1c(C)c2c(c(O)c1C/C=C(\C)CCC(=O)OCCN1CCOCC1)C(=O)OC2,6.19,train,<rdkit.Chem.rdchem.Mol object at 0x7fcdd9535b60>
Nc1ncc(-c2cc(N3C[C@@H]4C[C@H]3CO4)nc(N3CCC(F)(F)C3)n2)cc1OC(F)F,6.19,train,<rdkit.Chem.rdchem.Mol object at 0x7fcdd9535bd0>
Cc1ncc2n1-c1ccc(Cl)cc1C(c1ccccc1Cl)=NC2,6.2,train,<rdkit.Chem.rdchem.Mol object at 0x7fcdd9535c40>
CC[C@H](C)[C@@H]1C(=O)N[C@H](C2Cc3ccccc3C2)C(=O)N1[C@@H](C(=O)N1CCOCC1)c1ccc(C)nc1C,6.21,train,<rdkit.Chem.rdchem.Mol object at 0x7fcdd9535d90>
CC[C@H](C)[C@@H]1C(=O)N[C@H](C2Cc3ccccc3C2)C(=O)N1[C@@H](C(=O)N1CCOCC1)c1ccc(C)nc1C.O=S(=O)(O)c1ccccc1,6.21,train,<rdkit.Chem.rdchem.Mol object at 0x7fcdd9535e00>
CC(C)(C)c1[nH]cnc1/C=c1\[nH]c(=O)/c(=C/c2ccccc2)[nH]c1=O,6.23,train,<rdkit.Chem.rdchem.Mol object at 0x7fcdd9535ee0>
CC1=C(OCc2cccc(-c3ccccc3)c2Br)C=C(OCc2cccnc2)C(CN[C@@H](CO)C(=O)OC(C)C)C1,6.24,test,<rdkit.Chem.rdchem.Mol object at 0x7fcdd9535f50>
COc1ccc2c(=O)c(C)c(-c3ccccc3)oc2c1CN(C)C,6.24,train,<rdkit.Chem.rdchem.Mol object at 0x7fcdd9535fc0>
COc1ccc([C@H](O)CN2CCN(c3cccccc3=O)CC2)cc1OC,6.24,train,<rdkit.Chem.rdchem.Mol object at 0x7fcdd9536030>
CC(C)C[C@H](O)[C@H](O)[C@H](CC1CCCCC1)NC(=O)[C@H](Cc1cscn1)NC(=O)[C@H](Cc1ccccc1)CS(=O)(=O)N1CCN(C)CC1,6.24,train,<rdkit.Chem.rdchem.Mol object at 0x7fcdd95360a0>
N=C(NO)N/N=C/c1c(Cl)cccc1Cl,6.25,train,<rdkit.Chem.rdchem.Mol object at 0x7fcdd95361f0>
Nc1nc2cc(CC[C@H]3C[C@@H](n4ccc5c(N)ncnc54)[C@H](O)[C@@H]3O)ccc2cc1Br,6.25,train,<rdkit.Chem.rdchem.Mol object at 0x7fcdd9536260>
Clc1ccccc1C(c1ccccc1)(c1ccccc1)n1ccnc1,6.26,train,<rdkit.Chem.rdchem.Mol object at 0x7fcdd9536340>
Cc1[nH]c(=O)c(C#N)cc1-c1ccc2nccn2c1,6.26,train,<rdkit.Chem.rdchem.Mol object at 0x7fcdd9536420>
Cc1ncc(CNC(=O)N(CCCl)N=O)c(N)n1,6.26,train,<rdkit.Chem.rdchem.Mol object at 0x7fcdd9536490>
CC[N+]1(C)CCC(OC(=O)C(c2noc3ccccc23)N2CCCCCC2)CC1,6.26,train,<rdkit.Chem.rdchem.Mol object at 0x7fcdd9536500>
CC(=C(CCO)SC=CC(=O)c1ccccc1)N(C=O)Cc1cnc(C)nc1N,6.26,train,<rdkit.Chem.rdchem.Mol object at 0x7fcdd9536570>
CCCSS/C(CCO)=C(/C)N(C=O)Cc1cnc(C)nc1N,6.26,train,<rdkit.Chem.rdchem.Mol object at 0x7fcdd9536650>
CCOC(=O)OCC/C(SC(=O)OCC)=C(\C)N(C=O)Cc1cnc(C)nc1N,6.26,train,<rdkit.Chem.rdchem.Mol object at 0x7fcdd95366c0>
COC(=O)CCCCC(CCSS/C(CCO)=C(/C)N(C=O)Cc1cnc(C)nc1N)SC(C)=O,6.26,train,<rdkit.Chem.rdchem.Mol object at 0x7fcdd9536730>
CC(=O)OCC/C(SC(C)=O)=C(/C)N(C=O)Cc1cnc(C)nc1N,6.26,train,<rdkit.Chem.rdchem.Mol object at 0x7fcdd95367a0>
CC(O)C(c1ccc2c(c1)OCO2)N1CCOCC1,6.26,train,<rdkit.Chem.rdchem.Mol object at 0x7fcdd9536880>
C/C(=C1\CCOC(=O)S1)N(C=O)Cc1cnc(C)nc1N,6.26,train,<rdkit.Chem.rdchem.Mol object at 0x7fcdd95368f0>
CC(=O)OCC(=O)OCC/C(SC(=O)c1ccco1)=C(\C)N(C=O)Cc1cnc(C)nc1N,6.26,train,<rdkit.Chem.rdchem.Mol object at 0x7fcdd9536960>
CC[C@]12CCCN3CCc4c(n(c5ccccc45)C(=O)C1)[C@@H]32,6.27,test,<rdkit.Chem.rdchem.Mol object at 0x7fcdd95369d0>
C[C@@H](O)[C@H]1C(=O)N2C(C(=O)OCOC(=O)C(C)(C)C)=C(SC3CN(C4=NCCS4)C3)[C@H](C)[C@H]12,6.27,train,<rdkit.Chem.rdchem.Mol object at 0x7fcdd9536ab0>
C[C@@H]1CN[C@@H](C2CC2)C(=O)N(C)[C@H](C)C(=O)N[C@H](Cc2ccc(F)cc2)C(=O)NCCCc2ccccc2O1,6.27,train,<rdkit.Chem.rdchem.Mol object at 0x7fcdd9536b20>
Cc1cc(-c2ccccc2)nnc1NCCN1CCOCC1,6.28,train,<rdkit.Chem.rdchem.Mol object at 0x7fcdd9536b90>
Cc1cc(-c2ccc(O)cc2)nnc1NCCN1CCOCC1,6.28,train,<rdkit.Chem.rdchem.Mol object at 0x7fcdd9536c00>
COc1ccc(CN2C3CC2CN(c2ccc(-c4cc(OCC(C)(C)O)cn5ncc(C#N)c45)cn2)C3)cn1,6.28,train,<rdkit.Chem.rdchem.Mol object at 0x7fcdd9536c70>
CN(C)Cc1nnc2n1-c1ccc(Cl)cc1C(c1ccccc1)=NC2,6.3,train,<rdkit.Chem.rdchem.Mol object at 0x7fcdd9536d50>
Nc1cncc(-c2cn3ccnc3c(Nc3ccc(N4CCN(C5COC5)CC4)cc3)n2)n1,6.3,train,<rdkit.Chem.rdchem.Mol object at 0x7fcdd9536dc0>
C[C@H]1CN(C2COC2)CCN1c1ccc(Nc2cc(-c3ccnc(N4CCn5c(cc6c5CC(C)(C)C6)C4=O)c3CO)cn(C)c2=O)nc1,6.31,test,<rdkit.Chem.rdchem.Mol object at 0x7fcdd9536e30>
CCOc1ccc(CC2=NCCc3cc(OC(C)C)c(OC(C)C)cc32)cc1OCC,6.31,train,<rdkit.Chem.rdchem.Mol object at 0x7fcdd9536ea0>
Nc1nc(N)nc(-c2cc(Cl)ccc2Cl)n1,6.32,train,<rdkit.Chem.rdchem.Mol object at 0x7fcdd9536ff0>
CCCCCCCCCCCCCCN1CCN(CCN2CCN(C(=O)N(CC)CC)CC2)C1=O,6.32,train,<rdkit.Chem.rdchem.Mol object at 0x7fcdd9537060>
CCc1nc2c(C)nc(C)cc2n1-c1ccc(CCNC(=O)NS(=O)(=O)c2ccc(C)cc2)cc1,6.33,train,<rdkit.Chem.rdchem.Mol object at 0x7fcdd9537140>
CNc1ccc(/C=C/C=C/c2nc3ccc(OCC(O)C[18F])cc3s2)cn1,6.33,train,<rdkit.Chem.rdchem.Mol object at 0x7fcdd9537290>
CC(C)(C)OC(=O)N1CCN(Cc2ccn(Cc3ccc(Cl)cc3)c(=O)c2O)CC1,6.34,test,<rdkit.Chem.rdchem.Mol object at 0x7fcdd9537300>
Clc1cccc(SCCN2CCOCC2)n1,6.34,train,<rdkit.Chem.rdchem.Mol object at 0x7fcdd9537370>
C[S@+]([O-])CCOc1cc(N2CCN(CCn3c(=O)sc4c3nc(N)n3nc(-c5ccco5)nc43)CC2)c(F)cc1F,6.34,train,<rdkit.Chem.rdchem.Mol object at 0x7fcdd95373e0>
C=CC(=O)Nc1cc2c(Nc3ccc(OCc4ccccn4)c(Cl)c3)ncnc2cc1OCCN1CCOCC1,6.34,train,<rdkit.Chem.rdchem.Mol object at 0x7fcdd9537450>
Cc1cc(Nc2cc(N)ncn2)c(=O)n2c1C(=O)NC21CCCCC1,6.35,test,<rdkit.Chem.rdchem.Mol object at 0x7fcdd95374c0>
COC1(OC)CCCN2CC(c3ccccc3)N=C21,6.35,train,<rdkit.Chem.rdchem.Mol object at 0x7fcdd9537530>
c1ccc(-c2ccc(C(c3ccccc3)n3ccnc3)cc2)cc1,6.36,train,<rdkit.Chem.rdchem.Mol object at 0x7fcdd95375a0>
Clc1ccccc1C(c1ccc(-c2ccccc2)cc1)n1ccnc1,6.36,train,<rdkit.Chem.rdchem.Mol object at 0x7fcdd9537610>
Clc1cc(Cl)c2c(c1)CCc1ccccc1C2n1ccnc1,6.36,train,<rdkit.Chem.rdchem.Mol object at 0x7fcdd9537680>
Cn1cc(C(=O)[C@@H]2CCc3[nH]cnc3C2)c2ccccc21,6.36,train,<rdkit.Chem.rdchem.Mol object at 0x7fcdd95376f0>
COC(=O)C(C)c1cccc(C(c2ccccc2)n2ccnc2)c1,6.36,train,<rdkit.Chem.rdchem.Mol object at 0x7fcdd9537760>
O=C(CCn1c(CN2CCN(C/C=C/c3ccccc3)CC2)nc2ccccc21)c1ccccc1,6.36,train,<rdkit.Chem.rdchem.Mol object at 0x7fcdd95377d0>
O=C(CCn1c(CN2CCN(C/C=C/c3ccccc3)CC2)nc2ccccc21)c1ccco1,6.36,train,<rdkit.Chem.rdchem.Mol object at 0x7fcdd9537840>
N=C(N)NN=C(/C=C/c1ccc([N+](=O)[O-])o1)/C=C/c1ccc([N+](=O)[O-])o1,6.37,test,<rdkit.Chem.rdchem.Mol object at 0x7fcdd9537920>
CC[C@@H]1C(=O)OC[C@@H]1Cc1cncn1C,6.37,train,<rdkit.Chem.rdchem.Mol object at 0x7fcdd9537990>
O=C(OC(C(F)(F)F)C(F)(F)F)N1CCN(Cc2ccc(C(F)(F)F)cc2N2CCCC2)CC1,6.37,train,<rdkit.Chem.rdchem.Mol object at 0x7fcdd9537a00>
CC(C)Nc1nc2cc(Cl)c(Cl)cc2n1[C@H]1O[C@@H](CO)[C@H](O)[C@@H]1O,6.38,test,<rdkit.Chem.rdchem.Mol object at 0x7fcdd9537ae0>
CCC(C(=O)OCCN1CCOC(c2ccccc2)C1C)c1ccccc1,6.38,train,<rdkit.Chem.rdchem.Mol object at 0x7fcdd9537b50>
CC(c1noc2ccc(Cl)cc12)n1ccnc1,6.39,train,<rdkit.Chem.rdchem.Mol object at 0x7fcdd9537bc0>
CN1CCN(c2cc3c(cc2F)c(=O)c(C(=O)O)cn3-c2ccc(F)cn2)CC1,6.39,train,<rdkit.Chem.rdchem.Mol object at 0x7fcdd9537c30>
CCCCOCCOc1ccc(-c2ccc3c(c2)/C=C(/C(=O)Nc2ccc([S@@+]([O-])Cc4cncn4CCC)cc2)CCCN3CC(C)C)cc1,6.39,train,<rdkit.Chem.rdchem.Mol object at 0x7fcdd9537d10>
C=CC(=O)N[C@H]1C=C(C)c2c(-c3cnc4ccccc4c3)c3c(N)ncnc3n2C1,6.39,train,<rdkit.Chem.rdchem.Mol object at 0x7fcdd9537d80>
CCOC(=O)[C@H](C)NP(=O)(COCCn1cnc2c(NC3CC3)nc(N)nc21)N[C@@H](C)C(=O)OCC,6.4,test,<rdkit.Chem.rdchem.Mol object at 0x7fcdd9537df0>
CC1=C(C(=O)OC(C)C)C(c2cccc([N+](=O)[O-])c2)C(C(=O)OC2CN(C(c3ccccc3)c3ccccc3)C2)=C(N)N1,6.4,train,<rdkit.Chem.rdchem.Mol object at 0x7fcdd9537e60>
C[C@@H](Nc1ncnc2[nH]c(-c3ccc(O)cc3)cc12)c1ccccc1,6.4,train,<rdkit.Chem.rdchem.Mol object at 0x7fcdd9537ed0>
CC(C)COC(=O)[C@H](Cc1ccccc1)NP(=O)(COCCn1cnc2c(NC3CC3)nc(N)nc21)N[C@@H](Cc1ccccc1)C(=O)OCC(C)C,6.4,train,<rdkit.Chem.rdchem.Mol object at 0x7fcdd9537f40>
C[C@@H](c1ccc2nccn2c1)n1nnc2ncc(-c3cnn(C)c3)nc21,6.4,train,<rdkit.Chem.rdchem.Mol object at 0x7fcdd9538040>
CCOC(=O)[C@H](C)NP(=O)(COCCn1cnc2c(NC3CC3)nc(N)nc21)N[C@@H](C)C(=O)OCC.O=C(O)CCC(=O)O,6.4,train,<rdkit.Chem.rdchem.Mol object at 0x7fcdd95380b0>
O=C(NCCOC(=O)c1ccccc1Nc1ccnc2cc(Cl)ccc12)c1cccnc1,6.41,test,<rdkit.Chem.rdchem.Mol object at 0x7fcdd9538120>
O=C(NCCN1CCN(c2ncccn2)CC1)C12CC3CC(CC(C3)C1)C2,6.41,test,<rdkit.Chem.rdchem.Mol object at 0x7fcdd9538190>
O=C(OCC(O)CO)c1ccccc1Nc1ccnc2cc(Cl)ccc12,6.41,train,<rdkit.Chem.rdchem.Mol object at 0x7fcdd9538200>
Cn1c(CCCC(=O)O)nc2cc(N(CCCl)CCCl)ccc21,6.41,train,<rdkit.Chem.rdchem.Mol object at 0x7fcdd9538270>
CCCCCCCCCCCCOC(=O)CCCc1nc2cc(N(CCCl)CCCl)ccc2n1C,6.41,train,<rdkit.Chem.rdchem.Mol object at 0x7fcdd9538350>
CC(=O)N1CCN(c2ccc(OCC3COC(Cn4ccnc4)(c4ccc(Cl)cc4Cl)O3)cc2)CC1,6.42,train,<rdkit.Chem.rdchem.Mol object at 0x7fcdd95383c0>
CCOC(=O)Nc1ccc(SCC2COC(Cn3ccnc3)(c3ccc(Cl)cc3Cl)O2)cc1,6.42,train,<rdkit.Chem.rdchem.Mol object at 0x7fcdd9538430>
CN1CCN(c2cc3c(cc2F)c(=O)c(C(=O)O)cn3-c2ccc(F)cc2)CC1,6.42,train,<rdkit.Chem.rdchem.Mol object at 0x7fcdd9538510>
CC1CCc2c(N3CCN(C)CC3)c(F)cc3c(=O)c(C(=O)O)cn1c23,6.42,train,<rdkit.Chem.rdchem.Mol object at 0x7fcdd9538580>
Clc1ccc(C2(Cn3ccnc3)OCC(COc3ccc(-c4ccccc4)cc3)O2)c(Cl)c1,6.42,train,<rdkit.Chem.rdchem.Mol object at 0x7fcdd95385f0>
C#CCOC[C@H]1CO[C@](Cn2ccnc2)(c2ccc(Cl)cc2Cl)O1,6.42,train,<rdkit.Chem.rdchem.Mol object at 0x7fcdd9538660>
CCOC(=O)Nc1ccc(SCC2COC(Cn3ccnc3)(c3ccc(OC)cc3)O2)cc1,6.42,train,<rdkit.Chem.rdchem.Mol object at 0x7fcdd95386d0>
CCCn1c(=O)c2ccccc2n2c(CN3CCCCC3)nnc12,6.43,train,<rdkit.Chem.rdchem.Mol object at 0x7fcdd9538820>
CCN(CC)CC(=O)OCC(=O)[C@@]1(O)CC[C@H]2[C@@H]3CCC4=CC(=O)C=C[C@]4(C)[C@H]3[C@@H](O)C[C@@]21C,6.43,train,<rdkit.Chem.rdchem.Mol object at 0x7fcdd9538890>
C[C@H]1CN(C(=O)CC#N)[C@]12CCN(c1ncnc3[nH]ccc13)C2,6.43,train,<rdkit.Chem.rdchem.Mol object at 0x7fcdd9538900>
CCn1cc(C(=O)O)c(=O)c2cc(F)c(N3CCN(C)CC3)cc21,6.44,test,<rdkit.Chem.rdchem.Mol object at 0x7fcdd9538970>
O=C(CCCN1CCN(C(=O)OC2CCCCC2)CC1)c1ccc(F)cc1,6.44,train,<rdkit.Chem.rdchem.Mol object at 0x7fcdd95389e0>
Cn1c([N+](=O)[O-])cnc1/C=N/N1CC(CN2CCOCC2)OC1=O,6.44,train,<rdkit.Chem.rdchem.Mol object at 0x7fcdd9538a50>
O=C1O[C@@H](CN2CCOCC2)CN1/N=C/c1ccc([N+](=O)[O-])o1,6.44,train,<rdkit.Chem.rdchem.Mol object at 0x7fcdd9538ac0>
C[C@@H]1CCN(C(=O)CC#N)C[C@@H]1N(C)c1ncnc2[nH]ccc12.O=C(O)CC(O)(CC(=O)O)C(=O)O,6.44,train,<rdkit.Chem.rdchem.Mol object at 0x7fcdd9538ba0>
CNC(=O)c1cn(C[C@H](F)CCc2ccc(NC(=O)Cc3cc(OC4CC(F)(F)C4)cc(C)n3)nn2)nn1,6.44,train,<rdkit.Chem.rdchem.Mol object at 0x7fcdd9538c10>
COc1nnc2ccc(N3CCC(c4ccc(OCCN5CCN(C)C(=O)[C@H]5C)cc4)CC3)nn12,6.44,train,<rdkit.Chem.rdchem.Mol object at 0x7fcdd9538c80>
CNn1cc(C(=O)O)c(=O)c2cc(F)c(N3CCN(C)CC3)cc21,6.45,train,<rdkit.Chem.rdchem.Mol object at 0x7fcdd9538cf0>
O=C(O)C1=Cc2sc(Cn3ccnc3)cc2CC1,6.45,train,<rdkit.Chem.rdchem.Mol object at 0x7fcdd9538d60>
O=C(CCCN1CCN2Cc3[nH]c4ccccc4c3CC2C1)c1ccc(F)cc1,6.45,train,<rdkit.Chem.rdchem.Mol object at 0x7fcdd9538dd0>
O=C(CN1CCC(CN2Cc3ccccc3C2=O)CC1)c1ccc(F)cc1,6.45,train,<rdkit.Chem.rdchem.Mol object at 0x7fcdd9538eb0>
CCNC(=O)[C@H]1O[C@@H](n2cnc3c(NCC(c4ccccc4)c4ccccc4)nc(C(=O)NCCNC(=O)NC4CCN(c5ccccn5)CC4)nc32)[C@H](O)[C@@H]1O,6.45,train,<rdkit.Chem.rdchem.Mol object at 0x7fcdd9538f20>
Cc1c(Cn2ccnc2)c2ccccc2n1CCC(=O)O,6.46,train,<rdkit.Chem.rdchem.Mol object at 0x7fcdd9539000>
COc1ccc(C(=O)c2c(C)n(CCN3CCOCC3)c3ccccc23)cc1,6.46,train,<rdkit.Chem.rdchem.Mol object at 0x7fcdd9539070>
CCOc1cc(OCC)cc(OCCN2CCOCC2)c1,6.46,train,<rdkit.Chem.rdchem.Mol object at 0x7fcdd95390e0>
C[C@@H]1CN(Cc2ccc(F)cc2)CCN1C(=O)COc1ccc(Cl)cc1NC(N)=O,6.46,train,<rdkit.Chem.rdchem.Mol object at 0x7fcdd9539150>
CC(C)=CCN1Cc2c(Cl)ccc3[nH]c(=S)n(c23)C[C@@H]1C,6.46,train,<rdkit.Chem.rdchem.Mol object at 0x7fcdd95391c0>
CC(C)(C(=O)NC1C2CC3CC1CC(C(N)=O)(C3)C2)N1CCN(c2ccc(C(F)(F)F)cn2)CC1,6.46,train,<rdkit.Chem.rdchem.Mol object at 0x7fcdd9539230>
Cc1c(/C=C2\C(=O)Nc3ccc(F)cc32)[nH]c2c1C(=O)N(C[C@H](O)CN1CCOCC1)CCC2,6.46,train,<rdkit.Chem.rdchem.Mol object at 0x7fcdd95392a0>
CN(C)C(C(=O)Nc1ccc2c(=O)[nH]ccc2c1)c1ccsc1,6.46,train,<rdkit.Chem.rdchem.Mol object at 0x7fcdd9539310>
Cc1[nH]cnc1-c1ccc(Cl)cc1,6.47,train,<rdkit.Chem.rdchem.Mol object at 0x7fcdd9539380>
O=C(O)/C=C/c1ccc(Cn2ccnc2)cc1,6.47,train,<rdkit.Chem.rdchem.Mol object at 0x7fcdd95393f0>
Cc1ncc([N+](=O)[O-])n1CC(O)CN1CCOCC1,6.47,train,<rdkit.Chem.rdchem.Mol object at 0x7fcdd9539460>
CCNC(=O)[C@H]1C[C@@H](n2ccc3c(N[C@H](CC)Cc4sccc4Cl)ncnc32)[C@H](O)[C@@H]1O,6.47,train,<rdkit.Chem.rdchem.Mol object at 0x7fcdd95394d0>
Cc1ncc(C[n+]2csc(CCOP(=O)(O)OP(=O)(O)O)c2C)c(N)n1,6.48,test,<rdkit.Chem.rdchem.Mol object at 0x7fcdd9539540>
Clc1ccc(COC(Cn2ccnc2)c2ccc(Cl)cc2Cl)c(Cl)c1,6.48,test,<rdkit.Chem.rdchem.Mol object at 0x7fcdd95395b0>
Clc1ccc(COC(Cn2ccnc2)c2ccc(Cl)cc2Cl)cc1,6.48,train,<rdkit.Chem.rdchem.Mol object at 0x7fcdd9539690>
Clc1ccc(C(Cn2ccnc2)OCc2c(Cl)cccc2Cl)c(Cl)c1,6.48,train,<rdkit.Chem.rdchem.Mol object at 0x7fcdd9539700>
Clc1ccc(C(Cn2ccnc2)OCc2ccsc2Cl)c(Cl)c1,6.48,train,<rdkit.Chem.rdchem.Mol object at 0x7fcdd9539770>
Clc1ccc(C(Cn2ccnc2)OCc2ccc(Sc3ccccc3)cc2)c(Cl)c1,6.48,train,<rdkit.Chem.rdchem.Mol object at 0x7fcdd9539850>
OC(Cn1ccnc1)c1ccc(CCc2ccccc2)cc1,6.48,train,<rdkit.Chem.rdchem.Mol object at 0x7fcdd95398c0>
Clc1ccc(C(Cn2ccnc2)OCc2csc3c(Cl)cccc23)c(Cl)c1,6.48,train,<rdkit.Chem.rdchem.Mol object at 0x7fcdd95399a0>
Clc1ccc(OCCCOC(Cn2ccnc2)c2ccc(Cl)cc2Cl)cc1,6.48,train,<rdkit.Chem.rdchem.Mol object at 0x7fcdd9539a10>
Clc1ccc([C@H](Cn2ccnc2)OCc2csc3c(Cl)cccc23)c(Cl)c1,6.48,train,<rdkit.Chem.rdchem.Mol object at 0x7fcdd9539a80>
Cc1nc[nH]c1CN1CCN(C(=O)N[C@@H](CC(C)C)C(=O)O)[C@@H](Cc2ccccc2)C1=O,6.48,train,<rdkit.Chem.rdchem.Mol object at 0x7fcdd9539af0>
FC(F)(F)c1ccc(COC(Cn2ccnc2)c2ccc(Cl)cc2Cl)cc1,6.48,train,<rdkit.Chem.rdchem.Mol object at 0x7fcdd9539b60>
CC(C)(C)C(=O)C(Oc1ccc(Cl)cc1)n1ccnc1,6.49,train,<rdkit.Chem.rdchem.Mol object at 0x7fcdd9539cb0>
O=C(O)c1ccc(OCCn2ccnc2)cc1,6.49,train,<rdkit.Chem.rdchem.Mol object at 0x7fcdd9539d20>
O=C(O)C1CCc2cc(OCCn3ccnc3)ccc21,6.49,train,<rdkit.Chem.rdchem.Mol object at 0x7fcdd9539d90>
CCc1cc2cc(OC)c(OC)cc2c(Cc2ccccc2)n1,6.49,train,<rdkit.Chem.rdchem.Mol object at 0x7fcdd9539e00>
CN1c2cc(F)ccc2C(c2ccccc2)=NCC1CNC(=O)c1ccoc1,6.5,test,<rdkit.Chem.rdchem.Mol object at 0x7fcdd9539e70>
COC(=O)c1c2n(c3ccccc13)Cc1ccccc1N1CCN(C)CC21,6.5,train,<rdkit.Chem.rdchem.Mol object at 0x7fcdd9539ee0>
CC[C@]12C=CCN3CCc4c(n(c5ccccc45)C(COC(=O)c4cc(OC)c(OC)c(OC)c4)=C1)[C@@H]32,6.5,train,<rdkit.Chem.rdchem.Mol object at 0x7fcdd9539fc0>
CC(C)(C)OC(=O)NCCN1CC2CN(CCOc3ccc(C#N)cc3F)CC(C1)O2,6.5,train,<rdkit.Chem.rdchem.Mol object at 0x7fcdd953a030>
Clc1ccc(CSC(Cn2ccnc2)c2ccc(Cl)cc2Cl)cc1,6.51,train,<rdkit.Chem.rdchem.Mol object at 0x7fcdd953a0a0>
Cc1cn(-c2cc(C)c3[nH]c(=O)ccc3c2)c(C)n1,6.51,train,<rdkit.Chem.rdchem.Mol object at 0x7fcdd953a1f0>
Brc1ccc(C(Cn2ccnc2)c2ccccc2)cc1,6.51,train,<rdkit.Chem.rdchem.Mol object at 0x7fcdd953a260>
Fc1ccc2c(c1)C(OCc1c(F)cccc1F)C(Cn1ccnc1)S2,6.51,train,<rdkit.Chem.rdchem.Mol object at 0x7fcdd953a2d0>
CCCc1c2nc(C(=O)O)cc(NC)c2cc2c(=O)cc(C(=O)O)oc12,6.52,train,<rdkit.Chem.rdchem.Mol object at 0x7fcdd953a3b0>
CNC(=S)NCCSCc1[nH]cnc1C,6.53,train,<rdkit.Chem.rdchem.Mol object at 0x7fcdd953a500>
CC(C)(C(=O)N1CCOCC1)S(=O)(=O)C[C@@H](Cc1ccccc1)C(=O)N[C@@H](Cc1c[nH]cn1)C(=O)N[C@@H](CC1CCCCC1)[C@@H](O)[C@@H](O)C1CC1,6.53,train,<rdkit.Chem.rdchem.Mol object at 0x7fcdd953a570>
CC[C@@]1(OC(=O)[C@@H](NC(=O)[C@H](Cc2c[nH]cn2)NC(=S)Nc2ccc(O[C@H]3O[C@@H](C)[C@@H](O)[C@@H](OC)[C@@H]3O)cc2)C(C)C)C(=O)OCc2c1cc1n(c2=O)Cc2cc3ccccc3nc2-1,6.53,train,<rdkit.Chem.rdchem.Mol object at 0x7fcdd953a5e0>
Cc1c(Nc2c(F)ccc(NS(=O)(=O)CCCF)c2Cl)ccc2ncn(C)c(=O)c12,6.53,train,<rdkit.Chem.rdchem.Mol object at 0x7fcdd953a650>
Cc1cccc(C(C)c2c[nH]cn2)c1C,6.54,train,<rdkit.Chem.rdchem.Mol object at 0x7fcdd953a6c0>
Cc1ccc(Oc2ccccc2-c2csc(N=C3NCCCN3)n2)c(C)c1,6.54,train,<rdkit.Chem.rdchem.Mol object at 0x7fcdd953a730>
CN/C(=C\[N+](=O)[O-])NCCSCc1csc(CN(C)C)n1,6.54,train,<rdkit.Chem.rdchem.Mol object at 0x7fcdd953a7a0>
Cc1cccc([C@H](C)c2c[nH]cn2)c1C,6.54,train,<rdkit.Chem.rdchem.Mol object at 0x7fcdd953a880>
COc1ccc(CNc2nc(N3CCC[C@H]3CO)ncc2C(=O)NCc2ncccn2)cc1Cl,6.54,train,<rdkit.Chem.rdchem.Mol object at 0x7fcdd953a8f0>
O=C1Nc2cc(Cl)ccc2N(C(=O)CN(CCO)CCO)c2ccccc21,6.55,test,<rdkit.Chem.rdchem.Mol object at 0x7fcdd953a960>
CCn1nnc([C@H]2O[C@@H](n3cnc4c(N)nc(N[C@H](CO)Cc5ccccc5)nc43)[C@H](O)[C@@H]2O)n1,6.55,train,<rdkit.Chem.rdchem.Mol object at 0x7fcdd953a9d0>
O=C(O)CCCC(=O)NCCc1c[nH]cn1,6.55,train,<rdkit.Chem.rdchem.Mol object at 0x7fcdd953aa40>
Cc1[nH]c(/C=C2\C(=O)Nc3ccc(F)cc32)c(C)c1C(=O)NC[C@H](O)CN1CCOCC1,6.55,train,<rdkit.Chem.rdchem.Mol object at 0x7fcdd953aab0>
O=C(CCCCCCCCCCNC(=O)[C@H](O)[C@@H](O)[C@H](O)[C@H](O)CO)Nc1ccccc1[C@@H](Nc1ccccn1)[C@H](c1ccccn1)[C@H](O)c1ccccc1,6.55,train,<rdkit.Chem.rdchem.Mol object at 0x7fcdd953ab20>
O=C(NCCN1CCN(c2cccc3c2OC[C@H](CO)O3)CC1)c1ccc(F)cc1,6.56,train,<rdkit.Chem.rdchem.Mol object at 0x7fcdd953ac00>
N=C(NC(N)=O)Nc1c(Cl)cccc1Cl,6.57,test,<rdkit.Chem.rdchem.Mol object at 0x7fcdd953ac70>
CCC1(c2c[nH]cn2)Cc2ccc(F)cc2C1,6.57,train,<rdkit.Chem.rdchem.Mol object at 0x7fcdd953ad50>
CN(C)CC(=O)OC[C@@H](O)[C@@H](O)[C@H](O)[C@@H](O)C(=O)O,6.58,test,<rdkit.Chem.rdchem.Mol object at 0x7fcdd953adc0>
OCc1cccc(Cc2c[nH]cn2)c1O,6.58,train,<rdkit.Chem.rdchem.Mol object at 0x7fcdd953ae30>
O=C1c2ccccc2S(=O)(=O)N1CCCN1CCN(c2ncccn2)CC1,6.58,train,<rdkit.Chem.rdchem.Mol object at 0x7fcdd953aea0>
CCCCCCSc1nsnc1C1=CCCN(C)C1,6.58,train,<rdkit.Chem.rdchem.Mol object at 0x7fcdd953af10>
CC(C)OCc1ccc2c(c1)c1c3c(c4c(c1n2CCCOC(=O)CN(C)C)Cc1ccccc1-4)C(=O)NC3,6.58,train,<rdkit.Chem.rdchem.Mol object at 0x7fcdd953af80>
CN1CC[C@]2(C)c3cc(OC(=O)Nc4ccccc4)ccc3N(C)[C@H]12,6.58,train,<rdkit.Chem.rdchem.Mol object at 0x7fcdd953aff0>
CCCCCCSc1nsnc1C1=CCCN(C)C1.O=C(O)CC(O)(CC(=O)O)C(=O)O,6.58,train,<rdkit.Chem.rdchem.Mol object at 0x7fcdd953b060>
C[C@H]1Cc2c([nH]c3cc(Cl)c(F)cc23)[C@@]2(N1)C(=O)Nc1ccc(Cl)cc12,6.58,train,<rdkit.Chem.rdchem.Mol object at 0x7fcdd953b0d0>
CNC(=O)Oc1ccc2c(c1)[C@@]1(C)CCN(C)[C@@H]1N2C,6.59,test,<rdkit.Chem.rdchem.Mol object at 0x7fcdd953b140>
CNC(=O)Oc1ccc2c(c1)[C@]1(C)CCN(C)[C@@H]1N2C.CNC(=O)Oc1ccc2c(c1)[C@]1(C)CCN(C)[C@@H]1N2C,6.59,test,<rdkit.Chem.rdchem.Mol object at 0x7fcdd953b1b0>
CNC(=O)Oc1ccc2c(c1)[C@]1(C)CCN(C)[C@@H]1N2C.O=C(O)c1ccccc1O,6.59,train,<rdkit.Chem.rdchem.Mol object at 0x7fcdd953b220>
CCCCCCCNC(=O)Oc1ccc2c(c1)[C@]1(C)CCN(C)[C@@H]1N2C,6.59,train,<rdkit.Chem.rdchem.Mol object at 0x7fcdd953b290>
[2H]C([2H])([2H])NC(=O)c1cnc(NC(=O)C2CC2)cc1Nc1cccc(-c2ncc(F)cn2)c1OC,6.59,train,<rdkit.Chem.rdchem.Mol object at 0x7fcdd953b370>
CCN(CC)Cc1nccn1-c1ccc([N+](=O)[O-])cc1C(=O)c1ccccc1Cl,6.6,train,<rdkit.Chem.rdchem.Mol object at 0x7fcdd953b3e0>
CC[C@]12CCCN3CCc4c(n(c5cc(Br)ccc45)[C@@](O)(C(=O)OC)C1)[C@@H]32,6.6,train,<rdkit.Chem.rdchem.Mol object at 0x7fcdd953b450>
CC(C)(/C=C(\C#N)C(=O)N1CCC[C@@H](n2nc(-c3ccc(Oc4ccccc4)cc3F)c3c(N)ncnc32)C1)N1CCN(C2COC2)CC1,6.6,train,<rdkit.Chem.rdchem.Mol object at 0x7fcdd953b4c0>
C=CC(=O)N1C[C@H](Nc2ncnc3[nH]ccc23)CC[C@@H]1C,6.6,train,<rdkit.Chem.rdchem.Mol object at 0x7fcdd953b530>
CO[C@@H]1CCN(c2nccc(Nc3cc4c(C(C)C)ccc(N5C[C@H](CS(C)(=O)=O)[C@H]5C)c4cn3)n2)C[C@@H]1F,6.6,train,<rdkit.Chem.rdchem.Mol object at 0x7fcdd953b5a0>
Cc1cccc(C)c1CNc1cc(C(=O)NCCO)cn2c(C)c(C)nc12,6.61,train,<rdkit.Chem.rdchem.Mol object at 0x7fcdd953b680>
CCOc1cc2c(c(F)c1OCC)C(=N)N(CC(=O)c1cc(N3CCOCC3)c(OC)c(C(C)(C)C)c1)C2,6.61,train,<rdkit.Chem.rdchem.Mol object at 0x7fcdd953b6f0>
CC(C)(C)c1cc(NC(=O)Nc2ccc(-c3cn4c(n3)sc3cc(OCCN5CCOCC5)ccc34)cc2)no1,6.61,train,<rdkit.Chem.rdchem.Mol object at 0x7fcdd953b760>
Cc1cccc(C)c1CNc1cc(C(=O)NCCOC(=O)CCCC(=O)O)cn2c(C)c(C)nc12,6.61,train,<rdkit.Chem.rdchem.Mol object at 0x7fcdd953b7d0>
Cc1cccc(Cc2c[nH]cn2)c1C,6.62,train,<rdkit.Chem.rdchem.Mol object at 0x7fcdd953b840>
CC(C)(C)CCC#C[C@@H]1C[C@H]1c1c[nH]cn1,6.62,train,<rdkit.Chem.rdchem.Mol object at 0x7fcdd953b8b0>
Cc1c(Cn2c(C)nc3c(C(=O)O)cc(N4CCOCC4)cc32)cccc1C(F)(F)F,6.62,train,<rdkit.Chem.rdchem.Mol object at 0x7fcdd953b920>
O=C(Cc1ccc(-c2ccc(OCCN3CCOCC3)cc2)cn1)NCc1ccccc1,6.63,train,<rdkit.Chem.rdchem.Mol object at 0x7fcdd953ba00>
CCCCCCCCCNc1ncnc2[nH]ccc12,6.64,train,<rdkit.Chem.rdchem.Mol object at 0x7fcdd953ba70>
COc1ccc2c(c1)/C(=C/c1cnc[nH]1)C(=O)N2,6.64,train,<rdkit.Chem.rdchem.Mol object at 0x7fcdd953bae0>
Clc1ccc(C(OCCN2CCOCC2)c2ccccc2)cc1,6.64,train,<rdkit.Chem.rdchem.Mol object at 0x7fcdd953bbc0>
CNc1nc(N)nc2c1ncn2[C@@H]1O[C@H](COP(=O)(N[C@@H](C)C(=O)OC(C)C)Oc2ccccc2)[C@@H](O)[C@@]1(C)F,6.65,train,<rdkit.Chem.rdchem.Mol object at 0x7fcdd953bca0>
Cc1cc(=O)oc2cc(OCCN3CCOCC3)cc(OCCN3CCOCC3)c12,6.66,train,<rdkit.Chem.rdchem.Mol object at 0x7fcdd953bd80>
C/C(=C\c1ccc(OCCN2CCOCC2)cc1)c1ccc2c(c1)C(C)(C)CCC2(C)C,6.66,train,<rdkit.Chem.rdchem.Mol object at 0x7fcdd953be60>
CCc1cc2ncc(CN3CCN(c4ccc(C(=O)NC)nc4)CC3)cc2[nH]c1=O,6.66,train,<rdkit.Chem.rdchem.Mol object at 0x7fcdd953bed0>
COc1ccc(Cl)c(C(=O)N2C3CCC2CN(Cc2c(-c4ccc(C(C)C)cc4)nc4ncccn24)C3)n1,6.67,test,<rdkit.Chem.rdchem.Mol object at 0x7fcdd953c040>
CN1CCN2c3ncccc3Cc3ccccc3C2C1,6.67,train,<rdkit.Chem.rdchem.Mol object at 0x7fcdd953c0b0>
CN1CCN2c3ncccc3Cc3ccccc3[C@H]2C1,6.67,train,<rdkit.Chem.rdchem.Mol object at 0x7fcdd953c120>
CCOc1ccc2nc(SCCN3CCOCC3)[nH]c2c1,6.67,train,<rdkit.Chem.rdchem.Mol object at 0x7fcdd953c190>
CSCC1CN(C)C2Cc3c[nH]c4cccc(c34)C2O1,6.67,train,<rdkit.Chem.rdchem.Mol object at 0x7fcdd953c200>
CN1CC[C@@H](NC(=O)Nc2ccc(C#N)cc2)C[C@@H]1c1nc2ccccc2[nH]1,6.67,train,<rdkit.Chem.rdchem.Mol object at 0x7fcdd953c270>
O=C(c1ccc(Nc2ccnc3cc(C(F)(F)F)ccc23)cc1)N1CCN(S(=O)(=O)c2ccc(F)cc2)CC1,6.68,test,<rdkit.Chem.rdchem.Mol object at 0x7fcdd953c2e0>
O=P(O)(O)C(O)(Cn1ccnc1)P(=O)(O)O,6.68,test,<rdkit.Chem.rdchem.Mol object at 0x7fcdd953c350>
CCn1ccnc1CC1COc2ccccc2O1,6.68,train,<rdkit.Chem.rdchem.Mol object at 0x7fcdd953c3c0>
O=C(CN1C(=O)C2(CCCC2)NC[C@H]1c1cc(F)cc(F)c1)Nc1ccc2c(c1)C[C@@]1(C2)C(=O)Nc2ncccc21,6.68,train,<rdkit.Chem.rdchem.Mol object at 0x7fcdd953c430>
O=P([O-])(O)C(O)(Cn1ccnc1)P(=O)([O-])O,6.68,train,<rdkit.Chem.rdchem.Mol object at 0x7fcdd953c4a0>
N#CCC1(n2cc(-c3ncnc4[nH]ccc34)cn2)CN(C2CCN(C(=O)c3ccnc(C(F)(F)F)c3F)CC2)C1,6.68,train,<rdkit.Chem.rdchem.Mol object at 0x7fcdd953c510>
N#CCC1(n2cc(-c3ncnc4[nH]ccc34)cn2)CN(C2CCN(C(=O)c3ccnc(C(F)(F)F)c3F)CC2)C1.O=C(O)CCCCC(=O)O,6.68,train,<rdkit.Chem.rdchem.Mol object at 0x7fcdd953c580>
N=C(N)NC(=O)c1cnn(-c2cccc3ncccc23)c1C1CC1,6.69,test,<rdkit.Chem.rdchem.Mol object at 0x7fcdd953c5f0>
Cc1nc2cc(C(c3ccccc3)n3ccnc3)ccc2[nH]1,6.69,train,<rdkit.Chem.rdchem.Mol object at 0x7fcdd953c660>
COc1ccc2[nH]c(SCc3ncc(C)c(OC)c3C)nc2c1,6.69,train,<rdkit.Chem.rdchem.Mol object at 0x7fcdd953c6d0>
CC(C)c1nc(CN(C)C(=O)N[C@@H](CCN2CCOCC2)C(=O)N[C@H](CC[C@H](Cc2ccccc2)NC(=O)OCc2cncs2)Cc2ccccc2)cs1,6.69,train,<rdkit.Chem.rdchem.Mol object at 0x7fcdd953c740>
Nc1nn2cc(F)cnc2c1C(=O)Nc1cncc(F)c1N1CCC(C(=O)N2CCN(C3COC3)CC2)CC1,6.69,train,<rdkit.Chem.rdchem.Mol object at 0x7fcdd953c7b0>
COc1cc(NCCNC(=O)/C=C/C(C)(F)F)ccn1,6.69,train,<rdkit.Chem.rdchem.Mol object at 0x7fcdd953c820>
CCCCCCOc1nsnc1C1=CCCN(C)C1,6.7,test,<rdkit.Chem.rdchem.Mol object at 0x7fcdd953c890>
CC[C@]12CCCN3CCc4c(n(c5ccccc45)[C@@](O)(C(=O)OC)C1)[C@@H]32,6.7,train,<rdkit.Chem.rdchem.Mol object at 0x7fcdd953c900>
COc1ccc2c(c1OC)C(=O)O[C@@H]2[C@H]1c2cc3c(cc2CCN1C)OCO3,6.7,train,<rdkit.Chem.rdchem.Mol object at 0x7fcdd953c9e0>
COc1ccc(CN2CCN(CCOC(=O)c3cccnc3)CC2)c(OC)c1OC,6.7,train,<rdkit.Chem.rdchem.Mol object at 0x7fcdd953cac0>
c1ccc(OCC2=Nc3cnccc3NN2)cc1,6.71,train,<rdkit.Chem.rdchem.Mol object at 0x7fcdd953cba0>
COC(=O)[C@@H]1c2cc3c(c(O)c2[C@@H](O[C@@H]2O[C@@H](C)[C@H](OC)[C@@](C)(OC)[C@H]2OC)C[C@]1(C)O)C(=O)c1c(O)cc2c(c1C3=O)O[C@@H]1O[C@@]2(C)[C@H](O)[C@@H](N(C)C)[C@@H]1O,6.71,train,<rdkit.Chem.rdchem.Mol object at 0x7fcdd953cc10>
C[C@@](C(=O)O[C@H]1C[N+]2(CCc3ccc(F)cc3)CCC1CC2)(c1ccccc1)N1CCCCC1,6.71,train,<rdkit.Chem.rdchem.Mol object at 0x7fcdd953cc80>
CN1C[C@@H]2C[C@H]1CN2c1cc2c(cc1F)c(=O)c(C(=O)O)cn2C1CC1,6.72,test,<rdkit.Chem.rdchem.Mol object at 0x7fcdd953ccf0>
CN1CCN(C(=O)c2cc(S(=O)(=O)N(C)C)ccc2N)CC1,6.72,train,<rdkit.Chem.rdchem.Mol object at 0x7fcdd953cd60>
CNc1ncc(-c2ccc3c(=O)c(C(=O)O)cn(C4CC4)c3c2C)cc1C,6.72,train,<rdkit.Chem.rdchem.Mol object at 0x7fcdd953cdd0>
c1cnc(N2CCN(Cc3ccc4c(c3)OCO4)CC2)nc1,6.73,test,<rdkit.Chem.rdchem.Mol object at 0x7fcdd953ceb0>
CCOC(=O)Nc1ccc2c(c1)N(C(=O)CCN1CCOCC1)c1ccccc1S2,6.73,train,<rdkit.Chem.rdchem.Mol object at 0x7fcdd953cf20>
O=C(Cn1ccnc1)c1ccc2ccccc2c1,6.73,train,<rdkit.Chem.rdchem.Mol object at 0x7fcdd953cf90>
NC(=O)[C@@H]1CCCN1C(=O)[C@H](Cc1cnc[nH]1)NC(=O)c1cc(=O)[nH]c(=O)[nH]1,6.73,train,<rdkit.Chem.rdchem.Mol object at 0x7fcdd953d000>
CN(C)Cc1nccn1-c1ccc(NC(=O)c2cc(C(F)(F)F)nn2-c2ccc3onc(N)c3c2)c(F)c1,6.73,train,<rdkit.Chem.rdchem.Mol object at 0x7fcdd953d070>
O=C(C(c1ccccc1)c1ccccc1)N1CCN(CC(O)COc2cccc3ncccc23)CC1,6.73,train,<rdkit.Chem.rdchem.Mol object at 0x7fcdd953d0e0>
Oc1ccc2c(c1)C(Cc1c[nH]cn1)CC2,6.73,train,<rdkit.Chem.rdchem.Mol object at 0x7fcdd953d150>
COC[C@@]1(O)CC[C@@]2(C)[C@@H](CC[C@@H]3[C@@H]2CC[C@]2(C)[C@@H](C(=O)Cn4ccnc4)CC[C@@H]32)C1,6.73,train,<rdkit.Chem.rdchem.Mol object at 0x7fcdd953d1c0>
CCC(CC)COC(=O)[C@@H]1C[C@H]2C[C@@H](Oc3cccc(Cl)c3-c3nnn[nH]3)CC[C@H]2CN1,6.73,train,<rdkit.Chem.rdchem.Mol object at 0x7fcdd953d230>
Cc1nc2ccc(-n3ncc(C(=O)c4cc5ccccc5[nH]4)c3N)cc2[nH]1,6.73,train,<rdkit.Chem.rdchem.Mol object at 0x7fcdd953d2a0>
C[C@@H]1CN(Cc2ncccn2)C[C@H]1c1nc2c(cnn2C2CCOCC2)c(=O)[nH]1,6.73,train,<rdkit.Chem.rdchem.Mol object at 0x7fcdd953d310>
Clc1ccc(CO/N=C(\Cn2ccnc2)c2ccc(Cl)cc2Cl)c(Cl)c1,6.74,train,<rdkit.Chem.rdchem.Mol object at 0x7fcdd953d380>
Clc1ccc(/C(Cn2ccnc2)=N/Nc2c(Cl)cccc2Cl)s1,6.74,train,<rdkit.Chem.rdchem.Mol object at 0x7fcdd953d3f0>
O=C(CCCN1CC=C(n2c(=O)[nH]c3ccccc32)CC1)c1ccc(F)cc1,6.75,test,<rdkit.Chem.rdchem.Mol object at 0x7fcdd953d460>
CNc1nc(Cl)c(SC)c(N2CCN(C)CC2)n1,6.76,test,<rdkit.Chem.rdchem.Mol object at 0x7fcdd953d5b0>
COc1cccc(C(=O)Nc2ccc(OCCN3CCOCC3)c(-c3ccnn3C)c2)c1,6.76,train,<rdkit.Chem.rdchem.Mol object at 0x7fcdd953d770>
COc1cc(C(C)C)c(Oc2cnc(N)nc2N)cc1S(N)(=O)=O,6.76,train,<rdkit.Chem.rdchem.Mol object at 0x7fcdd953d7e0>
FC(F)(F)c1ccc(CNc2ccc(Cc3c[nH]c4ncc(Cl)cc34)cn2)cn1,6.76,train,<rdkit.Chem.rdchem.Mol object at 0x7fcdd953d850>
Cc1c(CN2CCN(C(=O)[C@H](C)O)CC2)sc2c(N3CCOCC3)nc(-c3cnc(N)nc3)nc12,6.76,train,<rdkit.Chem.rdchem.Mol object at 0x7fcdd953d8c0>
COc1ccccc1OCC(O)CN1CCN(CC(=O)Nc2c(C)cccc2C)CC1,6.77,train,<rdkit.Chem.rdchem.Mol object at 0x7fcdd953da10>
CC(C)(C)C(=O)C(Cn1ccnc1)Oc1ccc(Cl)cc1Cl,6.77,train,<rdkit.Chem.rdchem.Mol object at 0x7fcdd953da80>
O=C(OCCn1ccnc1)c1ccccc1,6.77,train,<rdkit.Chem.rdchem.Mol object at 0x7fcdd953daf0>
COc1ccccc1OC[C@H](O)CN1CCN(CC(=O)Nc2c(C)cccc2C)CC1,6.77,train,<rdkit.Chem.rdchem.Mol object at 0x7fcdd953db60>
Cc1ccc(-n2nc(C(C)(C)C)cc2NC(=O)Nc2ccc(OCCN3CCOCC3)c3ccccc23)cc1,6.78,train,<rdkit.Chem.rdchem.Mol object at 0x7fcdd953dbd0>
Cn1cc(Nc2nccc(-c3ccc4c(c3)CN(C3COC3)CC[C@H]4NC(=O)c3cn(C(C)(C)C)nn3)n2)cn1,6.78,train,<rdkit.Chem.rdchem.Mol object at 0x7fcdd953dc40>
O=C(NCCN1CCC(n2c(=O)[nH]c3cc(Cl)ccc32)CC1)c1ccc(F)cc1,6.8,train,<rdkit.Chem.rdchem.Mol object at 0x7fcdd953dd20>
C=CC(=O)N1CCN(CCCn2c(=O)c(-c3c(Cl)c(OC)cc(OC)c3Cl)cc3cnc(NC)nc32)CC1,6.8,train,<rdkit.Chem.rdchem.Mol object at 0x7fcdd953de00>
Cc1[nH]cnc1CN1CCc2c(c3cccc(F)c3n2C)C1=O,6.81,train,<rdkit.Chem.rdchem.Mol object at 0x7fcdd953dee0>
CN(C)Cc1nc(-c2ncn3c2CN(C)C(=O)c2c(Cl)cccc2-3)no1,6.81,train,<rdkit.Chem.rdchem.Mol object at 0x7fcdd953df50>
CC(C)Nc1cccnc1N1CCN(C(=O)c2cc3cc(NS(C)(=O)=O)ccc3[nH]2)CC1,6.82,train,<rdkit.Chem.rdchem.Mol object at 0x7fcdd953dfc0>
CCN1CCc2c3n(c4ccccc24)C(C(=O)OC)=CCC31,6.82,train,<rdkit.Chem.rdchem.Mol object at 0x7fcdd953e030>
COC(=O)c1c(C)[nH]c2c(OC(=O)N3CCN(C)CC3)cc3c(c12)[C@H](CBr)CN3C(=O)c1cc2cc(OC)c(OC)c(OC)c2[nH]1,6.82,train,<rdkit.Chem.rdchem.Mol object at 0x7fcdd953e0a0>
OC1CCC(Nc2nc(-c3ccccc3)nc3[nH]ccc23)CC1,6.82,train,<rdkit.Chem.rdchem.Mol object at 0x7fcdd953e110>
CN(C)C(=O)OCCN1CCN(CCCC(=O)c2cccs2)CC1,6.83,test,<rdkit.Chem.rdchem.Mol object at 0x7fcdd953e1f0>
O=C(Nc1c[nH]nc1-c1nc2ccc(CN3CCOCC3)cc2[nH]1)NC1CC1,6.83,test,<rdkit.Chem.rdchem.Mol object at 0x7fcdd953e260>
CCN(CC)CC(=O)Oc1ccc(NC(C)=O)cc1,6.83,train,<rdkit.Chem.rdchem.Mol object at 0x7fcdd953e2d0>
O=C(CCCC(=O)NCCc1ncc[nH]1)NCCc1ncc[nH]1,6.83,train,<rdkit.Chem.rdchem.Mol object at 0x7fcdd953e340>
O=C(Cn1c(=O)sc2ccc(Cl)cc21)N1CCN(CCO)CC1,6.84,train,<rdkit.Chem.rdchem.Mol object at 0x7fcdd953e3b0>
CCOC(=O)C1=C(C)N(CCN2CCOCC2)C(C)=C(C(=O)OCC)C1c1ccccc1C(F)(F)F,6.85,train,<rdkit.Chem.rdchem.Mol object at 0x7fcdd953e490>
COc1cc2ncnc(Nc3ccc(F)c(Cl)c3)c2cc1OCCCN1CCOCC1,6.85,train,<rdkit.Chem.rdchem.Mol object at 0x7fcdd953e500>
N#Cc1ccc([C@H]2CCc3cncn32)c(F)c1,6.85,train,<rdkit.Chem.rdchem.Mol object at 0x7fcdd953e570>
CN1CCN(C(=O)c2ccc3cc(CCNc4ncnc5ccc(C#N)cc45)ccc3c2)CC1,6.85,train,<rdkit.Chem.rdchem.Mol object at 0x7fcdd953e5e0>
CN1CCN(C(=O)OC2c3nccnc3C(=O)N2c2ccc(Cl)cn2)CC1,6.86,test,<rdkit.Chem.rdchem.Mol object at 0x7fcdd953e650>
CNC1=Nc2ccc(Cl)cc2C(c2ccc[nH]2)=NC1,6.86,train,<rdkit.Chem.rdchem.Mol object at 0x7fcdd953e730>
Cc1ccc2c(Nc3cccc(OC(F)(F)F)c3)nccc2c1Nc1ncccc1-c1ncnc2[nH]cnc12,6.86,train,<rdkit.Chem.rdchem.Mol object at 0x7fcdd953e7a0>
N#Cc1ccc(C2CCCc3cncn32)cc1,6.87,train,<rdkit.Chem.rdchem.Mol object at 0x7fcdd953e8f0>
C=CC(=O)Nc1cc2c(Nc3ccc(F)c(Cl)c3)ncnc2cc1OCCCN1CCOCC1,6.87,train,<rdkit.Chem.rdchem.Mol object at 0x7fcdd953e960>
CC(=O)N1CCN(CCOc2ccc(C3CCN(C4=Nn5c(nnc5C(F)(F)F)CC4)CC3)cc2)CC1,6.88,test,<rdkit.Chem.rdchem.Mol object at 0x7fcdd953eab0>
CCN(CC)C(=O)N[C@H]1C=C2c3cccc4[nH]cc(c34)C[C@H]2N(C)C1,6.88,train,<rdkit.Chem.rdchem.Mol object at 0x7fcdd953eb20>
COc1ccc(CCN(C)CCCC2(c3ccc(OC)c(OC)c3)S(=O)(=O)CCCS2(=O)=O)cc1OC,6.88,train,<rdkit.Chem.rdchem.Mol object at 0x7fcdd953eb90>
CCNc1cccnc1N1CCN(C(=O)c2cc3cc(OC)ccc3[nH]2)CC1,6.88,train,<rdkit.Chem.rdchem.Mol object at 0x7fcdd953ec70>
CC[C@@]12C=C(C(=O)OC)n3c4c(c5ccccc53)CCN(CCC1)[C@H]42,6.88,train,<rdkit.Chem.rdchem.Mol object at 0x7fcdd953ece0>
CC(C(=O)c1ccccc1)N(C)C,6.88,train,<rdkit.Chem.rdchem.Mol object at 0x7fcdd953ed50>
C[C@@H]1C[C@H]2[C@@H]3CCC4=CC(=O)C=C[C@]4(C)C3=CC[C@]2(C)[C@H]1C(=O)CN1CCN(c2cc(N3CCCC3)nc(N3CCCC3)n2)CC1,6.88,train,<rdkit.Chem.rdchem.Mol object at 0x7fcdd953edc0>
CCOC(=O)C1=C[C@]2(CC)CCCN3CCc4c(n1c1ccccc41)[C@@H]32,6.88,train,<rdkit.Chem.rdchem.Mol object at 0x7fcdd953ee30>
CCN[C@H]1C[C@H](C)S(=O)(=O)c2sc(S(N)(=O)=O)cc21,6.88,train,<rdkit.Chem.rdchem.Mol object at 0x7fcdd953eea0>
CC(C)(C)OC(=O)NCCN1CC2CN(C[C@H](O)COc3ccc(C#N)cc3)CC(C1)O2,6.88,train,<rdkit.Chem.rdchem.Mol object at 0x7fcdd953ef10>
COc1cc2c(Oc3ccc(NC(=O)C4(C(=O)Nc5ccc(F)cc5)CC4)cc3F)ccnc2cc1OCCCN1CCOCC1,6.88,train,<rdkit.Chem.rdchem.Mol object at 0x7fcdd953ef80>
CN1CCN(CC(=O)[C@@]2(O)CC[C@H]3[C@@H]4CCC5=CC(=O)C=C[C@]5(C)[C@H]4[C@@H](O)C[C@@]32C)CC1,6.89,train,<rdkit.Chem.rdchem.Mol object at 0x7fcdd953eff0>
CCN(CC)C(=O)N1CCN(CCCc2nc3c(c(=O)n(C)c(=O)n3C)n2C)CC1,6.89,train,<rdkit.Chem.rdchem.Mol object at 0x7fcdd953f060>
CC(=O)C(=O)N[C@@H]1/C=C(C)/C=C/[C@@H](OC(=O)N2CCN(C)CC2)C/C=C(C)/C=C/[C@@H](O)C[C@H]2OC(=O)[C@]1(C)C(=O)[C@@H]2C,6.89,train,<rdkit.Chem.rdchem.Mol object at 0x7fcdd953f0d0>
CNC(=O)CC1=Cc2nn(Cc3ncc(C)c(OC)c3C)c3nc(N)nc(c23)SC1,6.89,train,<rdkit.Chem.rdchem.Mol object at 0x7fcdd953f140>
C[C@H]1C[C@@H](n2c(Nc3ccc(OC(F)(F)F)cc3)nc3cc(CCC(=O)O)ccc32)CC(C)(C)C1,6.89,train,<rdkit.Chem.rdchem.Mol object at 0x7fcdd953f220>
CCN(CC)C(=O)N1CCN(C)CC1,6.9,train,<rdkit.Chem.rdchem.Mol object at 0x7fcdd953f290>
CN1CCN=C(c2ccccc2)c2cc(Cl)ccc21,6.9,train,<rdkit.Chem.rdchem.Mol object at 0x7fcdd953f300>
CCN(CC)C(=O)N1CCN(C)CC1.O=C(O)CC(O)(CC(=O)O)C(=O)O,6.9,train,<rdkit.Chem.rdchem.Mol object at 0x7fcdd953f370>
OC(CCCN1CCc2c(c3cc(F)ccc3n2-c2ccc(F)cc2)C1)c1ccc(F)cc1,6.9,train,<rdkit.Chem.rdchem.Mol object at 0x7fcdd953f3e0>
CC(C(=O)OCC(=O)N1CCN(C)CC1)c1ccc(-c2ccccc2Cl)cc1,6.9,train,<rdkit.Chem.rdchem.Mol object at 0x7fcdd953f450>
CC(C)c1cnc(-c2cc(Cl)ccc2F)cc1Nc1ccncc1C(=O)NC(CO)CO,6.9,train,<rdkit.Chem.rdchem.Mol object at 0x7fcdd953f530>
CN/C(=N\CCSCc1nc[nH]c1C)NC#N,6.91,test,<rdkit.Chem.rdchem.Mol object at 0x7fcdd953f5a0>
Cc1[nH]cnc1CSCCNc1nc(=O)c(Cc2ccc3c(c2)OCO3)c[nH]1,6.91,train,<rdkit.Chem.rdchem.Mol object at 0x7fcdd953f680>
N#CC(c1ccnc(OCc2ccc(CN3CCOCC3)cc2)n1)c1nc2ccccc2s1,6.91,train,<rdkit.Chem.rdchem.Mol object at 0x7fcdd953f6f0>
CN1CCN2c3ccccc3Cc3ccccc3C2C1,6.92,train,<rdkit.Chem.rdchem.Mol object at 0x7fcdd953f840>
CC(C)Oc1ccccc1N1CCN(Cc2cccc(C(=O)N3CCCCC3)c2)CC1.O=C(O)CCC(=O)O,6.92,train,<rdkit.Chem.rdchem.Mol object at 0x7fcdd953f920>
CC1=C(C(=O)O)N2C(=O)[C@@H](NC(=O)[C@H](N)c3cccc(NS(C)(=O)=O)c3)[C@H]2SC1,6.92,train,<rdkit.Chem.rdchem.Mol object at 0x7fcdd953f990>
CN1CCN2c3ccccc3Cc3ccccc3[C@H]2C1,6.92,train,<rdkit.Chem.rdchem.Mol object at 0x7fcdd953fa00>
CN1CCN(C(=O)C2CCCCC2)CC1,6.93,train,<rdkit.Chem.rdchem.Mol object at 0x7fcdd953fa70>
CN1CCN(C(=O)C2C(C(=O)O)[C@H]3CC[C@@H]2O3)CC1,6.93,train,<rdkit.Chem.rdchem.Mol object at 0x7fcdd953fae0>
Clc1ccccc1CN1CCc2sccc2C1,6.94,train,<rdkit.Chem.rdchem.Mol object at 0x7fcdd953fbc0>
NC(=O)c1cccc(Cc2c[nH]cn2)c1O,6.94,train,<rdkit.Chem.rdchem.Mol object at 0x7fcdd953fca0>
Cc1cccc([C@H](C)c2ncc[nH]2)c1C,6.94,train,<rdkit.Chem.rdchem.Mol object at 0x7fcdd953fd80>
CCOC(=O)[C@@H](N)Cc1ccc(-c2cc(O[C@H](c3ccc(Cl)cc3-n3ccc(C)n3)C(F)(F)F)nc(N)n2)cc1,6.94,train,<rdkit.Chem.rdchem.Mol object at 0x7fcdd953fdf0>
CCn1c(CN[C@@H](C)C(N)=O)nc2ccc(Oc3ccc(C)cc3)cc21,6.94,train,<rdkit.Chem.rdchem.Mol object at 0x7fcdd953fed0>
C[C@@H](NCc1nc2ccc(Oc3cc(F)c(F)c(F)c3)nc2n1C1CCC1)C(N)=O,6.94,train,<rdkit.Chem.rdchem.Mol object at 0x7fcdd953ff40>
CN1C[C@@H](NS(=O)(=O)N(C)C)C[C@@H]2c3cccc4[nH]cc(c34)C[C@H]21,6.95,train,<rdkit.Chem.rdchem.Mol object at 0x7fcdd9540040>
CCN(CC)S(=O)(=O)N[C@H]1C[C@@H]2c3cccc4[nH]cc(c34)C[C@H]2N(C)C1,6.95,train,<rdkit.Chem.rdchem.Mol object at 0x7fcdd95400b0>
O=C1Cc2ccccc2C(=C2CCN(CCOCCOCCO)CC2)c2ccsc21,6.95,train,<rdkit.Chem.rdchem.Mol object at 0x7fcdd9540120>
CN1C2CC(OC(=O)C(O)(CO)c3ccccc3)CC1C1OC12,6.95,train,<rdkit.Chem.rdchem.Mol object at 0x7fcdd9540190>
COc1cc2ncnc(Nc3ccc(F)c(Cl)c3)c2cc1OCCN1CC2(CC2)C2(C1)OCCO2,6.95,train,<rdkit.Chem.rdchem.Mol object at 0x7fcdd9540200>
Clc1cc(-c2ccccc2)ccc1OCCCN1CCOCC1,6.96,train,<rdkit.Chem.rdchem.Mol object at 0x7fcdd9540350>
C/C(=C(\CCOC(=O)C(C)C)SS/C(CCOC(=O)C(C)C)=C(/C)N(C=O)Cc1cnc(C)nc1N)N(C=O)Cc1cnc(C)nc1N,6.96,train,<rdkit.Chem.rdchem.Mol object at 0x7fcdd9540430>
CCCC(=O)OCC/C(SS/C(CCOC(=O)CCC)=C(\C)N(C=O)Cc1cnc(C)nc1N)=C(/C)N(C=O)Cc1cnc(C)nc1N,6.96,train,<rdkit.Chem.rdchem.Mol object at 0x7fcdd95404a0>
C[C@H](O)[C@H](O)[C@H]1CNc2nc(N)nc(N)c2N1,6.97,test,<rdkit.Chem.rdchem.Mol object at 0x7fcdd95405f0>
COC(=O)[C@@H](N)Cc1ccc(O)c(O)c1,6.97,train,<rdkit.Chem.rdchem.Mol object at 0x7fcdd9540660>
O=[N+]([O-])c1cccc(C2CN3CCSC3=N2)c1,6.97,train,<rdkit.Chem.rdchem.Mol object at 0x7fcdd95406d0>
CN(C)c1cccc2c(S(=O)(=O)Nc3ccc(NC(=O)C(C)(C)COC(=O)CN)cc3)cccc12,6.97,train,<rdkit.Chem.rdchem.Mol object at 0x7fcdd95407b0>
CNC(=O)CN1CCC(Oc2cc3c(Nc4cccc(Cl)c4F)ncnc3cc2OC)CC1,6.97,train,<rdkit.Chem.rdchem.Mol object at 0x7fcdd9540820>
CCc1cc2c(cc1N1CCC(N3CCOCC3)CC1)C(C)(C)c1[nH]c3cc(C#N)ccc3c1C2=O,6.97,train,<rdkit.Chem.rdchem.Mol object at 0x7fcdd9540890>
c1ccc(C2CN3CCSC3=N2)cc1,6.98,train,<rdkit.Chem.rdchem.Mol object at 0x7fcdd9540900>
c1ccc([C@H]2CN3CCSC3=N2)cc1,6.98,train,<rdkit.Chem.rdchem.Mol object at 0x7fcdd9540970>
O=C(NCCCN1CCOCC1)c1ccc(Cl)cc1,6.98,train,<rdkit.Chem.rdchem.Mol object at 0x7fcdd95409e0>
Fc1ccc(N2CCN(CCSc3nnc4ccccn34)CC2)c(F)c1,6.98,train,<rdkit.Chem.rdchem.Mol object at 0x7fcdd9540a50>
c1ccc([C@@H]2CN3CCSC3=N2)cc1,6.98,train,<rdkit.Chem.rdchem.Mol object at 0x7fcdd9540ac0>
CS(=O)(=O)NCCN1C(=O)NC[C@]12CCN1CCc3c(oc4ccccc34)[C@@H]1C2,6.98,train,<rdkit.Chem.rdchem.Mol object at 0x7fcdd9540b30>
[11CH3]OCc1cccnc1N1CCN(C[C@H]2COc3ccccc3O2)CC1,6.98,train,<rdkit.Chem.rdchem.Mol object at 0x7fcdd9540c10>
COCc1cccnc1N1CCN(C[C@H]2COc3ccccc3O2)CC1,6.98,train,<rdkit.Chem.rdchem.Mol object at 0x7fcdd9540c80>
O=C(c1nn(-c2ccc(CN3CCOCC3)cc2)c2c1CS(=O)(=O)c1c(F)cccc1-2)N1CCOCC1,6.98,train,<rdkit.Chem.rdchem.Mol object at 0x7fcdd9540cf0>
CCN1CCCC1CNC(=O)c1cc(S(=O)(=O)CC)ccc1OC,6.99,train,<rdkit.Chem.rdchem.Mol object at 0x7fcdd9540d60>
CC(C(=O)OCCN1CCN(CCOC(=O)C(C)c2cccc3ccccc23)CC1)c1cccc2ccccc12,6.99,train,<rdkit.Chem.rdchem.Mol object at 0x7fcdd9540dd0>
COC(=O)[C@H]1[C@H]2C[C@@H]3c4[nH]c5cc(OC)ccc5c4CCN3C[C@H]2C[C@H](OC)[C@@H]1OC,6.99,train,<rdkit.Chem.rdchem.Mol object at 0x7fcdd9540e40>
CCOC(=O)[C@@H](N)Cc1ccc(O)cc1,6.99,train,<rdkit.Chem.rdchem.Mol object at 0x7fcdd9540eb0>
O=C(CN1CC[C@]23CCCC[C@H]2[C@H]1Cc1ccc(O)cc13)c1ccccc1,6.99,train,<rdkit.Chem.rdchem.Mol object at 0x7fcdd9540f20>
Cc1cc(-n2cccc2)c(S(C)(=O)=O)cc1C(=O)NC(=N)N,6.99,train,<rdkit.Chem.rdchem.Mol object at 0x7fcdd9540f90>
CCOC(=O)C(C)(N)Cc1cc(I)c(Oc2cc(I)c(O)c(I)c2)c(I)c1,7.0,train,<rdkit.Chem.rdchem.Mol object at 0x7fcdd9541000>
CN(C)CC(=O)N1c2ccccc2Sc2ccccc21,7.0,train,<rdkit.Chem.rdchem.Mol object at 0x7fcdd9541070>
O=c1[nH]c2cc(F)ccc2n1CCCN1CCC(n2c(=O)[nH]c3cc(Cl)ccc32)CC1,7.0,train,<rdkit.Chem.rdchem.Mol object at 0x7fcdd95410e0>
CCC(C(=O)OCCN1CCN(CCOC(=O)C(CC)c2ccccc2)CC1)c1ccccc1,7.0,train,<rdkit.Chem.rdchem.Mol object at 0x7fcdd9541150>
Cc1nccn1C(C)c1ccccc1,7.0,train,<rdkit.Chem.rdchem.Mol object at 0x7fcdd95411c0>
OC1CC2CCCN3CCc4c(n1c1ccccc41)C23,7.0,train,<rdkit.Chem.rdchem.Mol object at 0x7fcdd9541230>
Cc1nccn1Cc1cc(-c2ccc(F)c(C(F)F)c2)cnn1,7.0,train,<rdkit.Chem.rdchem.Mol object at 0x7fcdd95412a0>
CCCCN1C[C@H](OC(=O)CCC)[C@@H](OC(=O)CCC)[C@H](OC(=O)CCC)[C@H]1COC(=O)CCC,7.01,train,<rdkit.Chem.rdchem.Mol object at 0x7fcdd9541310>
O=C(O)C1CSC(C(=O)O)N1,7.01,train,<rdkit.Chem.rdchem.Mol object at 0x7fcdd95413f0>
N=C(N)NCCC[C@H](N)C(=O)O.O=C(O)C1CSC(C(=O)O)N1,7.01,train,<rdkit.Chem.rdchem.Mol object at 0x7fcdd9541460>
CC(=O)NCCCN1CCN(c2cc(Cl)ccc2Cl)CC1,7.01,train,<rdkit.Chem.rdchem.Mol object at 0x7fcdd95414d0>
COC(=O)[C@H]1[C@H]2C[C@@H]3c4[nH]c5cc(OC)ccc5c4CCN3C[C@H]2C[C@@H](OC(=O)/C=C/c2ccc(O)c(OC)c2)[C@@H]1OC,7.01,train,<rdkit.Chem.rdchem.Mol object at 0x7fcdd9541540>
O=C1CC[C@H](N2C(=O)c3cccc4c(Cc5ccc(CN6CCOCC6)cc5)ccc2c34)C(=O)N1,7.01,train,<rdkit.Chem.rdchem.Mol object at 0x7fcdd95415b0>
COC(=O)[C@H]1[C@H]2C[C@@H]3c4[nH]c5cc(OC)ccc5c4CCN3C[C@H]2C[C@@H](OC(=O)c2cc(OC)c(OC)c(OC)c2)[C@@H]1OC,7.02,test,<rdkit.Chem.rdchem.Mol object at 0x7fcdd9541620>
CCOC(=O)Oc1c(OC)cc(C(=O)O[C@@H]2C[C@@H]3CN4CCc5c([nH]c6cc(OC)ccc56)[C@H]4C[C@@H]3[C@H](C(=O)OC)[C@H]2OC)cc1OC,7.02,test,<rdkit.Chem.rdchem.Mol object at 0x7fcdd9541690>
CC(=O)[C@]1(N)Cc2c(O)c3c(c(O)c2[C@@H](O[C@H]2C[C@H](O)[C@H](O)CO2)C1)C(=O)c1ccccc1C3=O,7.02,test,<rdkit.Chem.rdchem.Mol object at 0x7fcdd9541700>
COC(=O)[C@H]1[C@H]2C[C@@H]3c4[nH]c5cc(OC)ccc5c4CCN3C[C@H]2C[C@@H](OC(=O)COc2ccc(OC)cc2)[C@@H]1OC,7.02,test,<rdkit.Chem.rdchem.Mol object at 0x7fcdd9541770>
O=[N+]([O-])OCCN(CCO[N+](=O)[O-])CCO[N+](=O)[O-],7.02,train,<rdkit.Chem.rdchem.Mol object at 0x7fcdd95417e0>
COC(=O)[C@H]1[C@H]2C[C@@H]3c4[nH]c5cc(OC)ccc5c4CCN3C[C@H]2C[C@@H](OC(=O)/C=C/c2cc(OC)c(OC)c(OC)c2)[C@@H]1OC,7.02,train,<rdkit.Chem.rdchem.Mol object at 0x7fcdd9541850>
OC(CO/N=C/c1ccc(Cl)cc1)CN1CCN(c2ccccc2Cl)CC1,7.02,train,<rdkit.Chem.rdchem.Mol object at 0x7fcdd95418c0>
CN1CCN(C(=O)N[C@@H](Cc2ccccc2)C(=O)N[C@H](/C=C/S(=O)(=O)c2ccccc2)CCc2ccccc2)CC1,7.02,train,<rdkit.Chem.rdchem.Mol object at 0x7fcdd9541930>
O=c1[nH]c2ccccc2n1CCCN1CCC(n2c(=O)[nH]c3cc(Cl)ccc32)CC1,7.03,test,<rdkit.Chem.rdchem.Mol object at 0x7fcdd95419a0>
CCN1CCC(c2cccc(S(C)(=O)=O)c2F)CC1,7.03,test,<rdkit.Chem.rdchem.Mol object at 0x7fcdd9541a10>
NC(=O)NCCN1CCN(c2cccc(C(F)(F)F)c2)CC1,7.03,train,<rdkit.Chem.rdchem.Mol object at 0x7fcdd9541a80>
CC(C)c1ccc(C(=O)N(C)CCN2CCN(c3cccc4ccoc34)CC2)cc1,7.03,train,<rdkit.Chem.rdchem.Mol object at 0x7fcdd9541af0>
COc1cc2nc(N3CCc4c(cccc4NS(C)(=O)=O)C3)nc(N)c2c(-c2ccccn2)c1OC,7.03,train,<rdkit.Chem.rdchem.Mol object at 0x7fcdd9541b60>
O=c1[nH]c2ccccc2n1CCN1CCN(c2cccc(C(F)(F)F)c2)CC1,7.03,train,<rdkit.Chem.rdchem.Mol object at 0x7fcdd9541bd0>
CCCOCCn1c(=O)c(N2CCN(CCO)CC2)nc2cnc(-c3ccc(OC)nc3)cc21,7.03,train,<rdkit.Chem.rdchem.Mol object at 0x7fcdd9541c40>
COC(=O)[C@H](c1ccccc1)N1CCC(c2ccc(NC(=O)c3ccccc3-c3ccc(C(F)(F)F)cc3)cc2)CC1,7.03,train,<rdkit.Chem.rdchem.Mol object at 0x7fcdd9541cb0>
CN1CC[C@H](c2c(OP(=O)(O)O)cc(O)c3c(=O)cc(-c4ccccc4Cl)oc23)[C@H](O)C1,7.03,train,<rdkit.Chem.rdchem.Mol object at 0x7fcdd9541d20>
O=C(OCCN1CCN(c2cccc(C(F)(F)F)c2)CC1)c1ccccc1Nc1ccnc2cc(C(F)(F)F)ccc12,7.04,train,<rdkit.Chem.rdchem.Mol object at 0x7fcdd9541d90>
CN/C(=N\c1ccc(C2=NNC(=O)CC2C)cc1)NC#N,7.04,train,<rdkit.Chem.rdchem.Mol object at 0x7fcdd9541e00>
CNC(=O)C[C@@H](N)C(=O)N[C@@H](C(=O)N[C@H]1C(=O)N2[C@@H]1SC(C)(C)[C@@H]2C(=O)O)c1ccc(O)cc1,7.04,train,<rdkit.Chem.rdchem.Mol object at 0x7fcdd9541f50>
CC(C)Sc1ccc([C@H](O)[C@@H](C)N2CCN(C(=O)/C=C/c3ccccc3)CC2)cc1,7.04,train,<rdkit.Chem.rdchem.Mol object at 0x7fcdd9541fc0>
CCC(=O)N1C2CCC1CN(C/C=C\c1ccccc1)C2,7.04,train,<rdkit.Chem.rdchem.Mol object at 0x7fcdd9542030>
Cc1nnc(SCC2=C(C(=O)OCc3oc(=O)oc3C)N3C(=O)[C@@H](NC(=O)[C@H](OC(=O)[C@@H](C)N)c4ccccc4)[C@H]3SC2)s1,7.04,train,<rdkit.Chem.rdchem.Mol object at 0x7fcdd95420a0>
Fc1ccc(-c2cncc(CN3CCN(c4cccc5c4OCCO5)CC3)c2)cc1,7.05,test,<rdkit.Chem.rdchem.Mol object at 0x7fcdd9542110>
CCNC(=O)c1noc(-c2cc(C(C)C)c(O)cc2O)c1-c1ccc(CN2CCOCC2)cc1,7.05,test,<rdkit.Chem.rdchem.Mol object at 0x7fcdd9542180>
CCN1CCCC1CNC(=O)c1cc(S(=O)(=O)CC)c(N)cc1OC,7.05,train,<rdkit.Chem.rdchem.Mol object at 0x7fcdd95421f0>
CN1CCN(C(=S)Nc2ccc(Nc3ccc([N+](=O)[O-])cc3)cc2)CC1,7.05,train,<rdkit.Chem.rdchem.Mol object at 0x7fcdd9542260>
N#Cc1c[nH]c2c(C(=O)N3CCN(CCc4ccc(F)cc4)CC3)cccc12,7.05,train,<rdkit.Chem.rdchem.Mol object at 0x7fcdd95422d0>
CC[C@]1(CO)CCCN2CCc3c([nH]c4ccccc34)[C@@H]21,7.05,train,<rdkit.Chem.rdchem.Mol object at 0x7fcdd9542340>
N#Cc1ccc(NC(=O)NC(=N)N)cc1Cl,7.06,test,<rdkit.Chem.rdchem.Mol object at 0x7fcdd9542420>
OCCOCCN1CCN(C2=Nc3ccccc3Sc3ccccc32)CC1.OCCOCCN1CCN(C2=Nc3ccccc3Sc3ccccc32)CC1,7.06,test,<rdkit.Chem.rdchem.Mol object at 0x7fcdd9542490>
CC1=C(C(=O)O)N2C(=O)[C@@H](NC(=O)[C@@H](N)c3ccc(O)c(Cl)c3)[C@H]2SC1,7.06,test,<rdkit.Chem.rdchem.Mol object at 0x7fcdd9542500>
CCCCOc1ccc(OCCCN2CCOCC2)cc1,7.06,train,<rdkit.Chem.rdchem.Mol object at 0x7fcdd9542570>
CCOc1c(N)c2c(c(OCC)c1OCC)C(C1c3c(cc4c(c3OC)OCO4)CCN1C)OC2=O,7.06,train,<rdkit.Chem.rdchem.Mol object at 0x7fcdd95426c0>
CCOc1c(N)c2c(c(OCC)c1OCC)[C@@H]([C@H]1c3c(cc(OC)c(OC)c3OC)CCN1C)OC2=O,7.06,train,<rdkit.Chem.rdchem.Mol object at 0x7fcdd9542730>
CNC(=O)C(c1ccccc1)N1CCc2cc(OC)c(OC)cc2[C@@H]1CCc1ccc(C(F)(F)F)cc1,7.06,train,<rdkit.Chem.rdchem.Mol object at 0x7fcdd95427a0>
COc1ccccc1N1CCN(CC(O)COc2ccc(-c3cc(C#N)c(=O)[nH]c3C)cc2)CC1,7.07,train,<rdkit.Chem.rdchem.Mol object at 0x7fcdd9542880>
O=c1[nH]c2cc(Cl)ccc2n1C1CCN(CC2COc3ccccc3O2)CC1,7.07,train,<rdkit.Chem.rdchem.Mol object at 0x7fcdd95428f0>
COc1ccc(C#N)cc1C(=O)NCCN1CCC(C(=O)c2ccc(F)cc2)CC1,7.07,train,<rdkit.Chem.rdchem.Mol object at 0x7fcdd9542960>
C[C@H]1[C@H]2C(=O)c3ccc(O)cc3[C@]1(C)CCN2CC1CC1,7.08,train,<rdkit.Chem.rdchem.Mol object at 0x7fcdd95429d0>
Cc1nc(NNC(=O)[C@H](CC2CCCC2)CN(O)C=O)c(F)c(N2CCN3CCOC[C@@H]3C2)n1,7.08,train,<rdkit.Chem.rdchem.Mol object at 0x7fcdd9542a40>
Nc1nnc(CN[C@@H]2C[C@H]2c2ccc(OCc3ccccc3)cc2)o1,7.08,train,<rdkit.Chem.rdchem.Mol object at 0x7fcdd9542ab0>
C[C@@H]1CN(Cc2ncccn2)C[C@H]1c1cn2c(C3CCOCC3)ncc2c(=O)[nH]1,7.08,train,<rdkit.Chem.rdchem.Mol object at 0x7fcdd9542b20>
N#Cc1ccc(COc2cccc(C3CCN(Cc4nc5ccc(C(=O)O)cc5n4C[C@@H]4CCO4)CC3)n2)c(F)c1,7.08,train,<rdkit.Chem.rdchem.Mol object at 0x7fcdd9542b90>
N#Cc1ccc(COc2cccc(C3CCN(Cc4nc5ccc(C(=O)O)cc5n4C[C@@H]4CCO4)CC3)n2)c(F)c1.NC(CO)(CO)CO,7.08,train,<rdkit.Chem.rdchem.Mol object at 0x7fcdd9542c00>
CCc1nn(CCCN2CCN(c3cccc(Cl)c3)CC2)c(=O)n1CCOc1ccccc1,7.09,test,<rdkit.Chem.rdchem.Mol object at 0x7fcdd9542c70>
CCc1nn(CCCN2CCN(c3cccc(Cl)c3)CC2)c(=O)n1CC,7.09,test,<rdkit.Chem.rdchem.Mol object at 0x7fcdd9542ce0>
O=C1Cc2cc(CCN3CCN(c4nsc5ccccc45)CC3)c(Cl)cc2N1,7.09,test,<rdkit.Chem.rdchem.Mol object at 0x7fcdd9542d50>
O=c1n(CCCN2CCN(c3cccc(Cl)c3)CC2)nc2ccccn12,7.09,train,<rdkit.Chem.rdchem.Mol object at 0x7fcdd9542dc0>
Cc1cccc2c1Oc1ccccc1C1(O)CCN(C)CC21,7.09,train,<rdkit.Chem.rdchem.Mol object at 0x7fcdd9542e30>
CCN(CC)CCS(=O)(=O)[C@@H]1CCN2C(=O)c3coc(n3)CC(=O)C[C@H](O)/C=C(C)/C=C\CNC(=O)/C=C/[C@@H](C)[C@H](C(C)C)OC(=O)[C@@H]12,7.09,train,<rdkit.Chem.rdchem.Mol object at 0x7fcdd9542ea0>
COc1cc(C(=O)O)ccc1NC(=O)[C@@H]1N[C@@H](CC(C)(C)C)[C@](C#N)(c2ccc(Cl)cc2F)[C@H]1c1cccc(Cl)c1F,7.1,test,<rdkit.Chem.rdchem.Mol object at 0x7fcdd9542f10>
CCCCSc1nsnc1C1CN2CCC1CC2,7.1,train,<rdkit.Chem.rdchem.Mol object at 0x7fcdd9542f80>
Cc1cccc(C)c1NC(=O)C1CCCCN1CCO,7.1,train,<rdkit.Chem.rdchem.Mol object at 0x7fcdd9543060>
O=C1CCCC1(CCN1CCOCC1)C1=CCCC1,7.1,train,<rdkit.Chem.rdchem.Mol object at 0x7fcdd95430d0>
COc1cc2ncnc(Nc3cccc(Cl)c3F)c2cc1OC(=O)N1CCN(C)C[C@H]1C,7.1,train,<rdkit.Chem.rdchem.Mol object at 0x7fcdd9543140>
CCOC(=O)Nc1ccc2c(c1)N(C(=O)CN(C)C)c1ccccc1CC2,7.11,test,<rdkit.Chem.rdchem.Mol object at 0x7fcdd95431b0>
O=C(O)CCC(=O)O.OC(CSc1ncnc2[nH]cnc12)CN1CCN(C(c2ccc(F)cc2)c2ccc(F)cc2)CC1,7.11,test,<rdkit.Chem.rdchem.Mol object at 0x7fcdd9543220>
OC(CSc1ncnc2[nH]cnc12)CN1CCN(C(c2ccc(F)cc2)c2ccc(F)cc2)CC1,7.11,train,<rdkit.Chem.rdchem.Mol object at 0x7fcdd9543300>
CCOc1ccc(/C=C2\NCCc3cc(OCC)c(OCC)cc32)cc1OCC,7.11,train,<rdkit.Chem.rdchem.Mol object at 0x7fcdd95433e0>
COc1ccc(/C=C/CN2CCN(C(c3ccc(F)cc3)c3ccc(F)cc3)CC2)cc1OC,7.11,train,<rdkit.Chem.rdchem.Mol object at 0x7fcdd9543450>
Fc1ccc(CN2CCC(Nc3ccc(C(F)(F)F)nn3)CC2)cc1F,7.11,train,<rdkit.Chem.rdchem.Mol object at 0x7fcdd95434c0>
O=C(c1ccc(CN2CCOCC2)cc1)N1CCN(C2CC2)CC1,7.11,train,<rdkit.Chem.rdchem.Mol object at 0x7fcdd9543530>
COc1ccc(/C=C/C(O)CN2CCOCC2)cc1,7.12,train,<rdkit.Chem.rdchem.Mol object at 0x7fcdd9543680>
Fc1ccc(-c2ccc(CN3CCN(c4cccc5ccoc45)CC3)[nH]2)cc1,7.13,test,<rdkit.Chem.rdchem.Mol object at 0x7fcdd95436f0>
C[C@@]1(c2cc(NC(=O)c3ccc(C#N)cn3)ccc2F)C=CSC(N)=N1,7.13,train,<rdkit.Chem.rdchem.Mol object at 0x7fcdd9543840>
N=C(N)c1ccc(-c2ccccc2[N+](=O)[O-])o1,7.14,test,<rdkit.Chem.rdchem.Mol object at 0x7fcdd95438b0>
CCOC(=O)c1ccc(NC(=O)CN2CCCCC2)cc1,7.14,train,<rdkit.Chem.rdchem.Mol object at 0x7fcdd9543990>
O=C1c2ccccc2S(=O)(=O)N1CCCCN1CCN(c2ncccn2)CC1,7.14,train,<rdkit.Chem.rdchem.Mol object at 0x7fcdd9543a00>
Cc1cc(/N=C(\Nc2nccs2)NC2CCCCC2)c2ccccc2n1,7.14,train,<rdkit.Chem.rdchem.Mol object at 0x7fcdd9543a70>
COc1ccc2c(c1OC)C(=O)O[C@@H]2[C@H]1c2c(cc3c(c2OC)OCO3)CCN1C,7.14,train,<rdkit.Chem.rdchem.Mol object at 0x7fcdd9543ae0>
CN1CCN(C(=O)/C=C2/c3ccccc3NC(=O)c3ccccc32)CC1,7.14,train,<rdkit.Chem.rdchem.Mol object at 0x7fcdd9543bc0>
O=C(O)c1ccnc(N2CC(O)(c3ccc(OCc4c(-c5c(Cl)cccc5Cl)noc4C4CC4)cc3Cl)C2)c1,7.14,train,<rdkit.Chem.rdchem.Mol object at 0x7fcdd9543c30>
COc1nn(C)cc1Nc1nccc(-c2c[nH]c3c(NC(=O)[C@@H](C)N4CCN(C)CC4)cccc23)n1,7.14,train,<rdkit.Chem.rdchem.Mol object at 0x7fcdd9543ca0>
CN1CCC(=C2c3ccccc3CC(=O)c3sccc32)CC1,7.15,train,<rdkit.Chem.rdchem.Mol object at 0x7fcdd9543d10>
Fc1ccc2[nH]c3c(c2c1)CN(CCCc1cccnc1)CC3,7.15,train,<rdkit.Chem.rdchem.Mol object at 0x7fcdd9543df0>
O=S1(=O)c2cccc3cccc(c23)N1CCCN1CCN(c2ccc(F)cc2)CC1,7.15,train,<rdkit.Chem.rdchem.Mol object at 0x7fcdd9543e60>
COc1cc(Cc2cnc(N)nc2N)c2c(c1OC)OC(C1CC1)C=C2,7.15,train,<rdkit.Chem.rdchem.Mol object at 0x7fcdd9543f40>
COc1c(C)cc2c(c1O)[C@@H]1[C@@H]3Cc4c(OC(C)=O)c(C)c5c(c4[C@H](CNC(=O)/C=C/c4cccc(C(F)(F)F)c4)N3[C@@H](O)[C@H](C2)N1C)OCO5,7.15,train,<rdkit.Chem.rdchem.Mol object at 0x7fcdd9544040>
COc1cccc(N2CCN(C3=Nc4c(F)cccc4[C@H](CC(=O)O)N3c3cc(C(F)(F)F)ccc3OC)CC2)c1,7.15,train,<rdkit.Chem.rdchem.Mol object at 0x7fcdd9544120>
C[C@@H]1Cc2c([nH]c3ccccc23)[C@@H](c2c(F)cc(NC3CN(CCCF)C3)cc2F)N1CC(F)(F)CO,7.15,train,<rdkit.Chem.rdchem.Mol object at 0x7fcdd9544190>
COc1ccc(Cc2cnc(N)nc2N)cc1OC,7.16,test,<rdkit.Chem.rdchem.Mol object at 0x7fcdd9544200>
COc1cc(Cc2cnc(N)nc2N)cc(OC)c1Br,7.16,test,<rdkit.Chem.rdchem.Mol object at 0x7fcdd9544270>
CN[C@]1(c2ccccc2Cl)CCCCC1=O,7.16,test,<rdkit.Chem.rdchem.Mol object at 0x7fcdd95442e0>
COc1cc(Cc2cnc(N)nc2N)cc(OC)c1OC.COc1cc(Cc2cnc(N)nc2N)cc(OC)c1OC,7.16,test,<rdkit.Chem.rdchem.Mol object at 0x7fcdd9544350>
CNC1(c2ccccc2Cl)CCCCC1=O,7.16,train,<rdkit.Chem.rdchem.Mol object at 0x7fcdd95443c0>
COc1cc(Cc2cnc(N)nc2N)cc(OC)c1OC,7.16,train,<rdkit.Chem.rdchem.Mol object at 0x7fcdd9544430>
O=C(CCCN1CCN(c2ccccn2)CC1)c1ccc(F)cc1,7.16,train,<rdkit.Chem.rdchem.Mol object at 0x7fcdd95444a0>
COc1cc(C)c(Cc2cnc(N)nc2N)cc1OC,7.16,train,<rdkit.Chem.rdchem.Mol object at 0x7fcdd9544510>
COCCOc1c(OC)cc(Cc2cnc(N)nc2N)cc1OC,7.16,train,<rdkit.Chem.rdchem.Mol object at 0x7fcdd9544580>
COc1cc(Cc2cnc(N)nc2N)cc(OC)c1SC,7.16,train,<rdkit.Chem.rdchem.Mol object at 0x7fcdd95445f0>
COc1cc(Cc2cnc(N)nc2N)cc(OC)c1N(C)C,7.16,train,<rdkit.Chem.rdchem.Mol object at 0x7fcdd9544660>
CCOc1cc(Cc2cnc(N)nc2N)cc(OCC)c1-n1cccc1,7.16,train,<rdkit.Chem.rdchem.Mol object at 0x7fcdd95446d0>
C1=Cc2ccccc2NN=C1,7.16,train,<rdkit.Chem.rdchem.Mol object at 0x7fcdd9544740>
COc1cc(Cc2cnc(N)nc2N)cc(OC)c1N,7.16,train,<rdkit.Chem.rdchem.Mol object at 0x7fcdd95447b0>
C=CC(=O)N1CCC(CNc2ncnc(N)c2-c2ccc(Oc3ccccc3)cc2)CC1,7.16,train,<rdkit.Chem.rdchem.Mol object at 0x7fcdd9544900>
CN1CCc2c(c3ccccc3n2Cc2ccccc2)C1,7.17,train,<rdkit.Chem.rdchem.Mol object at 0x7fcdd9544970>
C=CCc1cccc(/C=N/NC(=O)CN2CCN(Cc3ccccc3)CC2)c1O,7.17,train,<rdkit.Chem.rdchem.Mol object at 0x7fcdd95449e0>
C[C@@H](C(N)=O)[C@H](N)c1nc2ccc(C(C)(C)C)cc2[nH]1,7.17,train,<rdkit.Chem.rdchem.Mol object at 0x7fcdd9544a50>
CCC(=O)O[C@H]1[C@H](O[C@H]2[C@@H](CC=O)C[C@@H](C)C(=O)/C=C/[C@]3(C)O[C@H]3[C@H](C)[C@@H](CC)OC(=O)C[C@@H](O)[C@@H]2C)O[C@H](C)C[C@@H]1N(C)C,7.17,train,<rdkit.Chem.rdchem.Mol object at 0x7fcdd9544ac0>
CCCC(=O)O[C@H]1[C@H](O[C@@H]2[C@@H](CC=O)C[C@@H](C)C(=O)/C=C/[C@]3(C)O[C@H]3[C@H](C)[C@@H](CC)OC(=O)C[C@@H](O)[C@@H]2C)O[C@H](C)C[C@@H]1N(C)C,7.17,train,<rdkit.Chem.rdchem.Mol object at 0x7fcdd9544ba0>
COc1ccccc1N1CCN(CCCC(=O)c2ccc(F)cc2)CC1,7.18,test,<rdkit.Chem.rdchem.Mol object at 0x7fcdd9544c10>
CN1CCN(c2nc(C(C)(C)C)cs2)CC1,7.18,test,<rdkit.Chem.rdchem.Mol object at 0x7fcdd9544c80>
CCOC(=O)[C@@H](N)CCC(=O)N[C@@H](CSCc1ccccc1)C(=O)N[C@@H](C(=O)OCC)c1ccccc1,7.18,test,<rdkit.Chem.rdchem.Mol object at 0x7fcdd9544cf0>
CN1CCN(C2=Nc3ccccc3Oc3ccc(Cl)cc32)CC1.O=C(O)CCC(=O)O,7.18,train,<rdkit.Chem.rdchem.Mol object at 0x7fcdd9544dd0>
COc1ccccc1N1CCN(CC(O)COc2cccc(-c3nnc(C)o3)c2)CC1,7.18,train,<rdkit.Chem.rdchem.Mol object at 0x7fcdd9544e40>
CN1C[C@H](COC(=O)N2CCCCCC2)C[C@@H]2c3cccc4[nH]c(Br)c(c34)C[C@H]21,7.18,train,<rdkit.Chem.rdchem.Mol object at 0x7fcdd9544f20>
O=C(Nc1ccc(Cl)c(S(=O)(=O)N2CCNCC2)c1O)Nc1cccc(F)c1Cl,7.18,train,<rdkit.Chem.rdchem.Mol object at 0x7fcdd9544f90>
COc1c(C)cnc(Cn2cnc3c(Cl)nc(N)nc32)c1C,7.18,train,<rdkit.Chem.rdchem.Mol object at 0x7fcdd9545000>
N#Cc1ccc(N2CCN(Cc3ccc(COc4cccc5c4CN([C@H]4CCC(=O)NC4=O)C5=O)cc3)CC2)c(F)c1,7.18,train,<rdkit.Chem.rdchem.Mol object at 0x7fcdd9545070>
Cc1nc(Nc2ncc(C(=O)Nc3c(C)cccc3Cl)s2)cc(N2CCN(CCO)CC2)n1,7.19,test,<rdkit.Chem.rdchem.Mol object at 0x7fcdd95450e0>
CCOC(=O)c1ccc(OCCN2C[C@H](O)[C@@H](O)[C@H](O)[C@H]2CO)cc1,7.19,train,<rdkit.Chem.rdchem.Mol object at 0x7fcdd9545150>
Cc1cncc(CN2CCC(=C3c4ccc(Cl)cc4CCc4cccnc43)CC2)c1,7.19,train,<rdkit.Chem.rdchem.Mol object at 0x7fcdd9545230>
CCN(c1cc(-c2ccc(CN3CCOCC3)cc2)cc(C(=O)NCc2c(C)cc(C)[nH]c2=O)c1C)C1CCOCC1,7.19,train,<rdkit.Chem.rdchem.Mol object at 0x7fcdd9545380>
CN1CCN(CC(=O)N2c3ccccc3C(=O)Nc3cccnc32)CC1,7.2,train,<rdkit.Chem.rdchem.Mol object at 0x7fcdd95453f0>
Cc1scc2c1N(C(=O)CN1CCN(C)CC1)c1ccccc1NC2=O,7.2,train,<rdkit.Chem.rdchem.Mol object at 0x7fcdd9545460>
C=CCN1CCN(c2nc(N)c3cc(OC)c(OC)cc3n2)CC1,7.2,train,<rdkit.Chem.rdchem.Mol object at 0x7fcdd95454d0>
CC[C@H]1C2C[C@H]3[C@@H]4N(C)c5ccccc5C45C[C@@H](C2[C@H]5O)N3[C@@H]1O,7.2,train,<rdkit.Chem.rdchem.Mol object at 0x7fcdd95455b0>
CC(C)N1CCOC(c2cccc(C(F)(F)F)c2)C1,7.2,train,<rdkit.Chem.rdchem.Mol object at 0x7fcdd9545620>
CS(=O)(=O)NCCN1CCC(CCC(=O)c2cc(Cl)c(N)c3c2OCCO3)CC1,7.2,train,<rdkit.Chem.rdchem.Mol object at 0x7fcdd9545700>
Cn1c(CCCCCCC(=O)NO)nc2cc(N(CCCl)CCCl)ccc21,7.2,train,<rdkit.Chem.rdchem.Mol object at 0x7fcdd9545770>
CO[C@@H]1[C@@H](O[C@@H]2O[C@H](C)[C@@H](O[C@H]3C[C@@](C)(O)[C@@H](OC(=O)CC(C)C)[C@H](C)O3)[C@H](N(C)C)[C@H]2O)[C@@H](CC=O)C[C@@H](C)C(=O)/C=C/[C@@H]2O[C@@H]2C[C@@H](C)OC(=O)C[C@H]1OC(C)=O,7.2,train,<rdkit.Chem.rdchem.Mol object at 0x7fcdd95457e0>
Cn1c(Nc2ccc(C(F)(F)F)cc2)nc2cc(Oc3ccnc(-c4ncc(C(F)(F)F)[nH]4)c3)ccc21,7.21,test,<rdkit.Chem.rdchem.Mol object at 0x7fcdd9545850>
COc1ccccc1N1CCN(CC(O)COc2cc(OC)c(OC)c(OC)c2)CC1,7.21,train,<rdkit.Chem.rdchem.Mol object at 0x7fcdd95458c0>
COc1ccccc1N1CCN(CC(O)c2ccc(O)c(O)c2)CC1,7.21,train,<rdkit.Chem.rdchem.Mol object at 0x7fcdd9545930>
CN1CCN(CC(=O)N/N=C/c2ccc([N+](=O)[O-])o2)CC1,7.21,train,<rdkit.Chem.rdchem.Mol object at 0x7fcdd95459a0>
C/C=C/C1=C(C(=O)O)N2C(=O)[C@@H](NC(=O)[C@H](N)c3ccc(O)cc3)[C@H]2SC1,7.22,test,<rdkit.Chem.rdchem.Mol object at 0x7fcdd9545af0>
N[C@@H](C(=O)N[C@@H]1C(=O)N2C(C(=O)O)=C(CSc3c[nH]nn3)CS[C@H]12)c1ccc(O)cc1,7.22,test,<rdkit.Chem.rdchem.Mol object at 0x7fcdd9545b60>
COC(=O)[C@@H]1[C@H]2C[C@H]3c4[nH]c5ccccc5c4CCN3C[C@@H]2CC[C@@H]1O,7.22,train,<rdkit.Chem.rdchem.Mol object at 0x7fcdd9545bd0>
CCOC(=O)[C@@](C)(N)Cc1ccc(O)c(O)c1,7.22,train,<rdkit.Chem.rdchem.Mol object at 0x7fcdd9545c40>
CN1CCN(C2=Nc3cc(Cl)ccc3Cc3sccc32)CC1,7.22,train,<rdkit.Chem.rdchem.Mol object at 0x7fcdd9545cb0>
Fc1ccc(C(c2ccc(F)cc2)N2CCN(C/C=C/c3ccccc3)CC2)cc1,7.22,train,<rdkit.Chem.rdchem.Mol object at 0x7fcdd9545d20>
COC(=O)[C@@H]1[C@@H]2C[C@H]3c4[nH]c5ccccc5c4CCN3C[C@@H]2CC[C@@H]1O,7.22,train,<rdkit.Chem.rdchem.Mol object at 0x7fcdd9545d90>
Cc1nnc(SCC2=C(C(=O)O)N3C(=O)[C@@H](NC(=O)[C@H](N)c4ccc(O)cc4)[C@H]3SC2)s1,7.22,train,<rdkit.Chem.rdchem.Mol object at 0x7fcdd9545e00>
Cc1cc2c(s1)Nc1ccc(F)cc1N=C2N1CCN(C)CC1,7.22,train,<rdkit.Chem.rdchem.Mol object at 0x7fcdd9545ee0>
CC1(C)S[C@@H]2[C@H](NC(=O)[C@H](N)c3ccccc3)C(=O)N2[C@H]1C(=O)O,7.23,test,<rdkit.Chem.rdchem.Mol object at 0x7fcdd9545f50>
CC1=C(C(=O)O)N2C(=O)[C@@H](NC(=O)[C@H](N)c3ccccc3)[C@H]2SC1,7.23,test,<rdkit.Chem.rdchem.Mol object at 0x7fcdd9545fc0>
CCN1CC(CCN2CCOCC2)C(c2ccccc2)(c2ccccc2)C1=O,7.23,train,<rdkit.Chem.rdchem.Mol object at 0x7fcdd95460a0>
CN1CCN(C2=Nc3ccccc3Sc3ccc(Cl)cc32)CC1,7.23,train,<rdkit.Chem.rdchem.Mol object at 0x7fcdd9546110>
CC(=O)OCC1=C(C(=O)O)N2C(=O)[C@@H](NC(=O)[C@H](N)c3ccccc3)[C@H]2SC1,7.23,train,<rdkit.Chem.rdchem.Mol object at 0x7fcdd9546180>
CC(C)(C)C(=O)OCOC(=O)[C@@H]1N2C(=O)[C@@H](NC(=O)[C@H](N)c3ccccc3)[C@H]2SC1(C)C,7.23,train,<rdkit.Chem.rdchem.Mol object at 0x7fcdd95461f0>
Cc1oc(=O)oc1COC(=O)[C@@H]1N2C(=O)[C@@H](NC(=O)[C@H](N)c3ccccc3)[C@H]2SC1(C)C,7.23,train,<rdkit.Chem.rdchem.Mol object at 0x7fcdd95462d0>
CC1(C)S[C@@H]2[C@H](NC(=O)[C@H](N)c3ccccc3)C(=O)N2[C@H]1C(=O)OC1OC(=O)c2ccccc21,7.23,train,<rdkit.Chem.rdchem.Mol object at 0x7fcdd9546340>
O=C(CCCN1CCN(c2cc3ccccc3cn2)CC1)c1ccc(F)cc1,7.23,train,<rdkit.Chem.rdchem.Mol object at 0x7fcdd95463b0>
CC1(C)S[C@@H]2[C@H](NC(=O)[C@H](N)c3ccccc3)C(=O)N2[C@H]1C(=O)OCOC(=O)[C@@H]1N2C(=O)C[C@H]2S(=O)(=O)C1(C)C,7.23,train,<rdkit.Chem.rdchem.Mol object at 0x7fcdd9546490>
CC1(C)S[C@@H]2[C@H](NC(=O)[C@H](N)c3ccccc3)C(=O)N2[C@H]1C(=O)[O-],7.23,train,<rdkit.Chem.rdchem.Mol object at 0x7fcdd9546500>
c1ccc2cc(C34CNCC(CO3)O4)ccc2c1,7.23,train,<rdkit.Chem.rdchem.Mol object at 0x7fcdd9546570>
CC1(C)COC(N)=N1,7.23,train,<rdkit.Chem.rdchem.Mol object at 0x7fcdd95465e0>
N[C@@H](C(=O)N[C@@H]1C(=O)N2C(C(=O)O)=C(Cl)CC[C@H]12)c1ccccc1,7.23,train,<rdkit.Chem.rdchem.Mol object at 0x7fcdd9546650>
O=C1c2ccccc2S(=O)(=O)N1CCCCN1CCN(c2cc(Cl)cc3c2OCCO3)CC1,7.23,train,<rdkit.Chem.rdchem.Mol object at 0x7fcdd95466c0>
COc1cc2nc(N3CCN(C(=O)c4ccco4)CC3)nc(N)c2cc1OC,7.24,test,<rdkit.Chem.rdchem.Mol object at 0x7fcdd95467a0>
COc1cc2nc(N3CCN(C(=O)C4CCCO4)CC3)nc(N)c2cc1OC,7.24,train,<rdkit.Chem.rdchem.Mol object at 0x7fcdd9546810>
CN1CCN(c2ncc(-c3cc(Cl)cc(Cl)c3Cl)c(N)n2)CC1,7.24,train,<rdkit.Chem.rdchem.Mol object at 0x7fcdd9546880>
COc1cc2nc(N3CCN(C(=O)CC(C)O)CC3)nc(N)c2cc1OC,7.24,train,<rdkit.Chem.rdchem.Mol object at 0x7fcdd9546960>
COC(=O)CCNC(=O)[C@@H]1CSC(C)N1,7.24,train,<rdkit.Chem.rdchem.Mol object at 0x7fcdd95469d0>
OC1CN(CCCOCCc2ccc3sccc3c2)C1,7.24,train,<rdkit.Chem.rdchem.Mol object at 0x7fcdd9546a40>
C[C@@H]1Cc2c(ccc3[nH]ncc23)[C@@H](c2ccc(NC3CN(CCCF)C3)cn2)N1CC(F)(F)F,7.24,train,<rdkit.Chem.rdchem.Mol object at 0x7fcdd9546ab0>
Cc1cc2c(s1)Nc1ccccc1N=C2N1CCN(C)CC1,7.24,train,<rdkit.Chem.rdchem.Mol object at 0x7fcdd9546b20>
Cc1cc2c(s1)Nc1ccccc1N=C2N1CCN(C)CC1.O=C(O)c1cc2ccccc2c(Cc2c(O)c(C(=O)O)cc3ccccc23)c1O,7.24,train,<rdkit.Chem.rdchem.Mol object at 0x7fcdd9546b90>
Cc1cccc(C)c1NC(=O)C1CCCCN1C,7.25,test,<rdkit.Chem.rdchem.Mol object at 0x7fcdd9546c00>
CS(=O)(=O)c1ccc2c(c1)N(CCCN1CCC(C(N)=O)CC1)c1ccccc1S2,7.25,test,<rdkit.Chem.rdchem.Mol object at 0x7fcdd9546c70>
COc1ccc2c(=O)c3ccccc3oc2c1CN1CCCCC1,7.25,test,<rdkit.Chem.rdchem.Mol object at 0x7fcdd9546ce0>
C=CC(=O)Nc1cccc(Oc2nc(Nc3ccc(N4CCN(C)CC4)c(F)c3)nc3[nH]ccc23)c1,7.25,test,<rdkit.Chem.rdchem.Mol object at 0x7fcdd9546d50>
CCCC(=O)N1CCCN(c2nc(N)c3cc(OC)c(OC)cc3n2)CC1,7.26,train,<rdkit.Chem.rdchem.Mol object at 0x7fcdd9546ea0>
COc1nc(C)nc(Cl)c1NC1=NCCN1,7.26,train,<rdkit.Chem.rdchem.Mol object at 0x7fcdd9546f10>
CS(=O)(=O)CCNCc1ccc(-c2ccc3ncnc(Nc4ccc(OCc5cccc(F)c5)c(Cl)c4)c3c2)o1,7.26,train,<rdkit.Chem.rdchem.Mol object at 0x7fcdd95470d0>
CSc1ccc(Oc2ccc(S(N)(=O)=O)cc2CN(C)C)cc1,7.27,train,<rdkit.Chem.rdchem.Mol object at 0x7fcdd9547140>
CC(C)(C)c1nc(N2CCN(CCCSc3nccc(O)n3)CC2)cc(C(F)(F)F)n1,7.27,train,<rdkit.Chem.rdchem.Mol object at 0x7fcdd95471b0>
COc1ccc(Br)cc1NC(=O)Nc1cccc2c1ccn2Cc1ccnc(N)c1,7.27,train,<rdkit.Chem.rdchem.Mol object at 0x7fcdd9547220>
CC(C)(CCC(C(N)=O)(c1ccccc1)c1ccccc1)N1CC(Oc2cccc(O)c2)C1,7.27,train,<rdkit.Chem.rdchem.Mol object at 0x7fcdd9547290>
Cc1c([C@@H](O)CN2CCN(C[C@H](O)c3ccc4c(c3C)COC4=O)CC2)ccc2c1COC2=O,7.27,train,<rdkit.Chem.rdchem.Mol object at 0x7fcdd9547300>
N#Cc1ccc(N2CCN(Cc3ccc4c5c(c(=O)[nH]c4c3)CCCN5)CC2)nc1,7.27,train,<rdkit.Chem.rdchem.Mol object at 0x7fcdd95473e0>
CC[C@@H]1[C@@H](O)N2[C@H]3C[C@@]45c6ccccc6N(C)[C@H]4[C@@H]2C[C@H]1C3[C@H]5OC(=O)CCl,7.27,train,<rdkit.Chem.rdchem.Mol object at 0x7fcdd9547450>
C[C@H]1[C@H](c2ccccc2)OCCN1C,7.28,test,<rdkit.Chem.rdchem.Mol object at 0x7fcdd95474c0>
N=C1SCCN1c1ccc(Cl)cc1N,7.28,train,<rdkit.Chem.rdchem.Mol object at 0x7fcdd9547530>
Cc1cc(Nc2cc(N3CCN(C)CC3)nc(Sc3ccc(NC(=O)C4CC4)cc3)n2)n[nH]1,7.28,train,<rdkit.Chem.rdchem.Mol object at 0x7fcdd95475a0>
C[C@H](O)C(=O)O.Cc1cc(Nc2cc(N3CCN(C)CC3)nc(Sc3ccc(NC(=O)C4CC4)cc3)n2)n[nH]1,7.28,train,<rdkit.Chem.rdchem.Mol object at 0x7fcdd9547610>
O=C(c1ccc(F)cc1)C1CCN(CCn2c(=O)[nH]c3ccccc3c2=O)CC1,7.29,test,<rdkit.Chem.rdchem.Mol object at 0x7fcdd95476f0>
CN1C[C@@H]2c3ccccc3Oc3ccc(Cl)cc3[C@H]2C1,7.29,train,<rdkit.Chem.rdchem.Mol object at 0x7fcdd9547840>
CN1CC2c3ccccc3Oc3ccc(Cl)cc3C2C1,7.29,train,<rdkit.Chem.rdchem.Mol object at 0x7fcdd95478b0>
COc1ccc2c(c1)[C@@H]1C[C@]1(C(=O)N1C3CCC1CN(C)C3)Cn1c-2c(C2CCCCC2)c2ccc(C(=O)NS(=O)(=O)N(C)C)cc21,7.29,train,<rdkit.Chem.rdchem.Mol object at 0x7fcdd9547920>
COc1ccc2c(c1)[C@@H]1C[C@]1(C(=O)N1[C@@H]3CC[C@H]1CN(C)C3)Cn1c-2c(C2CCCCC2)c2ccc(C(=O)NS(=O)(=O)N(C)C)cc21,7.29,train,<rdkit.Chem.rdchem.Mol object at 0x7fcdd9547990>
COc1cc2nc(N(C)CCCNC(=O)C3CCCO3)nc(N)c2cc1OC,7.3,train,<rdkit.Chem.rdchem.Mol object at 0x7fcdd9547a00>
Cc1ccc2c(c1)C(N1CCN(C)CC1)=Nc1ccccc1S2,7.3,train,<rdkit.Chem.rdchem.Mol object at 0x7fcdd9547a70>
O=C(O)COCCN1CCN(C(c2ccc(F)cc2)c2ccc(F)cc2)CC1,7.3,train,<rdkit.Chem.rdchem.Mol object at 0x7fcdd9547ae0>
CN1CCN(c2cc3c(nn2)Oc2ccccc2N3C)CC1,7.3,train,<rdkit.Chem.rdchem.Mol object at 0x7fcdd9547bc0>
O=C(CC(c1ccccc1)c1ccccc1)N1CCN(C(c2ccccc2)c2ccccc2)CC1,7.3,train,<rdkit.Chem.rdchem.Mol object at 0x7fcdd9547c30>
Cc1ccc(CNCC2(F)CCN(C(=O)c3ccc(F)c(Cl)c3)CC2)nc1,7.3,train,<rdkit.Chem.rdchem.Mol object at 0x7fcdd9547ca0>
COc1cc(C(=O)NCc2ccc(C)nc2N)cc(OC)c1OC,7.31,train,<rdkit.Chem.rdchem.Mol object at 0x7fcdd9547d10>
CN1CC[C@H](c2c(O)cc(O)c3c(=O)cc(-c4ccccc4Cl)oc23)[C@H](O)C1,7.31,train,<rdkit.Chem.rdchem.Mol object at 0x7fcdd9547df0>
C#CCN(C)CC1=Cc2ccccc2Oc2ccccc21,7.31,train,<rdkit.Chem.rdchem.Mol object at 0x7fcdd9547e60>
CC(=O)N1CCN([C@H]2CCN(C(=O)N(C)[C@H](C)c3cc(C(F)(F)F)cc(C(F)(F)F)c3)[C@@H](c3ccc(F)cc3C)C2)CC1,7.31,train,<rdkit.Chem.rdchem.Mol object at 0x7fcdd9547ed0>
COc1c(C)cnc(Cn2cc(C#CCCOP(=O)(O)O)c3c(Cl)nc(N)nc32)c1C,7.31,train,<rdkit.Chem.rdchem.Mol object at 0x7fcdd9547f40>
CCOC(CN1CCN(CC(C)C(=O)c2ccccc2)CC1)c1ccccc1,7.32,train,<rdkit.Chem.rdchem.Mol object at 0x7fcdd9548040>
COc1cc2c(cc1OC)C1CC(=O)C(CC(C)C)CN1CC2,7.33,train,<rdkit.Chem.rdchem.Mol object at 0x7fcdd9548120>
CC1N(CC(=O)c2ccccc2)CCCC1(C)c1cccc(O)c1,7.33,train,<rdkit.Chem.rdchem.Mol object at 0x7fcdd9548190>
Cc1nccn1CC1CCc2c(c3ccccc3n2C)C1=O,7.34,test,<rdkit.Chem.rdchem.Mol object at 0x7fcdd9548270>
CC(N)C(=O)OC(C)(C)Cc1ccc(Cl)cc1,7.34,train,<rdkit.Chem.rdchem.Mol object at 0x7fcdd95482e0>
C=CCN1Cc2ccccc2-c2ccccc2C1,7.34,train,<rdkit.Chem.rdchem.Mol object at 0x7fcdd9548350>
O=C(O)[C@@H]1[C@H]2C[C@H]3c4[nH]c5ccccc5c4CCN3C[C@@H]2CC[C@@H]1O,7.34,train,<rdkit.Chem.rdchem.Mol object at 0x7fcdd95483c0>
O=C(CCCN1CCC(n2c(=S)[nH]c3ccccc32)CC1)c1ccc(F)cc1,7.34,train,<rdkit.Chem.rdchem.Mol object at 0x7fcdd9548430>
Cc1nccn1C[C@H]1CCc2c(c3cccc4c3n2CCC4)C1=O,7.34,train,<rdkit.Chem.rdchem.Mol object at 0x7fcdd95484a0>
Cc1cc2c(F)c(Oc3ncnn4cc(OC[C@@H](C)OC(=O)[C@H](C)N)c(C)c34)ccc2[nH]1,7.34,train,<rdkit.Chem.rdchem.Mol object at 0x7fcdd9548510>
N#Cc1cc(CN2CCC(Nc3ncnc4sc(Cl)cc34)CC2)ccc1F,7.34,train,<rdkit.Chem.rdchem.Mol object at 0x7fcdd9548580>
C[C@H](N)C(=O)O[C@H]1CC[C@H]2[C@@H]3CCc4cc(OC(=O)N(CCCl)CCCl)ccc4[C@H]3CC[C@]12C,7.34,train,<rdkit.Chem.rdchem.Mol object at 0x7fcdd95485f0>
Cc1nccn1CCC(C(N)=O)(c1ccccc1)c1ccccc1,7.35,test,<rdkit.Chem.rdchem.Mol object at 0x7fcdd9548660>
N=C(N)NC(=O)c1nc(Cl)c(N)nc1N,7.35,train,<rdkit.Chem.rdchem.Mol object at 0x7fcdd9548740>
O=C(CCCN1CCC(n2c(=O)[nH]c3ccccc32)CC1)c1ccc(F)cc1,7.35,train,<rdkit.Chem.rdchem.Mol object at 0x7fcdd95487b0>
Cc1cccc(C)c1NC(=O)CN1CCCC1,7.35,train,<rdkit.Chem.rdchem.Mol object at 0x7fcdd9548820>
COc1ccccc1N1CCN(C[C@@H](O)COc2cccc3ccccc23)CC1,7.35,train,<rdkit.Chem.rdchem.Mol object at 0x7fcdd9548890>
Cc1cccc(/C=N/N2CCN(C(c3ccccc3)c3ccccc3)CC2)n1,7.35,train,<rdkit.Chem.rdchem.Mol object at 0x7fcdd9548900>
CN1CCN(C2=Nc3cc(Cl)ccc3Nc3ccccc32)CC1,7.35,train,<rdkit.Chem.rdchem.Mol object at 0x7fcdd9548970>
O=C(N[C@H]1CN2CCC1CC2)c1c[nH]c2ccsc2c1=O,7.36,test,<rdkit.Chem.rdchem.Mol object at 0x7fcdd95489e0>
O=C(c1ccc(F)cc1)C1CCN(CCCn2c(=O)[nH]c3cc(Cl)ccc32)CC1,7.36,train,<rdkit.Chem.rdchem.Mol object at 0x7fcdd9548b30>
CN1CCc2cc(Cl)c(O)cc2[C@@H](c2cc(Br)cc3c2OCC3)C1,7.36,train,<rdkit.Chem.rdchem.Mol object at 0x7fcdd9548ba0>
CC(C)N1CCN(C(=O)N2c3ccccc3Sc3ccccc32)CC1,7.36,train,<rdkit.Chem.rdchem.Mol object at 0x7fcdd9548c10>
C[C@H](N[C@@H](CCc1ccccc1)C(=O)O)C(=O)N1N=C(C(C)(C)C)S[C@H]1C(=O)O,7.36,train,<rdkit.Chem.rdchem.Mol object at 0x7fcdd9548c80>
CN1C/C=C/CCOc2cccc(c2)-c2ccnc(n2)Nc2cccc(c2)C1.O=C(O)CC(O)(CC(=O)O)C(=O)O,7.36,train,<rdkit.Chem.rdchem.Mol object at 0x7fcdd9548dd0>
CO[C@H]1/C=C/O[C@@]2(C)Oc3c(C)c(O)c4c(O)c(c(/C=N/N5CCN(C)CC5)c(O)c4c3C2=O)NC(=O)/C(C)=C/C=C/[C@H](C)[C@H](O)[C@@H](C)[C@@H](O)[C@@H](C)[C@H](OC(C)=O)[C@@H]1C,7.37,test,<rdkit.Chem.rdchem.Mol object at 0x7fcdd9548e40>
CN1CCN(c2cccc3[nH]c(=O)oc23)CC1,7.37,train,<rdkit.Chem.rdchem.Mol object at 0x7fcdd9549000>
C[C@H](c1ccc(C#N)cc1)N1CCN(c2ccc(C#N)cc2Cl)[C@H](c2ccc(Cl)cc2)C1,7.37,train,<rdkit.Chem.rdchem.Mol object at 0x7fcdd9549070>
CN1CCN(C2=Nc3ccccc3Cc3ccccc32)CC1,7.38,test,<rdkit.Chem.rdchem.Mol object at 0x7fcdd95490e0>
CN=C(N)NC(=O)Nc1c(C)cccc1C,7.38,train,<rdkit.Chem.rdchem.Mol object at 0x7fcdd9549150>
O=C(c1ccc(F)cc1)C1CCN(CCCn2c(=O)[nH]c3ccccc32)CC1,7.38,train,<rdkit.Chem.rdchem.Mol object at 0x7fcdd95491c0>
Cc1nc2ccccn2c(=O)c1CCN1CCc2oc3ccccc3c2C1,7.39,test,<rdkit.Chem.rdchem.Mol object at 0x7fcdd9549230>
C[C@@H]1CO[C@@](O)(c2cc(F)cc(F)c2)[C@H](C)N1,7.39,train,<rdkit.Chem.rdchem.Mol object at 0x7fcdd95492a0>
COC(=O)[C@H]1[C@H]2C[C@@H]3c4[nH]c5ccc(OC)cc5c4CCN3C[C@H]2C[C@@H](OC(=O)c2cc(OC)c(OC)c(OC)c2)[C@@H]1OC,7.39,train,<rdkit.Chem.rdchem.Mol object at 0x7fcdd9549310>
Clc1ccc(C(c2ccccc2)N2CCN(C/C=C/c3ccccc3)CC2)cc1,7.39,train,<rdkit.Chem.rdchem.Mol object at 0x7fcdd95493f0>
COc1ccc(S(N)(=O)=O)cc1C(=O)NCC1CCCN1Cc1ccc(F)cc1,7.4,train,<rdkit.Chem.rdchem.Mol object at 0x7fcdd95494d0>
N[C@@H](C(=O)N1CCCC1)[C@@H](O)c1ccncc1,7.4,train,<rdkit.Chem.rdchem.Mol object at 0x7fcdd95495b0>
COc1cccc2[nH]c3c4c(c5c(c3c12)C(=O)N(CN1CCN(C)CC1)C5=O)CCC4,7.4,train,<rdkit.Chem.rdchem.Mol object at 0x7fcdd9549620>
COc1ccc2c(c1)C(N1CCN(C)CC1)=Cc1ccccc1O2,7.41,train,<rdkit.Chem.rdchem.Mol object at 0x7fcdd9549690>
CCOC(=O)CSCCC1NC(C(=O)O)CS1,7.41,train,<rdkit.Chem.rdchem.Mol object at 0x7fcdd9549700>
CN1CCC2=C(CC1)c1cc(C#N)ccc1Sc1ccccc12,7.41,train,<rdkit.Chem.rdchem.Mol object at 0x7fcdd9549770>
CO[C@H]1/C=C\C=C(/C)C(=O)NC2=CC(=O)C(NCCN(C)C)=C(C[C@@H](C)C[C@H](OC)[C@H](O)[C@@H](C)/C=C(\C)[C@@H]1OC(N)=O)C2=O,7.41,train,<rdkit.Chem.rdchem.Mol object at 0x7fcdd95497e0>
COC[C@@]1(C)CCCN2CCc3c(oc4ccccc34)[C@@H]21,7.41,train,<rdkit.Chem.rdchem.Mol object at 0x7fcdd9549850>
O=C(O)COCCN1CCN(C(c2ccccc2)c2ccc(Cl)cc2)CC1,7.42,train,<rdkit.Chem.rdchem.Mol object at 0x7fcdd95498c0>
Clc1ccc(Cn2c(CN3CCCC3)nc3ccccc32)cc1,7.42,train,<rdkit.Chem.rdchem.Mol object at 0x7fcdd9549930>
CN1CCCCC1CCN1c2ccccc2Sc2ccc(S(C)(=O)=O)cc21,7.42,train,<rdkit.Chem.rdchem.Mol object at 0x7fcdd95499a0>
CC(C(=O)Nc1cc(-c2ccccc2)nn1-c1ccccc1)N(C)C,7.42,train,<rdkit.Chem.rdchem.Mol object at 0x7fcdd9549a10>
O=C1CCC(=O)N1C[C@H]1CC[C@H]2CN(c3ncccn3)CCN2C1,7.42,train,<rdkit.Chem.rdchem.Mol object at 0x7fcdd9549a80>
CN1CCC(c2c(O)cc(O)c3c(=O)cc(-c4ccccc4Cl)oc23)C1CO,7.42,train,<rdkit.Chem.rdchem.Mol object at 0x7fcdd9549b60>
CN1CCC(c2c(O)cc(O)c3c(=O)cc(-c4ccccc4)oc23)C1CO,7.42,train,<rdkit.Chem.rdchem.Mol object at 0x7fcdd9549bd0>
CN1CC[C@@H](c2c(O)cc(O)c3c(=O)cc(-c4ccc(C(F)(F)F)cc4Cl)oc23)[C@@H]1CO,7.42,train,<rdkit.Chem.rdchem.Mol object at 0x7fcdd9549cb0>
COc1cc(C(=O)OCCN2CCN(CCCN3c4ccccc4Sc4ccc(Cl)cc43)CC2)cc(OC)c1OC,7.43,train,<rdkit.Chem.rdchem.Mol object at 0x7fcdd9549d20>
CC(C)/N=C/Nc1ccc(-c2c[nH]cn2)cc1,7.43,train,<rdkit.Chem.rdchem.Mol object at 0x7fcdd9549d90>
CCn1nnc(C2=CCCN(C)C2)n1,7.43,train,<rdkit.Chem.rdchem.Mol object at 0x7fcdd9549e00>
CCOC(=O)C1=C(C)NC(CN(C)C)=C(C(=O)OCC)C1c1ccccc1/C=C/C(=O)OC(C)(C)C,7.43,train,<rdkit.Chem.rdchem.Mol object at 0x7fcdd9549e70>
C=C(C[C@H](NC(=O)c1ccc(CCc2ccc3nc(N)nc(N)c3c2)cc1)C(=O)O)C(=O)O,7.43,train,<rdkit.Chem.rdchem.Mol object at 0x7fcdd9549f50>
O=C(N[C@@H]1C2CCN(CC2)[C@H]1Cc1cccnc1)c1cc2ccccc2o1,7.44,test,<rdkit.Chem.rdchem.Mol object at 0x7fcdd9549fc0>
CN1CCC2=C(C1)c1ccccc1Cc1ccccc12,7.44,train,<rdkit.Chem.rdchem.Mol object at 0x7fcdd954a030>
CCN(CC)C(C)C(=O)c1ccccc1,7.44,train,<rdkit.Chem.rdchem.Mol object at 0x7fcdd954a0a0>
CN1CCN2c3cc(F)ccc3C(c3cccs3)=NCC2C1,7.44,train,<rdkit.Chem.rdchem.Mol object at 0x7fcdd954a110>
O=C1CCc2cc(OC[C@H](O)CN3CCN(c4ccc(C(F)(F)F)cc4)CC3)ccc2N1,7.45,test,<rdkit.Chem.rdchem.Mol object at 0x7fcdd954a1f0>
OCCOCCN1CCN(C(c2ccccc2)c2ccc(Cl)cc2)CC1,7.45,train,<rdkit.Chem.rdchem.Mol object at 0x7fcdd954a260>
O=C(O)c1cc2ccccc2c(Cc2c(O)c(C(=O)O)cc3ccccc23)c1O.OCCOCCN1CCN(C(c2ccccc2)c2ccc(Cl)cc2)CC1,7.45,train,<rdkit.Chem.rdchem.Mol object at 0x7fcdd954a2d0>
OCCOCCOCCN1CCN(C(c2ccccc2)c2ccc(Cl)cc2)CC1,7.45,train,<rdkit.Chem.rdchem.Mol object at 0x7fcdd954a340>
C#CC1(OCC(O)CN2CCN(c3ccccc3OC)CC2)CCCCC1,7.46,train,<rdkit.Chem.rdchem.Mol object at 0x7fcdd954a500>
O=C(N1CCCC1)C(CCN1CCOCC1)(c1ccccc1)c1ccccc1,7.46,train,<rdkit.Chem.rdchem.Mol object at 0x7fcdd954a570>
CC(=O)NC[C@H]1CN(c2ccc(-c3ccc(CNCc4cnn[nH]4)cc3)c(F)c2)C(=O)O1,7.46,train,<rdkit.Chem.rdchem.Mol object at 0x7fcdd954a5e0>
CCCCCCCCCCCC(=O)OCN1C(=O)CCc2ccc(OCCCCN3CCN(c4cccc(Cl)c4Cl)CC3)cc21,7.46,train,<rdkit.Chem.rdchem.Mol object at 0x7fcdd954a650>
CC(C)Cc1ccc(-c2nc(-c3ccc(CN4CC(C(=O)O)C4)c(F)c3)no2)cc1,7.46,train,<rdkit.Chem.rdchem.Mol object at 0x7fcdd954a730>
CCCC(CCC)CCCC1COCCN1CCO,7.47,train,<rdkit.Chem.rdchem.Mol object at 0x7fcdd954a7a0>
O=C1COc2ccc(OCCCCN3CCN(c4cccc(Cl)c4Cl)CC3)cc2N1,7.47,train,<rdkit.Chem.rdchem.Mol object at 0x7fcdd954a810>
C[C@H]1OC[C@]2(c3cc(NC(=O)c4cnc(C(F)F)cn4)ccc3F)N=C(N)SC[C@H]12,7.47,train,<rdkit.Chem.rdchem.Mol object at 0x7fcdd954a880>
O=c1[nH]cnc2c(CN3C[C@H](CO)[C@@H](O)C3)c[nH]c12,7.47,train,<rdkit.Chem.rdchem.Mol object at 0x7fcdd954a8f0>
O=C(O)CCC(=O)O.O=c1[nH]cnc2c(CN3C[C@H](CO)[C@@H](O)C3)c[nH]c12.O=c1[nH]cnc2c(CN3C[C@H](CO)[C@@H](O)C3)c[nH]c12,7.47,train,<rdkit.Chem.rdchem.Mol object at 0x7fcdd954a960>
O/N=c1\cc(-c2cc3sccc3cn2)oc2ccc(CCCN3CCOCC3)cc12,7.47,train,<rdkit.Chem.rdchem.Mol object at 0x7fcdd954a9d0>
CC(C)[C@H](N)C(=O)OCC(CO)OCn1cnc2c(=O)[nH]c(N)nc21,7.48,test,<rdkit.Chem.rdchem.Mol object at 0x7fcdd954aab0>
NC(CO)C(=O)NNCc1ccc(O)c(O)c1O,7.48,train,<rdkit.Chem.rdchem.Mol object at 0x7fcdd954ab20>
CCCCCCCCCC(=O)OCCN1CCN(CCCN2c3ccccc3Sc3ccc(C(F)(F)F)cc32)CC1,7.48,train,<rdkit.Chem.rdchem.Mol object at 0x7fcdd954ab90>
CCCCCCC(=O)OCCN1CCN(CCCN2c3ccccc3Sc3ccc(C(F)(F)F)cc32)CC1,7.48,train,<rdkit.Chem.rdchem.Mol object at 0x7fcdd954ac00>
CCCN(c1ccncc1F)n1cc(C)c2ccccc21,7.48,train,<rdkit.Chem.rdchem.Mol object at 0x7fcdd954ace0>
CC(C)[C@H](N)C(=O)O[C@@H]1[C@@H](CO)O[C@@H](n2ccc(N)nc2=O)[C@]1(C)O,7.48,train,<rdkit.Chem.rdchem.Mol object at 0x7fcdd954adc0>
N=C(NCCCCc1ccc(OCC(O)CO)cc1)NC(=O)c1nc(Cl)c(N)nc1N,7.48,train,<rdkit.Chem.rdchem.Mol object at 0x7fcdd954ae30>
CCCCCc1ccc(-c2cc3cn([C@H]4C[C@H](O)[C@@H](COC(=O)[C@@H](N)C(C)C)O4)c(=O)nc3o2)cc1,7.48,train,<rdkit.Chem.rdchem.Mol object at 0x7fcdd954aea0>
NC1=N[C@@]2(c3cc(NC(=O)c4ccc(F)cn4)ccc3F)COC[C@H]2CS1,7.48,train,<rdkit.Chem.rdchem.Mol object at 0x7fcdd954af10>
CC(C)[C@H](N)C(=O)OCCCC(=O)O,7.48,train,<rdkit.Chem.rdchem.Mol object at 0x7fcdd954af80>
CC(C)[C@H](N)C(=O)OCC[C@H](NC(=O)[C@@H]1SCCN1S(=O)(=O)c1ccc(-c2ccccc2)cc1)c1ccc(F)cc1,7.48,train,<rdkit.Chem.rdchem.Mol object at 0x7fcdd954aff0>
CC(C)[C@H](N)C(=O)OCCOCn1cnc2c(=O)nc(N)[nH]c21,7.48,train,<rdkit.Chem.rdchem.Mol object at 0x7fcdd954b060>
CCCCCCCCCCCCCCCCCC(=O)OC[C@H](CCOC(=O)[C@@H](N)C(C)C)Cn1cnc2c(=O)[nH]c(N)nc21,7.48,train,<rdkit.Chem.rdchem.Mol object at 0x7fcdd954b0d0>
CC(C)[C@H](N)C(=O)OCC[C@@H](CO)Cn1cnc2c(=O)[nH]c(N)nc21,7.48,train,<rdkit.Chem.rdchem.Mol object at 0x7fcdd954b140>
NC1=NCC(c2ccccc2)O1,7.49,train,<rdkit.Chem.rdchem.Mol object at 0x7fcdd954b220>
NC1=NCC(c2ccc(C(F)(F)F)cc2)O1,7.49,train,<rdkit.Chem.rdchem.Mol object at 0x7fcdd954b300>
Cc1c(C(=O)CCN2CC=C(c3ccc(F)cc3)CC2)cnn1CCO,7.49,train,<rdkit.Chem.rdchem.Mol object at 0x7fcdd954b370>
Cc1c(NC(=O)OC[C@@H]2COCCN2)cn2ncnc(Nc3ccc4c(cnn4Cc4cccc(F)c4)c3)c12,7.49,train,<rdkit.Chem.rdchem.Mol object at 0x7fcdd954b3e0>
Cc1nc(N2CCN(C)CC2)c2nc(-c3ccccc3Cl)n(C3CCOCC3)c2n1,7.49,train,<rdkit.Chem.rdchem.Mol object at 0x7fcdd954b450>
CCOC(=O)Nc1ccc(NCc2ccc(F)cc2)nc1N,7.5,test,<rdkit.Chem.rdchem.Mol object at 0x7fcdd954b4c0>
CC1(C)N=C(N)N=C(N)N1OCc1ccc(Cl)c(Cl)c1,7.5,test,<rdkit.Chem.rdchem.Mol object at 0x7fcdd954b530>
COc1cccc(/C=N/OCC(O)CN2CCN(c3ccccc3OC)CC2)c1,7.5,test,<rdkit.Chem.rdchem.Mol object at 0x7fcdd954b5a0>
CC(=O)OCCN1CCN(CCCN2c3ccccc3Sc3ccc(Cl)cc32)CC1,7.5,train,<rdkit.Chem.rdchem.Mol object at 0x7fcdd954b610>
CC1CN(C)CC2Cc3c(ccc4ccccc34)OC12O,7.5,train,<rdkit.Chem.rdchem.Mol object at 0x7fcdd954b680>
CCC(=O)N(c1ccccc1)C1(COC)CCN(CCn2nnn(CC)c2=O)CC1,7.5,train,<rdkit.Chem.rdchem.Mol object at 0x7fcdd954b6f0>
OCCN1CCN([C@@H]2C[C@@H](c3ccc(F)cc3)c3ccc(C(F)(F)F)cc32)CC1,7.5,train,<rdkit.Chem.rdchem.Mol object at 0x7fcdd954b760>
Cn1cncc1[C@@](N)(c1ccc(Cl)cc1)c1ccc2c(c1)c(-c1cccc(Cl)c1)cc(=O)n2C,7.5,train,<rdkit.Chem.rdchem.Mol object at 0x7fcdd954b7d0>
CC(C)Oc1ccc(C(=O)N[C@H](CNC(=O)CN(C)C)Cc2ccc(-c3cn4cccc([C@H](C)O)c4n3)cc2)cc1Cl,7.5,train,<rdkit.Chem.rdchem.Mol object at 0x7fcdd954b8b0>
Cc1cc2cc(Oc3ccnc(Nc4cccc(CS(=O)(=O)NCCN(C)C)c4)n3)ccc2[nH]1,7.5,train,<rdkit.Chem.rdchem.Mol object at 0x7fcdd954b920>
CN1CCN(c2cc(-c3ccncc3)c(-c3ccc4ccccc4c3)nn2)CC1,7.5,train,<rdkit.Chem.rdchem.Mol object at 0x7fcdd954b990>
COCCN1C[C@@H](NC(=O)Nc2c(C)c(-c3cnc(C)nc3)nn2-c2ccccc2)[C@H](c2cccc(F)c2)C1,7.5,train,<rdkit.Chem.rdchem.Mol object at 0x7fcdd954ba00>
CCN1CCC(c2cc(F)cc(S(C)(=O)=O)c2)CC1,7.51,test,<rdkit.Chem.rdchem.Mol object at 0x7fcdd954bae0>
CCOC(=O)c1c(N)sc2c1CCN(Cc1ccccc1)C2,7.51,train,<rdkit.Chem.rdchem.Mol object at 0x7fcdd954bb50>
CCC(=O)N(c1ccccc1)C1(C(=O)OC)CCN(CCC(=O)OC)CC1,7.51,train,<rdkit.Chem.rdchem.Mol object at 0x7fcdd954bbc0>
O=c1[nH]c2ccccc2n1C1CCN(CCOc2ccccc2)CC1,7.51,train,<rdkit.Chem.rdchem.Mol object at 0x7fcdd954bc30>
CCN(CC)C(=O)N[C@H]1C[C@@H]2c3cccc4[nH]cc(c34)C[C@H]2N(C)C1,7.51,train,<rdkit.Chem.rdchem.Mol object at 0x7fcdd954bca0>
COc1cc2oc(=O)c(C)c(C)c2cc1OCCCN1CCN(c2ccccc2OC)CC1,7.52,train,<rdkit.Chem.rdchem.Mol object at 0x7fcdd954bd10>
N#Cc1c(N2C[C@@H]3NCCO[C@H]3C2)c(F)cc2c(=O)c(C(=O)O)cn(C3CC3)c12,7.54,test,<rdkit.Chem.rdchem.Mol object at 0x7fcdd954be60>
COc1cc(NCc2ccc3nc(N)nc(N)c3c2C)cc(OC)c1OC,7.54,train,<rdkit.Chem.rdchem.Mol object at 0x7fcdd954bf40>
FC(F)(F)c1cccc(N2CCN(CCc3nnc4n3CC3CCCC43)CC2)c1,7.54,train,<rdkit.Chem.rdchem.Mol object at 0x7fcdd954c0b0>
COc1cc(NCc2ccc3nc(N)nc(N)c3c2C)cc(OC)c1OC.O=C(O)[C@H]1O[C@H](O)[C@H](O)[C@@H](O)[C@@H]1O,7.54,train,<rdkit.Chem.rdchem.Mol object at 0x7fcdd954c120>
COc1nc(-c2cccc(-c3cccc(-c4cnc(CNC[C@@H]5CCC(=O)N5)c(OC)n4)c3Cl)c2Cl)cnc1CNC[C@@H]1CCC(=O)N1,7.54,train,<rdkit.Chem.rdchem.Mol object at 0x7fcdd954c190>
CCC[C@@H]1C[C@@H](C(=O)N[C@@H]([C@H]2O[C@H](SC)[C@H](OP(=O)(O)O)[C@@H](O)[C@H]2O)[C@H](C)Cl)N(C)C1,7.55,test,<rdkit.Chem.rdchem.Mol object at 0x7fcdd954c200>
CCC[C@@H]1C[C@@H](C(=O)N[C@@H]([C@H]2O[C@H](SC)[C@H](O)[C@@H](O)[C@H]2O)[C@H](C)Cl)N(C)C1,7.55,test,<rdkit.Chem.rdchem.Mol object at 0x7fcdd954c270>
CC(=O)O[C@@]12CO[C@@H]1CC[C@@]1(C)[C@@H]3O[C@H](CN(C)C)O[C@@H]3C3=C(C)[C@@H](OC(=O)[C@H](O)[C@@H](NC(=O)OC(C)(C)C)c4ncccc4F)C[C@@](O)([C@@H](OC(=O)c4ccccc4)[C@@H]12)C3(C)C,7.55,test,<rdkit.Chem.rdchem.Mol object at 0x7fcdd954c2e0>
C[C@H](N)C(=O)c1ccccc1,7.55,train,<rdkit.Chem.rdchem.Mol object at 0x7fcdd954c350>
O=c1cc(-c2ccccc2)n(-c2ccccc2)n1CCCN1CCN(c2ccccn2)CC1,7.55,train,<rdkit.Chem.rdchem.Mol object at 0x7fcdd954c3c0>
COc1ccc2c(c1)CN(C)CC2c1ccc(Cl)c(Cl)c1,7.55,train,<rdkit.Chem.rdchem.Mol object at 0x7fcdd954c430>
COc1cc(N)c(Br)cc1C(=O)NC1CCN(Cc2ccc(Cl)cc2)CC1,7.55,train,<rdkit.Chem.rdchem.Mol object at 0x7fcdd954c4a0>
CCCCCCCCCCCCCCCC(=O)O[C@@H]1[C@@H](O)[C@@H](O)[C@@H]([C@H](NC(=O)[C@@H]2C[C@@H](CCC)CN2C)[C@H](C)Cl)O[C@@H]1SC,7.55,train,<rdkit.Chem.rdchem.Mol object at 0x7fcdd954c510>
O=c1nc(N2CCN(CC3CCCCC3)CC2)sc2c([N+](=O)[O-])cc(C(F)(F)F)cc12,7.55,train,<rdkit.Chem.rdchem.Mol object at 0x7fcdd954c5f0>
CCNC(=O)N1CCN(CCCC(c2ccc(F)cc2)c2ccc(F)cc2)CC1,7.56,train,<rdkit.Chem.rdchem.Mol object at 0x7fcdd954c6d0>
COCCN1CCN(Cc2ccc(-c3n[nH]c4c3C(=O)c3c(NC(=O)NN5CCOCC5)cccc3-4)cc2)CC1,7.56,train,<rdkit.Chem.rdchem.Mol object at 0x7fcdd954c7b0>
CONC(=O)Nc1ccc(-c2sc3c(c2CN(C)Cc2ccccc2)c(=O)n(-c2ccccc2)c(=O)n3Cc2c(F)cccc2F)cc1,7.57,train,<rdkit.Chem.rdchem.Mol object at 0x7fcdd954c900>
CNC(=O)c1ccccc1Nc1cc(Nc2ccc(N3CCOCC3)cc2OC)ncc1C(F)(F)F,7.57,train,<rdkit.Chem.rdchem.Mol object at 0x7fcdd954c970>
Cc1ccc(C(=O)Nc2ccc(CN3CCN(C)CC3)c(C(F)(F)F)c2)cc1C#Cc1cnc2[nH]ncc2c1,7.57,train,<rdkit.Chem.rdchem.Mol object at 0x7fcdd954c9e0>
CO[C@@H]1[C@H](OC(=O)N2CC(CCN3CCOCC3)C2)CC[C@]2(CO2)[C@H]1[C@@]1(C)O[C@@H]1CC=C(C)C,7.57,train,<rdkit.Chem.rdchem.Mol object at 0x7fcdd954ca50>
O=c1[nH]c2ccccc2c(=O)n1CCCN1CCN(c2cccc(Cl)c2)CC1,7.58,train,<rdkit.Chem.rdchem.Mol object at 0x7fcdd954cac0>
CN1CCN(CCN2CCN(CCCN3c4ccccc4Sc4ccc(Cl)cc43)CC2)C1=O,7.59,train,<rdkit.Chem.rdchem.Mol object at 0x7fcdd954cb30>
CCC(=O)N(c1ccccc1F)C1(c2ccccc2)CCN(CCn2nnn(CC)c2=O)CC1,7.59,train,<rdkit.Chem.rdchem.Mol object at 0x7fcdd954cc10>
COC(=O)[C@H]1[C@@H](c2ccc(F)cc2)C[C@@H]2CC[C@H]1N2C/C=C/I,7.59,train,<rdkit.Chem.rdchem.Mol object at 0x7fcdd954cc80>
COC(=O)[C@H]1[C@@H](c2ccc(F)cc2)C[C@@H]2CC[C@H]1N2C/C=C/[123I],7.59,train,<rdkit.Chem.rdchem.Mol object at 0x7fcdd954ccf0>
Cc1c(-c2[nH]c3ccc(C4CCN(CC(N)=O)CC4)cc3c2C(C)C)cn2ncnc2c1C,7.59,train,<rdkit.Chem.rdchem.Mol object at 0x7fcdd954cd60>
CC1=C(C(=O)O)N2C(=O)[C@@H](NC(=O)[C@H](N)C3=CCC=CC3)[C@H]2SC1,7.6,test,<rdkit.Chem.rdchem.Mol object at 0x7fcdd954cdd0>
OCCN1C[C@H](O)[C@@H](O)[C@H](O)[C@H]1CO,7.6,test,<rdkit.Chem.rdchem.Mol object at 0x7fcdd954ce40>
CC(C)(C)c1ccc(CN2CCN(C(c3ccccc3)c3ccc(Cl)cc3)CC2)cc1,7.6,train,<rdkit.Chem.rdchem.Mol object at 0x7fcdd954ceb0>
CC[S+]([O-])CCCN1CCc2ccccc2C1,7.6,train,<rdkit.Chem.rdchem.Mol object at 0x7fcdd954cf20>
CCCN1CCO[C@@H]2c3cc(O)ccc3CC[C@H]21,7.6,train,<rdkit.Chem.rdchem.Mol object at 0x7fcdd954cf90>
Cc1nc2n(n1)C(N1CCN(C)CC1)=Nc1ccccc1C2,7.6,train,<rdkit.Chem.rdchem.Mol object at 0x7fcdd954d000>
CC1(C)S[C@@H]2[C@H](NC(=O)[C@H](N)C3=CCC=CC3)C(=O)N2[C@H]1C(=O)O,7.6,train,<rdkit.Chem.rdchem.Mol object at 0x7fcdd954d070>
CCN1CCN(C(C)C)[C@@H]2CCn3c(c(C)c4ccccc43)[C@H]21,7.6,train,<rdkit.Chem.rdchem.Mol object at 0x7fcdd954d0e0>
CC(C)[C@H](NC(=O)c1ccc2ccccc2n1)C(=O)N[C@@H](Cc1ccccc1)[C@H](O)CN1CC[C@@H](OCc2ccncc2)C[C@H]1C(=O)NC(C)(C)C,7.6,train,<rdkit.Chem.rdchem.Mol object at 0x7fcdd954d150>
O=[N+]([O-])OCCN(CCO[N+](=O)[O-])CCN(CCO[N+](=O)[O-])CCO[N+](=O)[O-],7.6,train,<rdkit.Chem.rdchem.Mol object at 0x7fcdd954d1c0>
Cc1ccccc1-c1cc(N2CCN(C)CC2)ncc1N(C)C(=O)C(C)(C)c1cc(C(F)(F)F)cc(C(F)(F)F)c1,7.6,train,<rdkit.Chem.rdchem.Mol object at 0x7fcdd954d380>
Cc1ccc(C(=O)NC2CC2)cc1-n1cnc2ccc(N3CCN(C)CC3)cc2c1=O,7.6,train,<rdkit.Chem.rdchem.Mol object at 0x7fcdd954d3f0>
O=c1[nH]c(-c2ccc(F)cc2)c(CCN2CCN(c3cc(Cl)cc(Cl)c3)CC2)o1,7.61,train,<rdkit.Chem.rdchem.Mol object at 0x7fcdd954d460>
C[C@@H]1NC(C)(C)CO[C@@]1(O)c1cccc(Cl)c1,7.61,train,<rdkit.Chem.rdchem.Mol object at 0x7fcdd954d4d0>
O=C1CC2(CCCC2)CC(=O)N1CCCCN1CCN(c2ncccn2)CC1,7.62,train,<rdkit.Chem.rdchem.Mol object at 0x7fcdd954d540>
CC1(C)CC(=O)N(CCCCN2CCN(c3ncccn3)CC2)C(=O)C1,7.62,train,<rdkit.Chem.rdchem.Mol object at 0x7fcdd954d5b0>
O=C(O)CC(O)(CC(=O)O)C(=O)O.O=C1[C@@H]2[C@H]3CC[C@H](C3)[C@@H]2C(=O)N1CCCCN1CCN(c2ncccn2)CC1,7.62,train,<rdkit.Chem.rdchem.Mol object at 0x7fcdd954d620>
O=C1[C@@H]2[C@H]3CC[C@H](C3)[C@@H]2C(=O)N1CCCCN1CCN(c2ncccn2)CC1,7.62,train,<rdkit.Chem.rdchem.Mol object at 0x7fcdd954d700>
O=C1[C@@H]2[C@@H]3C=C[C@@H]([C@H]4C=C[C@H]43)[C@@H]2C(=O)N1CCCCN1CCN(c2ncccn2)CC1,7.62,train,<rdkit.Chem.rdchem.Mol object at 0x7fcdd954d770>
CCOc1ccccc1N1CCN(CCCOc2ccc3c(c2)CCC(=O)N3)CC1,7.62,train,<rdkit.Chem.rdchem.Mol object at 0x7fcdd954d850>
O=C(NC[C@H]1CN(c2ccc(N3CCNC=N3)cc2)C(=O)O1)c1ccc(Cl)s1,7.62,train,<rdkit.Chem.rdchem.Mol object at 0x7fcdd954d930>
Cc1ccc(C(=O)Nc2ccc(CN3CCN(C)CC3)c(C(F)(F)F)c2)cc1C#Cc1nnc2ccccn12,7.62,train,<rdkit.Chem.rdchem.Mol object at 0x7fcdd954d9a0>
CO/N=C(\C#N)[C@H]1CN2CCC1CC2,7.63,test,<rdkit.Chem.rdchem.Mol object at 0x7fcdd954da10>
CN1CCN(C2Cc3ccccc3Sc3ccc(Cl)cc32)CC1,7.63,train,<rdkit.Chem.rdchem.Mol object at 0x7fcdd954da80>
CN1CCN(C(c2ccccc2)c2ccc(Cl)cc2)CC1,7.63,train,<rdkit.Chem.rdchem.Mol object at 0x7fcdd954daf0>
C#CC1(OCC(O)CN2CCN(c3cccc(C(F)(F)F)c3)CC2)CCCCC1,7.63,train,<rdkit.Chem.rdchem.Mol object at 0x7fcdd954db60>
Cc1nc(NCc2ccccc2)c2cc[nH]c2n1,7.63,train,<rdkit.Chem.rdchem.Mol object at 0x7fcdd954dbd0>
CCN(CC)CCNC(=O)c1cc(S(C)(=O)=O)ccc1OC,7.64,test,<rdkit.Chem.rdchem.Mol object at 0x7fcdd954dc40>
CC(=O)Nc1cccc(N2CCN(CCCCNS(=O)(=O)CC3CCCCC3)CC2)c1,7.64,test,<rdkit.Chem.rdchem.Mol object at 0x7fcdd954dcb0>
CN(C(=O)CNC(=O)CN)c1ccc(Cl)cc1C(=O)c1ccccc1Cl,7.64,train,<rdkit.Chem.rdchem.Mol object at 0x7fcdd954dd20>
CCN(CC)CCNC(=O)N(CCS(=O)(=O)c1ccccc1)C(C)C,7.64,train,<rdkit.Chem.rdchem.Mol object at 0x7fcdd954dd90>
CN1CCC2=C(CC1)c1ccccc1Oc1ccccc12,7.64,train,<rdkit.Chem.rdchem.Mol object at 0x7fcdd954de00>
CCC(C(=O)OC(COCC(C)C)CN1CCN(C)CC1)c1ccccc1,7.64,train,<rdkit.Chem.rdchem.Mol object at 0x7fcdd954de70>
Cc1ccccc1N1CCN(CCc2nnc3n2CCCC3)CC1,7.64,train,<rdkit.Chem.rdchem.Mol object at 0x7fcdd954dee0>
O=C(c1ccc(NS(=O)(=O)c2cccc3cccnc23)cc1)N1CCN(CC2CC2)CC1,7.64,train,<rdkit.Chem.rdchem.Mol object at 0x7fcdd954df50>
CC1=C(c2cc(F)cc(F)c2)[C@H](c2ccc(/C=C/CN3CC(CF)C3)cc2)Oc2cc(O)ccc21,7.64,train,<rdkit.Chem.rdchem.Mol object at 0x7fcdd954dfc0>
OCC(O)CN1CCN(c2ccccc2)CC1,7.65,train,<rdkit.Chem.rdchem.Mol object at 0x7fcdd954e030>
OC[C@@H](O)CN1CCN(c2ccccc2)CC1,7.65,train,<rdkit.Chem.rdchem.Mol object at 0x7fcdd954e0a0>
Cc1csc(N2CCN(CCCCc3sc(C)nc3C)CC2)n1,7.65,train,<rdkit.Chem.rdchem.Mol object at 0x7fcdd954e110>
CN1CCN(c2ccc(Nc3ncc4cc5n(c4n3)C3(CCCCC3)CNC5=O)nc2)CC1,7.65,train,<rdkit.Chem.rdchem.Mol object at 0x7fcdd954e180>
Cc1sc(C(=O)c2cncnc2N[C@@H]2CC[C@H](COS(N)(=O)=O)[C@H]2O)cc1[C@@H]1NCCc2ccc(Cl)cc21,7.65,train,<rdkit.Chem.rdchem.Mol object at 0x7fcdd954e1f0>
Cc1cc(O)ccc1/C=N/NC1=NCCN1,7.66,test,<rdkit.Chem.rdchem.Mol object at 0x7fcdd954e260>
O=C(O)[C@H](CCc1ccccc1)N[C@H]1CCCN2CCC[C@@H](C(=O)O)N2C1=O,7.66,train,<rdkit.Chem.rdchem.Mol object at 0x7fcdd954e2d0>
c1ccc2c(SC3=NCCN3)c[nH]c2c1,7.66,train,<rdkit.Chem.rdchem.Mol object at 0x7fcdd954e340>
CC1(C)CN(CCN2CCN(c3cccc(Cl)c3)C2=O)C1,7.66,train,<rdkit.Chem.rdchem.Mol object at 0x7fcdd954e3b0>
CC[C@H]1OC(=O)[C@H](C)C(=O)[C@H](C)[C@@H](O[C@@H]2O[C@H](C)C[C@H](N(C)C)[C@H]2O)[C@](C)(OCC=Cc2cnc3ccccc3c2)C[C@@H](C)C(=O)[C@H](C)[C@H]2NC(=O)O[C@@]21C,7.66,train,<rdkit.Chem.rdchem.Mol object at 0x7fcdd954e420>
OCC(CO)N[C@H]1C[C@](O)(CO)[C@@H](O)[C@H](O)[C@H]1O,7.66,train,<rdkit.Chem.rdchem.Mol object at 0x7fcdd954e490>
CC[C@H]1OC(=O)[C@H](C)C(=O)[C@H](C)[C@@H](O[C@@H]2O[C@H](C)C[C@H](N(C)C)[C@H]2O)[C@](C)(OC)C[C@@H](C)C(=O)[C@H](C)[C@H]2N(CCCCn3cnc(-c4cccnc4)c3)C(=O)O[C@]12C,7.66,train,<rdkit.Chem.rdchem.Mol object at 0x7fcdd954e500>
CN1CCN(/C=C2\N=C3CN=C(c4ccccc4Cl)c4cc([N+](=O)[O-])ccc4N3C2=O)CC1,7.66,train,<rdkit.Chem.rdchem.Mol object at 0x7fcdd954e570>
CCOC(=O)O[C@H]1[C@H](O[C@@H]2[C@@H](C)[C@H](O[C@H]3C[C@@](C)(OC)[C@@H](O)[C@H](C)O3)[C@@H](C)C(=O)O[C@H](CC)[C@@](C)(O)[C@H](O)[C@@H](C)C(=O)[C@H](C)C[C@@]2(C)O)O[C@H](C)C[C@@H]1N(C)C,7.66,train,<rdkit.Chem.rdchem.Mol object at 0x7fcdd954e650>
CC(=O)c1ccc2c(c1)N(CCCN1CCN(CCO)CC1)c1ccccc1S2,7.67,train,<rdkit.Chem.rdchem.Mol object at 0x7fcdd954e7a0>
CCC(=O)c1ccc2c(c1)N(CCCN1CCN(CCO)CC1)c1ccccc1S2,7.67,train,<rdkit.Chem.rdchem.Mol object at 0x7fcdd954e810>
C[C@H](CN1CCOCC1)C(C(=O)N1CCCC1)(c1ccccc1)c1ccccc1,7.67,train,<rdkit.Chem.rdchem.Mol object at 0x7fcdd954e880>
O=C(N[C@H]1CN2CCC1CC2)c1cc2ccoc2cn1,7.67,train,<rdkit.Chem.rdchem.Mol object at 0x7fcdd954e8f0>
C[C@@H](CC(C(=O)N1CCCC1)(c1ccccc1)c1ccccc1)N1CCOCC1,7.67,train,<rdkit.Chem.rdchem.Mol object at 0x7fcdd954e960>
CC[C@H]1OC(=O)C[C@@H](O)[C@H](C)[C@@H](O[C@@H]2O[C@H](C)C[C@H](N(C)C)[C@H]2O)[C@@H](CC=O)C[C@@H](C)C(=O)/C=C/[C@]2(C)O[C@H]2[C@@H]1C,7.68,train,<rdkit.Chem.rdchem.Mol object at 0x7fcdd954e9d0>
CC[C@H]1OC(=O)C[C@@H](O)[C@H](C)[C@@H](O[C@@H]2O[C@H](C)C[C@H](N(C)C)[C@H]2O)[C@@H](CC=O)C[C@@H](C)C(=O)/C=C/C(C)=C/[C@@H]1C,7.68,train,<rdkit.Chem.rdchem.Mol object at 0x7fcdd954ea40>
CCCCCCCCCCCCCCCCCC(=O)O.CC[C@H]1OC(=O)C[C@@H](O)[C@H](C)[C@@H](O[C@@H]2O[C@H](C)C[C@H](N(C)C)[C@H]2O)[C@@H](CC=O)C[C@@H](C)C(=O)/C=C/[C@]2(C)O[C@H]2[C@@H]1C,7.68,train,<rdkit.Chem.rdchem.Mol object at 0x7fcdd954eb20>
CCN1CCCC1CNS(=O)(=O)c1cc(Cl)c(N)cc1OC,7.69,train,<rdkit.Chem.rdchem.Mol object at 0x7fcdd954ece0>
O=C(O)CN1C[C@@H](c2cccs2)SC[C@H](N[C@@H](CCc2ccccc2)C(=O)O)C1=O,7.69,train,<rdkit.Chem.rdchem.Mol object at 0x7fcdd954ed50>
COc1cc(/C=C/C(=O)N2CCN(CC(=O)O)CC2)cc(OC)c1OC,7.69,train,<rdkit.Chem.rdchem.Mol object at 0x7fcdd954edc0>
COc1ccc(/C=C\c2cc(OC)c(OC)c(OC)c2)cc1NC(=O)[C@@H](N)CO,7.69,train,<rdkit.Chem.rdchem.Mol object at 0x7fcdd954ee30>
C=CC(=O)Nc1cc(C#CC(C)(C)N2CCN(C)CC2)cc2ncnc(Nc3ccc(F)c(Cl)c3)c12,7.69,train,<rdkit.Chem.rdchem.Mol object at 0x7fcdd954ef10>
Cc1cccc(C)c1NC(=O)CN1CCCCCC1,7.7,test,<rdkit.Chem.rdchem.Mol object at 0x7fcdd954ef80>
CN1C(=O)COc2c(C(=O)NC3CN4CCC3CC4)cc(Cl)cc21,7.7,train,<rdkit.Chem.rdchem.Mol object at 0x7fcdd954eff0>
O=C(O)C1CSCN1,7.7,train,<rdkit.Chem.rdchem.Mol object at 0x7fcdd954f060>
CN1C[C@H](C(=O)N[C@]2(C)O[C@@]3(O)[C@@H]4CCCN4C(=O)[C@H](Cc4ccccc4)N3C2=O)C=C2c3cccc4c3c(cn4C)C[C@H]21,7.7,train,<rdkit.Chem.rdchem.Mol object at 0x7fcdd954f0d0>
Cc1ccccc1NC(=O)C(C)N1CCCC1,7.7,train,<rdkit.Chem.rdchem.Mol object at 0x7fcdd954f140>
Cc1cc(F)ccc1[C@H]1C[C@@H](N2CCN3C(=O)CC[C@H]3C2)CCN1C(=O)N(C)[C@H](C)c1cc(C(F)(F)F)cc(C(F)(F)F)c1,7.7,train,<rdkit.Chem.rdchem.Mol object at 0x7fcdd954f220>
COc1ccc2c(c1)CN(Cc1ccc(C(=O)O)cc1)CCS2,7.7,train,<rdkit.Chem.rdchem.Mol object at 0x7fcdd954f290>
Cc1cccc(CN2CCN(C(c3ccccc3)c3ccc(Cl)cc3)CC2)c1,7.71,train,<rdkit.Chem.rdchem.Mol object at 0x7fcdd954f300>
CCOC(=O)[C@H](CCSC)NC(=O)[C@H](Cc1cccc(N(CCCl)CCCl)c1)NC(=O)[C@@H](N)Cc1ccc(F)cc1,7.71,train,<rdkit.Chem.rdchem.Mol object at 0x7fcdd954f370>
Cc1cnc(CNC(=O)c2c(=O)c3ccc(N4CCCN(C)CC4)nc3n3c2sc2ccccc23)cn1,7.71,train,<rdkit.Chem.rdchem.Mol object at 0x7fcdd954f3e0>
O=c1oc(CCN2CCN(c3ccccc3)CC2)c(-c2ccc(F)cc2)o1,7.72,test,<rdkit.Chem.rdchem.Mol object at 0x7fcdd954f4c0>
COc1ccc2[nH]c3ccc4cc[n+](CCN5CCC(C6CCN(CC[n+]7ccc8ccc9[nH]c%10ccc(OC)cc%10c9c8c7)CC6)CC5)cc4c3c2c1,7.72,train,<rdkit.Chem.rdchem.Mol object at 0x7fcdd954f530>
N=C(N)NS(=O)(=O)c1ccc(N)cc1,7.72,train,<rdkit.Chem.rdchem.Mol object at 0x7fcdd954f5a0>
CN1CCc2cccc3c2[C@H]1Cc1ccc(O)c(O)c1-3,7.72,train,<rdkit.Chem.rdchem.Mol object at 0x7fcdd954f610>
O=c1[nH]nc2c3c(cccc13)Oc1ccc(CN3CCC(O)CC3)cc1-2,7.72,train,<rdkit.Chem.rdchem.Mol object at 0x7fcdd954f680>
O=C(CCCN1CCC(C(=O)c2ccc(F)cc2)CC1)c1ccc(F)cc1,7.73,train,<rdkit.Chem.rdchem.Mol object at 0x7fcdd954f6f0>
O=C(CCCN1CCC(C(=O)c2ccc(Cl)cc2)CC1)c1ccc(F)cc1,7.73,train,<rdkit.Chem.rdchem.Mol object at 0x7fcdd954f760>
O=c1oc(CCN2CCN(c3ccccc3)CC2)c(-c2ccc(Cl)cc2)o1,7.73,train,<rdkit.Chem.rdchem.Mol object at 0x7fcdd954f7d0>
O=C1CC2(CCCC2)CC(=O)N1CCCCN1CCN(c2nsc3ccccc23)CC1,7.73,train,<rdkit.Chem.rdchem.Mol object at 0x7fcdd954f840>
O=C1[C@H]2CCCC[C@H]2C(=O)N1CCCCN1CCN(c2nsc3ccccc23)CC1,7.73,train,<rdkit.Chem.rdchem.Mol object at 0x7fcdd954f8b0>
COC(=O)NCCCn1nc([C@@H](C)N(C(=O)[C@H]2CNCCO2)C2CC2)c2ccc(C)nc21,7.73,train,<rdkit.Chem.rdchem.Mol object at 0x7fcdd954f920>
Oc1ccc2c3c(cnc2c1)-c1ccc(C(F)(F)F)cc1O[C@@H]3c1ccc(OCCN2CC(CF)C2)cc1,7.74,test,<rdkit.Chem.rdchem.Mol object at 0x7fcdd954f990>
Clc1cnn(CCCCN2CCN(c3ncccn3)CC2)c1,7.74,train,<rdkit.Chem.rdchem.Mol object at 0x7fcdd954fa00>
O=C1C(N2CCCCC2)CCN1c1ccccc1,7.74,train,<rdkit.Chem.rdchem.Mol object at 0x7fcdd954fa70>
CCOc1cc(C(Nc2ncc(Cc3cc(OC)c(OC)c(OC)c3)c(N)n2)S(=O)(=O)O)ccc1O,7.74,train,<rdkit.Chem.rdchem.Mol object at 0x7fcdd954fae0>
NC(=O)Cn1c(=O)cc(CCN2CCN(c3nccc4sccc34)CC2)c2ccc(F)cc21,7.74,train,<rdkit.Chem.rdchem.Mol object at 0x7fcdd954fb50>
CO[C@@H](C(=O)N1Cc2[nH]nc(NC(=O)c3ccc(N4CCN(C)CC4)cc3)c2C1)c1ccccc1,7.74,train,<rdkit.Chem.rdchem.Mol object at 0x7fcdd954fbc0>
CCN(CC)CC(=O)Nc1c(C)cccc1C,7.75,test,<rdkit.Chem.rdchem.Mol object at 0x7fcdd954fc30>
CN1CCC(=C2c3ccccc3Oc3ncccc32)CC1,7.75,train,<rdkit.Chem.rdchem.Mol object at 0x7fcdd954fd10>
Cc1ccccc1N1CCN(CCCOc2ccccn2)CC1,7.75,train,<rdkit.Chem.rdchem.Mol object at 0x7fcdd954fd80>
Cc1cccc(C)c1NC(=O)CN1CCN(CCCC(c2ccc(F)cc2)c2ccc(F)cc2)CC1,7.76,train,<rdkit.Chem.rdchem.Mol object at 0x7fcdd954fe60>
COc1ccc2c(c1)CCN1C[C@H]3CCCN(S(C)(=O)=O)[C@H]3C[C@@H]21,7.76,train,<rdkit.Chem.rdchem.Mol object at 0x7fcdd954fed0>
OCCN1CCN(CCCN2c3ccccc3Sc3cc(Cl)cnc32)CC1,7.76,train,<rdkit.Chem.rdchem.Mol object at 0x7fcdd954ff40>
CCN1CCCC1CNC(=O)c1cc(C(C)=O)ccc1OC,7.76,train,<rdkit.Chem.rdchem.Mol object at 0x7fcdd95500b0>
CC(=O)N1CCN([C@H]2CCC[C@@H](NC(=O)c3cc4c(F)ccc(C)c4[nH]3)C2)CC1,7.76,train,<rdkit.Chem.rdchem.Mol object at 0x7fcdd9550190>
CC(CN1CCOCC1)C(C(=O)N1CCCC1)(c1ccccc1)c1ccccc1,7.77,test,<rdkit.Chem.rdchem.Mol object at 0x7fcdd9550200>
CCc1nc(N)nc(N)c1-c1ccc(Cl)cc1,7.77,train,<rdkit.Chem.rdchem.Mol object at 0x7fcdd9550270>
C=CCN1CCCC1CNC(=O)c1cc(S(N)(=O)=O)cc(OC)c1OC,7.77,train,<rdkit.Chem.rdchem.Mol object at 0x7fcdd9550350>
OCCN1CCN(CCCN2c3ccccc3Sc3cccnc32)CC1,7.77,train,<rdkit.Chem.rdchem.Mol object at 0x7fcdd95503c0>
OCCN1CCN(CCCN2c3cc(C(F)(F)F)ccc3Sc3sccc32)CC1,7.77,train,<rdkit.Chem.rdchem.Mol object at 0x7fcdd9550430>
C[C@@H](CN1CCOCC1)C(C(=O)N1CCCC1)(c1ccccc1)c1ccccc1,7.77,train,<rdkit.Chem.rdchem.Mol object at 0x7fcdd95504a0>
CN1C[C@H](C(=O)N[C@]2(C)O[C@@]3(O)[C@@H]4CCCN4C(=O)[C@H](Cc4ccccc4)N3C2=O)C=C2c3cccc4[nH]cc(c34)C[C@H]21,7.78,test,<rdkit.Chem.rdchem.Mol object at 0x7fcdd9550510>
CN1CCN(c2ccc(C(=O)Nc3n[nH]c4ccc(Cc5cc(F)cc(F)c5)cc34)c(NC3CCOCC3)c2)CC1,7.78,test,<rdkit.Chem.rdchem.Mol object at 0x7fcdd95505f0>
CC1=C(C(=O)OCCN(C)Cc2ccc(F)cc2)C(c2cccc3c2OCO3)C(C(=O)OC(C)C)=C(C)N1,7.78,train,<rdkit.Chem.rdchem.Mol object at 0x7fcdd9550660>
OC(C#CCN1CCCC1)(c1ccccc1)c1ccccc1,7.78,train,<rdkit.Chem.rdchem.Mol object at 0x7fcdd95506d0>
CN(CCc1cc(C(F)(F)F)cc(C(F)(F)F)c1)C(=O)[C@H](c1ccccc1)N1CCN(CC2CC2)CC1,7.78,train,<rdkit.Chem.rdchem.Mol object at 0x7fcdd9550740>
COC(CN1CCN(CC(O)C(OC)c2ccccc2)CC1)c1ccccc1,7.79,train,<rdkit.Chem.rdchem.Mol object at 0x7fcdd9550890>
Nc1cc(OCC2CC2)c(C(=O)NC2CN3CCC2CC3)cc1Cl,7.79,train,<rdkit.Chem.rdchem.Mol object at 0x7fcdd9550900>
COc1cc(N)c(Cl)cc1C(=O)NC1CN2CCC1CC2,7.79,train,<rdkit.Chem.rdchem.Mol object at 0x7fcdd9550970>
C[C@H](N[C@@H](CCc1ccccc1)C(=O)O)C(=O)N1CC2(C[C@H]1C(=O)O)SCCS2,7.79,train,<rdkit.Chem.rdchem.Mol object at 0x7fcdd95509e0>
CN1CCN(c2ccccc2/C=C2\SCCN(c3ccc(Cl)c(Cl)c3)C2=O)CC1.O=C(O)CC(O)(CC(=O)O)C(=O)O,7.79,train,<rdkit.Chem.rdchem.Mol object at 0x7fcdd9550ac0>
CN1CCN(c2ccccc2/C=C2\SCCN(c3ccc(Cl)c(Cl)c3)C2=O)CC1,7.79,train,<rdkit.Chem.rdchem.Mol object at 0x7fcdd9550b30>
COc1ccc2c(c1)c(CN1CCN(C)CC1)cn2S(=O)(=O)c1ccccc1Br,7.79,train,<rdkit.Chem.rdchem.Mol object at 0x7fcdd9550ba0>
C[C@H](N[C@@H](CCc1ccccc1)C(=O)O)C(=O)N1Cc2ccccc2C[C@H]1C(=O)O,7.8,test,<rdkit.Chem.rdchem.Mol object at 0x7fcdd9550c80>
CNC(=C[N+](=O)[O-])NCCSCc1ccc(CN(C)C)o1,7.8,train,<rdkit.Chem.rdchem.Mol object at 0x7fcdd9550cf0>
COc1ccccc1N1CCN(CCCC(O)c2ccc(F)cc2)CC1,7.8,train,<rdkit.Chem.rdchem.Mol object at 0x7fcdd9550d60>
CN1CCCC(OC(=O)C(O)(c2ccccc2)C2CCCCC2)C1,7.8,train,<rdkit.Chem.rdchem.Mol object at 0x7fcdd9550dd0>
CNC(=C[N+](=O)[O-])NCCSCc1ccc(CN(C)C)o1.O=C([O-])CC(O)(CC(=O)[O-])C(=O)[O-].[Bi+3],7.8,train,<rdkit.Chem.rdchem.Mol object at 0x7fcdd9550e40>
CN(C)Cc1ccc(CSCCNC(=O)c2ccc[n+]([O-])c2)o1,7.8,train,<rdkit.Chem.rdchem.Mol object at 0x7fcdd9550eb0>
COc1ccc(CCN(C)CCCOc2ccc(S(=O)(=O)c3c(C(C)C)cn4ccccc34)cc2)cc1OC,7.8,train,<rdkit.Chem.rdchem.Mol object at 0x7fcdd9550f20>
CN/C(=C\[N+](=O)[O-])NCCSCc1ccc(CN(C)C)o1,7.8,train,<rdkit.Chem.rdchem.Mol object at 0x7fcdd9550f90>
CN(C)Cc1ccc(CSCCNC(=C[N+](=O)[O-])NCc2ccc3c(c2)OCO3)o1,7.8,train,<rdkit.Chem.rdchem.Mol object at 0x7fcdd9551150>
COc1ccccc1N1CCN(CCCNc2cc(=O)n(C)c(=O)n2C)CC1,7.81,test,<rdkit.Chem.rdchem.Mol object at 0x7fcdd95511c0>
CN1CCN(c2ccc(OC(F)(F)F)c(Nc3ncc4c(n3)-c3c(c(C(N)=O)nn3CCO)CC4)c2)CC1,7.81,test,<rdkit.Chem.rdchem.Mol object at 0x7fcdd9551230>
OCCN1CCN(CCCN2c3ccccc3Sc3ccc(C(F)(F)F)cc32)CC1,7.81,train,<rdkit.Chem.rdchem.Mol object at 0x7fcdd95512a0>
OCCN1CCN(CCCN2c3ccccc3Sc3ccc(Cl)cc32)CC1,7.81,train,<rdkit.Chem.rdchem.Mol object at 0x7fcdd9551310>
Cc1ccc(-c2nc(CN3CCN(C(c4ccccc4)c4ccccc4)CC3)c(C)[nH]2)cc1,7.81,train,<rdkit.Chem.rdchem.Mol object at 0x7fcdd9551380>
CN(C)CCO/N=C(/C=C/c1ccc(O)cc1)c1ccccc1F,7.81,train,<rdkit.Chem.rdchem.Mol object at 0x7fcdd95514d0>
CN1CCC(=C2c3ccccc3Oc3ccc(Cl)cc32)CC1,7.82,test,<rdkit.Chem.rdchem.Mol object at 0x7fcdd9551540>
CCCN1CCCC[C@H]1C(=O)Nc1c(C)cccc1C,7.82,test,<rdkit.Chem.rdchem.Mol object at 0x7fcdd95515b0>
CSc1ccc2c(c1)C(N1CCN(C)CC1)Cc1ccccc1S2,7.82,train,<rdkit.Chem.rdchem.Mol object at 0x7fcdd9551620>
CN(C)CCON=C1c2ccccc2CCc2ccccc21,7.82,train,<rdkit.Chem.rdchem.Mol object at 0x7fcdd9551690>
CC(C)(C)c1ccc(C(O)CCCN2CCN(C(c3ccc(F)cc3)c3ccc(F)cc3)CC2)cc1,7.82,train,<rdkit.Chem.rdchem.Mol object at 0x7fcdd9551700>
CN1CCN(c2ccccc2Cc2ccccc2)CC1,7.82,train,<rdkit.Chem.rdchem.Mol object at 0x7fcdd9551770>
O=C(c1ccc(/C=C/c2n[nH]c3ccccc23)cc1)N1CCNCC1,7.82,train,<rdkit.Chem.rdchem.Mol object at 0x7fcdd95517e0>
CC(C)N1CCN(Cc2cnc(-c3cc(-c4cccc5[nH]ccc45)cc4[nH]ncc34)o2)CC1,7.82,train,<rdkit.Chem.rdchem.Mol object at 0x7fcdd9551850>
C[C@H](N[C@@H](CCc1ccccc1)C(=O)O)C(=O)N1CCC[C@H]1C(=O)O,7.83,test,<rdkit.Chem.rdchem.Mol object at 0x7fcdd9551930>
COC(=O)CCC(=O)CN,7.83,train,<rdkit.Chem.rdchem.Mol object at 0x7fcdd95519a0>
Cn1c(=O)cnn(CCCCN2CCN(c3ncccn3)CC2)c1=O,7.83,train,<rdkit.Chem.rdchem.Mol object at 0x7fcdd9551a10>
C[C@H](N[C@@H](CCc1ccccc1)C(=O)O)C(=O)N1C(=O)N(C)C[C@H]1C(=O)O,7.83,train,<rdkit.Chem.rdchem.Mol object at 0x7fcdd9551a80>
CCCCCCOC(=O)CCC(=O)CN,7.83,train,<rdkit.Chem.rdchem.Mol object at 0x7fcdd9551af0>
CCC(CO)NC(=O)[C@@H]1C=C2c3cccc4c3c(cn4C)C[C@H]2N(C)C1,7.83,train,<rdkit.Chem.rdchem.Mol object at 0x7fcdd9551b60>
CN(C)CCCOc1ccc2[nH]nc(S(=O)(=O)c3cccc4ccccc34)c2c1,7.83,train,<rdkit.Chem.rdchem.Mol object at 0x7fcdd9551d20>
CN1CCCC(=C(c2cccs2)c2cccs2)C1,7.84,test,<rdkit.Chem.rdchem.Mol object at 0x7fcdd9551ee0>
NCC(=O)CCC(=O)O,7.84,train,<rdkit.Chem.rdchem.Mol object at 0x7fcdd9551fc0>
CCn1cc(C(=O)OCCN2CCC(C)CC2)c(=O)c2c3sc(=O)n(C)c3ccc21,7.84,train,<rdkit.Chem.rdchem.Mol object at 0x7fcdd9552030>
Cc1ccc(NC(=O)c2ccc(CN3CCN(C)CC3)cc2)cc1Nc1nc(-c2cccnc2)cs1,7.84,train,<rdkit.Chem.rdchem.Mol object at 0x7fcdd9552110>
CCCCCCCCCCCC(=O)N[C@@H](C)C(=O)N[C@H](CCC(=O)NC(CCCC(NC(=O)CN)C(N)=O)C(=O)O)C(=O)O,7.84,train,<rdkit.Chem.rdchem.Mol object at 0x7fcdd9552180>
NC(=O)c1cccc2c(N[C@H](CN3CCC3)c3ccc(Cl)c(C(F)(F)F)c3)ncnc12,7.84,train,<rdkit.Chem.rdchem.Mol object at 0x7fcdd95521f0>
COc1ccc(C(O)CN2CCN(C(c3ccccc3)c3ccccc3)CC2)cc1OC,7.85,test,<rdkit.Chem.rdchem.Mol object at 0x7fcdd9552260>
O=C(N[C@@H]1CN2CCC1CC2)c1n[nH]c2ccccc12,7.85,test,<rdkit.Chem.rdchem.Mol object at 0x7fcdd95522d0>
CCc1nc2c(C)cc(N3CCN(CC(=O)N4CC(O)C4)CC3)cn2c1N(C)c1nc(-c2ccc(F)cc2)c(C#N)s1,7.85,test,<rdkit.Chem.rdchem.Mol object at 0x7fcdd9552340>
Cc1[nH]c2cccc3c2c1C[C@@H]1C3=C[C@@H](C(=O)N[C@]2(C(C)C)O[C@@]3(O)[C@@H]4CCCN4C(=O)[C@H](CC(C)C)N3C2=O)CN1C,7.85,train,<rdkit.Chem.rdchem.Mol object at 0x7fcdd95523b0>
COc1ccc(/C=C/C(=O)c2c(OCCN(C)C)c(OC)c3occc3c2OC)cc1,7.85,train,<rdkit.Chem.rdchem.Mol object at 0x7fcdd9552490>
CCOC(=O)[C@@H]1CC2(CCN(c3cc(O[C@H](c4ccc(Cl)cc4-c4ccccc4)C(F)(F)F)nc(N)n3)CC2)CN1,7.85,train,<rdkit.Chem.rdchem.Mol object at 0x7fcdd9552570>
OCCN1CCN(CCCN2c3ccccc3C=Cc3ccccc32)CC1,7.86,test,<rdkit.Chem.rdchem.Mol object at 0x7fcdd95525e0>
CCCC(=O)c1ccc2c(c1)N(CCCN1CCN(C)CC1)c1ccccc1S2,7.86,test,<rdkit.Chem.rdchem.Mol object at 0x7fcdd9552650>
CC[C@@]1(O)C(=O)OCc2c1cc1n(c2=O)Cc2c-1nc1cc3c(cc1c2CN1CCN(C)CC1)OCCO3,7.86,train,<rdkit.Chem.rdchem.Mol object at 0x7fcdd95526c0>
CN(c1nc2ccccc2s1)C1CCN(C[C@H](O)COc2ccc(F)c(F)c2)CC1,7.86,train,<rdkit.Chem.rdchem.Mol object at 0x7fcdd9552730>
O=c1[nH]c2ccc([S+]([O-])CCN3CCC(Cc4ccc(F)cc4)CC3)cc2o1,7.86,train,<rdkit.Chem.rdchem.Mol object at 0x7fcdd95527a0>
COc1ccc(N2C[C@H](CN3CCC(O)(c4ccc5c(c4)OCO5)CC3)OC2=O)cc1,7.86,train,<rdkit.Chem.rdchem.Mol object at 0x7fcdd9552810>
Cc1cc(Nc2ncc(F)c(NC3C4C=CC(C4)C3C(N)=O)n2)ccc1N1CCN(C)CC1,7.86,train,<rdkit.Chem.rdchem.Mol object at 0x7fcdd9552880>
CNc1nc(-c2nc3ccc(N4CCN(C)CC4)cc3n2Cc2ccccc2)cn2c(C)nnc12,7.86,train,<rdkit.Chem.rdchem.Mol object at 0x7fcdd95528f0>
NC(=O)C1CN(CCCCC(c2ccc(F)cc2)c2ccc(F)cc2)CCN1CC(=O)Nc1c(Cl)cc(N)cc1Cl,7.87,test,<rdkit.Chem.rdchem.Mol object at 0x7fcdd9552960>
CC[C@H]1OC(=O)[C@H](C)[C@@H](O[C@H]2C[C@@](C)(OC)[C@@H](O)[C@H](C)O2)[C@H](C)[C@@H](O[C@@H]2O[C@H](C)C[C@H](N(C)C)[C@H]2OC(C)=O)[C@](C)(O)C[C@@H](C)C(=O)[C@H](C)[C@@H](O)[C@]1(C)O,7.87,train,<rdkit.Chem.rdchem.Mol object at 0x7fcdd9552a40>
Cn1c2c(c3ccccc31)CCN1C[C@@H]3CCCC[C@H]3C[C@@H]21,7.87,train,<rdkit.Chem.rdchem.Mol object at 0x7fcdd9552b20>
CCOC(=O)CCC(=O)O[C@H]1[C@H](O[C@@H]2[C@@H](C)[C@H](O[C@H]3C[C@@](C)(OC)[C@@H](O)[C@H](C)O3)[C@@H](C)C(=O)O[C@H](CC)[C@@](C)(O)[C@H](O)[C@@H](C)C(=O)[C@H](C)C[C@@]2(C)O)O[C@H](C)C[C@@H]1N(C)C,7.87,train,<rdkit.Chem.rdchem.Mol object at 0x7fcdd9552b90>
C[C@@H](Oc1cc(-n2cnc3ccc(CN4CCN(C)CC4)cc32)sc1C(N)=O)c1ccccc1C(F)(F)F,7.87,train,<rdkit.Chem.rdchem.Mol object at 0x7fcdd9552c70>
CN1CCN(c2ccc3nc(-c4c(N)c5c(F)cccc5[nH]c4=O)[nH]c3c2)CC1,7.87,train,<rdkit.Chem.rdchem.Mol object at 0x7fcdd9552ce0>
CCc1cc(O)ccc1-c1ccc2c(-c3nc4c([nH]3)C[C@@H](C(=O)N3CC(N(C)C)C3)N(C(C)C)C4)n[nH]c2c1,7.87,train,<rdkit.Chem.rdchem.Mol object at 0x7fcdd9552dc0>
CN1CCC(=C(c2ccc(Cl)cc2)c2ccccn2)CC1,7.88,train,<rdkit.Chem.rdchem.Mol object at 0x7fcdd9552e30>
c1cc(CNCc2ccncc2)ccn1,7.88,train,<rdkit.Chem.rdchem.Mol object at 0x7fcdd9552f10>
COC(=O)C1=C(C)NC(C)=C(C(=O)OCCN2CCN(C(c3ccccc3)c3ccccc3)CC2)C1c1cccc([N+](=O)[O-])c1,7.89,train,<rdkit.Chem.rdchem.Mol object at 0x7fcdd95530d0>
CC(COc1ccccc1)N(CCCl)Cc1ccccc1,7.89,train,<rdkit.Chem.rdchem.Mol object at 0x7fcdd9553140>
C=C(C)CNCC(=O)N(C)c1ccc(Cl)cc1C(=O)c1ccccc1,7.89,train,<rdkit.Chem.rdchem.Mol object at 0x7fcdd9553220>
COC(CN1CCN(CCC(O)c2ccccc2)CC1)c1ccccc1,7.89,train,<rdkit.Chem.rdchem.Mol object at 0x7fcdd9553290>
O=C(O)COCCOCCN1CCC(=C(c2ccccc2)c2ccccc2)CC1,7.89,train,<rdkit.Chem.rdchem.Mol object at 0x7fcdd9553300>
c1cnc2c(c1)CNC2,7.89,train,<rdkit.Chem.rdchem.Mol object at 0x7fcdd9553370>
CCOCCn1c(CN2CCN(CCCCn3cccn3)CC2)nc2ccccc21,7.89,train,<rdkit.Chem.rdchem.Mol object at 0x7fcdd95533e0>
CN1C[C@H](CSc2ccccn2)C=C2c3cccc4[nH]cc(c34)C[C@H]21,7.89,train,<rdkit.Chem.rdchem.Mol object at 0x7fcdd9553450>
CCC(=O)O[C@@H]1CC(=O)O[C@H](C)C/C=C/C=C/[C@H](OC(C)=O)[C@H](C)C[C@H](CC=O)[C@H](O[C@@H]2O[C@H](C)[C@@H](O[C@H]3C[C@@](C)(OC(C)=O)[C@@H](OC(=O)CC)[C@H](C)O3)[C@H](N(C)C)[C@H]2O)[C@H]1OC,7.9,test,<rdkit.Chem.rdchem.Mol object at 0x7fcdd95534c0>
CCN(CC)C(=O)C1CN2CCc3cc(OC)c(OC)cc3C2CC1OC(C)=O,7.9,train,<rdkit.Chem.rdchem.Mol object at 0x7fcdd9553530>
CCN(CCCl)Cc1csc2ccc(Br)cc12,7.9,train,<rdkit.Chem.rdchem.Mol object at 0x7fcdd95535a0>
Cc1ncc(-c2csc(N=C(N)N)n2)[nH]1,7.9,train,<rdkit.Chem.rdchem.Mol object at 0x7fcdd9553610>
N=C(Nc1c([N+](=O)[O-])cnc2ccccc12)N1CCOCC1,7.9,train,<rdkit.Chem.rdchem.Mol object at 0x7fcdd9553680>
CCCCOc1ccc(OCC(=O)N(CCN2CCCC2)c2ccccc2OC)cc1,7.9,train,<rdkit.Chem.rdchem.Mol object at 0x7fcdd9553760>
COc1ccc(Cl)cc1C(=O)NC(=O)NCCCN1CCN(c2cccc(C)c2)CC1,7.9,train,<rdkit.Chem.rdchem.Mol object at 0x7fcdd9553840>
CC(C(=O)N(C)C1CCCCC1)C1(O)CCN(CCc2ccccc2Cl)CC1,7.9,train,<rdkit.Chem.rdchem.Mol object at 0x7fcdd95538b0>
CO[C@@H]1[C@@H](O[C@@H]2O[C@H](C)[C@@H](O[C@H]3C[C@@](C)(O)[C@@H](OC(=O)CC(C)C)[C@H](C)O3)[C@H](N(C)C)[C@H]2O)[C@@H](CC=O)C[C@@H](C)[C@@H](O)/C=C/C=C/C[C@@H](C)OC(=O)C[C@H]1O,7.9,train,<rdkit.Chem.rdchem.Mol object at 0x7fcdd9553a00>
Cn1c(NC[C@@H](N)Cc2ccccc2)nc(-c2ccncc2)c(-c2ccc3ccccc3c2)c1=O,7.9,train,<rdkit.Chem.rdchem.Mol object at 0x7fcdd9553a70>
N#C[C@@H]1C[C@@H]2C[C@@H]2N1C(=O)[C@@H](N)C12CC3CC(CC(O)(C3)C1)C2,7.9,train,<rdkit.Chem.rdchem.Mol object at 0x7fcdd9553ae0>
N#C[C@H]1CC2C[C@H]2N1C(=O)[C@H](N)C12CC3CC(CC(O)(C3)C1)C2,7.9,train,<rdkit.Chem.rdchem.Mol object at 0x7fcdd9553b50>
CCOC(=O)[C@@H]1CC(=O)O[C@H](C)C/C=C/C=C/[C@H](O)[C@H](C)C[C@H](CC=O)[C@H](O[C@@H]2O[C@H](C)[C@@H](O[C@H]3C[C@@](C)(O)[C@@H](OC(=O)CC)[C@H](C)O3)[C@H](N(C)C)[C@H]2O)[C@H]1OC,7.9,train,<rdkit.Chem.rdchem.Mol object at 0x7fcdd9553bc0>
CS[C@@]1(C(=O)Nc2ccc3[nH]nc(-c4ccc(OC(C)C)nc4)c3c2)CCN(CC(=O)N2CC=C(c3ccc(-c4ncn(C)n4)cc3)CC2)C1,7.9,train,<rdkit.Chem.rdchem.Mol object at 0x7fcdd9553c30>
CCC(=O)O[C@@H]1CC(=O)O[C@H](C)C[C@@H]2O[C@H]2/C=C/[C@H](O)[C@H](C)C[C@H](CC=O)[C@H](O[C@@H]2O[C@H](C)[C@@H](O[C@H]3C[C@@](C)(O)[C@@H](OC(=O)CC)[C@H](C)O3)[C@H](N(C)C)[C@H]2O)[C@H]1OC,7.9,train,<rdkit.Chem.rdchem.Mol object at 0x7fcdd9553ca0>
CCCCN1C(=O)[C@@H]2C(=O)N(CCCCN3CCN(c4ccccc4OC)CC3)C(=O)[C@H](C1=O)C2(C)C,7.9,train,<rdkit.Chem.rdchem.Mol object at 0x7fcdd9553d10>
CN1CCC(=C2c3ccccc3CCc3cccnc32)CC1,7.91,train,<rdkit.Chem.rdchem.Mol object at 0x7fcdd9553d80>
CCNC1(c2cccs2)CCCCC1=O,7.91,train,<rdkit.Chem.rdchem.Mol object at 0x7fcdd9553df0>
CCOc1ccccc1O[C@@H](c1ccccc1)[C@@H]1CNCCO1,7.91,train,<rdkit.Chem.rdchem.Mol object at 0x7fcdd9553e60>
CCOC(=O)OC(C)OC(=O)[C@@H]1N2C(=O)[C@@H](/N=C/N3CCCCCC3)[C@H]2SC1(C)C,7.91,train,<rdkit.Chem.rdchem.Mol object at 0x7fcdd9553ed0>
CC(C)(C)C(=O)OCOC(=O)[C@@H]1N2C(=O)[C@@H](/N=C/N3CCCCCC3)[C@H]2SC1(C)C,7.91,train,<rdkit.Chem.rdchem.Mol object at 0x7fcdd9554040>
CCOc1ccccc1O[C@H](c1ccccc1)[C@H]1CNCCO1,7.91,train,<rdkit.Chem.rdchem.Mol object at 0x7fcdd95540b0>
Cc1c(-c2ccccc2)oc2c(C(=O)OC(C)(C)CN3CCCCC3)cccc2c1=O,7.91,train,<rdkit.Chem.rdchem.Mol object at 0x7fcdd9554120>
CCOc1ccccc1OC(c1ccccc1)C1CNCCO1,7.91,train,<rdkit.Chem.rdchem.Mol object at 0x7fcdd9554190>
Cc1cc(NC(=O)NCCN2CCC(O)(Cc3ccccc3)CC2)c2ccccc2n1,7.91,train,<rdkit.Chem.rdchem.Mol object at 0x7fcdd9554200>
CN(c1nc2ccccc2s1)C1CCN(C[C@@H](O)COc2ccc(F)cc2)CC1,7.91,train,<rdkit.Chem.rdchem.Mol object at 0x7fcdd9554270>
CCOc1ccccc1O[C@@H](c1ccccc1)[C@@H]1CNCCO1.O=C(O)CCC(=O)O,7.91,train,<rdkit.Chem.rdchem.Mol object at 0x7fcdd95542e0>
CN1CCOC(c2ccccc2)c2ccccc2C1,7.92,train,<rdkit.Chem.rdchem.Mol object at 0x7fcdd9554350>
CC1(C)S[C@@H]2[C@H](/N=C/N3CCCCCC3)C(=O)N2[C@H]1C(=O)O,7.92,train,<rdkit.Chem.rdchem.Mol object at 0x7fcdd95543c0>
CC[C@@H](CO)NC(=O)[C@@H]1C=C2c3cccc4[nH]cc(c34)C[C@H]2N(C)C1,7.93,train,<rdkit.Chem.rdchem.Mol object at 0x7fcdd95544a0>
Cc1nc(N)nc(N)c1-c1ccc(Cl)c(Cl)c1,7.93,train,<rdkit.Chem.rdchem.Mol object at 0x7fcdd9554580>
COc1ccc(Cl)c2c1CCCC2N(C)C,7.93,train,<rdkit.Chem.rdchem.Mol object at 0x7fcdd95545f0>
CN1CCN(C2=Nc3ccccc3Sc3nccn32)CC1,7.93,train,<rdkit.Chem.rdchem.Mol object at 0x7fcdd9554660>
Cc1ccccc1CN1CCN(CCOC(c2ccccc2)c2ccccc2Cl)CC1,7.93,train,<rdkit.Chem.rdchem.Mol object at 0x7fcdd95546d0>
C[C@@H](CO)NC(=O)[C@@H]1C=C2c3cccc4[nH]cc(c34)C[C@H]2N(C)C1,7.93,train,<rdkit.Chem.rdchem.Mol object at 0x7fcdd9554820>
C[C@H](NCc1ccc(OCc2ccccc2F)cc1)C(N)=O,7.93,train,<rdkit.Chem.rdchem.Mol object at 0x7fcdd9554890>
C=CCN1CCC[C@H]1CNC(=O)c1cc(CCCF)cc(OC)c1OC,7.93,train,<rdkit.Chem.rdchem.Mol object at 0x7fcdd9554900>
CCCN(CCC)C(=O)C1=Cc2ccc(-c3ccc(C(=O)N4CCCC4)cc3)cc2N=C(N)C1,7.93,train,<rdkit.Chem.rdchem.Mol object at 0x7fcdd9554970>
CC(=O)N1CCC(Nc2cc(C(=O)NC[C@H](O)CN3CCc4ccccc4C3)ncn2)CC1,7.93,train,<rdkit.Chem.rdchem.Mol object at 0x7fcdd95549e0>
CCN1CCN(Cc2ccc(Nc3ncc(F)c(-c4ccc5nn(C)c(C(C)C)c5c4)n3)nc2)CC1,7.94,test,<rdkit.Chem.rdchem.Mol object at 0x7fcdd9554a50>
CN(C)C(=O)c1nc(CNC(=O)CN)n(-c2ccc(Cl)cc2C(=O)c2ccccc2Cl)n1,7.94,train,<rdkit.Chem.rdchem.Mol object at 0x7fcdd9554ac0>
c1ccc(N2CCN(CCc3nnn[nH]3)CC2)cc1,7.94,train,<rdkit.Chem.rdchem.Mol object at 0x7fcdd9554b30>
O=C(CCCN1CCC(O)(c2ccc(Cl)c(C(F)(F)F)c2)CC1)c1ccc(F)cc1,7.94,train,<rdkit.Chem.rdchem.Mol object at 0x7fcdd9554ba0>
c1ccc(C(c2ccccc2)N2CCN(Cc3ccc4c(c3)OCO4)CC2)cc1,7.94,train,<rdkit.Chem.rdchem.Mol object at 0x7fcdd9554c10>
O=C(c1ccccc1Nc1ccncc1)N1CCCCC1,7.94,train,<rdkit.Chem.rdchem.Mol object at 0x7fcdd9554c80>
CCCCN1C(=O)[C@@H]([C@H](O)C2CCCCC2)NC(=O)C12CCN(Cc1ccc(Oc3ccc(C(=O)O)cc3)cc1)CC2,7.94,train,<rdkit.Chem.rdchem.Mol object at 0x7fcdd9554d60>
COCCOc1ccc(N2CCN(CCn3ncc4c3nc(N)n3nc(-c5ccco5)nc43)CC2)cc1,7.94,train,<rdkit.Chem.rdchem.Mol object at 0x7fcdd9554eb0>
CCN1CCN(Cc2ccc(Nc3ncc(F)c(-c4cc(F)c5nc(C)n(C(C)C)c5c4)n3)nc2)CC1,7.94,train,<rdkit.Chem.rdchem.Mol object at 0x7fcdd9554f20>
O=c1[nH]cnc2c([C@@H]3N[C@H](CO)[C@@H](O)[C@H]3O)c[nH]c12,7.94,train,<rdkit.Chem.rdchem.Mol object at 0x7fcdd9554f90>
O=C(c1ccc(OCCN2CCCCC2)cc1)c1c(-c2ccc(O)cc2)sc2cc(O)ccc12,7.95,test,<rdkit.Chem.rdchem.Mol object at 0x7fcdd9555000>
CCCCC(CC)CN1CN2CN(CC(CC)CCCC)CC2(C)C1,7.95,train,<rdkit.Chem.rdchem.Mol object at 0x7fcdd9555070>
CC(C)NC(=O)OC1CCN(CCCC(=O)c2ccc(F)cc2)CC1,7.95,train,<rdkit.Chem.rdchem.Mol object at 0x7fcdd95550e0>
CN(C)CCN(/N=C/c1ccc([N+](=O)[O-])o1)C(N)=O,7.95,train,<rdkit.Chem.rdchem.Mol object at 0x7fcdd9555150>
O=C1Nc2ccccc2C(c2ccccc2)N1C1CCN(Cc2cccc(OC(F)(F)F)c2)CC1,7.95,train,<rdkit.Chem.rdchem.Mol object at 0x7fcdd9555230>
O=c1c(CO)coc2cc(OCCCN3CCC(c4noc5cc(F)ccc45)CC3)ccc12,7.96,test,<rdkit.Chem.rdchem.Mol object at 0x7fcdd95552a0>
CN1CCC(=C2c3ccccc3Sc3ccccc32)CC1,7.96,train,<rdkit.Chem.rdchem.Mol object at 0x7fcdd9555310>
CN1CCN(CCCN2c3ccccc3Sc3ccc(S(=O)(=O)N(C)C)cc32)CC1,7.96,train,<rdkit.Chem.rdchem.Mol object at 0x7fcdd9555380>
CC(C)Cn1c(=O)n(C)c(=O)c2[nH]c(CCN3CCN(C(c4ccccc4)c4ccccc4)CC3)nc21,7.96,train,<rdkit.Chem.rdchem.Mol object at 0x7fcdd95553f0>
OCCOCCN1CCN(C(c2ccccc2)c2ccccc2)CC1,7.96,train,<rdkit.Chem.rdchem.Mol object at 0x7fcdd9555460>
C=CC[N+]1([C@H]2C[C@H]3[C@@H]4CC[C@H]5C[C@H](O)[C@@H](N6CCOCC6)C[C@]5(C)[C@H]4CC[C@]3(C)[C@H]2OC(C)=O)CCCC1,7.96,train,<rdkit.Chem.rdchem.Mol object at 0x7fcdd95554d0>
O=C(O)CN1C(=O)[C@@H](N[C@@H](CCc2ccccc2)C(=O)O)CCc2ccccc21,7.96,train,<rdkit.Chem.rdchem.Mol object at 0x7fcdd9555540>
CNC(=O)c1nn(C)c2c1C(C)(C)Cc1cnc(Nc3ccc(N4CCN(C)CC4)cc3)nc1-2,7.96,train,<rdkit.Chem.rdchem.Mol object at 0x7fcdd95555b0>
C=CCn1c(=O)c2cnc(Nc3ccc(N4CCN(C)CC4)cc3)nc2n1-c1cccc(C(C)(C)O)n1,7.96,train,<rdkit.Chem.rdchem.Mol object at 0x7fcdd9555620>
CNC(C)C(=O)c1ccc2c(c1)OCO2,7.96,train,<rdkit.Chem.rdchem.Mol object at 0x7fcdd9555690>
CC1(C)CCC(CN2CCN(c3ccc(C(=O)NS(=O)(=O)c4ccc(NCC5CCOCC5)c([N+](=O)[O-])c4)c(Oc4cnc5[nH]ccc5c4)c3)CC2)=C(c2ccc(Cl)cc2)C1,7.96,train,<rdkit.Chem.rdchem.Mol object at 0x7fcdd9555700>
CC(C)n1c(Nc2cccnc2)nc2cnc(Nc3ccc(N4CCN(C)CC4)cc3)nc21,7.96,train,<rdkit.Chem.rdchem.Mol object at 0x7fcdd95557e0>
C=CC(=O)Nc1cccc(Oc2nc(Nc3ccc(N4CCN(C)CC4)cc3)nc3ccoc23)c1,7.96,train,<rdkit.Chem.rdchem.Mol object at 0x7fcdd9555850>
CN1CCN(c2ccc(Nc3ncc4cc(C#N)c(=O)n(C5CCCC5)c4n3)cc2)CC1,7.96,train,<rdkit.Chem.rdchem.Mol object at 0x7fcdd95558c0>
C=CCn1c(=O)c2cnc(Nc3ccc(N4CCN(C)CC4)cc3)nc2n1-c1ccc2c(n1)[C@@](O)(CC)CC2,7.96,train,<rdkit.Chem.rdchem.Mol object at 0x7fcdd9555930>
CCCCc1nc2cc(CN3CCN(C(c4ccccc4)c4ccccc4)CC3)ccc2n1CC,7.97,test,<rdkit.Chem.rdchem.Mol object at 0x7fcdd95559a0>
CCC[C@@H]1C[C@@H](C(=O)N[C@@H]([C@H]2O[C@H](SC)[C@H](O)[C@@H](O)[C@H]2O)[C@@H](C)O)N(C)C1,7.97,test,<rdkit.Chem.rdchem.Mol object at 0x7fcdd9555a10>
N#C[C@@H]1C[C@H](F)CN1C(=O)[C@@H](N)C(c1ccc(F)cc1)c1ccc(F)cc1,7.97,test,<rdkit.Chem.rdchem.Mol object at 0x7fcdd9555a80>
Cc1cccc(C)c1NC(=O)C1CCCCN1CC1CC1,7.97,test,<rdkit.Chem.rdchem.Mol object at 0x7fcdd9555af0>
CC[C@@H](C)C(=O)O[C@H]1[C@H](O)[C@H]2[C@@H](CN3C[C@@H](C)CC[C@H]3[C@@]2(C)O)[C@@H]2C[C@]34O[C@]5(O)[C@@H](OC(=O)[C@@](C)(O)CC)CC[C@@]3(C)[C@@H]5[C@@H](OC(C)=O)[C@@H](OC(C)=O)[C@H]4[C@@]21O,7.97,train,<rdkit.Chem.rdchem.Mol object at 0x7fcdd9555b60>
Cn1c(=O)c2c(ncn2CC(O)CN2CCN(CCCSc3ccccc3)CC2)n(C)c1=O,7.97,train,<rdkit.Chem.rdchem.Mol object at 0x7fcdd9555bd0>
CCN1CCN(c2cc(-c3ccc(F)cc3)c3c(n2)CCCCCC3)CC1,7.97,train,<rdkit.Chem.rdchem.Mol object at 0x7fcdd9555c40>
O=C1c2cccc3c2[C@H](CCC3)CN1[C@@H]1CN2CCC1CC2,7.97,train,<rdkit.Chem.rdchem.Mol object at 0x7fcdd9555cb0>
Cc1ccc(NC(=O)N2CC[C@@H](CC(F)(F)F)C2)cc1-c1cc(N[C@H](C)CO)nc(N2CCOCC2)c1,7.97,train,<rdkit.Chem.rdchem.Mol object at 0x7fcdd9555d90>
O=C(c1ccc(F)cc1)C1CCN(CCCN2c3ccccc3Sc3ccc(C(F)(F)F)cc32)CC1,7.98,test,<rdkit.Chem.rdchem.Mol object at 0x7fcdd9555e00>
CC1CC(N)=NN1c1nc2c(s1)CCCC2,7.98,test,<rdkit.Chem.rdchem.Mol object at 0x7fcdd9555e70>
CCN(CC)C(=O)[C@@H]1C=C2c3cccc4[nH]cc(c34)C[C@H]2N(C)C1,7.98,train,<rdkit.Chem.rdchem.Mol object at 0x7fcdd9555ee0>
COc1cc2c3cc1Oc1cc(ccc1O)C[C@@H]1c4c(cc(OC)c(O)c4Oc4ccc(cc4)C[C@@H]3N(C)CC2)CC[N+]1(C)C,7.98,train,<rdkit.Chem.rdchem.Mol object at 0x7fcdd9555f50>
CCOC(=O)C1(c2ccccc2)CCN(CCOCC2CCCO2)CC1,7.98,train,<rdkit.Chem.rdchem.Mol object at 0x7fcdd9556030>
O=C1CCC(c2ccc(Nc3ccncc3)cc2)=NN1,7.98,train,<rdkit.Chem.rdchem.Mol object at 0x7fcdd95560a0>
CN(Cc1ccc(S(=O)(=O)N2CCOCC2)cc1)c1ccc2c3c(cccc13)C(N)=N2,7.98,train,<rdkit.Chem.rdchem.Mol object at 0x7fcdd9556110>
NCC(=O)Nc1ccc(-n2nc(C(F)(F)F)cc2-c2ccc3c(ccc4ccccc43)c2)cc1,7.98,train,<rdkit.Chem.rdchem.Mol object at 0x7fcdd9556180>
CN(Cc1ccc(S(=O)(=O)N2CCOCC2)cc1)c1ccc2c3c(cccc13)C(=N)N2.O=C(O)[C@H]1O[C@@H](O)[C@H](O)[C@@H](O)[C@@H]1O,7.98,train,<rdkit.Chem.rdchem.Mol object at 0x7fcdd95561f0>
CN1CCN(CCCN2c3ccccc3Sc3ccc(C(F)(F)F)cc32)CC1,7.99,train,<rdkit.Chem.rdchem.Mol object at 0x7fcdd95562d0>
Cc1nc2n(c(=O)c1CCN1CCC(C(=O)c3ccc(F)cc3)CC1)CCS2,7.99,train,<rdkit.Chem.rdchem.Mol object at 0x7fcdd9556340>
CN(C(=O)C(C)(C)C1(O)CCN(CCc2ccccc2Cl)CC1)C1CCCCC1,7.99,train,<rdkit.Chem.rdchem.Mol object at 0x7fcdd95563b0>
CN1CCN(CCCN2c3ccccc3Sc3ccc(Cl)cc32)CC1.O=S(=O)(O)CCS(=O)(=O)O,7.99,train,<rdkit.Chem.rdchem.Mol object at 0x7fcdd9556420>
COc1ccc(CN(C(=O)[C@@H](N)Cc2c(C)cc(C(N)=O)cc2C)[C@@H](C)c2ncc(-c3ccccc3)[nH]2)cc1C(=O)O,7.99,train,<rdkit.Chem.rdchem.Mol object at 0x7fcdd9556490>
CN1CCC(C(=O)c2cccc(NC(=O)c3c(F)cc(F)cc3F)n2)CC1,7.99,train,<rdkit.Chem.rdchem.Mol object at 0x7fcdd9556500>
CN1CCC(C(=O)c2cccc(NC(=O)c3c(F)cc(F)cc3F)n2)CC1.CN1CCC(C(=O)c2cccc(NC(=O)c3c(F)cc(F)cc3F)n2)CC1.O=C(O)CCC(=O)O,7.99,train,<rdkit.Chem.rdchem.Mol object at 0x7fcdd9556570>
CCCCN1CCCCC1C(=O)Nc1c(C)cccc1C,8.0,train,<rdkit.Chem.rdchem.Mol object at 0x7fcdd95565e0>
Cc1nc2sccn2c(=O)c1CCN1CCC(=C(c2ccc(F)cc2)c2ccc(F)cc2)CC1,8.0,train,<rdkit.Chem.rdchem.Mol object at 0x7fcdd9556650>
CCSc1ccc2c(c1)N(CCCN1CCN(C)CC1)c1ccccc1S2,8.0,train,<rdkit.Chem.rdchem.Mol object at 0x7fcdd95566c0>
Cc1nc2ccccn2c(=O)c1CCN1CCC(=C(c2ccc(F)cc2)c2ccc(F)cc2)CC1,8.0,train,<rdkit.Chem.rdchem.Mol object at 0x7fcdd9556730>
CCCCN1CCCC[C@H]1C(=O)Nc1c(C)cccc1C,8.0,train,<rdkit.Chem.rdchem.Mol object at 0x7fcdd95567a0>
Oc1ccc(CN2CCN(C(c3ccccc3)c3ccccc3)CC2)cc1,8.0,train,<rdkit.Chem.rdchem.Mol object at 0x7fcdd9556810>
Nc1c(NC/C=C\COc2cc(CN3CCCCC3)ccn2)c(=O)c1=O,8.0,train,<rdkit.Chem.rdchem.Mol object at 0x7fcdd9556880>
c1ccc2c(CCNc3ccc(Nc4ccncc4)cc3)c[nH]c2c1,8.0,train,<rdkit.Chem.rdchem.Mol object at 0x7fcdd95568f0>
CCSc1ccc2c(c1)N(CCCN1CCN(C)CC1)c1ccccc1S2.O=C(O)CC(O)C(=O)O.O=C(O)CC(O)C(=O)O,8.0,train,<rdkit.Chem.rdchem.Mol object at 0x7fcdd9556960>
C[C@@H]1CN(C(=O)c2ccc(NC(=O)c3cc(O[C@H](C)c4c(Cl)ccc(F)c4Cl)c(N)nn3)cc2)C[C@H](C)N1,8.0,train,<rdkit.Chem.rdchem.Mol object at 0x7fcdd95569d0>
CCOC(=O)Nc1cc2c(c(N)n1)N=C(c1ccccc1)[C@H](C)N2.O=S(=O)(O)CCO,8.01,test,<rdkit.Chem.rdchem.Mol object at 0x7fcdd9556a40>
CN1CCN(CCCN2c3ccccc3Sc3ccccc32)CC1,8.01,train,<rdkit.Chem.rdchem.Mol object at 0x7fcdd9556b20>
CC(C)CCOC(=O)C(NCCN1CCCC1)c1ccccc1,8.01,train,<rdkit.Chem.rdchem.Mol object at 0x7fcdd9556b90>
COC(=O)c1ccccc1C(=O)c1ccc(OCCN2CCCCC2)cc1,8.01,train,<rdkit.Chem.rdchem.Mol object at 0x7fcdd9556c00>
CCOC(=O)c1[nH]c2cc(OC)c(OC)cc2c1CCN1CCN(c2ccccc2)CC1,8.01,train,<rdkit.Chem.rdchem.Mol object at 0x7fcdd9556c70>
CCOC(=O)Nc1cc2c(c(N)n1)N=C(c1ccccc1)[C@H](C)N2,8.01,train,<rdkit.Chem.rdchem.Mol object at 0x7fcdd9556ce0>
CNC(C)C(=O)c1ccc(OC)cc1,8.01,train,<rdkit.Chem.rdchem.Mol object at 0x7fcdd9556d50>
CN1C[C@@H](CC#N)C[C@@H]2c3cccc4[nH]cc(c34)C[C@H]21,8.01,train,<rdkit.Chem.rdchem.Mol object at 0x7fcdd9556dc0>
O=C(CCCN1CCC(O)(c2cccc(C(F)(F)F)c2)CC1)c1ccc(F)cc1,8.02,test,<rdkit.Chem.rdchem.Mol object at 0x7fcdd9556e30>
C[C@]12N[C@H](Cc3ccccc31)c1ccccc12,8.02,test,<rdkit.Chem.rdchem.Mol object at 0x7fcdd9556ea0>
Cc1nc2ccccn2c(=O)c1CCN1CCC(C(=O)c2ccc(F)cc2)CC1,8.02,train,<rdkit.Chem.rdchem.Mol object at 0x7fcdd9556f10>
CC(CN(C)C)CN1c2ccccc2S(=O)(=O)c2ccccc21,8.02,train,<rdkit.Chem.rdchem.Mol object at 0x7fcdd9556ff0>
CN1CCC(=C2c3ccccc3C(O)c3ccccc32)CC1,8.02,train,<rdkit.Chem.rdchem.Mol object at 0x7fcdd9557060>
C/N=C(/NC#N)NCCSCc1csc(NC(=N)N)n1,8.02,train,<rdkit.Chem.rdchem.Mol object at 0x7fcdd95570d0>
CCOC(=O)C1(c2ccccc2)CCN(CCOCCO)CC1,8.02,train,<rdkit.Chem.rdchem.Mol object at 0x7fcdd9557140>
Cc1ccc2nc(C)c(CCN3CCC(C(=O)c4ccc(F)cc4)CC3)c(=O)n2c1,8.02,train,<rdkit.Chem.rdchem.Mol object at 0x7fcdd95571b0>
COCCCN1CCN(c2ccccc2OC)CC1,8.02,train,<rdkit.Chem.rdchem.Mol object at 0x7fcdd9557220>
CN1CCN(CCC(=O)N2c3ccccc3Sc3ccc(C(F)(F)F)cc32)CC1,8.02,train,<rdkit.Chem.rdchem.Mol object at 0x7fcdd9557290>
CSCC[C@H](N)C(=O)N[C@@]1(C(=O)O)CS(=O)(=O)[C@H]2[C@H](C(=O)O)[C@H]21,8.02,train,<rdkit.Chem.rdchem.Mol object at 0x7fcdd9557300>
Cc1c(NCCN2CCCC2)cc(C(=O)CCC(F)(F)F)cc1N1CCN(c2ncnc3[nH]nc(Br)c23)CC1,8.02,train,<rdkit.Chem.rdchem.Mol object at 0x7fcdd9557370>
COc1cc(Nc2c(C#N)cnc3cc(OCCCN4CCN(C)CC4)c(OC)cc23)c(Cl)cc1Cl,8.03,test,<rdkit.Chem.rdchem.Mol object at 0x7fcdd95573e0>
COC(=O)[C@@H](N)CCCNC(=N)N[N+](=O)[O-],8.03,train,<rdkit.Chem.rdchem.Mol object at 0x7fcdd9557450>
CN1CCC2=C(CC1)c1ccccc1N(C)c1ccccc12,8.03,train,<rdkit.Chem.rdchem.Mol object at 0x7fcdd95574c0>
COc1ccc(C[C@H](N)C(=O)N[C@H]2[C@@H](O)[C@H](n3cnc4c(N(C)C)ncnc43)O[C@@H]2CO)cc1,8.03,train,<rdkit.Chem.rdchem.Mol object at 0x7fcdd9557530>
CCOc1cc2c(cc1OC)C(c1ccc(C(=O)N(C(C)C)C(C)C)cc1)=N[C@@H]1CCN(C)C[C@H]21,8.03,train,<rdkit.Chem.rdchem.Mol object at 0x7fcdd95575a0>
OCCN1CCN(CC/C=C2/c3ccccc3Sc3ccc(C(F)(F)F)cc32)CC1,8.03,train,<rdkit.Chem.rdchem.Mol object at 0x7fcdd9557680>
OCCN1CCN(CC/C=C2/c3ccccc3Sc3ccc(Cl)cc32)CC1,8.03,train,<rdkit.Chem.rdchem.Mol object at 0x7fcdd95576f0>
OCCN1CCN(CC/C=C2\c3ccccc3Sc3ccc(Cl)cc32)CC1,8.03,train,<rdkit.Chem.rdchem.Mol object at 0x7fcdd9557760>
CC[C@H](C)[C@@H]([C@@H](CC(=O)N1CCC[C@H]1[C@H](OC)[C@@H](C)C(=O)NCCc1ccccc1)OC)N(C)C(=O)[C@@H](NC(=O)[C@H](C(C)C)N(C)C)C(C)C,8.03,train,<rdkit.Chem.rdchem.Mol object at 0x7fcdd9557840>
CCCN1CCC(c2cccc(S(C)(=O)=O)c2)CC1,8.03,train,<rdkit.Chem.rdchem.Mol object at 0x7fcdd95578b0>
CC[C@H](C)[C@@H]([C@@H](CC(=O)N1CCC[C@H]1[C@H](OC)[C@@H](C)C(=O)N[C@@H](Cc1ccccc1)c1nccs1)OC)N(C)C(=O)[C@@H](NC(=O)[C@H](C(C)C)N(C)C)C(C)C,8.03,train,<rdkit.Chem.rdchem.Mol object at 0x7fcdd9557920>
CCOC(=O)C1(c2cccc(O)c2)CCN(C)CC1,8.04,train,<rdkit.Chem.rdchem.Mol object at 0x7fcdd9557a70>
Oc1cc2c(cc1O)C(COc1ccc(Cl)cc1)NCC2,8.04,train,<rdkit.Chem.rdchem.Mol object at 0x7fcdd9557ae0>
C[C@H](N[C@@H](CCc1ccccc1)C(=O)O)C(=O)N1[C@H](C(=O)O)C[C@H]2CCCC[C@@H]21,8.04,train,<rdkit.Chem.rdchem.Mol object at 0x7fcdd9557b50>
N=C(N)NC(=O)c1ccc(N2CCN(C(=O)c3ccc[nH]3)CC2)c(C(F)(F)F)c1,8.04,train,<rdkit.Chem.rdchem.Mol object at 0x7fcdd9557bc0>
O=C(O)c1ccc(CN2C[C@@H]3C[C@H]2CN3Cc2ccc(Oc3ccc(-c4ncco4)cc3)cc2)cc1,8.04,train,<rdkit.Chem.rdchem.Mol object at 0x7fcdd9557d10>
O=C(CCCN1CCC(O)(c2ccc(Cl)cc2)CC1)c1ccc(F)cc1,8.05,test,<rdkit.Chem.rdchem.Mol object at 0x7fcdd9557d80>
O=C(CCCN1CCN(c2ccc(F)cc2)CC1)NC1c2ccccc2CSc2ccccc21,8.05,test,<rdkit.Chem.rdchem.Mol object at 0x7fcdd9557df0>
CN1CCC(=C2c3ccccc3C=Cc3ccccc32)CC1,8.05,train,<rdkit.Chem.rdchem.Mol object at 0x7fcdd9557e60>
C#CCN(C)Cc1ccccc1,8.05,train,<rdkit.Chem.rdchem.Mol object at 0x7fcdd9557ed0>
FC(F)(F)c1ccc2c(c1)N(CCCN1CCN(C3CC3)CC1)c1ccccc1S2,8.05,train,<rdkit.Chem.rdchem.Mol object at 0x7fcdd9557f40>
CCC(=O)N(c1ccccc1)C1(C(=O)OC)CCN(CCc2ccccc2)CC1,8.05,train,<rdkit.Chem.rdchem.Mol object at 0x7fcdd9558040>
CC(=O)OC(Cc1ccccc1)(Cc1ccccc1)C(=O)OCCN1CCCCC1,8.05,train,<rdkit.Chem.rdchem.Mol object at 0x7fcdd9558190>
COC(=O)C1=C(C)NC(C)=C(C(=O)OCc2ccc(CN3CCCCC3)o2)C1c1ccccc1F,8.05,train,<rdkit.Chem.rdchem.Mol object at 0x7fcdd9558200>
COc1cc2c(cc1OC)[C@@H]1CN(C)CC[C@@H]1N=C2c1ccc(NC(C)=O)cc1,8.05,train,<rdkit.Chem.rdchem.Mol object at 0x7fcdd9558270>
CCCCC/C=C\C/C=C\C=C\C=C\[C@@H](SC[C@H](N)C(=O)NCC(=O)O)[C@@H](O)CCCC(=O)O,8.05,train,<rdkit.Chem.rdchem.Mol object at 0x7fcdd95582e0>
C[C@H](N[C@@H](CCc1ccccc1)C(=O)O)C(=O)N1[C@H](C(=O)O)C[C@@H]2CCC[C@@H]21,8.05,train,<rdkit.Chem.rdchem.Mol object at 0x7fcdd9558350>
CCC(=O)N(c1ccccc1)C1(C(=O)OC)CCN(CCc2ccccc2)CC1.O=C(O)CC(O)(CC(=O)O)C(=O)O,8.05,train,<rdkit.Chem.rdchem.Mol object at 0x7fcdd95583c0>
CC(O)C(=O)O.O=C(CCCN1CCC(O)(c2ccc(Cl)cc2)CC1)c1ccc(F)cc1,8.05,train,<rdkit.Chem.rdchem.Mol object at 0x7fcdd9558430>
CNC(C)C(=O)c1ccc(C)cc1,8.05,train,<rdkit.Chem.rdchem.Mol object at 0x7fcdd95584a0>
CCC[S@+]([O-])CCCN(CC)C[C@@H](O)COc1ccc(C#N)cc1,8.05,train,<rdkit.Chem.rdchem.Mol object at 0x7fcdd9558510>
Fc1cccc(Br)c1NC1=NCCN1,8.06,test,<rdkit.Chem.rdchem.Mol object at 0x7fcdd9558580>
O=C(OCCN1CCCCC1)C(O)(c1ccccc1)c1ccccc1,8.06,train,<rdkit.Chem.rdchem.Mol object at 0x7fcdd9558660>
O=C(O)c1cnccc1Nc1cccc(C(F)(F)F)c1,8.06,train,<rdkit.Chem.rdchem.Mol object at 0x7fcdd95586d0>
OC[C@H]1NC[C@H](O)[C@@H](O)[C@@H]1O,8.06,train,<rdkit.Chem.rdchem.Mol object at 0x7fcdd9558740>
FC(F)(F)c1cccc(C2CNCCO2)c1,8.06,train,<rdkit.Chem.rdchem.Mol object at 0x7fcdd95587b0>
CCCN1C[C@@H](NC(=O)N(CC)CC)C[C@@H]2c3cccc4[nH]cc(c34)C[C@H]21,8.06,train,<rdkit.Chem.rdchem.Mol object at 0x7fcdd9558820>
CCC[C@H](N[C@@H](C)C(=O)N1[C@H](C(=O)O)C[C@@H]2CCCC[C@@H]21)C(=O)O,8.06,train,<rdkit.Chem.rdchem.Mol object at 0x7fcdd9558890>
OC[C@H]1NC[C@H](O)[C@@H](O)[C@H]1O,8.06,train,<rdkit.Chem.rdchem.Mol object at 0x7fcdd9558900>
CCC(=O)C1(c2ccccc2)CCN(CCOCCO)CC1,8.06,train,<rdkit.Chem.rdchem.Mol object at 0x7fcdd9558970>
CCOC(=O)[C@H](Cc1ccc(F)cc1)NC(=O)[C@@H](N)Cc1ccc(N(CCCl)CCCl)cc1,8.07,train,<rdkit.Chem.rdchem.Mol object at 0x7fcdd95589e0>
CC(C)(N)[C@H](NC(=O)c1ccc(C#CC#C[C@@H]2C[C@H]2CO)cc1)C(=O)NO,8.07,train,<rdkit.Chem.rdchem.Mol object at 0x7fcdd9558a50>
N[C@@]1(C(=O)O)CS(=O)(=O)[C@H]2[C@H](C(=O)O)[C@H]21,8.08,test,<rdkit.Chem.rdchem.Mol object at 0x7fcdd9558ac0>
O=C(O)C1CCSCN1,8.08,train,<rdkit.Chem.rdchem.Mol object at 0x7fcdd9558ba0>
CCOC(=O)Oc1ccc(/C=C/C=C/C(=O)NCCN2CCC(OC(c3ccccc3)c3ccccc3)CC2)cc1OC,8.08,train,<rdkit.Chem.rdchem.Mol object at 0x7fcdd9558c10>
CCC(=O)C1(c2cccc(O)c2)CCN(C)CC1,8.09,train,<rdkit.Chem.rdchem.Mol object at 0x7fcdd9558d60>
CN(C(=O)CNC1CC1)c1ccc(Cl)cc1C(=O)c1ccccc1Cl,8.09,train,<rdkit.Chem.rdchem.Mol object at 0x7fcdd9558f20>
CN(C)c1nc(Cc2ccc(NC(=O)c3ccc(C(F)(F)F)cc3)cc2)nc(N(C)C)c1CC(=O)O,8.09,train,<rdkit.Chem.rdchem.Mol object at 0x7fcdd9558f90>
Cc1sc2c(c1C)C(c1ccc(Cl)cc1)=N[C@@H](CC(=O)NCCCN1CCN(C)CC1)c1nnc(C)n1-2,8.1,test,<rdkit.Chem.rdchem.Mol object at 0x7fcdd9559000>
COC(=O)C1=C(C)NC(C)=C(C(=O)OCCN(C)Cc2ccccc2)C1c1cccc([N+](=O)[O-])c1,8.1,train,<rdkit.Chem.rdchem.Mol object at 0x7fcdd9559070>
CCOC(=O)C1(c2ccccc2)CCN(CCN2CCOCC2)CC1,8.1,train,<rdkit.Chem.rdchem.Mol object at 0x7fcdd95590e0>
COc1ccc(C2CNC(=O)C2)cc1OCCCN1CCC(C(=O)c2ccc(F)cc2)CC1,8.1,train,<rdkit.Chem.rdchem.Mol object at 0x7fcdd9559150>
CNS(=O)(=O)c1cc(OC)c(OC)c(C(=O)NCC2CCCN2C)c1,8.1,train,<rdkit.Chem.rdchem.Mol object at 0x7fcdd95591c0>
C(=C/c1ccccc1)\CN1CCN(C(c2ccccc2)c2ccccc2)CC1,8.1,train,<rdkit.Chem.rdchem.Mol object at 0x7fcdd95592a0>
Cc1nc(Nc2n[nH]c3c2CN(C(=O)N[C@H](CN(C)C)c2ccccc2)C3(C)C)c2sccc2n1,8.1,train,<rdkit.Chem.rdchem.Mol object at 0x7fcdd9559380>
CCOC(=O)C1(c2ccccc2)CCN(CCOCc2ccccc2)CC1,8.11,test,<rdkit.Chem.rdchem.Mol object at 0x7fcdd95593f0>
Cc1cc(NCCN2CCN(C(c3ccccc3)c3ccccc3)CC2)c([N+](=O)[O-])c(C)n1,8.11,test,<rdkit.Chem.rdchem.Mol object at 0x7fcdd9559460>
O=C1NCCN1CCN1CCN([C@@H]2C[C@@H](c3ccc(F)cc3)c3ccccc32)CC1,8.11,train,<rdkit.Chem.rdchem.Mol object at 0x7fcdd95594d0>
COc1cc(C(=O)NC(COc2ccccc2)CN2CCCC2)cc(OC)c1OC,8.11,train,<rdkit.Chem.rdchem.Mol object at 0x7fcdd9559540>
COC(=O)C1=C(C)NC(C)=C(C(=O)O[C@H]2CCN(Cc3ccccc3)C2)[C@H]1c1cccc([N+](=O)[O-])c1,8.11,train,<rdkit.Chem.rdchem.Mol object at 0x7fcdd95595b0>
Fc1cc(-c2cccc(-c3nc[nH]n3)c2)cc(F)c1CNC1Cc2ccccc2C1,8.11,train,<rdkit.Chem.rdchem.Mol object at 0x7fcdd9559620>
CCc1[nH]nc(C(=O)Nc2ccc([C@H]3CNCCO3)cc2)c1C,8.11,train,<rdkit.Chem.rdchem.Mol object at 0x7fcdd9559700>
CO[C@]12C[C@@H](COC(=O)c3cncc(Br)c3)CN(C)[C@@H]1Cc1cn(C)c3cccc2c13,8.12,train,<rdkit.Chem.rdchem.Mol object at 0x7fcdd9559770>
COc1cccc([C@H]2C[C@@H](N[C@H](C)c3ccccc3)C(=O)N2c2ccc(C(F)(F)F)cc2)c1,8.12,train,<rdkit.Chem.rdchem.Mol object at 0x7fcdd95597e0>
CN[C@H]1[C@@H](O[C@@H]2/C3=C/C#C[C@H]4O[C@@]4([C@@H]4COC(=O)O4)C#CC3=C[C@H]2OC(=O)c2c(C)ccc3c(C)cc(OC)cc23)O[C@H](C)[C@H](O)[C@@H]1O,8.12,train,<rdkit.Chem.rdchem.Mol object at 0x7fcdd9559850>
COc1ccccc1N1CCN(CCc2c[nH]c3cc4c(cc23)OCO4)CC1,8.13,train,<rdkit.Chem.rdchem.Mol object at 0x7fcdd95598c0>
OCCN1CCN(CCCC2c3ccc(F)cc3Sc3ccc(C(F)(F)F)cc32)CC1,8.13,train,<rdkit.Chem.rdchem.Mol object at 0x7fcdd9559930>
COc1ccc(S(N)(=O)=O)cc1C(=O)NCC1CCCN1C,8.13,train,<rdkit.Chem.rdchem.Mol object at 0x7fcdd95599a0>
C[C@@H]1C[S+]([O-])C(C)(C)[C@H](C(=O)O)N1,8.13,train,<rdkit.Chem.rdchem.Mol object at 0x7fcdd9559a10>
COc1c(N2CCC/C(=C(\F)CN)C2)c(F)cc2c(=O)c(C(=O)O)cn(C3CC3)c12,8.13,train,<rdkit.Chem.rdchem.Mol object at 0x7fcdd9559a80>
NCC(=O)N1C[C@H](NC(=O)c2ccccc2)C[C@H]1C(=O)O,8.13,train,<rdkit.Chem.rdchem.Mol object at 0x7fcdd9559af0>
CC1(C)c2nc(-c3ccc(F)cc3)c(Nc3ccc(F)cc3)n2CCN1C(=O)CN,8.13,train,<rdkit.Chem.rdchem.Mol object at 0x7fcdd9559b60>
Fc1ccc(-c2ccc3c(c2)[nH]c2ccncc23)cn1,8.13,train,<rdkit.Chem.rdchem.Mol object at 0x7fcdd9559c40>
Cc1ccccc1CN1C(=O)C2=C(CCN(Cc3ccccc3)C2)N2CCN=C12,8.13,train,<rdkit.Chem.rdchem.Mol object at 0x7fcdd9559cb0>
Cc1cc(C)c2cccc(OCc3c(Cl)ccc(S(=O)(=O)NC4(C(=O)N5CCN(C(=O)[C@@H](N)CCC[N+](C)(C)C)CC5)CCOCC4)c3Cl)c2n1,8.14,test,<rdkit.Chem.rdchem.Mol object at 0x7fcdd9559d20>
C=CC(=O)Nc1cc(N2CCN(CC)CC2)ccc1Nc1cc(N(C)C(=O)Nc2c(Cl)c(OC)cc(OC)c2Cl)ncn1,8.14,test,<rdkit.Chem.rdchem.Mol object at 0x7fcdd9559d90>
COc1ccc(OC)c(C(O)CNC(=O)CN)c1,8.14,train,<rdkit.Chem.rdchem.Mol object at 0x7fcdd9559e00>
COc1ccc(C2=C(C(=O)c3ccc(OCCN4CCCC4)cc3)c3ccccc3CC2)cc1,8.14,train,<rdkit.Chem.rdchem.Mol object at 0x7fcdd9559ee0>
COc1ccc(OC)c([C@H](O)CNC(=O)CN)c1,8.14,train,<rdkit.Chem.rdchem.Mol object at 0x7fcdd9559fc0>
CCN1CCC(S(=O)(=O)NC(=O)Nc2c3c(cc4c2CCC4)CCC3)CC1,8.14,train,<rdkit.Chem.rdchem.Mol object at 0x7fcdd955a0a0>
CCN1CCC(S(=O)(=O)[N-]C(=O)Nc2c3c(cc4c2CCC4)CCC3)CC1,8.14,train,<rdkit.Chem.rdchem.Mol object at 0x7fcdd955a110>
COc1cccc(CCc2ccccc2OCC(CN(C)C)OC(=O)CCC(=O)O)c1,8.15,train,<rdkit.Chem.rdchem.Mol object at 0x7fcdd955a1f0>
CCCCN1CCCC1C(=O)Nc1c(C)cc(C)cc1C,8.15,train,<rdkit.Chem.rdchem.Mol object at 0x7fcdd955a260>
Cc1cccc(N2CCN(CCc3ccc4ccccc4n3)CC2)c1,8.15,train,<rdkit.Chem.rdchem.Mol object at 0x7fcdd955a2d0>
CN(C)Cc1ccccc1Sc1ccc(C#N)cc1N,8.15,train,<rdkit.Chem.rdchem.Mol object at 0x7fcdd955a3b0>
Cc1cccc(N2CCN(CCc3ccc4ccccc4n3)CC2)c1.O=C(O)CC(O)(CC(=O)O)C(=O)O,8.15,train,<rdkit.Chem.rdchem.Mol object at 0x7fcdd955a420>
CN1CCN(CC/C=C2/c3ccccc3Sc3ccc(S(=O)(=O)N(C)C)cc32)CC1,8.16,test,<rdkit.Chem.rdchem.Mol object at 0x7fcdd955a490>
Clc1cccc(Cl)c1NC1=NCCN1,8.16,train,<rdkit.Chem.rdchem.Mol object at 0x7fcdd955a500>
CCOC(=O)C1(c2ccccc2)CCN(C)CC1,8.16,train,<rdkit.Chem.rdchem.Mol object at 0x7fcdd955a570>
CNC(=O)CN(CCN(CCN(CC(=O)O)CC(=O)NC)CC(=O)O)CC(=O)O,8.16,train,<rdkit.Chem.rdchem.Mol object at 0x7fcdd955a5e0>
COCCNC(=O)CN(CCN(CCN(CC(=O)O)CC(=O)NCCOC)CC(=O)O)CC(=O)O,8.16,train,<rdkit.Chem.rdchem.Mol object at 0x7fcdd955a650>
C[C@H]1COc2c(C3(N)CC3)c(F)cc3c(=O)c(C(=O)O)cn1c23,8.16,train,<rdkit.Chem.rdchem.Mol object at 0x7fcdd955a730>
CN(C)CCN1C(=O)c2cccnc2Sc2ccccc21,8.16,train,<rdkit.Chem.rdchem.Mol object at 0x7fcdd955a7a0>
C#CCN[C@@H]1CCc2ccc(OC(=O)N(C)CC)cc21,8.16,train,<rdkit.Chem.rdchem.Mol object at 0x7fcdd955a810>
O=C1c2cccc3cc([N+](=O)[O-])cc(c23)C(=O)N1CCN1CCCC1,8.16,train,<rdkit.Chem.rdchem.Mol object at 0x7fcdd955a8f0>
C#Cc1cncc([C@@H]2CCCN2C)c1,8.16,train,<rdkit.Chem.rdchem.Mol object at 0x7fcdd955a960>
COCCN1CC[C@]23c4c5ccc(O)c4O[C@H]2C(=O)CC[C@@]3(O)[C@H]1C5,8.16,train,<rdkit.Chem.rdchem.Mol object at 0x7fcdd955a9d0>
CNC(=O)CN(CCN(CCN(CC(=O)[O-])CC(=O)NC)CC(=O)[O-])CC(=O)[O-],8.16,train,<rdkit.Chem.rdchem.Mol object at 0x7fcdd955aa40>
C#CCN[C@@H]1CCc2ccc(OC(=O)N(C)CC)cc21.C#CCN[C@@H]1CCc2ccc(OC(=O)N(C)CC)cc21,8.16,train,<rdkit.Chem.rdchem.Mol object at 0x7fcdd955aab0>
Cc1ccc(C2(O)CCN(CCCC(=O)c3ccc(F)cc3)CC2)cc1,8.17,train,<rdkit.Chem.rdchem.Mol object at 0x7fcdd955ab20>
CCN(CC)CCn1c(-c2ccccc2)noc1=N,8.17,train,<rdkit.Chem.rdchem.Mol object at 0x7fcdd955ab90>
C=CCN(C1=NCCN1)c1c(Cl)cccc1Cl,8.17,train,<rdkit.Chem.rdchem.Mol object at 0x7fcdd955ac00>
COc1ccc([C@@H]2Sc3cc(Cl)ccc3N(CCN(C)C)C(=O)[C@@H]2OC(C)=O)cc1,8.17,train,<rdkit.Chem.rdchem.Mol object at 0x7fcdd955ac70>
CCCCN(CCCC)C(=O)CN1C[C@H](c2ccc3c(c2)OCO3)[C@@H](C(=O)O)[C@@H]1c1ccc(OC)cc1,8.17,train,<rdkit.Chem.rdchem.Mol object at 0x7fcdd955ace0>
CN(C(=O)C(c1ccccc1)c1ccccc1)[C@H](CN1CC[C@H](O)C1)c1ccccc1,8.17,train,<rdkit.Chem.rdchem.Mol object at 0x7fcdd955ad50>
CCCCCCCC(=O)N[C@H](CN1CCCC1)[C@H](O)c1ccc2c(c1)OCCO2,8.17,train,<rdkit.Chem.rdchem.Mol object at 0x7fcdd955ae30>
CCCCCCCC(=O)N[C@H](CN1CCCC1)[C@H](O)c1ccc2c(c1)OCCO2.CCCCCCCC(=O)N[C@H](CN1CCCC1)[C@H](O)c1ccc2c(c1)OCCO2,8.17,train,<rdkit.Chem.rdchem.Mol object at 0x7fcdd955aea0>
COc1ccc([C@@H]2Sc3ccccc3N(CCN(C)C)C(=O)[C@@H]2OC(C)=O)cc1,8.18,test,<rdkit.Chem.rdchem.Mol object at 0x7fcdd955af10>
COc1ccc([C@@H]2Sc3ccccc3N(CCN(C)C)C(=O)[C@@H]2OC(=O)c2cccnc2)cc1,8.18,test,<rdkit.Chem.rdchem.Mol object at 0x7fcdd955aff0>
Fc1ccc(C(OCCN2CCN(CCCc3ccccc3)CC2)c2ccc(F)cc2)cc1,8.18,train,<rdkit.Chem.rdchem.Mol object at 0x7fcdd955b060>
CC1(C)N=C(N)N=C(N)N1c1ccc(Cl)cc1,8.18,train,<rdkit.Chem.rdchem.Mol object at 0x7fcdd955b0d0>
O=C(OCCN1CCCCC1)C1(C2CCCCC2)CCCCC1,8.18,train,<rdkit.Chem.rdchem.Mol object at 0x7fcdd955b140>
CN(C)CCN1C(=O)CC(c2ccccc2)Sc2ccccc21,8.18,train,<rdkit.Chem.rdchem.Mol object at 0x7fcdd955b1b0>
CN(C)CC(Oc1ccccc1)Oc1ccccc1,8.18,train,<rdkit.Chem.rdchem.Mol object at 0x7fcdd955b220>
COc1c(C(O)CCc2ccc(O)cc2)c(OCCN2CCCCC2)c(OC)c2occc12,8.18,train,<rdkit.Chem.rdchem.Mol object at 0x7fcdd955b290>
Cc1c(O)cccc1C(=O)N[C@@H](CSc1ccccc1)[C@H](O)CN1C[C@H]2CCCC[C@H]2C[C@H]1C(=O)NC(C)(C)C,8.18,train,<rdkit.Chem.rdchem.Mol object at 0x7fcdd955b300>
COc1ccc([C@@H]2Sc3ccccc3N(CCN(C)C)C(=O)[C@@H]2OC(C)=O)cc1.O=C(O)CC(O)C(=O)O,8.18,train,<rdkit.Chem.rdchem.Mol object at 0x7fcdd955b370>
CC1(C)N=C(N)N=C(N)N1c1ccc(Cl)cc1.CC1(C)N=C(N)N=C(N)N1c1ccc(Cl)cc1.O=C(O)c1cc2ccccc2c(Cc2c(O)c(C(=O)O)cc3ccccc23)c1O,8.18,train,<rdkit.Chem.rdchem.Mol object at 0x7fcdd955b3e0>
COc1cc2c(cc1OCCC[18F])CCN1C[C@@H](CC(C)C)[C@H](O)C[C@H]21,8.18,train,<rdkit.Chem.rdchem.Mol object at 0x7fcdd955b450>
COc1cc2c(cc1OCCCF)CCN1C[C@@H](CC(C)C)[C@H](O)C[C@H]21,8.18,train,<rdkit.Chem.rdchem.Mol object at 0x7fcdd955b4c0>
CCN(CC)Cc1ccc2oc(-c3ccccc3)c(C)c(=O)c2c1,8.19,test,<rdkit.Chem.rdchem.Mol object at 0x7fcdd955b530>
C=CCN1CCN(CC(C)(C)COC(=O)C2=C(C)NC(C)=C(C(=O)OC)C2c2cccc([N+](=O)[O-])c2)CC1,8.19,test,<rdkit.Chem.rdchem.Mol object at 0x7fcdd955b5a0>
C1=Cc2cccc(OCC3CNCCO3)c2C1,8.19,train,<rdkit.Chem.rdchem.Mol object at 0x7fcdd955b610>
CCOc1ccccc1OCC1CNCCO1,8.19,train,<rdkit.Chem.rdchem.Mol object at 0x7fcdd955b6f0>
CN1CCCCC1CCN1c2ccccc2Sc2ccc([S+](C)[O-])cc21.O=S(=O)(O)c1ccccc1,8.19,train,<rdkit.Chem.rdchem.Mol object at 0x7fcdd955b760>
CCCC(=O)O[C@H]1CN2CC[C@H](O)[C@@H]2[C@@H](O)[C@@H]1O,8.19,train,<rdkit.Chem.rdchem.Mol object at 0x7fcdd955b7d0>
c1csc(Cc2ccccc2OCC2CNCCO2)c1,8.19,train,<rdkit.Chem.rdchem.Mol object at 0x7fcdd955b840>
Fc1ccc(OC[C@@H]2CNCCO2)c2c1CCC2,8.19,train,<rdkit.Chem.rdchem.Mol object at 0x7fcdd955b8b0>
CN1CCCc2cccc(OCC3CNCCO3)c21,8.19,train,<rdkit.Chem.rdchem.Mol object at 0x7fcdd955b920>
CN(C)Cc1c(C(=O)NCCOc2ccc(C(=O)NO)cc2)oc2ccccc12,8.19,train,<rdkit.Chem.rdchem.Mol object at 0x7fcdd955b990>
CC(C)N1CCN(c2ccc(Nc3ncc4cc5n(c4n3)C3(CCCCC3)CNC5=O)nc2)CC1,8.19,train,<rdkit.Chem.rdchem.Mol object at 0x7fcdd955ba70>
COc1cc2c(cc1OC)C1CC(c3ccc(Cl)cc3)CCN1CC2,8.2,test,<rdkit.Chem.rdchem.Mol object at 0x7fcdd955bae0>
CNc1cc(OC)c(C(=O)NC2CCN(Cc3ccccc3)C2C)cc1Cl,8.2,train,<rdkit.Chem.rdchem.Mol object at 0x7fcdd955bb50>
CN1CCN(C(c2ccccc2)c2ccccc2)CC1,8.2,train,<rdkit.Chem.rdchem.Mol object at 0x7fcdd955bbc0>
CN(C)CC#CC=C1c2ccccc2C=Cc2ccccc21,8.2,train,<rdkit.Chem.rdchem.Mol object at 0x7fcdd955bc30>
C[C@H]1CNCCCN1S(=O)(=O)c1cccc2cncc(F)c12,8.2,train,<rdkit.Chem.rdchem.Mol object at 0x7fcdd955bd10>
COc1ccc2c3c1O[C@H]1C(=O)CC[C@@]4(O)[C@@H](C2)N(C)CC[C@]314,8.21,test,<rdkit.Chem.rdchem.Mol object at 0x7fcdd955bd80>
CC(=O)c1ccc2c(c1)N(CCCN1CCC(CCO)CC1)c1ccccc1S2,8.21,train,<rdkit.Chem.rdchem.Mol object at 0x7fcdd955bdf0>
CN1CC[C@]23c4c5ccc(O)c4O[C@H]2C(=O)CC[C@@]3(O)[C@H]1C5,8.21,train,<rdkit.Chem.rdchem.Mol object at 0x7fcdd955bf40>
COC(=O)Nc1nc2cc(Sc3ccc(NC(=O)[C@H](C)N)cc3)ccc2[nH]1,8.21,train,<rdkit.Chem.rdchem.Mol object at 0x7fcdd955c040>
COc1ccc2c3c1O[C@H]1C(=O)CC[C@@]4(O)[C@@H](C2)N(C)CC[C@]314.COc1ccc2c3c1O[C@H]1C(=O)CC[C@@]4(O)[C@@H](C2)N(C)CC[C@]314.O=C(O)c1ccc(C(=O)O)cc1,8.21,train,<rdkit.Chem.rdchem.Mol object at 0x7fcdd955c0b0>
CC(NC(C)(C)C)C(=O)c1cccc(Cl)c1,8.22,test,<rdkit.Chem.rdchem.Mol object at 0x7fcdd955c120>
CC(C)(C)c1ccc(C(O)CCCN2CCN(C(c3ccccc3)c3ccccc3)CC2)cc1,8.22,test,<rdkit.Chem.rdchem.Mol object at 0x7fcdd955c190>
CC1NCCOC1c1ccccc1,8.22,train,<rdkit.Chem.rdchem.Mol object at 0x7fcdd955c200>
CN(C)CCN1C(=O)c2ccccc2Nc2cc(Cl)ccc21,8.22,train,<rdkit.Chem.rdchem.Mol object at 0x7fcdd955c270>
CN1C[C@H](CNC(=O)OCc2ccccc2)C[C@@H]2c3cccc4c3c(cn4C)C[C@H]21,8.22,train,<rdkit.Chem.rdchem.Mol object at 0x7fcdd955c2e0>
COc1cc2[nH]c(C)c(CCN3CCN(c4ccccc4OC)CC3)c2cc1OC,8.22,train,<rdkit.Chem.rdchem.Mol object at 0x7fcdd955c350>
CCCN1CC(NS(=O)(=O)N(CC)CC)CC2Cc3c(O)cccc3CC21,8.22,train,<rdkit.Chem.rdchem.Mol object at 0x7fcdd955c3c0>
O=C1CCC2NCCc3c2n1c1ccc(Cl)cc31,8.22,train,<rdkit.Chem.rdchem.Mol object at 0x7fcdd955c430>
Cc1cccc(C)c1N(CCCc1cccnc1)C(=O)[C@@H](C)N,8.22,train,<rdkit.Chem.rdchem.Mol object at 0x7fcdd955c4a0>
Cc1c(F)cccc1NC(=O)Nc1ccc(Cl)c(S(=O)(=O)[C@H]2CCCNC2)c1O,8.22,train,<rdkit.Chem.rdchem.Mol object at 0x7fcdd955c510>
Cc1ccc(-c2ccc(OC3CN4CCC3CC4)cn2)cc1,8.22,train,<rdkit.Chem.rdchem.Mol object at 0x7fcdd955c580>
CC[C@]12CN3CCc4c([nH]c5ccccc45)[C@@](C(=O)OC)(c4cc5c(cc4OC)N(C=O)[C@H]4[C@@](O)(C(=O)OC)[C@H](OC(C)=O)[C@]6(CC)C=CCN7CC[C@]54[C@@H]76)C[C@@H](C3)[C@H]1O2,8.22,train,<rdkit.Chem.rdchem.Mol object at 0x7fcdd955c5f0>
Cc1cccc(C)c1NC(=O)C(C)N,8.23,test,<rdkit.Chem.rdchem.Mol object at 0x7fcdd955c660>
COC(=O)C1=CCCN(C)C1,8.23,train,<rdkit.Chem.rdchem.Mol object at 0x7fcdd955c6d0>
C=CCN1CCc2nc(N)sc2CC1,8.23,train,<rdkit.Chem.rdchem.Mol object at 0x7fcdd955c740>
C[C@@H](NC(=O)[C@@H](N)CC(=O)O)C(=O)NC1C(C)(C)SC1(C)C,8.23,train,<rdkit.Chem.rdchem.Mol object at 0x7fcdd955c820>
CNC(=O)Nc1c(OCCN2CCCC2)c(OC)c2occc2c1OC,8.23,train,<rdkit.Chem.rdchem.Mol object at 0x7fcdd955c890>
N[C@H]1C(O)O[C@H](CO)[C@@H](O)[C@@H]1O,8.23,train,<rdkit.Chem.rdchem.Mol object at 0x7fcdd955c970>
COc1cc2c(cc1OC)C1C/C(=N\O)C3CCCCC3N1CC2,8.23,train,<rdkit.Chem.rdchem.Mol object at 0x7fcdd955c9e0>
CCN1CCN(c2ccc(Nc3cc(N(C)C(=O)Nc4c(Cl)c(OC)cc(OC)c4Cl)ncn3)cc2)CC1,8.23,train,<rdkit.Chem.rdchem.Mol object at 0x7fcdd955cb30>
O=C(O)c1cccc(CN2CN(C3CCCCC3)C3(CCN(CCCC(=O)c4ccccc4)CC3)C2=O)c1,8.23,train,<rdkit.Chem.rdchem.Mol object at 0x7fcdd955cba0>
CC(C)C1=C2[C@H]3CC[C@@H]4[C@@]5(C)CC[C@H](OC(=O)CC(C)(C)C(=O)O)C(C)(C)[C@@H]5CC[C@@]4(C)[C@]3(C)CC[C@@]2([C@@H](O)CN(CCN(C)C)Cc2ccc(Cl)cc2)CC1=O,8.23,train,<rdkit.Chem.rdchem.Mol object at 0x7fcdd955cc10>
CNCC(=O)c1ccc(O)c(O)c1,8.24,test,<rdkit.Chem.rdchem.Mol object at 0x7fcdd955ccf0>
CCCCCCCCCC(=O)OC1(c2ccc(Cl)cc2)CCN(CCCC(=O)c2ccc(F)cc2)CC1,8.24,train,<rdkit.Chem.rdchem.Mol object at 0x7fcdd955ce40>
N[C@H](C(=O)O)c1ccc(CO)c(O)c1,8.24,train,<rdkit.Chem.rdchem.Mol object at 0x7fcdd955ceb0>
[11CH3]N1CN(c2ccccc2)C2(CCN(CCCC(=O)c3ccc(F)cc3)CC2)C1=O,8.24,train,<rdkit.Chem.rdchem.Mol object at 0x7fcdd955d000>
COc1cc(N)c(Cl)cc1C(=O)N[C@H]1CCN(CCCOc2ccc(F)cc2)C[C@H]1OC,8.24,train,<rdkit.Chem.rdchem.Mol object at 0x7fcdd955d070>
CCN1CCN(Cc2ccc(-c3cc4c(N[C@H](C)c5ccccc5)ncnc4[nH]3)cc2)CC1,8.24,train,<rdkit.Chem.rdchem.Mol object at 0x7fcdd955d0e0>
O=C(Nc1ncc(SCCN2CCCC2)s1)[C@]1(c2ccc(S(=O)(=O)C3CC3)cc2)C[C@H]1C1CCCCC1,8.24,train,<rdkit.Chem.rdchem.Mol object at 0x7fcdd955d150>
O=C(Nc1ccccc1)OCC(CN1CCCCC1)OC(=O)Nc1ccccc1,8.25,train,<rdkit.Chem.rdchem.Mol object at 0x7fcdd955d1c0>
OC(CN1CCCCC1)c1cc(-c2ccccc2)on1,8.25,train,<rdkit.Chem.rdchem.Mol object at 0x7fcdd955d230>
O=C(O)[C@@H]1C[C@H]2C[C@@H](CCc3nn[nH]n3)CC[C@H]2CN1,8.25,train,<rdkit.Chem.rdchem.Mol object at 0x7fcdd955d2a0>
NS(=O)(=O)c1ccc(N2CCN(CC[C@@H]3OCCc4ccccc43)CC2)cc1,8.25,train,<rdkit.Chem.rdchem.Mol object at 0x7fcdd955d310>
O=C(CCCN1CCC2(CC1)C(=O)NCN2c1ccc(F)cc1)c1ccc(F)cc1,8.25,train,<rdkit.Chem.rdchem.Mol object at 0x7fcdd955d380>
CN1C[C@H](CC(C#N)C(N)=O)C[C@@H]2c3cccc4[nH]cc(c34)C[C@H]21,8.26,train,<rdkit.Chem.rdchem.Mol object at 0x7fcdd955d4d0>
CCCCCCCCCC(=O)OC1(c2ccc(Br)cc2)CCN(CCCC(=O)c2ccc(F)cc2)CC1,8.26,train,<rdkit.Chem.rdchem.Mol object at 0x7fcdd955d540>
Cc1ccc(/C=C/C(=O)NCCCCN2CCN(C(c3ccccc3)c3ccccc3)CC2)cn1,8.26,train,<rdkit.Chem.rdchem.Mol object at 0x7fcdd955d5b0>
CN1CCN(C2CCN(C(=O)Nc3cc(Oc4ccc(NC(=O)C5(C(=O)Nc6ccc(F)cc6)CC5)c(F)c4)ccn3)CC2)CC1,8.26,train,<rdkit.Chem.rdchem.Mol object at 0x7fcdd955d620>
CN(C)CC1=Cc2ccccc2Sc2ccccc21,8.27,test,<rdkit.Chem.rdchem.Mol object at 0x7fcdd955d690>
O=C(c1ccc(Oc2ccc(F)cc2)nc1)N1CCCN(C2CCC2)CC1,8.27,test,<rdkit.Chem.rdchem.Mol object at 0x7fcdd955d700>
O=C(OCCN1CCCCC1)C(c1ccccc1)N1CCCCC1,8.27,train,<rdkit.Chem.rdchem.Mol object at 0x7fcdd955d7e0>
O=C(CCCN1CCC2(CC1)C(=O)NCN2c1ccccc1)c1ccc(F)cc1,8.28,train,<rdkit.Chem.rdchem.Mol object at 0x7fcdd955d8c0>
c1ccc(C(c2ccccc2)N2CCN(CCCC3(c4ccccc4)OCCO3)CC2)cc1,8.28,train,<rdkit.Chem.rdchem.Mol object at 0x7fcdd955d930>
OC1CCCc2nc3ccccc3c(NCc3ccccc3)c21,8.28,train,<rdkit.Chem.rdchem.Mol object at 0x7fcdd955d9a0>
O=C(OCCN1CCCCC1)C1CC1(c1ccccc1)c1ccccc1,8.28,train,<rdkit.Chem.rdchem.Mol object at 0x7fcdd955da10>
Cn1cc(C2=C(c3cn(C4CCN(Cc5ccccn5)CC4)c4ccccc34)C(=O)NC2=O)c2ccccc21,8.28,train,<rdkit.Chem.rdchem.Mol object at 0x7fcdd955da80>
Cc1ccccc1OCC(O)CN1CC=CCC1,8.28,train,<rdkit.Chem.rdchem.Mol object at 0x7fcdd955daf0>
N[C@H](CF)C(=O)O,8.28,train,<rdkit.Chem.rdchem.Mol object at 0x7fcdd955db60>
CN1CCC23NC(=O)CC(c4cc(Cl)ccc4O2)C3C1,8.28,train,<rdkit.Chem.rdchem.Mol object at 0x7fcdd955dbd0>
COc1ccc2cc1Oc1ccc(cc1)C[C@@H]1c3cc(c(OC)cc3CCN1C)Oc1c(OC)c(OC)cc3c1[C@H](C2)N(C)CC3,8.28,train,<rdkit.Chem.rdchem.Mol object at 0x7fcdd955dc40>
c1cnc2c(c1)C[C@@]1(CN3CCC1CC3)O2,8.28,train,<rdkit.Chem.rdchem.Mol object at 0x7fcdd955dcb0>
NCc1c[nH]c(=S)n1[C@H]1CCc2c(F)cc(F)cc2C1,8.28,train,<rdkit.Chem.rdchem.Mol object at 0x7fcdd955dd20>
CNC(=O)CCN1CCN(CC/C=C2/c3ccccc3Sc3ccc(Cl)cc32)CC1,8.28,train,<rdkit.Chem.rdchem.Mol object at 0x7fcdd955dd90>
COCCNCc1ccc(-c2cc3nccc(Oc4ccc(NC(=S)NC(=O)Cc5ccc(F)cc5)cc4F)c3s2)nc1,8.28,train,<rdkit.Chem.rdchem.Mol object at 0x7fcdd955de00>
CN1CCC2(CC1)NCC(=O)N2Cc1ccccc1,8.28,train,<rdkit.Chem.rdchem.Mol object at 0x7fcdd955de70>
CC[C@H](O)[C@@H](C)[C@H]1O[C@@H]1C[C@@](C)(O)/C=C/C=C(\C)[C@H]1OC(=O)C[C@H](O)CC[C@@](C)(O)[C@@H](OC(=O)N2CCN(C3CCCCCC3)CC2)C=C[C@@H]1C,8.29,test,<rdkit.Chem.rdchem.Mol object at 0x7fcdd955dee0>
N[C@H](C(=O)O)[C@@H]1CC(Cl)=NO1,8.29,train,<rdkit.Chem.rdchem.Mol object at 0x7fcdd955df50>
Cc1cc2ncc(C(=O)NCC(C)(C)NCC(=O)N3CCC[C@H]3C#N)cn2n1,8.29,train,<rdkit.Chem.rdchem.Mol object at 0x7fcdd955e030>
O=C(O)/C=C1\CN([C@H](C(=O)O)c2ccccc2Cl)CCC1S,8.3,test,<rdkit.Chem.rdchem.Mol object at 0x7fcdd955e0a0>
CCOCCP(CCOCC)CCP(CCOCC)CCOCC,8.3,train,<rdkit.Chem.rdchem.Mol object at 0x7fcdd955e110>
Fc1ccc(C(CCCN2CCN(CCNc3ccccc3)CC2)c2ccc(F)cc2)cc1,8.3,train,<rdkit.Chem.rdchem.Mol object at 0x7fcdd955e180>
CCCCC1(CN2CCN(C)CC2)C(=O)N(c2ccccc2)N(c2ccccc2)C1=O,8.3,train,<rdkit.Chem.rdchem.Mol object at 0x7fcdd955e260>
O=C(OCCN1CCCC1)c1ccccc1Nc1ccnc2cc(C(F)(F)F)ccc12,8.3,train,<rdkit.Chem.rdchem.Mol object at 0x7fcdd955e2d0>
CC(C)C[C@H](N[C@@H](Cc1cncn1Cc1cc(Cl)cc(Cl)c1)C(=O)O)C(=O)O,8.3,train,<rdkit.Chem.rdchem.Mol object at 0x7fcdd955e340>
CO[C@H]1[C@H]2Cc3ccc(O)cc3[C@]1(C)CCN2CC1CC1,8.3,train,<rdkit.Chem.rdchem.Mol object at 0x7fcdd955e3b0>
CN1CCN(CCCCN2C(=O)CN(/N=C/c3ccc(-c4ccc(Cl)cc4)o3)C2=O)CC1,8.3,train,<rdkit.Chem.rdchem.Mol object at 0x7fcdd955e420>
C[C@@H](OC[C@@]1(c2ccccc2)CC[C@]2(CCC(=O)N2)CN1)c1cc(C(F)(F)F)cc(C(F)(F)F)c1,8.3,train,<rdkit.Chem.rdchem.Mol object at 0x7fcdd955e490>
Cc1nn(C)cc1CN1CCC(c2ccc(C(=O)Nc3ccccc3N)cc2)CC1,8.3,train,<rdkit.Chem.rdchem.Mol object at 0x7fcdd955e500>
CS(=O)(=O)N1CCC(c2ccc(-c3ncc4nccnc4c3NC[C@@H]3CNCCO3)cc2)CC1,8.3,train,<rdkit.Chem.rdchem.Mol object at 0x7fcdd955e570>
CCN(CC)CCN(Cc1ccc(-c2ccc(C(F)(F)F)cc2)cc1)C(=O)Cn1c(SCc2ccc(F)cc2)nc(=O)c2c1CCC2,8.31,test,<rdkit.Chem.rdchem.Mol object at 0x7fcdd955e650>
Cn1c(NCCN(CCO)CCCc2ccc([N+](=O)[O-])cc2)cc(=O)n(C)c1=O,8.31,train,<rdkit.Chem.rdchem.Mol object at 0x7fcdd955e6c0>
OCCCN1CCN(CCCC2c3ccccc3Sc3ccc(Cl)cc32)CC1,8.31,train,<rdkit.Chem.rdchem.Mol object at 0x7fcdd955e730>
COc1ccc(C2(c3ccc(OC)cc3)NC(=O)N(CCN3CCCCC3)C2=O)cc1,8.31,train,<rdkit.Chem.rdchem.Mol object at 0x7fcdd955e7a0>
O=C1CCC(c2ccccc2)(C2CCN(C/C=C/c3ccccc3)CC2)C(=O)N1,8.31,train,<rdkit.Chem.rdchem.Mol object at 0x7fcdd955e810>
CO/N=C/C1=CCCN(C)C1,8.31,train,<rdkit.Chem.rdchem.Mol object at 0x7fcdd955e880>
COc1ccc(-n2c3ccccc3c(=O)n2CCCCN2CCN(c3ccc(F)cc3)CC2)cc1,8.32,test,<rdkit.Chem.rdchem.Mol object at 0x7fcdd955e8f0>
Brc1c(NC2=NCCN2)ccc2nccnc12,8.32,train,<rdkit.Chem.rdchem.Mol object at 0x7fcdd955e960>
CCC(=O)c1ccc2c(c1)N(CC(C)N(C)C)c1ccccc1S2,8.32,train,<rdkit.Chem.rdchem.Mol object at 0x7fcdd955e9d0>
NC1(C(=O)N[C@@H](CCO)c2ccc(Cl)cc2)CCN(c2nc[nH]c3nccc2-3)CC1,8.32,train,<rdkit.Chem.rdchem.Mol object at 0x7fcdd955ec70>
CNCc1cn(S(=O)(=O)c2cccc(F)c2)c(-c2ccc(F)cc2F)c1OC,8.32,train,<rdkit.Chem.rdchem.Mol object at 0x7fcdd955ece0>
COCCNCc1ccc(-c2cc3nccc(Oc4ccc(NC(=O)C5(C(=O)Nc6ccc(F)cc6)CC5)cc4F)c3s2)nc1,8.33,test,<rdkit.Chem.rdchem.Mol object at 0x7fcdd955ed50>
CCOC(=O)C1(c2ccccc2)CCN(CC(O)c2ccccc2)CC1,8.33,train,<rdkit.Chem.rdchem.Mol object at 0x7fcdd955edc0>
N[C@@H](CC(=O)N1CCc2c(nc(C(F)(F)F)nc2C(F)(F)F)C1)CN1CC(F)(F)CCC1=O,8.33,train,<rdkit.Chem.rdchem.Mol object at 0x7fcdd955eea0>
COCCNCc1ccc(-c2cc3nccc(Oc4ccc(NC(=O)C5(C(=O)Nc6ccc(F)cc6)CC5)cc4F)c3s2)nc1.O=C(O)CC(O)C(=O)O,8.33,train,<rdkit.Chem.rdchem.Mol object at 0x7fcdd955ef10>
OC[C@@H]1O[C@@H](n2cnc3c2N=CNC[C@H]3O)C[C@H]1O,8.33,train,<rdkit.Chem.rdchem.Mol object at 0x7fcdd955ef80>
CCC(=O)OC1(c2ccccc2)CCN(C)C1C,8.34,train,<rdkit.Chem.rdchem.Mol object at 0x7fcdd955f060>
CN(C)CCn1nnnc1SCC1=C(C(=O)O)N2C(=O)[C@@H](NC(=O)Cc3csc(N)n3)[C@H]2SC1,8.34,train,<rdkit.Chem.rdchem.Mol object at 0x7fcdd955f0d0>
CCN(CC)CCNC(=O)c1cc(Cl)c(N)cc1OC(C)C(C)=O,8.34,train,<rdkit.Chem.rdchem.Mol object at 0x7fcdd955f140>
CS(=O)(=O)OCCNC[C@@H](O)[C@@H](O)CNCCOS(C)(=O)=O,8.34,train,<rdkit.Chem.rdchem.Mol object at 0x7fcdd955f1b0>
CC(C)(N)C(=O)N[C@H](COCc1ccccc1)C(=O)N1CCC2(CC1)CN(S(C)(=O)=O)c1ccccc12,8.34,train,<rdkit.Chem.rdchem.Mol object at 0x7fcdd955f220>
CC(C)(N)C(=O)N[C@H](Cc1c[nH]c2ccccc12)C(=O)N[C@H](Cc1c[nH]c2ccccc12)NC=O,8.34,train,<rdkit.Chem.rdchem.Mol object at 0x7fcdd955f290>
CN(C)N(C)C(=O)[C@@]1(Cc2ccccc2)CCCN(C(=O)[C@@H](Cc2c[nH]c3ccccc23)NC(=O)C(C)(C)N)C1,8.34,train,<rdkit.Chem.rdchem.Mol object at 0x7fcdd955f300>
CCCN1CCN(c2ccc(C(=O)NC3(C(=O)NCC#N)CCCCC3)cc2)CC1,8.34,train,<rdkit.Chem.rdchem.Mol object at 0x7fcdd955f370>
CN1CCN([C@@H]2C[C@@H](c3ccccc3)c3ccc(Cl)cc32)CC1(C)C,8.34,train,<rdkit.Chem.rdchem.Mol object at 0x7fcdd955f450>
CCN(CC)CCNC(=O)c1cc(Cl)c(N)cc1O[C@H](C)C(C)=O,8.34,train,<rdkit.Chem.rdchem.Mol object at 0x7fcdd955f4c0>
CC(C)C[C@H](NC(=O)[C@@H](O)[C@H](N)Cc1ccccc1)C(=O)O,8.35,train,<rdkit.Chem.rdchem.Mol object at 0x7fcdd955f530>
CC[C@@H]1SC2(CCN(C)CC2)NC1=O,8.35,train,<rdkit.Chem.rdchem.Mol object at 0x7fcdd955f610>
CC(C)OC(=O)[C@H](C)N[P@+]([O-])(OC[C@H]1O[C@@](C#N)(c2ccc3c(N)ncnn23)[C@](C)(O)[C@@H]1OC(=O)C(C)C)Oc1ccccc1,8.35,train,<rdkit.Chem.rdchem.Mol object at 0x7fcdd955f680>
C=CC(=O)Nc1cc(Nc2nccc(-n3cc(CN(C)C)c(-c4ccccc4)n3)n2)c(OC)cc1N1CCOCC1,8.35,train,<rdkit.Chem.rdchem.Mol object at 0x7fcdd955f6f0>
COc1cc2c(cc1OC)CN(CCc1ccc(NC(=O)c3cccc4c(=O)c5cccc(OC)c5[nH]c34)cc1)CC2,8.36,test,<rdkit.Chem.rdchem.Mol object at 0x7fcdd955f760>
CCCCOc1ccc(C(=O)CCN2CCCCC2)cc1,8.36,train,<rdkit.Chem.rdchem.Mol object at 0x7fcdd955f7d0>
c1ccc2c(c1)OCC(CN1CCCCC1)O2,8.36,train,<rdkit.Chem.rdchem.Mol object at 0x7fcdd955f840>
N[C@@H]1CONC1=O,8.36,train,<rdkit.Chem.rdchem.Mol object at 0x7fcdd955f8b0>
CCCOc1ccc(C(=O)CCN2CCCCC2)cc1,8.36,train,<rdkit.Chem.rdchem.Mol object at 0x7fcdd955f990>
CCC(=O)N(c1ccccc1)C1(C(=O)OC)CCN(CCc2ccccc2)CC1C,8.36,train,<rdkit.Chem.rdchem.Mol object at 0x7fcdd955fa00>
CNCc1ccc(CSCCN/C(=N/S(C)(=O)=O)NCC(O)c2ccc(O)cc2)o1,8.36,train,<rdkit.Chem.rdchem.Mol object at 0x7fcdd955fa70>
N[C@H]1CONC1=O,8.36,train,<rdkit.Chem.rdchem.Mol object at 0x7fcdd955fb50>
N#Cc1ccc2c(c1)N(CCCN1CCC(O)CC1)c1ccccc1S2,8.37,train,<rdkit.Chem.rdchem.Mol object at 0x7fcdd955fbc0>
CN1CCC[C@@H]1Cc1c[nH]c2ccc(CCS(=O)(=O)c3ccccc3)cc12,8.37,train,<rdkit.Chem.rdchem.Mol object at 0x7fcdd955fc30>
C[C@@H]1CN(CC(=O)N2CC(C)(C)c3nc(CO)c(Cc4ccc(F)cc4)cc32)[C@@H](CN2CCOC[C@H]2C)CN1,8.37,train,<rdkit.Chem.rdchem.Mol object at 0x7fcdd955fca0>
N=C(N)Nc1nc(CSCCC(=N)NS(N)(=O)=O)cs1,8.38,test,<rdkit.Chem.rdchem.Mol object at 0x7fcdd955fd10>
CC[C@H]1OC(=O)[C@H](C)[C@@H](O[C@H]2C[C@@](C)(OC)[C@@H](O)[C@H](C)O2)[C@H](C)[C@@H](O[C@@H]2O[C@H](C)C[C@H](N(C)C)[C@H]2O)[C@](C)(O)C[C@@H](C)C(=O)[C@H](C)[C@@H](O)[C@]1(C)O,8.38,test,<rdkit.Chem.rdchem.Mol object at 0x7fcdd955fd80>
O=c1[nH]c2ccccc2n1C1CCN(CCCC(c2ccc(F)cc2)c2ccc(F)cc2)CC1,8.38,test,<rdkit.Chem.rdchem.Mol object at 0x7fcdd955fdf0>
COC(=O)C1=C(C)NC(C)=C(C(=O)OCCc2ccc(N3CCN(C(c4ccccc4)c4ccccc4)CC3)cc2)C1c1cccc([N+](=O)[O-])c1,8.38,test,<rdkit.Chem.rdchem.Mol object at 0x7fcdd955fed0>
CCN(CC)CCO/N=C(/c1ccco1)c1ccc(OC)c(Cl)c1Cl,8.38,test,<rdkit.Chem.rdchem.Mol object at 0x7fcdd955ff40>
O=C1CSC2(CCN(CCCN3c4ccccc4Sc4ccc(Cl)cc43)CC2)N1,8.38,train,<rdkit.Chem.rdchem.Mol object at 0x7fcdd9560040>
Cc1ncc(COC(=O)CCC(=O)OCCN(C)C)c(CO)c1O,8.38,train,<rdkit.Chem.rdchem.Mol object at 0x7fcdd95600b0>
CN(C)C(=O)C1(c2ccc(Cl)cc2)CCN(CCCC(=O)c2ccc(F)cc2)CC1,8.38,train,<rdkit.Chem.rdchem.Mol object at 0x7fcdd9560120>
CC[C@H]1OC(=O)[C@H](C)[C@@H](O[C@H]2C[C@@](C)(OC)[C@@H](O)[C@H](C)O2)[C@H](C)[C@@H](O[C@@H]2O[C@H](C)C[C@H](N(C)C)[C@H]2O)[C@](C)(O)C[C@](C)(F)C(=O)[C@H](C)[C@@H](O)[C@]1(C)O,8.38,train,<rdkit.Chem.rdchem.Mol object at 0x7fcdd9560190>
CO[C@H]1C[C@H](O[C@H]2[C@H](C)[C@@H](O[C@@H]3O[C@H](C)C[C@H](N(C)C)[C@H]3O)[C@@H](C)C[C@@]3(CO3)C(=O)[C@H](C)[C@@H](O)[C@@H](C)[C@@H](C)OC(=O)[C@@H]2C)O[C@@H](C)[C@@H]1O,8.38,train,<rdkit.Chem.rdchem.Mol object at 0x7fcdd9560200>
O=C1OCCC1C1(O)CCN(CCCN2c3ccccc3Sc3ccc(Cl)cc32)CC1,8.38,train,<rdkit.Chem.rdchem.Mol object at 0x7fcdd95602e0>
[N-]=[N+]=CC(=O)OC[C@H](N)C(=O)O,8.38,train,<rdkit.Chem.rdchem.Mol object at 0x7fcdd9560350>
CC[C@H]1OC(=O)/C=C/[C@H](C)[C@@H](O[C@@H]2O[C@H](C)C[C@H](N(C)C)[C@H]2O)[C@@H](C)C[C@@H](C)C(=O)/C=C/[C@@H]2O[C@H]2[C@]1(O)CO[C@@H]1O[C@H](C)[C@@H](O)[C@@H](OC)[C@H]1OC,8.38,train,<rdkit.Chem.rdchem.Mol object at 0x7fcdd95603c0>
CC[C@H]1OC(=O)[C@H](C)[C@@H](O[C@H]2C[C@@](C)(OC)[C@@H](O)[C@H](C)O2)[C@H](C)[C@@H](O[C@@H]2O[C@H](C)C[C@H](N(C)C)[C@H]2O)[C@](C)(O)C[C@@H](C)C(=O)[C@H](C)[C@@H](O)[C@H]1C,8.38,train,<rdkit.Chem.rdchem.Mol object at 0x7fcdd9560430>
CCC(=O)O[C@H]1[C@H](C)O[C@@H](O[C@H]2[C@H](C)[C@@H](O[C@@H]3O[C@H](C)C[C@H](N(C)C)[C@H]3O)[C@@H](C)C[C@@]3(CO3)C(=O)[C@H](C)[C@@H](OC(=O)CC)[C@@H](C)[C@@H](C)OC(=O)[C@@H]2C)C[C@@H]1OC,8.38,train,<rdkit.Chem.rdchem.Mol object at 0x7fcdd95604a0>
CO[C@H]1C[C@@H](O[C@H]2[C@H](C)[C@@H](O[C@H]3O[C@@H](C)C[C@@H](N(C)C)[C@H]3O)[C@@H](C)C[C@]3(CO3)C(=O)[C@H](C)[C@@H](O)[C@@H](C)[C@@H](C)OC(=O)[C@@H]2C)O[C@@H](C)[C@@H]1O,8.38,train,<rdkit.Chem.rdchem.Mol object at 0x7fcdd9560510>
CN1C[C@H](C(=O)N[C@]2(C)O[C@@]3(O)[C@@H]4CCCN4C(=O)[C@H](Cc4ccccc4)N3C2=O)C[C@@H]2c3cccc4[nH]cc(c34)C[C@H]21,8.39,train,<rdkit.Chem.rdchem.Mol object at 0x7fcdd95605f0>
CC[C@@H](C)[C@H]1C(=O)N2CCC[C@H]2[C@]2(O)O[C@](NC(=O)[C@@H]3C[C@@H]4c5cccc6[nH]cc(c56)C[C@H]4N(C)C3)(C(C)C)C(=O)N12,8.39,train,<rdkit.Chem.rdchem.Mol object at 0x7fcdd9560660>
O=c1[nH]ncc(NCCNCC(O)COc2ccccc2Cl)c1Cl,8.39,train,<rdkit.Chem.rdchem.Mol object at 0x7fcdd95606d0>
CC(C)[C@@]1(NC(=O)[C@@H]2C[C@@H]3c4cccc5[nH]cc(c45)C[C@H]3N(C)C2)O[C@@]2(O)[C@@H]3CCCN3C(=O)[C@H](Cc3ccccc3)N2C1=O,8.39,train,<rdkit.Chem.rdchem.Mol object at 0x7fcdd9560740>
C[C@H](N)C(=O)N[C@@H](CCC(N)=O)C(=O)O,8.39,train,<rdkit.Chem.rdchem.Mol object at 0x7fcdd9560820>
CCN1CCC[C@@H]1CNC(=O)c1cc(S(N)(=O)=O)ccc1OC,8.39,train,<rdkit.Chem.rdchem.Mol object at 0x7fcdd9560890>
CCN1CCC[C@H]1CNC(=O)c1cc(S(N)(=O)=O)ccc1OC,8.39,train,<rdkit.Chem.rdchem.Mol object at 0x7fcdd9560900>
C#CC(C)(C)NS(=O)(=O)c1ccc(OC)c(C(=O)NCC2CCCN2CC)c1,8.39,train,<rdkit.Chem.rdchem.Mol object at 0x7fcdd9560970>
C[C@H](N)C(=O)N[C@@]1(C(=O)O)CC[C@H]2[C@H](C(=O)O)[C@H]21,8.39,train,<rdkit.Chem.rdchem.Mol object at 0x7fcdd95609e0>
COCC[C@H]1CC2CN3CCc4c([nH]c5ccccc45)[C@](C(=O)OC)(C2)[C@H]13,8.39,train,<rdkit.Chem.rdchem.Mol object at 0x7fcdd9560a50>
C[C@H](N)C(=O)N[C@@]1(C(=O)O)C[C@@H](Sc2nnc[nH]2)[C@H]2[C@H](C(=O)O)[C@H]21,8.39,train,<rdkit.Chem.rdchem.Mol object at 0x7fcdd9560ac0>
CN1C[C@H](C(=O)N[C@]2(C)O[C@]3(O)[C@@H]4CCCN4C(=O)[C@H](Cc4ccccc4)N3C2=O)C[C@@H]2c3cccc4[nH]cc(c34)C[C@H]21,8.39,train,<rdkit.Chem.rdchem.Mol object at 0x7fcdd9560b30>
COCC[C@H]1C[C@H]2CN3CCc4c([nH]c5ccccc45)[C@](C(=O)OC)(C2)C13,8.39,train,<rdkit.Chem.rdchem.Mol object at 0x7fcdd9560c10>
CCN1CCC[C@H]1CNC(=O)c1c(OC)ccc(Br)c1OC,8.4,test,<rdkit.Chem.rdchem.Mol object at 0x7fcdd9560c80>
Cn1c(=O)c2c(ncn2CCCN2CCC(C(=O)c3ccc(F)cc3)CC2)n(C)c1=O,8.4,train,<rdkit.Chem.rdchem.Mol object at 0x7fcdd9560dd0>
CCCCNc1ccc(C(=O)OCCN(C)C)c(O)c1,8.4,train,<rdkit.Chem.rdchem.Mol object at 0x7fcdd9560eb0>
Cc1[nH]c(/C=C2\C(=O)Nc3ccc(F)cc32)c(C)c1C(=O)NCCN1CCCC1,8.4,train,<rdkit.Chem.rdchem.Mol object at 0x7fcdd9560f20>
O=C(Nc1nc(-c2cc(Cl)cs2)c(N2CCN(C3CCCCC3)CC2)s1)c1cnc(N2CCC(C(=O)O)CC2)c(Cl)c1,8.4,train,<rdkit.Chem.rdchem.Mol object at 0x7fcdd9560f90>
COCCN1CCC(N(Cc2ccc(-c3ccc(C(F)(F)F)cc3)cc2)C(=O)Cn2c(SCc3cccc(F)c3F)cc(=O)c3ccccc32)CC1,8.4,train,<rdkit.Chem.rdchem.Mol object at 0x7fcdd9561000>
O=c1ccc2ccc(OCCCCN3CCN(c4cccc5sccc45)CC3)cc2[nH]1,8.4,train,<rdkit.Chem.rdchem.Mol object at 0x7fcdd95610e0>
COC[C@H]1CN(C(=O)[C@]2(F)CN(C3CCCC3)C[C@H]2c2ccc(OC)cc2)C[C@@H]1c1ccc(C(F)(F)F)cc1N1CCC(C(=O)O)CC1,8.4,train,<rdkit.Chem.rdchem.Mol object at 0x7fcdd9561150>
Cc1nc2ccccn2c(=O)c1CCN1CCC(Nc2nc3cccnc3n2Cc2ccco2)CC1,8.41,test,<rdkit.Chem.rdchem.Mol object at 0x7fcdd95611c0>
O=C(c1ccco1)N(c1cnccn1)C1CCN(CCc2ccccc2)CC1,8.41,train,<rdkit.Chem.rdchem.Mol object at 0x7fcdd9561230>
CCCCN1CCCC1=Nc1ccc(Cl)c(Cl)c1,8.41,train,<rdkit.Chem.rdchem.Mol object at 0x7fcdd95612a0>
CC(C)N1CCN(c2ccc(OC[C@H]3CO[C@](Cn4cncn4)(c4ccc(Cl)cc4Cl)O3)cc2)CC1,8.41,train,<rdkit.Chem.rdchem.Mol object at 0x7fcdd9561380>
COc1ccccc1OCCNCC(O)COc1cccc2[nH]nnc12,8.41,train,<rdkit.Chem.rdchem.Mol object at 0x7fcdd95613f0>
CN[C@H](C(=O)N[C@H](C(=O)N(C)[C@H](/C=C(\C)C(=O)O)C(C)C)C(C)(C)C)C(C)(C)c1ccccc1,8.41,train,<rdkit.Chem.rdchem.Mol object at 0x7fcdd9561460>
CC(C)(CC(=O)N1CCCC1)NCC(=O)N1C[C@@H](F)C[C@H]1C#N,8.41,train,<rdkit.Chem.rdchem.Mol object at 0x7fcdd9561540>
CCc1nc(C(N)=O)c(Nc2ccc(N3CCC(N4CCN(C)CC4)CC3)c(OC)c2)nc1NC1CCOCC1,8.41,train,<rdkit.Chem.rdchem.Mol object at 0x7fcdd95615b0>
CCCC[C@]1(CC)CS(=O)(=O)c2cc(CNC(CC(=O)O)CC(=O)O)c(OC)cc2[C@@H](c2ccccc2)N1,8.41,train,<rdkit.Chem.rdchem.Mol object at 0x7fcdd9561620>
CN(C)[C@@H](c1cccnc1)C1COCOC1,8.41,train,<rdkit.Chem.rdchem.Mol object at 0x7fcdd9561690>
CC(C)(C(=O)O)c1ccc(C(=O)CCCN2CCC(OC(c3ccccc3)c3ccccc3)CC2)cc1,8.42,test,<rdkit.Chem.rdchem.Mol object at 0x7fcdd9561700>
CN(C)CCOC(=O)C(c1ccccc1)C1(O)CCCC1,8.42,train,<rdkit.Chem.rdchem.Mol object at 0x7fcdd95617e0>
Nc1c2c(nc3ccccc13)CCCC2O,8.42,train,<rdkit.Chem.rdchem.Mol object at 0x7fcdd9561850>
CN(C)CCOC(=O)COc1ccc(Cl)cc1,8.42,train,<rdkit.Chem.rdchem.Mol object at 0x7fcdd95618c0>
CCOc1ccc(/N=C(\C)Nc2ccc(OCC)cc2)cc1,8.42,train,<rdkit.Chem.rdchem.Mol object at 0x7fcdd95619a0>
CN(C)CCOC(=O)c1ccc2[nH]c3c(c2c1)CSCC3,8.42,train,<rdkit.Chem.rdchem.Mol object at 0x7fcdd9561b60>
Cc1c(C)n(Cc2ccccc2)c2ccc(C(=O)OCCN(C)C)cc12,8.42,train,<rdkit.Chem.rdchem.Mol object at 0x7fcdd9561bd0>
CCC(CC)COC(C(=O)OCCN(C)C)(c1ccccc1)c1ccccc1,8.42,train,<rdkit.Chem.rdchem.Mol object at 0x7fcdd9561c40>
CN(C)CCOC(=O)CCC1CCCCC1,8.42,train,<rdkit.Chem.rdchem.Mol object at 0x7fcdd9561cb0>
O=c1cc(NCCCN[C@@H]2CCOc3c(Br)cc(Br)cc32)[nH]c2ccsc12,8.42,train,<rdkit.Chem.rdchem.Mol object at 0x7fcdd9561d20>
CCO[C@@H]1Cc2cc(C(F)(F)F)ccc2[C@H]1N1CCN(C2(C)CCN(C(=O)c3c(C)ncnc3C)CC2)C[C@@H]1C,8.42,train,<rdkit.Chem.rdchem.Mol object at 0x7fcdd9561d90>
CCN1[C@@H](C(=O)NC23CCC(C(=O)O)(CC2)CC3)[C@H](c2cccc(Cl)c2F)[C@]2(C(=O)Nc3cc(Cl)ccc32)C12CCCCC2,8.42,train,<rdkit.Chem.rdchem.Mol object at 0x7fcdd9561e00>
CC(C)(C)c1ccc(C(=O)CCCN2CCC(OC(c3ccccc3)c3ccccc3)CC2)cc1,8.43,train,<rdkit.Chem.rdchem.Mol object at 0x7fcdd9561e70>
NC(=O)C[C@H](N)C(=O)O,8.43,train,<rdkit.Chem.rdchem.Mol object at 0x7fcdd9561ee0>
CC(=O)NC[C@@H]1C[C@@H]2c3cccc4[nH]cc(c34)C[C@H]2N(C)C1,8.43,train,<rdkit.Chem.rdchem.Mol object at 0x7fcdd9561f50>
O=C1CCc2ccc(OCCCCN3CCN(c4cccc5ccccc45)CC3)nc2N1,8.43,train,<rdkit.Chem.rdchem.Mol object at 0x7fcdd9561fc0>
C/C=C(/C)C(=O)O[C@H]1C(C)=C2[C@H]([C@@H]1OC(=O)CCCCCCC)[C@@](C)(OC(C)=O)C[C@H](OC(=O)CCCCCCCCCCCNC(=O)C[C@H](N)C(=O)O)[C@@]1(O)[C@H]2OC(=O)[C@@]1(C)O,8.43,train,<rdkit.Chem.rdchem.Mol object at 0x7fcdd95620a0>
CC(C)COc1ccc(CNC(=O)N(Cc2ccc(F)cc2)C2CCN(C)CC2)cc1,8.44,test,<rdkit.Chem.rdchem.Mol object at 0x7fcdd95621f0>
OCCN(CCO)CCO,8.44,train,<rdkit.Chem.rdchem.Mol object at 0x7fcdd9562260>
COc1ccc(CNC[C@@H](O)COc2ccc3[nH]c(=O)ccc3c2)cc1OC,8.44,train,<rdkit.Chem.rdchem.Mol object at 0x7fcdd95622d0>
COC[C@@H](c1ccc(C(F)(F)F)cc1)N1CCN(C2(C)CCN(C(=O)c3c(C)ncnc3C)CC2)C[C@@H]1C,8.44,train,<rdkit.Chem.rdchem.Mol object at 0x7fcdd9562340>
COc1cc(N2CCC(N3CCN(C)CC3)CC2)ccc1Nc1ncnc(Nc2ccccc2S(=O)(=O)C(C)C)n1,8.44,train,<rdkit.Chem.rdchem.Mol object at 0x7fcdd95623b0>
CN1CCC(Nc2nc(Nc3ccc(Oc4ccccc4)cc3)c3c(=O)[nH]cc(Br)c3n2)CC1,8.44,train,<rdkit.Chem.rdchem.Mol object at 0x7fcdd9562420>
CCCCCCCCCCCC(=O)N[C@@H](C)C(=O)N[C@H](CCC(=O)N[C@@H](CCC[C@H](N)C(N)=O)C(=O)O)C(=O)O,8.45,train,<rdkit.Chem.rdchem.Mol object at 0x7fcdd9562650>
CN1CCC(Nc2ncc3ncnc(Nc4ccc(F)c(Cl)c4)c3n2)CC1,8.45,train,<rdkit.Chem.rdchem.Mol object at 0x7fcdd95626c0>
COC1=C(C(=O)OCCN(C)C)[C@H]2C[C@@H]3c4[nH]c5cc(OC)ccc5c4CCN3C[C@H]2[C@H](C)O1,8.45,train,<rdkit.Chem.rdchem.Mol object at 0x7fcdd9562730>
O=C(NCCN1CCCC1)c1cc(-c2ccc(CN3CCOCC3)cc2)nc2ccc(F)cc12,8.45,train,<rdkit.Chem.rdchem.Mol object at 0x7fcdd95627a0>
CN(C)CCN1CCN(c2cccc(Cl)c2)C1=O,8.46,train,<rdkit.Chem.rdchem.Mol object at 0x7fcdd9562810>
CCN1CCCC1CNC(=O)C(O)(c1ccccc1)c1ccccc1,8.46,train,<rdkit.Chem.rdchem.Mol object at 0x7fcdd9562880>
CCN(CC)CCOc1c2occc2c(O)c2c(=O)cc(C)oc12,8.46,train,<rdkit.Chem.rdchem.Mol object at 0x7fcdd95628f0>
CC(C)n1cc2c3c(cccc31)[C@H]1C[C@@H](C(=O)NC3CCCCC3)CN(C)[C@@H]1C2,8.46,train,<rdkit.Chem.rdchem.Mol object at 0x7fcdd9562960>
COc1cc2c(cc1OC)CN(CCc1ccc(-n3nnc(-c4cc(OC)c(OC)cc4NC(=O)c4cc(=O)c5ccccc5o4)n3)cc1)CC2,8.46,train,<rdkit.Chem.rdchem.Mol object at 0x7fcdd9562a40>
Cc1ccc2nc(N3CCS(=O)(=O)c4ccccc4C3)nc(NCC3(N)COC3)c2c1,8.46,train,<rdkit.Chem.rdchem.Mol object at 0x7fcdd9562ab0>
C=C(F)C(=O)N1CCN(c2nc(OC[C@@H]3CCCN3C)nc3c2CCN(c2cccc4cccc(Cl)c24)C3)C[C@@H]1CC#N,8.46,train,<rdkit.Chem.rdchem.Mol object at 0x7fcdd9562b20>
CC(C)(C)NC(=O)[C@@H]1C[C@@H]2CCCC[C@@H]2CN1C[C@@H](O)[C@H](Cc1ccccc1)NC(=O)[C@H](CC(N)=O)NC(=O)c1ccc2ccccc2n1,8.47,test,<rdkit.Chem.rdchem.Mol object at 0x7fcdd9562b90>
CN1CCN2c3c(cccc31)[C@@H]1CN(CCCC(=O)c3ccc(F)cc3)CC[C@@H]12,8.47,test,<rdkit.Chem.rdchem.Mol object at 0x7fcdd9562c00>
CCCCc1oc2ccccc2c1C(=O)c1cc(I)c(OCCN(CC)CC)c(I)c1,8.47,train,<rdkit.Chem.rdchem.Mol object at 0x7fcdd9562c70>
Clc1ccc2c(N3CCN(CCCN4CCN(c5ccnc6cc(Cl)ccc56)CC4)CC3)ccnc2c1,8.47,train,<rdkit.Chem.rdchem.Mol object at 0x7fcdd9562d50>
CCCCCCCCc1ccc(C(=O)CCN2CCCCC2)cc1,8.47,train,<rdkit.Chem.rdchem.Mol object at 0x7fcdd9562dc0>
CCN1CCC[C@H]1CNC(=O)c1c(O)c(Cl)cc(Cl)c1OC,8.47,train,<rdkit.Chem.rdchem.Mol object at 0x7fcdd9562e30>
CC[C@H](C)OC(=O)Cc1oc2ccccc2c1C(=O)c1cc(I)c(OCCN(CC)CC)c(I)c1,8.47,train,<rdkit.Chem.rdchem.Mol object at 0x7fcdd9562ea0>
COc1cc(N2CCC(N3CCN(C)CC3)CC2)ccc1Nc1nc2c(c(Nc3ccccc3S(=O)(=O)NC(C)C)n1)CCN2,8.47,train,<rdkit.Chem.rdchem.Mol object at 0x7fcdd9562f80>
COc1cc(N2CCC(N3CCN(C)CC3)CC2)ccc1Nc1ncc(Cl)c(Nc2ccccc2P(C)(C)=O)n1,8.48,test,<rdkit.Chem.rdchem.Mol object at 0x7fcdd9563060>
C1CN1c1nc(N2CC2)nc(N2CC2)n1,8.48,train,<rdkit.Chem.rdchem.Mol object at 0x7fcdd95630d0>
CCc1c(-c2ccccc2)[nH]n(C2CCN(C)CC2)c1=O,8.48,train,<rdkit.Chem.rdchem.Mol object at 0x7fcdd9563140>
CCC(C)(C)c1ccc(OCCCCCCN2CCN(c3ccc(C)c(Cl)c3)CC2)cc1,8.48,train,<rdkit.Chem.rdchem.Mol object at 0x7fcdd95631b0>
CN1CCC(n2[nH]c(-c3ccccc3)c(Cc3ccccc3)c2=O)CC1,8.48,train,<rdkit.Chem.rdchem.Mol object at 0x7fcdd9563290>
O=C(c1cc(S(=O)(=O)Nc2ccccc2F)c(F)cc1Cl)N1CCN2CCC[C@@H]2C1,8.48,train,<rdkit.Chem.rdchem.Mol object at 0x7fcdd9563370>
COc1ccc(Cl)c(Nc2nc3ccccc3nc2NS(=O)(=O)c2cccc(NC(=O)C(C)(C)N)c2)c1,8.48,train,<rdkit.Chem.rdchem.Mol object at 0x7fcdd95633e0>
CCOC(C(=O)N(C)CCN(C)CCc1ccccc1)(c1ccccc1)c1ccccc1,8.49,train,<rdkit.Chem.rdchem.Mol object at 0x7fcdd95634c0>
CCOC(=O)C1(c2ccccc2)CCN(CCC(N)=O)CC1,8.49,train,<rdkit.Chem.rdchem.Mol object at 0x7fcdd9563530>
CCC(C)(C)c1ccc(CC(C)CN2C[C@@H](C)O[C@@H](C)C2)cc1,8.49,train,<rdkit.Chem.rdchem.Mol object at 0x7fcdd9563610>
CCCCOc1ccc(OCC(O)CNCCNc2cc(=O)n(C)c(=O)n2C)cc1,8.49,train,<rdkit.Chem.rdchem.Mol object at 0x7fcdd95636f0>
c1ccc(C(Cc2noc(CCN3CCCCC3)n2)c2ccccc2)cc1,8.49,train,<rdkit.Chem.rdchem.Mol object at 0x7fcdd95637d0>
CCCCN1C[C@H](O)[C@@H](O)[C@@H](O)[C@H]1CO,8.49,train,<rdkit.Chem.rdchem.Mol object at 0x7fcdd9563840>
CC(=O)c1ccc2c(c1)N(CCCN(C)C)c1ccccc1S2,8.5,train,<rdkit.Chem.rdchem.Mol object at 0x7fcdd9563920>
CCOC(=O)C1(c2ccccc2)CCN(CCC(C#N)(c2ccccc2)c2ccccc2)CC1,8.5,train,<rdkit.Chem.rdchem.Mol object at 0x7fcdd9563990>
CN(C)CCCN1c2ccccc2CC(=O)c2ccccc21,8.5,train,<rdkit.Chem.rdchem.Mol object at 0x7fcdd9563a00>
N#CC(CCN1CCC(C(=O)OCCOc2ccccc2)(c2ccccc2)CC1)(c1ccccc1)c1ccccc1,8.5,train,<rdkit.Chem.rdchem.Mol object at 0x7fcdd9563a70>
CN1CCCC(C(=O)N2c3ccccc3NC(=O)c3cccnc32)C1,8.5,train,<rdkit.Chem.rdchem.Mol object at 0x7fcdd9563ae0>
CCCCOC(=O)C1(c2ccccc2)CCN(CCC(C#N)(c2ccccc2)c2ccccc2)CC1,8.5,train,<rdkit.Chem.rdchem.Mol object at 0x7fcdd9563b50>
O=C1[C@@H]2[C@H]3CC[C@H](C3)[C@@H]2C(=O)N1C[C@@H]1CCCC[C@H]1CN1CCN(c2nsc3ccccc23)CC1,8.5,train,<rdkit.Chem.rdchem.Mol object at 0x7fcdd9563bc0>
CNCC(=O)N[C@H](C(=O)N[C@@H](Cc1ccccc1)[C@H](O)CN(CCC(C)C)C(=O)NC(C)(C)C)C(C)(C)C,8.5,train,<rdkit.Chem.rdchem.Mol object at 0x7fcdd9563c30>
CCc1cc(/C(C)=N/OCc2ccc(C3CCCCC3)c(C(F)(F)F)c2)ccc1CN1CC(C(=O)O)C1,8.5,train,<rdkit.Chem.rdchem.Mol object at 0x7fcdd9563d10>
CCCCCNC(=N)N/N=C/c1c[nH]c2ccc(OC)cc12,8.5,train,<rdkit.Chem.rdchem.Mol object at 0x7fcdd9563d80>
CCCOc1ccc(S(=O)(=O)NCCC2CCCN2C)cc1-c1nc2c(CCC)nn(C)c2c(=O)[nH]1,8.5,train,<rdkit.Chem.rdchem.Mol object at 0x7fcdd9563df0>
CC(CN1C(=O)c2cccnc2Nc2ccccc21)N(C)C,8.51,test,<rdkit.Chem.rdchem.Mol object at 0x7fcdd9563e60>
COc1cc2[nH]c(C)c(CCN3CCN(c4ccccc4)CC3)c2cc1OC,8.51,train,<rdkit.Chem.rdchem.Mol object at 0x7fcdd9563ed0>
CCC(=O)N(c1ccccc1)C(C)CN1CCCCC1,8.51,train,<rdkit.Chem.rdchem.Mol object at 0x7fcdd9563f40>
CN(C)CC1COC2(O1)c1ccccc1COc1ccccc12,8.51,train,<rdkit.Chem.rdchem.Mol object at 0x7fcdd9564040>
CN(C)CCN(Cc1ccccc1)c1nc2ccccc2o1,8.51,train,<rdkit.Chem.rdchem.Mol object at 0x7fcdd9564190>
CC(O/N=C1\c2ncncc2-c2cc(Br)cc(Br)c21)C(=O)NCCN(C)C,8.51,train,<rdkit.Chem.rdchem.Mol object at 0x7fcdd9564200>
C=C[C@]1(C)C[C@@H](OC(=O)CSC(C)(C)CNC(=O)[C@H](N)C(C)C)[C@]2(C)[C@H](C)CC[C@]3(CCC(=O)[C@H]32)[C@@H](C)[C@@H]1O,8.51,train,<rdkit.Chem.rdchem.Mol object at 0x7fcdd9564270>
CC(C)[C@H](N)C(=O)NCCCS(=O)(=O)O,8.51,train,<rdkit.Chem.rdchem.Mol object at 0x7fcdd95642e0>
CC(C)Cn1ncc2cc(Oc3ccc(F)cc3F)c(C(=O)NCCN(C)C)cc21,8.51,train,<rdkit.Chem.rdchem.Mol object at 0x7fcdd9564350>
COc1cc(C(=O)NC2CCN(C)CC2)c(F)cc1Nc1ncc2c(n1)N(C1CCCC1)CC(F)(F)C(=O)N2C,8.51,train,<rdkit.Chem.rdchem.Mol object at 0x7fcdd95643c0>
C=CC(=O)N1CC[C@@H](Oc2nc(Nc3ccc(N4CCC(N5CCN(C)CC5)CC4)cc3)c(C(N)=O)nc2CC)C1,8.51,train,<rdkit.Chem.rdchem.Mol object at 0x7fcdd9564430>
CN1CCc2cc(Cl)c(O)cc2[C@H]2c3ccccc3CC[C@@H]21,8.52,test,<rdkit.Chem.rdchem.Mol object at 0x7fcdd95644a0>
CN(C)CCN1C(=O)c2cccc3cc(N)cc(c23)C1=O.O=C(O)C[C@H](O)C(=O)O,8.52,test,<rdkit.Chem.rdchem.Mol object at 0x7fcdd9564510>
COc1cc(CC2NCCc3cc(O)c(O)cc32)cc(OC)c1OC,8.52,train,<rdkit.Chem.rdchem.Mol object at 0x7fcdd95645f0>
COc1ccc(C(CN(C)C)=C(c2ccc(OC)cc2)c2ccc(OC)cc2)cc1,8.52,train,<rdkit.Chem.rdchem.Mol object at 0x7fcdd9564660>
Cc1csc(Cl)c1NC1=NCCN1,8.52,train,<rdkit.Chem.rdchem.Mol object at 0x7fcdd95646d0>
CN(C)CCN1C(=O)c2cccc3cc(N)cc(c23)C1=O,8.52,train,<rdkit.Chem.rdchem.Mol object at 0x7fcdd9564740>
CN(C)CCN1C(=O)c2cccc3cc([N+](=O)[O-])cc(c23)C1=O,8.52,train,<rdkit.Chem.rdchem.Mol object at 0x7fcdd95647b0>
CCN(CC)CCOc1ccccc1C(=O)CCc1ccccc1,8.53,train,<rdkit.Chem.rdchem.Mol object at 0x7fcdd9564890>
COC(=O)[C@H](Cc1ccccc1)NC(=O)[C@@H](N)CC(=O)O,8.53,train,<rdkit.Chem.rdchem.Mol object at 0x7fcdd9564970>
COc1cc(N)c([N+](=O)[O-])cc1C(=O)NC1CCN(CC2CCCO2)CC1,8.53,train,<rdkit.Chem.rdchem.Mol object at 0x7fcdd95649e0>
CCCCOc1nc(N)c2[nH]c(=O)n(CCCN(CCCN3CCOCC3)Cc3cccc(CC(=O)OC)c3)c2n1,8.53,train,<rdkit.Chem.rdchem.Mol object at 0x7fcdd9564a50>
C[C@@H](c1cc(Cl)cc2ccccc12)N(C)C(=O)CC1(c2ccc(F)cc2)CCN(C)CC1,8.54,test,<rdkit.Chem.rdchem.Mol object at 0x7fcdd9564ac0>
CCOC(=O)C1(c2ccccc2)CCN(CCCNc2ccccc2)CC1,8.54,train,<rdkit.Chem.rdchem.Mol object at 0x7fcdd9564c10>
COc1cc(NCCCCCCN2CCN(CCC(C)O)CC2)c2ncccc2c1,8.54,train,<rdkit.Chem.rdchem.Mol object at 0x7fcdd9564c80>
CCOC(=O)C1(c2ccccc2)CCN(CCCNc2ccccc2)CC1.CCS(=O)(=O)O,8.54,train,<rdkit.Chem.rdchem.Mol object at 0x7fcdd9564cf0>
c1ccc(C(O[C@@H]2CCCN(CCc3ccc4c(c3)OCO4)C2)c2ccccc2)cc1,8.54,train,<rdkit.Chem.rdchem.Mol object at 0x7fcdd9564d60>
CCN(CC)CCOc1ccccc1O/C(=C/c1ccccc1)C(C)=O,8.54,train,<rdkit.Chem.rdchem.Mol object at 0x7fcdd9564dd0>
CCS(=O)(=O)c1cccc(-c2cc(C(=O)NC3CCN(C)CC3)c(C)c3[nH]c4ncc(C)cc4c23)c1,8.54,train,<rdkit.Chem.rdchem.Mol object at 0x7fcdd9564e40>
C=CCN1CC[C@]23c4c5ccc(O)c4O[C@H]2[C@@H](OCCOCCOCCOCCOCCOCCOCCOC)CC[C@@]3(O)[C@H]1C5,8.54,train,<rdkit.Chem.rdchem.Mol object at 0x7fcdd9564eb0>
CN(C)CCOc1n[nH]/c(=N\O)c2ccccc12,8.55,train,<rdkit.Chem.rdchem.Mol object at 0x7fcdd9564f90>
C[C@H](N)C(=O)N[C@@H](C)P(=O)(O)O,8.55,train,<rdkit.Chem.rdchem.Mol object at 0x7fcdd9565000>
COc1cc2ncnc(Nc3ccc(F)c(Cl)c3)c2cc1NC(=O)/C=C/CN1CCCCC1,8.55,train,<rdkit.Chem.rdchem.Mol object at 0x7fcdd9565070>
COc1cccc2c1C(=O)c1c(O)c3c(c(O)c1C2=O)C[C@@](O)(C(=O)CO)C[C@@H]3O[C@H]1C[C@H](NC(=O)[C@@H](N)CC(C)C)[C@H](O)[C@H](C)O1,8.56,train,<rdkit.Chem.rdchem.Mol object at 0x7fcdd9565150>
CC(C(O)c1ccccc1)N(C)CCOC(c1ccccc1)c1ccccc1,8.56,train,<rdkit.Chem.rdchem.Mol object at 0x7fcdd9565230>
CC(C(O)c1ccccc1)N(C)C/C=C/c1ccccc1,8.56,train,<rdkit.Chem.rdchem.Mol object at 0x7fcdd95652a0>
CCN1CCC[C@H]1CNC(=O)c1c(OC)ccc([123I])c1O,8.56,train,<rdkit.Chem.rdchem.Mol object at 0x7fcdd9565310>
CCCCCCCCCCCCC/C=C/[C@H](O)[C@@H](CO)NC(=O)[C@@H]1C[C@@H]2c3cccc4[nH]cc(c34)C[C@H]2N(C)C1,8.56,train,<rdkit.Chem.rdchem.Mol object at 0x7fcdd9565380>
N[C@H](C(=O)O)c1ccc(O)cc1,8.57,test,<rdkit.Chem.rdchem.Mol object at 0x7fcdd9565460>
CN1CC(CCN2CC=C(c3ccccc3)CC2)OC1=O,8.57,train,<rdkit.Chem.rdchem.Mol object at 0x7fcdd95654d0>
CC[C@@H]1C(=O)N(C)c2cnc(Nc3ccc(C(=O)NC4CCN(C)CC4)cc3OC)nc2N1C1CCCC1,8.57,train,<rdkit.Chem.rdchem.Mol object at 0x7fcdd95655b0>
CCN(CC)CC(OC(=O)c1ccccc1)c1ccccc1,8.58,test,<rdkit.Chem.rdchem.Mol object at 0x7fcdd9565620>
CN1CCCC1c1cccnc1,8.58,train,<rdkit.Chem.rdchem.Mol object at 0x7fcdd9565690>
COc1ccc2c3c1O[C@H]1C[C@@H](O)C=C[C@@]31CCN(C)C2,8.58,train,<rdkit.Chem.rdchem.Mol object at 0x7fcdd9565700>
CCc1oc2ccccc2c1C(=O)c1ccc(OCCN(CC)CC)cc1,8.58,train,<rdkit.Chem.rdchem.Mol object at 0x7fcdd9565770>
O=C1CC2(CCCC2)CC(=O)N1CCNCC1COc2ccccc2O1,8.58,train,<rdkit.Chem.rdchem.Mol object at 0x7fcdd95657e0>
CCN(CC)CCOc1ccc(C(=O)CCc2ccccc2)cc1,8.58,train,<rdkit.Chem.rdchem.Mol object at 0x7fcdd95658c0>
CN1CCN(C23CCC(c4ccccc42)c2ccccc23)CC1,8.58,train,<rdkit.Chem.rdchem.Mol object at 0x7fcdd95659a0>
CN1C2CCC1CC(NC(=O)c1cn(C3CCCCC3)c3ccccc3c1=O)C2,8.58,train,<rdkit.Chem.rdchem.Mol object at 0x7fcdd9565a10>
COc1ccc2c3c1O[C@H]1C[C@@H](OC(=O)c4ccccc4)C=C[C@@]31CCN(C)C2,8.58,train,<rdkit.Chem.rdchem.Mol object at 0x7fcdd9565a80>
CC1OC2(CS1)CN1CCC2CC1,8.59,train,<rdkit.Chem.rdchem.Mol object at 0x7fcdd9565b60>
CCCN(CC)C(CC)C(=O)Nc1c(C)cccc1C,8.59,train,<rdkit.Chem.rdchem.Mol object at 0x7fcdd9565bd0>
CCOC(=O)N(CCN(C)C)c1cccc(C(F)(F)F)c1,8.59,train,<rdkit.Chem.rdchem.Mol object at 0x7fcdd9565c40>
CN1CCC(OC(c2ccccc2)c2ccc(Cl)cc2)C1,8.59,train,<rdkit.Chem.rdchem.Mol object at 0x7fcdd9565cb0>
CN1CC[C@]23c4c5ccc(O)c4O[C@H]2C(=O)CC[C@H]3[C@H]1C5,8.59,train,<rdkit.Chem.rdchem.Mol object at 0x7fcdd9565d20>
C[C@@H]([C@H](O)c1ccccc1)N(C)CC=C1c2ccccc2CCc2ccccc21,8.59,train,<rdkit.Chem.rdchem.Mol object at 0x7fcdd9565d90>
CCOC(=O)[C@]1(c2ccccc2)CCC=C[C@H]1N(C)C,8.6,test,<rdkit.Chem.rdchem.Mol object at 0x7fcdd9565e00>
O=C(NC(=O)c1ccccc1)NC1CCN(Cc2ccc3ccccc3c2)CC1,8.6,test,<rdkit.Chem.rdchem.Mol object at 0x7fcdd9565e70>
N#Cc1ccc2[nH]cc(CCCCN3CCN(c4ccc5oc(C(N)=O)cc5c4)CC3)c2c1,8.6,test,<rdkit.Chem.rdchem.Mol object at 0x7fcdd9565ee0>
CCCCCCN(CCOc1ccc(CCCCNC(=N)NC(=O)c2nc(Cl)c(N)nc2N)cc1)C[C@H](O)C(O)[C@H](O)[C@H](O)CO,8.6,test,<rdkit.Chem.rdchem.Mol object at 0x7fcdd9565fc0>
CCOC(=O)C1(c2ccccc2)CCC=CC1N(C)C,8.6,train,<rdkit.Chem.rdchem.Mol object at 0x7fcdd9566110>
CN(C)[C@@H](c1cccc(O)c1)[C@H]1CCCC[C@H]1O,8.6,train,<rdkit.Chem.rdchem.Mol object at 0x7fcdd9566180>
O=C1NCCN1C1CCN(CC[C@H]2COc3ccccc3O2)CC1,8.6,train,<rdkit.Chem.rdchem.Mol object at 0x7fcdd9566260>
CN[C@@H](C)C(=O)N[C@H](C(=O)N1CCC[C@H]1c1nc(C(=O)c2ccc(F)cc2)cs1)C1CCCCC1,8.6,train,<rdkit.Chem.rdchem.Mol object at 0x7fcdd95662d0>
c1ccc2c(c1)Sc1ccccc1N2CC1CN2CCC1CC2,8.61,train,<rdkit.Chem.rdchem.Mol object at 0x7fcdd9566340>
COc1ccc2c(c1)c1c3n2CCN(C)C3=NCC1,8.61,train,<rdkit.Chem.rdchem.Mol object at 0x7fcdd9566420>
COc1ccc2c3c1O[C@H]1C(=O)CC[C@H]4[C@@H](C2)N(C)CC[C@]314,8.61,train,<rdkit.Chem.rdchem.Mol object at 0x7fcdd9566490>
CC(=N/NC(=S)NCCN1CCCCC1)/C(C)=N/NC(=S)NCCN1CCCCC1,8.61,train,<rdkit.Chem.rdchem.Mol object at 0x7fcdd9566500>
COc1ccc(C2=C(Cc3ccc(OCCN4CCCCC4)cc3)c3ccc(O)cc3OC2)cc1,8.61,train,<rdkit.Chem.rdchem.Mol object at 0x7fcdd9566570>
O=S(=O)(c1ccccc1)c1cnc2c(N3CCNCC3)cccc2c1,8.61,train,<rdkit.Chem.rdchem.Mol object at 0x7fcdd95665e0>
C=CCN1CC[C@]23c4c5ccc(O)c4O[C@H]2[C@@]2(OC)C=C[C@@]3(C[C@@H]2[C@@](C)(O)CCC)[C@H]1C5,8.61,train,<rdkit.Chem.rdchem.Mol object at 0x7fcdd9566650>
COc1ccc(CN(CCN(C)C)c2ncccn2)cc1,8.62,train,<rdkit.Chem.rdchem.Mol object at 0x7fcdd95666c0>
CCOC(=O)C1(c2ccccc2)CCN(CCC(O)c2ccccc2)CC1,8.62,train,<rdkit.Chem.rdchem.Mol object at 0x7fcdd9566730>
c1ccc2c(c1)OCC(C1=NCCN1)O2,8.62,train,<rdkit.Chem.rdchem.Mol object at 0x7fcdd95667a0>
COCC(=O)N(c1ccccc1F)C1CCN(CCc2ccccc2)CC1,8.62,train,<rdkit.Chem.rdchem.Mol object at 0x7fcdd9566810>
CCN(CC)CCNc1ccc2ncn3c4ccc(O)cc4c(=O)c1c23,8.62,train,<rdkit.Chem.rdchem.Mol object at 0x7fcdd9566880>
C=C(CN(C)C)C(Cc1ccccc1)(OC(=O)CC)c1ccccc1,8.62,train,<rdkit.Chem.rdchem.Mol object at 0x7fcdd95668f0>
O=c1ccc2ncc(=O)n3c2n1C[C@H]3CN1CCC(NCc2cc3c(cn2)OCCC3)CC1,8.62,train,<rdkit.Chem.rdchem.Mol object at 0x7fcdd9566a40>
CN1CCC(C(=O)N2c3ccccc3NC(=O)c3cccnc32)CC1,8.63,train,<rdkit.Chem.rdchem.Mol object at 0x7fcdd9566b90>
Cc1ccc(/C(=C\CN2CCCC2)c2cccc(/C=C/C(=O)O)n2)cc1,8.63,train,<rdkit.Chem.rdchem.Mol object at 0x7fcdd9566c00>
N=C1N(O)[C@@H](COC(N)=O)[C@@H]2N=C(N)N[C@]23N1CCC3(O)O,8.63,train,<rdkit.Chem.rdchem.Mol object at 0x7fcdd9566ce0>
N[C@@H](CNC(=O)CC[C@@H](NC(=O)c1ccc(NCc2c[nH]c3ncnc(=O)c-3n2)cc1)C(=O)O)C(=O)N[C@@H](CC(=O)O)C(=O)N[C@@H](CS)C(=O)O,8.63,train,<rdkit.Chem.rdchem.Mol object at 0x7fcdd9566d50>
C=CC(=O)N1CCN(c2nc(OC[C@@H]3CCCN3C)nc3c(F)c(-c4nc(N)cc(C)c4C(F)(F)F)c(Cl)cc23)[C@@H](C)C1,8.63,train,<rdkit.Chem.rdchem.Mol object at 0x7fcdd9566dc0>
CCCCc1cc2ccccc2c(OCCN(C)C)n1,8.64,test,<rdkit.Chem.rdchem.Mol object at 0x7fcdd9566e30>
C[C@@H]([C@@H](O)c1ccc(O)cc1)N1CCC(O)(c2ccccc2)CC1,8.64,test,<rdkit.Chem.rdchem.Mol object at 0x7fcdd9566ea0>
Cn1c(=O)c2c(ncn2CCNCC(O)c2ccc(O)c(O)c2)n(C)c1=O,8.64,train,<rdkit.Chem.rdchem.Mol object at 0x7fcdd9566f10>
CC[C@@]1(O)C[C@H](O[C@H]2C[C@H](N(C)C)[C@H](O[C@H]3C[C@H](O)[C@H](O[C@H]4CCC(=O)[C@H](C)O4)[C@H](C)O3)[C@H](C)O2)c2c(cc3c(c2O)C(=O)c2c(O)cccc2C3=O)[C@H]1C(=O)OC,8.64,train,<rdkit.Chem.rdchem.Mol object at 0x7fcdd9566f80>
COc1cc2ccc(=O)oc2cc1OCCCN1CCC(C(O)(c2ccc(F)cc2)c2ccc(F)cc2)CC1,8.64,train,<rdkit.Chem.rdchem.Mol object at 0x7fcdd9566ff0>
Cc1ccc(/C(=C\CN2CCCC2)c2ccccn2)cc1,8.64,train,<rdkit.Chem.rdchem.Mol object at 0x7fcdd9567060>
CCCCOc1cccc(CCNCC(=O)N(C)C)c1,8.64,train,<rdkit.Chem.rdchem.Mol object at 0x7fcdd95670d0>
N=C(N)NC(=O)Cc1c(Cl)cccc1Cl,8.65,test,<rdkit.Chem.rdchem.Mol object at 0x7fcdd9567140>
CN(C)CCn1cnc2c1c(=O)n(C)c(=O)n2C,8.65,test,<rdkit.Chem.rdchem.Mol object at 0x7fcdd95671b0>
O=C(CCC1CCN(Cc2ccccc2)CC1)c1ccc2c(c1)NCCCC2,8.65,train,<rdkit.Chem.rdchem.Mol object at 0x7fcdd9567370>
CC[C@]12CN3CCc4c([nH]c5ccccc45)[C@@](C(=O)OC)(c4cc5c(cc4OC)N(C)[C@H]4[C@@](O)(C(=O)OC)[C@H](OC(C)=O)[C@]6(CC)C=CCN7CC[C@]54[C@@H]76)C[C@@H](C3)[C@H]1O2,8.65,train,<rdkit.Chem.rdchem.Mol object at 0x7fcdd95673e0>
Cc1ccc(CN2CCC(C3(c4ccccc4)CCC(=O)NC3=O)CC2)cc1,8.65,train,<rdkit.Chem.rdchem.Mol object at 0x7fcdd95674c0>
CC[C@]1(O)C[C@H]2CN(CCc3c([nH]c4ccccc34)[C@@](C(=O)OC)(c3cc4c(cc3OC)N(C=O)[C@H]3[C@@](O)(C(=O)OC)[C@H](OC(C)=O)[C@]5(CC)C=CCN6CC[C@]43[C@@H]65)C2)C1,8.66,train,<rdkit.Chem.rdchem.Mol object at 0x7fcdd9567610>
O=C1CCC(c2ccccc2)(C2CCN(Cc3ccccc3)CC2)C(=O)N1,8.66,train,<rdkit.Chem.rdchem.Mol object at 0x7fcdd9567680>
O=C1CC[C@@](c2ccccc2)(C2CCN(Cc3ccccc3)CC2)C(=O)N1,8.66,train,<rdkit.Chem.rdchem.Mol object at 0x7fcdd95676f0>
CN1CCC(C)(CN2c3ccccc3Sc3ccccc32)C1,8.66,train,<rdkit.Chem.rdchem.Mol object at 0x7fcdd9567760>
CC/C(=C(\c1ccc(O)cc1)c1ccc(OCCN(C)C)cc1)c1ccccc1,8.66,train,<rdkit.Chem.rdchem.Mol object at 0x7fcdd95677d0>
CC/C(=C(/c1ccc(OCCN(C)C)cc1)c1cccc(O)c1)c1ccccc1.O=C(O)CC(O)(CC(=O)O)C(=O)O,8.66,train,<rdkit.Chem.rdchem.Mol object at 0x7fcdd9567840>
CC/C(=C(/c1ccc(OCCN(C)C)cc1)c1cccc(O)c1)c1ccccc1,8.66,train,<rdkit.Chem.rdchem.Mol object at 0x7fcdd95678b0>
CCC1=C[C@@H]2CN(C1)Cc1c([nH]c3ccccc13)[C@@](C(=O)OC)(c1cc3c(cc1OC)N(C)[C@H]1[C@@](O)(C(=O)OC)[C@H](OC(C)=O)[C@]4(CC)C=CCN5CC[C@]31[C@@H]54)C2,8.66,train,<rdkit.Chem.rdchem.Mol object at 0x7fcdd9567920>
CC[C@]1(O)C[C@@H]2CN(CCc3c([nH]c4ccccc34)[C@@](C(=O)OC)(c3cc4c(cc3OC)N(C=O)[C@H]3[C@@](O)(C(=O)OC)[C@H](OC(C)=O)[C@]5(CC)C=CCN6CC[C@]43[C@@H]65)C2)C1,8.66,train,<rdkit.Chem.rdchem.Mol object at 0x7fcdd9567990>
CC[C@]12C=CCN3CC[C@@]4(c5cc([C@@]6(C(=O)OC)C[C@@H]7C[C@@H](C(C)(F)F)CN(Cc8c6[nH]c6ccccc86)C7)c(OC)cc5N(C)[C@H]4[C@@](O)(C(=O)OC)[C@@H]1OC(C)=O)[C@@H]32,8.66,train,<rdkit.Chem.rdchem.Mol object at 0x7fcdd9567a00>
C[C@]12CCC(=NOCCN)C[C@@H]1C(=O)C[C@@H]1[C@@H]2CC[C@]2(C)C(=O)CC[C@@H]12,8.66,train,<rdkit.Chem.rdchem.Mol object at 0x7fcdd9567a70>
Cc1cc(-c2ccc3c(c2)CC[C@H]3N2CC3(CCN(C(=O)Cc4cn5cc(C)sc5n4)CC3)C2)ncn1,8.67,test,<rdkit.Chem.rdchem.Mol object at 0x7fcdd9567ae0>
Cc1cnc(NC2CCOCC2)nc1-n1cnc(C(=O)N[C@H](CN)c2cc(F)cc(Cl)c2)c1,8.67,test,<rdkit.Chem.rdchem.Mol object at 0x7fcdd9567b50>
CC(C=C(c1cccs1)c1cccs1)N(C)C,8.67,train,<rdkit.Chem.rdchem.Mol object at 0x7fcdd9567c30>
CCN(CCNc1ccc(C)c2sc3ccccc3c(=O)c12)CC(C)(C)O,8.67,train,<rdkit.Chem.rdchem.Mol object at 0x7fcdd9567ca0>
C#CCN(C)[C@H](C)Cc1ccccc1,8.67,train,<rdkit.Chem.rdchem.Mol object at 0x7fcdd9567d10>
O=C(CCN1CCC(c2ccccc2)C1)c1ccc2c(c1)OCCO2,8.67,train,<rdkit.Chem.rdchem.Mol object at 0x7fcdd9567d80>
NNc1nnc(Cc2ccncc2)c2ccccc12,8.67,train,<rdkit.Chem.rdchem.Mol object at 0x7fcdd9567df0>
Nc1c(Cl)cc(-c2nn(C3CCN(CCc4ccccc4)CC3)c(=O)o2)c2c1OCCO2,8.67,train,<rdkit.Chem.rdchem.Mol object at 0x7fcdd9567ed0>
CC1C=CC(C)N1CC(=O)N=C(N)N,8.67,train,<rdkit.Chem.rdchem.Mol object at 0x7fcdd9567f40>
CNC1CN(c2nc3ncc(Br)cc3n3cnnc23)C1,8.67,train,<rdkit.Chem.rdchem.Mol object at 0x7fcdd9568040>
CN[C@@H](C)C(=O)N[C@H](C(=O)N1CCC[C@H]1C(=O)Nc1sc(-c2ncco2)nc1-c1ccccc1)C1CCCCC1,8.67,train,<rdkit.Chem.rdchem.Mol object at 0x7fcdd95680b0>
N[C@@H](CN(O)N=O)C(=O)O,8.67,train,<rdkit.Chem.rdchem.Mol object at 0x7fcdd9568120>
O=C(O)c1cn(C2CC2)c2cc(N3CCNCC3)c(F)cc2c1=O,8.68,test,<rdkit.Chem.rdchem.Mol object at 0x7fcdd9568190>
CN1CCC[C@H]1CCNC(=O)c1cn2c3c(c(N4CCC(c5cnccn5)C4)c(F)cc3c1=O)Oc1cc3ccccc3cc1-2,8.68,test,<rdkit.Chem.rdchem.Mol object at 0x7fcdd9568270>
C1=N/C2=N/c3ccc(OCCN4CCCC4)c(c3)COC/C=C/COCc3cccc(c3)C(=C1)N2,8.68,test,<rdkit.Chem.rdchem.Mol object at 0x7fcdd9568350>
CCn1cc(C(=O)O)c(=O)c2cc(F)c(N3CCNCC3)cc21,8.68,train,<rdkit.Chem.rdchem.Mol object at 0x7fcdd95683c0>
COCCOCCNCC1COc2ccccc2O1,8.68,train,<rdkit.Chem.rdchem.Mol object at 0x7fcdd9568430>
CC[C@H]1OC(=O)[C@H](C)[C@@H](O[C@H]2C[C@@](C)(O)[C@@H](O)[C@H](C)O2)[C@H](C)[C@@H](O[C@@H]2O[C@H](C)C[C@H](N(C)C)[C@H]2O)[C@](C)(O[C@H]2C[C@@H](N(C)C)[C@@H](O)[C@H](C)O2)C[C@@H](C)C(=O)[C@H](C)[C@@H](O)[C@]1(C)O,8.68,train,<rdkit.Chem.rdchem.Mol object at 0x7fcdd95684a0>
CCCNC(C)C(=O)Nc1c(C)csc1C(=O)OC,8.68,train,<rdkit.Chem.rdchem.Mol object at 0x7fcdd9568510>
CC[C@]1(O)C[C@H]2CN(CCc3c([nH]c4ccccc34)[C@@](C(=O)OC)(c3cc4c(cc3OC)N(C)[C@H]3[C@@](O)(C(N)=O)[C@H](O)[C@]5(CC)C=CCN6CC[C@]43[C@@H]65)C2)C1,8.68,train,<rdkit.Chem.rdchem.Mol object at 0x7fcdd9568580>
O=C(O)c1cn(-c2ccc(F)cc2)c2cc(N3CCNCC3)c(F)cc2c1=O,8.68,train,<rdkit.Chem.rdchem.Mol object at 0x7fcdd95685f0>
CCc1cc(Cl)c(OC)c(C(=O)NC[C@@H]2CCCN2CC)c1O,8.68,train,<rdkit.Chem.rdchem.Mol object at 0x7fcdd9568660>
CCN(CC)CCn1c(=O)c(Cc2ccc(OC)cc2)nc2ccccc21,8.68,train,<rdkit.Chem.rdchem.Mol object at 0x7fcdd95686d0>
CC1Sc2c(C(=O)O)c(=O)c3cc(F)c(N4CCNCC4)cc3n21,8.68,train,<rdkit.Chem.rdchem.Mol object at 0x7fcdd9568740>
Cc1cc2c(-c3ccccc3F)nc(N3CCNCC3)nc2s1,8.68,train,<rdkit.Chem.rdchem.Mol object at 0x7fcdd95687b0>
OCCOC1CCN(CCCN2c3ccccc3Sc3ccc(C(F)(F)F)cc32)CC1,8.68,train,<rdkit.Chem.rdchem.Mol object at 0x7fcdd9568890>
c1cncc(C2=NC(CN3CCCCC3)CON2)c1,8.68,train,<rdkit.Chem.rdchem.Mol object at 0x7fcdd9568900>
CCOC(=O)[C@@H](NC(=O)[C@@]1(O)[C@H](O)[C@]2(CC)C=CCN3CC[C@@]4(c5cc([C@@]6(C(=O)OC)C[C@H]7CN(CCc8c6[nH]c6ccccc86)C[C@](O)(CC)C7)c(OC)cc5N(C)[C@@H]14)[C@@H]32)[C@@H](C)CC,8.68,train,<rdkit.Chem.rdchem.Mol object at 0x7fcdd9568970>
CCCN1CCCC2c3cc(O)ccc3OCC21,8.68,train,<rdkit.Chem.rdchem.Mol object at 0x7fcdd95689e0>
CCCN[C@H](C)C(=O)Nc1c(C)csc1C(=O)OC,8.68,train,<rdkit.Chem.rdchem.Mol object at 0x7fcdd9568a50>
C1=C/COCc2cc(ccc2OCCN2CCCC2)Nc2nccc(n2)-c2cccc(c2)COC/1.O=C(O)CC(O)(CC(=O)O)C(=O)O,8.68,train,<rdkit.Chem.rdchem.Mol object at 0x7fcdd9568ac0>
CCCCNCC(=O)Nc1c(C)cccc1Cl,8.69,test,<rdkit.Chem.rdchem.Mol object at 0x7fcdd9568b30>
COc1cccc2c1CCOC2C1=NCCN1,8.69,test,<rdkit.Chem.rdchem.Mol object at 0x7fcdd9568ba0>
COc1cc(OC)c(C(=O)CCCN2CCCC2)c(OC)c1,8.69,train,<rdkit.Chem.rdchem.Mol object at 0x7fcdd9568c10>
CCOC(=O)C1(c2ccccc2)CCCN(C)CC1,8.69,train,<rdkit.Chem.rdchem.Mol object at 0x7fcdd9568c80>
CCN(CC)CCNc1ccc(C)c2sc3ccccc3c(=O)c12,8.69,train,<rdkit.Chem.rdchem.Mol object at 0x7fcdd9568cf0>
CN1CCC(N(Cc2cccs2)c2ccccc2)CC1,8.69,train,<rdkit.Chem.rdchem.Mol object at 0x7fcdd9568dd0>
N#Cc1ccc2c(c1)C1=C(CCN(CC3CCCC3)CC1)c1ccccc1O2,8.69,train,<rdkit.Chem.rdchem.Mol object at 0x7fcdd9568e40>
CCCN1CCCC1CNC(=O)c1cc(S(N)(=O)=O)ccc1OC,8.69,train,<rdkit.Chem.rdchem.Mol object at 0x7fcdd9568eb0>
CCCCOc1ccc(OCC(=O)N(CCN(CC)CC)c2cc(OCC)ccc2OCC)cc1,8.69,train,<rdkit.Chem.rdchem.Mol object at 0x7fcdd9568f20>
Cc1ccccc1C(=O)Nc1ccc(C(=O)N2CCCC(N(C)C)c3ccccc32)cc1,8.69,train,<rdkit.Chem.rdchem.Mol object at 0x7fcdd9568f90>
O=C1Cc2c(ccc3c2O[C@@H](CNCc2ccccc2)CO3)N1,8.69,train,<rdkit.Chem.rdchem.Mol object at 0x7fcdd9569000>
COc1cc2[nH]nnc2cc1C(=O)NC1CCN(Cc2ccccc2)CC1,8.69,train,<rdkit.Chem.rdchem.Mol object at 0x7fcdd9569070>
CN1CCCC(CN2c3ccccc3Sc3ccccc32)C1,8.7,train,<rdkit.Chem.rdchem.Mol object at 0x7fcdd95691c0>
CN(C)CCCn1c(=O)n(-c2ccccc2)c2cc(Cl)ccc21,8.7,train,<rdkit.Chem.rdchem.Mol object at 0x7fcdd95692a0>
Cc1ccccc1N1CCN(C2CCc3cc(O)ccc3C2)CC1,8.7,train,<rdkit.Chem.rdchem.Mol object at 0x7fcdd9569380>
O=c1[nH]c2ccccc2c(=O)n1CCN1C[C@H]2C[C@H](c3ccc(F)cc3)[C@H]2C1,8.7,train,<rdkit.Chem.rdchem.Mol object at 0x7fcdd95693f0>
CC(COc1ccccc1)N(C)CCOC(c1ccccc1)c1ccccc1,8.7,train,<rdkit.Chem.rdchem.Mol object at 0x7fcdd9569460>
Cc1cn2nc(-c3cc(=O)n4cc(N5CCNC6(CC6)C5)ccc4n3)cc(C)c2n1,8.7,train,<rdkit.Chem.rdchem.Mol object at 0x7fcdd9569540>
CCN(CC)CCN1C(=O)CN=C(c2ccccc2F)c2cc(Cl)ccc21,8.71,train,<rdkit.Chem.rdchem.Mol object at 0x7fcdd95695b0>
O=C1CCCCC1(CCN1CCCCCC1)C(=O)OCc1ccccc1,8.71,train,<rdkit.Chem.rdchem.Mol object at 0x7fcdd9569620>
CC1Oc2ccccc2CC1N(C)C,8.71,train,<rdkit.Chem.rdchem.Mol object at 0x7fcdd9569690>
N#Cc1ccccc1OCC(O)CNCCNC(=O)Cc1ccc(O)cc1,8.71,train,<rdkit.Chem.rdchem.Mol object at 0x7fcdd9569770>
CN(C)CCOc1ccccc1-c1nc(-c2ccccc2)c(-c2ccccc2)[nH]1,8.71,train,<rdkit.Chem.rdchem.Mol object at 0x7fcdd95697e0>
c1ccc2c(c1)CCc1ccccc1N2C1CN2CCC1CC2,8.71,train,<rdkit.Chem.rdchem.Mol object at 0x7fcdd9569850>
COc1ccc2c(C3CCN(CCCC(=O)c4ccc(F)cc4)CC3)c(C)[nH]c2c1,8.71,train,<rdkit.Chem.rdchem.Mol object at 0x7fcdd95698c0>
CCC1(O)CCN2CCc3ccc(C)cc3C2C1,8.71,train,<rdkit.Chem.rdchem.Mol object at 0x7fcdd9569930>
CCCCCN[C@@]12C=CC(=O)[C@@H]3Oc4c(O)ccc5c4[C@@]31CCN(C)[C@@H]2C5,8.71,train,<rdkit.Chem.rdchem.Mol object at 0x7fcdd95699a0>
CNC(=O)[C@@H](Cc1ccccc1F)CN1CCC2(CC1)OCCc1cc(F)sc12,8.71,train,<rdkit.Chem.rdchem.Mol object at 0x7fcdd9569a10>
CCCOC(C(=O)OC1CCN(C)CC1)(c1ccccc1)c1ccccc1,8.72,train,<rdkit.Chem.rdchem.Mol object at 0x7fcdd9569a80>
CCCCNc1ccc(C(=O)OC2CCN(C)CC2)cc1,8.72,train,<rdkit.Chem.rdchem.Mol object at 0x7fcdd9569af0>
CN1CCC(OC(=O)C(Oc2ccc(Cl)cc2)Oc2ccc(Cl)cc2)CC1,8.72,train,<rdkit.Chem.rdchem.Mol object at 0x7fcdd9569b60>
N[C@H](C(=O)O)[C@H](O)c1ccc(O)c(O)c1,8.72,train,<rdkit.Chem.rdchem.Mol object at 0x7fcdd9569bd0>
CCC(C)C(C(=O)OC1CCN(C)CC1)c1ccccc1,8.72,train,<rdkit.Chem.rdchem.Mol object at 0x7fcdd9569c40>
C[C@H]1CN(c2c(F)cc3c(=O)c(C(=O)O)cn(C4CC4)c3c2OC(F)F)CCN1,8.72,train,<rdkit.Chem.rdchem.Mol object at 0x7fcdd9569cb0>
COc1ccc(N2CCc3c(-n4ccc(N5CCNC5=O)n4)cc(C)nc32)c(C)c1,8.72,train,<rdkit.Chem.rdchem.Mol object at 0x7fcdd9569d20>
COc1cc(N)c(Cl)cc1C(=O)NCC1CCN(CC[C@H](OC(N)=O)c2ccc(F)cc2)CC1,8.72,train,<rdkit.Chem.rdchem.Mol object at 0x7fcdd9569d90>
COc1ccc(CCN2CCC(Nc3nc4ccccc4n3Cc3ccc(F)cc3)CC2)cc1,8.73,test,<rdkit.Chem.rdchem.Mol object at 0x7fcdd9569e70>
COc1c(N2CCNC(C)C2)c(F)cc2c(=O)c(C(=O)O)cn(C3CC3)c12,8.73,test,<rdkit.Chem.rdchem.Mol object at 0x7fcdd9569ee0>
O=[N+]([O-])c1nccn1CC(O)CN1CCCCC1,8.73,test,<rdkit.Chem.rdchem.Mol object at 0x7fcdd9569f50>
COc1ccc2c(c1)N(CC(C)CN1CCC(O)CC1)c1ccccc1S2,8.73,test,<rdkit.Chem.rdchem.Mol object at 0x7fcdd9569fc0>
COc1ccc(C[C@]2(C)CN(C(c3ccccc3)c3ccccc3)CCN2C)cc1OC,8.73,test,<rdkit.Chem.rdchem.Mol object at 0x7fcdd956a030>
C=CCN1CC[C@]23c4c5ccc(OC(C)=O)c4O[C@H]2[C@@H](OC(C)=O)C=C[C@H]3[C@H]1C5,8.73,test,<rdkit.Chem.rdchem.Mol object at 0x7fcdd956a0a0>
CC(CC(C#N)(c1ccccc1)C(C)C)N(C)C,8.73,train,<rdkit.Chem.rdchem.Mol object at 0x7fcdd956a110>
NC(=O)C1CCN(CCCN2c3ccccc3Sc3ccc(Cl)cc32)CC1,8.73,train,<rdkit.Chem.rdchem.Mol object at 0x7fcdd956a180>
CC(C)n1nc(-c2cccc(Cl)c2Cl)c(N)nc1=N,8.73,train,<rdkit.Chem.rdchem.Mol object at 0x7fcdd956a1f0>
O=C(OCCN1CCCCCC1)C(c1ccsc1)C1CCCCC1,8.73,train,<rdkit.Chem.rdchem.Mol object at 0x7fcdd956a340>
CCOC(=O)COc1c(Br)cc(Br)cc1CN(C)C1CCCCC1,8.73,train,<rdkit.Chem.rdchem.Mol object at 0x7fcdd956a3b0>
CN1C(=O)[C@]23C[C@H]4C(C)(C)[C@]5(CNc6c5ccc5c6OC=CC(C)(C)O5)C[C@@]41CN2CC[C@@]3(C)O,8.73,train,<rdkit.Chem.rdchem.Mol object at 0x7fcdd956a490>
CC(=O)OCC(=O)NCCCOc1cccc(CN2CCCCC2)c1,8.74,test,<rdkit.Chem.rdchem.Mol object at 0x7fcdd956a500>
O=C(CCCN1CCN2CCCC2C1)c1ccc(F)cc1,8.74,test,<rdkit.Chem.rdchem.Mol object at 0x7fcdd956a570>
CCC(=O)N(CC(C)N(C)CCc1ccccc1)c1ccccc1,8.74,test,<rdkit.Chem.rdchem.Mol object at 0x7fcdd956a5e0>
COc1ccccc1OCCNCC(O)COc1cccc2[nH]c3ccccc3c12,8.74,train,<rdkit.Chem.rdchem.Mol object at 0x7fcdd956a650>
O=C(CCCN1CCCCC1)c1ccc(F)cc1,8.74,train,<rdkit.Chem.rdchem.Mol object at 0x7fcdd956a6c0>
Cn1nc(CO)nc1NCCCOc1cccc(CN2CCCCC2)c1.Cn1nc(CO)nc1NCCCOc1cccc(CN2CCCCC2)c1.O=C(O)CCC(=O)O,8.74,train,<rdkit.Chem.rdchem.Mol object at 0x7fcdd956a730>
Cn1nc(CO)nc1NCCCOc1cccc(CN2CCCCC2)c1,8.74,train,<rdkit.Chem.rdchem.Mol object at 0x7fcdd956a7a0>
Cn1nc(CS(C)(=O)=O)nc1NCCCOc1cccc(CN2CCCCC2)c1,8.74,train,<rdkit.Chem.rdchem.Mol object at 0x7fcdd956a810>
Cn1nc(N)nc1NCCCOc1cccc(CN2CCCCC2)c1,8.74,train,<rdkit.Chem.rdchem.Mol object at 0x7fcdd956a880>
O=C(CO)NCCCOc1cccc(CN2CCCCC2)c1,8.74,train,<rdkit.Chem.rdchem.Mol object at 0x7fcdd956a8f0>
CCNC(=O)NCCCOc1cccc(CN2CCCCC2)c1,8.74,train,<rdkit.Chem.rdchem.Mol object at 0x7fcdd956a960>
CN(C)c1nc(N(C)C)nc(N(C)C)n1,8.75,test,<rdkit.Chem.rdchem.Mol object at 0x7fcdd956aa40>
Cc1ccccc1OCC(O)CNCCOc1ccc(C(N)=O)cc1,8.75,test,<rdkit.Chem.rdchem.Mol object at 0x7fcdd956aab0>
CCN1CCC(=C(c2ccccc2)c2ccccc2)C1,8.75,train,<rdkit.Chem.rdchem.Mol object at 0x7fcdd956ab20>
CN(C)CCSC(=O)N1c2ccccc2C(C)(C)c2ccccc21,8.75,train,<rdkit.Chem.rdchem.Mol object at 0x7fcdd956ab90>
Oc1cccc(C2CNC3(CCCCCC3)O2)c1,8.75,train,<rdkit.Chem.rdchem.Mol object at 0x7fcdd956ac70>
CCO[C@H]1CCN(Cc2c(OC)cc(C)c3[nH]ccc23)[C@H](c2ccc(C(=O)O)cc2)C1,8.75,train,<rdkit.Chem.rdchem.Mol object at 0x7fcdd956ad50>
C=CC(=O)Nc1cc(Nc2nccc(-c3cn(C)c4ccccc34)n2)c(OCC(F)(F)F)nc1N(C)CCN(C)C,8.75,train,<rdkit.Chem.rdchem.Mol object at 0x7fcdd956adc0>
Cc1nc2n(c(=O)c1CCN1CCC(c3noc4cc(F)ccc34)CC1)CCCC2,8.76,test,<rdkit.Chem.rdchem.Mol object at 0x7fcdd956ae30>
CC(Cc1ccccc1)N(C)Cc1ccco1,8.76,test,<rdkit.Chem.rdchem.Mol object at 0x7fcdd956aea0>
Cc1nc2n(c(=O)c1CCN1CCC(c3noc4cc(F)ccc34)CC1)CCCC2O,8.76,test,<rdkit.Chem.rdchem.Mol object at 0x7fcdd956af10>
O=C(NCCNCC(O)COc1ccc(O)cc1)N1CCOCC1,8.76,test,<rdkit.Chem.rdchem.Mol object at 0x7fcdd956af80>
CN(C)CCN(Cc1cccs1)c1ccccn1.CN(C)CCN(Cc1cccs1)c1ccccn1,8.76,test,<rdkit.Chem.rdchem.Mol object at 0x7fcdd956b060>
CN(C)CCN(Cc1cccs1)c1ccccn1,8.76,train,<rdkit.Chem.rdchem.Mol object at 0x7fcdd956b0d0>
COc1ccc(CN(CCN(C)C)c2ccccn2)cc1,8.76,train,<rdkit.Chem.rdchem.Mol object at 0x7fcdd956b140>
CN(C)CCN(Cc1ccsc1)c1ccccn1,8.76,train,<rdkit.Chem.rdchem.Mol object at 0x7fcdd956b220>
CN(C)CCN(Cc1ccc(Cl)cc1)c1ccccn1,8.76,train,<rdkit.Chem.rdchem.Mol object at 0x7fcdd956b300>
CC1CN(c2cc3c(cc2F)c(=O)c(C(=O)O)cn3-c2ccc(F)cc2F)CCN1,8.76,train,<rdkit.Chem.rdchem.Mol object at 0x7fcdd956b370>
O=C(c1ccc(F)cc1)C1CCN(CCCCn2c(=O)[nH]c3ccccc3c2=O)CC1,8.76,train,<rdkit.Chem.rdchem.Mol object at 0x7fcdd956b3e0>
NC[C@H](Cl)[C@@H](O)c1c[nH]c(N)n1,8.76,train,<rdkit.Chem.rdchem.Mol object at 0x7fcdd956b450>
CN(C)CCN(Cc1ccc(Cl)s1)c1ccccn1.O=C(O)CC(O)(CC(=O)O)C(=O)O,8.76,train,<rdkit.Chem.rdchem.Mol object at 0x7fcdd956b4c0>
CN(C)CCN1c2ccccc2Sc2ccccc21,8.76,train,<rdkit.Chem.rdchem.Mol object at 0x7fcdd956b530>
C#CCO[C@H]1CN2CCC1CC2,8.76,train,<rdkit.Chem.rdchem.Mol object at 0x7fcdd956b5a0>
CN1CCC(N(Cc2ccccc2)c2ccccc2)CC1,8.76,train,<rdkit.Chem.rdchem.Mol object at 0x7fcdd956b610>
CN(C)CCN(Cc1ccccc1)c1ccccn1.O=C(O)CC(O)(CC(=O)O)C(=O)O,8.76,train,<rdkit.Chem.rdchem.Mol object at 0x7fcdd956b680>
CN(C)CCN(Cc1cc2ccccc2o1)c1ccccn1,8.76,train,<rdkit.Chem.rdchem.Mol object at 0x7fcdd956b6f0>
CC/C(=C(\c1ccccc1)c1ccc(OCCN(C)C)cc1)c1ccccc1.O=C(O)CC(O)(CC(=O)O)C(=O)O,8.76,train,<rdkit.Chem.rdchem.Mol object at 0x7fcdd956b7d0>
CC/C(=C(\c1ccccc1)c1ccc(OCCN(C)C)cc1)c1ccccc1,8.76,train,<rdkit.Chem.rdchem.Mol object at 0x7fcdd956b840>
CCCCCCCCCCCCCCCC(=O)OC1CCCn2c1nc(C)c(CCN1CCC(c3noc4cc(F)ccc34)CC1)c2=O,8.76,train,<rdkit.Chem.rdchem.Mol object at 0x7fcdd956b920>
CC1(C)S[C@@H]2[C@H](NC(=O)[C@H](NC(=O)CNC(=N)c3ccncc3)c3ccccc3)C(=O)N2[C@H]1C(=O)O,8.76,train,<rdkit.Chem.rdchem.Mol object at 0x7fcdd956b990>
CCC(=O)N(c1ccccc1)C1CCN(CCc2ccccc2)CC1,8.77,test,<rdkit.Chem.rdchem.Mol object at 0x7fcdd956ba70>
COc1ccc(C(=O)NCc2ccc(OCCN(C)C)cc2)cc1OC,8.77,test,<rdkit.Chem.rdchem.Mol object at 0x7fcdd956bae0>
CCc1ccc(C(=O)C(C)CN2CCCCC2)cc1,8.77,train,<rdkit.Chem.rdchem.Mol object at 0x7fcdd956bbc0>
NC1=NCC2c3ccccc3Cc3ccccc3N12,8.77,train,<rdkit.Chem.rdchem.Mol object at 0x7fcdd956bc30>
COc1cc(C(=O)NCc2ccc(OCCN(C)C)cc2)cc(OC)c1OC,8.77,train,<rdkit.Chem.rdchem.Mol object at 0x7fcdd956bca0>
CCC(=O)N(c1ccccc1)C1CCN(CCc2ccccc2)CC1.O=C(O)CC(O)(CC(=O)O)C(=O)O,8.77,train,<rdkit.Chem.rdchem.Mol object at 0x7fcdd956bd10>
C[C@@H]1CN(c2c(F)c(F)c3c(=O)c(C(=O)O)cn(C4CC4)c3c2F)C[C@H](C)N1,8.77,train,<rdkit.Chem.rdchem.Mol object at 0x7fcdd956bd80>
C1=CC(=Nn2cccc2)C=CC1=Nn1cccc1,8.77,train,<rdkit.Chem.rdchem.Mol object at 0x7fcdd956bdf0>
CC(C)N1CCN=C1CN1CCCCSc2ccc(Cl)cc21,8.77,train,<rdkit.Chem.rdchem.Mol object at 0x7fcdd956be60>
Cc1c(F)c(N2CCNC(C)C2)cc2c1c(=O)c(C(=O)O)cn2C1CC1,8.77,train,<rdkit.Chem.rdchem.Mol object at 0x7fcdd956bed0>
CN1[C@@H](CC(=O)c2ccccc2)CCC[C@H]1C[C@H](O)c1ccccc1,8.77,train,<rdkit.Chem.rdchem.Mol object at 0x7fcdd956bf40>
C[C@H](CN1CCCC1)C(=O)c1ccc(C(F)(F)F)cc1,8.77,train,<rdkit.Chem.rdchem.Mol object at 0x7fcdd956c040>
CCOC(=O)[C@H]1[C@@H](OC(=O)c2ccccc2)C[C@@H]2CC[C@H]1N2C,8.77,train,<rdkit.Chem.rdchem.Mol object at 0x7fcdd956c0b0>
CO[C@@H]1[C@H](OC(=O)/C=C/c2ccc(OCCN(C)C)cc2)CC[C@]2(CO2)[C@H]1[C@@]1(C)O[C@@H]1CC=C(C)C,8.77,train,<rdkit.Chem.rdchem.Mol object at 0x7fcdd956c200>
Cc1c(F)c(N2CCN[C@H](C)C2)cc2c1c(=O)c(C(=O)O)cn2C1CC1,8.77,train,<rdkit.Chem.rdchem.Mol object at 0x7fcdd956c270>
CCCCCC(=O)CCC1(C)[C@@H]2Cc3ccc(O)cc3[C@@]1(C)CCN2C,8.77,train,<rdkit.Chem.rdchem.Mol object at 0x7fcdd956c350>
O=C(O[C@H]1CN2CCC1CC2)[C@@](CO)(c1ccccc1)n1ccnc1,8.77,train,<rdkit.Chem.rdchem.Mol object at 0x7fcdd956c430>
Cc1cc(OCCN(C)C)c(C(C)C)cc1OC(=O)OC(C)C,8.78,test,<rdkit.Chem.rdchem.Mol object at 0x7fcdd956c4a0>
Cc1ccc(C(=O)C(C)CN2CCCCC2)cc1,8.78,train,<rdkit.Chem.rdchem.Mol object at 0x7fcdd956c510>
CN(C)CCOc1ccccc1Cc1ccccc1.O=C(O)CC(O)(CC(=O)O)C(=O)O,8.78,train,<rdkit.Chem.rdchem.Mol object at 0x7fcdd956c5f0>
COc1cc2nccc(N)c2cc1OC,8.78,train,<rdkit.Chem.rdchem.Mol object at 0x7fcdd956c660>
N[C@@H](CC(=O)N1CCn2c(nnc2C(F)(F)F)C1)Cc1cc(F)c(F)cc1F,8.78,train,<rdkit.Chem.rdchem.Mol object at 0x7fcdd956c6d0>
CCOCCCCCCN1C[C@H](O)[C@@H](O)[C@@H](O)[C@H]1C,8.78,train,<rdkit.Chem.rdchem.Mol object at 0x7fcdd956c740>
COc1ccc(CCN2CCC[C@H](CN3CCc4cc(OC)c(OC)cc4CC3=O)C2)cc1OC,8.78,train,<rdkit.Chem.rdchem.Mol object at 0x7fcdd956c7b0>
C#C[C@]1(O)CC[C@H]2N3CCc4cc(OC)ccc4[C@H]3CC[C@@]21C,8.78,train,<rdkit.Chem.rdchem.Mol object at 0x7fcdd956c820>
CC[C@@H](COC(=O)c1cc(OC)c(OC)c(OC)c1)N(C)CCN(C)[C@@H](CC)COC(=O)c1cc(OC)c(OC)c(OC)c1,8.78,train,<rdkit.Chem.rdchem.Mol object at 0x7fcdd956c890>
CC(C)(C)OC[C@@H]1C(=O)NCCN1C(=O)C[C@H](N)Cc1cc(F)c(F)cc1F,8.78,train,<rdkit.Chem.rdchem.Mol object at 0x7fcdd956c900>
COC(=O)c1nc(C(F)(F)F)n2c1CN(C(=O)C[C@H](N)Cc1cc(F)c(F)cc1F)CC2,8.78,train,<rdkit.Chem.rdchem.Mol object at 0x7fcdd956c970>
Cc1cc(C[C@@H](NC(=O)N2CCC(c3cc4ccccc4[nH]c3=O)CC2)C(=O)N2CCN(C3CCN(C)CC3)CC2)cc2cn[nH]c12,8.78,train,<rdkit.Chem.rdchem.Mol object at 0x7fcdd956c9e0>
[2H]C([2H])([2H])c1ccc(C(=O)C(C)CN2CCCCC2)cc1,8.78,train,<rdkit.Chem.rdchem.Mol object at 0x7fcdd956ca50>
CC(=O)Oc1cc(C(C)C)c(OCCN(C)C)cc1C,8.79,test,<rdkit.Chem.rdchem.Mol object at 0x7fcdd956cac0>
CNCCON=c1c2ccccc2ccc2ccccc12,8.79,test,<rdkit.Chem.rdchem.Mol object at 0x7fcdd956cb30>
C[C@@H]1CN(c2c(F)c(N)c3c(=O)c(C(=O)O)cn(C4CC4)c3c2F)C[C@H](C)N1,8.79,test,<rdkit.Chem.rdchem.Mol object at 0x7fcdd956cba0>
c1ccc2nc(N3CCNCC3)ccc2c1,8.79,train,<rdkit.Chem.rdchem.Mol object at 0x7fcdd956cc10>
Cc1nc2c(C)cccn2c(=O)c1CCN1CCC(c2noc3cc(F)ccc23)CC1,8.79,train,<rdkit.Chem.rdchem.Mol object at 0x7fcdd956cd60>
CC1(C)OC[C@@H](COC(=O)CCc2ccc(OC[C@@H](O)CNCCNC(=O)N3CCOCC3)cc2)O1,8.79,train,<rdkit.Chem.rdchem.Mol object at 0x7fcdd956cdd0>
Cc1nc(-c2ccc(/N=C/NC(C)C)cc2)c[nH]1,8.79,train,<rdkit.Chem.rdchem.Mol object at 0x7fcdd956ce40>
C#CCCN1CCC2(O)c3cc(O)ccc3CC1C2(C)C,8.79,train,<rdkit.Chem.rdchem.Mol object at 0x7fcdd956ceb0>
COCCCP(CCCOC)CCCOC,8.79,train,<rdkit.Chem.rdchem.Mol object at 0x7fcdd956d000>
C[C@H](CCOc1cccc(CC(=O)O)c1)N(Cc1cccc(C(F)(F)F)c1Cl)CC(c1ccccc1)c1ccccc1,8.79,train,<rdkit.Chem.rdchem.Mol object at 0x7fcdd956d0e0>
CC(C)CC(=O)Nc1n[nH]c2c1CN(C(=O)C1CCN(C)CC1)C2(C)C,8.79,train,<rdkit.Chem.rdchem.Mol object at 0x7fcdd956d150>
CNC(=O)n1ccc2cc(Oc3ccnc(NC(=O)c4ccc(C5CCN(CCO)CC5)cc4)c3)c(OCCOC)cc21,8.79,train,<rdkit.Chem.rdchem.Mol object at 0x7fcdd956d230>
OCCN1CCCN(CCCN2c3ccccc3Sc3ccc(C(F)(F)F)cc32)CC1,8.8,train,<rdkit.Chem.rdchem.Mol object at 0x7fcdd956d310>
OC(COc1cccc2[nH]ccc12)CN1CCC(COc2ccccc2)CC1,8.8,train,<rdkit.Chem.rdchem.Mol object at 0x7fcdd956d380>
CCN(C)C(=O)Oc1cccc([C@H](C)N(C)C)c1,8.8,train,<rdkit.Chem.rdchem.Mol object at 0x7fcdd956d3f0>
COc1cc(C(=O)Nc2c(Br)cc(Br)cc2CN(C)C2CCCCC2)ccc1OC(C)=O,8.8,train,<rdkit.Chem.rdchem.Mol object at 0x7fcdd956d460>
O=S(=O)(CCCOCCc1ccccc1)CCNCCc1ccc(O)c2nc(O)sc12,8.8,train,<rdkit.Chem.rdchem.Mol object at 0x7fcdd956d4d0>
COc1cc(N)c(Cl)cc1C(=O)NC1CCN2CCCC1C2,8.8,train,<rdkit.Chem.rdchem.Mol object at 0x7fcdd956d5b0>
CN[C@H]1CN(c2ccc3c(=O)c(C(=O)O)cn(-c4nccs4)c3n2)C[C@@H]1OC,8.8,train,<rdkit.Chem.rdchem.Mol object at 0x7fcdd956d690>
C=CCN1CC[C@]23c4c5ccc(O)c4O[C@H]2[C@@H](O)C=C[C@H]3[C@H]1C5,8.81,test,<rdkit.Chem.rdchem.Mol object at 0x7fcdd956d700>
c1cc(-c2cnn3cc(-c4ccc(OCCN5CCCCC5)cc4)cnc23)cs1,8.81,test,<rdkit.Chem.rdchem.Mol object at 0x7fcdd956d770>
CC(C)(C(=O)O)c1cn2nc(NCCCN3CCC(OC(c4ccccc4)c4ccccc4)CC3)ccc2n1,8.81,test,<rdkit.Chem.rdchem.Mol object at 0x7fcdd956d7e0>
CCOc1cc2ncc(C#N)c(Nc3ccc(OCc4cccc(F)c4)c(Cl)c3)c2cc1NC(=O)/C=C/CN(C)C,8.81,test,<rdkit.Chem.rdchem.Mol object at 0x7fcdd956d850>
CN1CCC(CN2c3ccccc3Sc3ccccc32)C1,8.81,train,<rdkit.Chem.rdchem.Mol object at 0x7fcdd956d930>
COc1cc2c(cc1OC)C(C)N(CCc1ccc(N)cc1)CC2,8.81,train,<rdkit.Chem.rdchem.Mol object at 0x7fcdd956d9a0>
CN(C)CC[C@]1(c2ccccc2)CCc2ccccc2C1=O,8.81,train,<rdkit.Chem.rdchem.Mol object at 0x7fcdd956da10>
COc1ccc(OCCCN(C)CCOc2ccc3c(c2)OCO3)c([C@H]2Sc3ccccc3N(C)C2=O)c1,8.81,train,<rdkit.Chem.rdchem.Mol object at 0x7fcdd956da80>
CN(C)CCC1(c2ccccc2)CCc2ccccc2C1=O,8.81,train,<rdkit.Chem.rdchem.Mol object at 0x7fcdd956daf0>
CCOC(=O)C1(c2ccccc2)CCN(CCc2ccccc2)CC1,8.81,train,<rdkit.Chem.rdchem.Mol object at 0x7fcdd956db60>
CCOc1cc2ncc(C#N)c(Nc3ccc(F)c(Cl)c3)c2cc1NC(=O)/C=C/CN(C)C,8.81,train,<rdkit.Chem.rdchem.Mol object at 0x7fcdd956dbd0>
COc1ccc(OCCCN(C)CCOc2ccc3c(c2)OCO3)c([C@@H]2Sc3ccccc3N(C)C2=O)c1,8.81,train,<rdkit.Chem.rdchem.Mol object at 0x7fcdd956dc40>
CN(C)C/C=C/C(=O)Nc1cc2c(Nc3ccc(F)c(Cl)c3)ncnc2cc1O[C@H]1CCOC1,8.81,train,<rdkit.Chem.rdchem.Mol object at 0x7fcdd956dd20>
CS(=O)(=O)n1cc2c(n1)CN([C@H]1CO[C@H](c3cc(F)ccc3F)[C@@H](N)C1)C2,8.81,train,<rdkit.Chem.rdchem.Mol object at 0x7fcdd956dd90>
CN(C)C/C=C/C(=O)Nc1cc2c(Nc3ccc(Cl)c(Br)c3)ncnc2cn1,8.81,train,<rdkit.Chem.rdchem.Mol object at 0x7fcdd956de00>
Cc1cc(C(=O)Nc2nc3cccc(Cl)c3n2[C@@H]2CCCCN(C(=O)/C=C/CN(C)C)C2)ccn1,8.81,train,<rdkit.Chem.rdchem.Mol object at 0x7fcdd956de70>
CC(C)N1C2CCCC1CC(OC(=O)C(CO)c1ccccc1)C2,8.81,train,<rdkit.Chem.rdchem.Mol object at 0x7fcdd956dee0>
CCCNc1nc(Nc2ccc(C#N)cc2)ncc1C#CCCCNC(=O)[C@H](C)N(C)C(=O)/C=C/CN(C)C,8.81,train,<rdkit.Chem.rdchem.Mol object at 0x7fcdd956df50>
CS(=O)(=O)n1cc2c(n1)CN([C@@H]1C[C@H](N)[C@@H](c3cc(F)ccc3F)O[C@@H]1C(F)(F)F)C2,8.81,train,<rdkit.Chem.rdchem.Mol object at 0x7fcdd956dfc0>
CCCNC(C)C(=O)Nc1ccccc1C,8.82,test,<rdkit.Chem.rdchem.Mol object at 0x7fcdd956e0a0>
CCCNC(=O)c1ccc2c(c1)N([C@H](C)CN1CCCC1)c1ccccc1S2,8.82,test,<rdkit.Chem.rdchem.Mol object at 0x7fcdd956e110>
Clc1ccc(C(OCCN2CCCCC2)c2ccccc2)cc1,8.82,train,<rdkit.Chem.rdchem.Mol object at 0x7fcdd956e1f0>
c1ccc(Cn2c(N3CCNCC3)nc3ccccc32)cc1,8.82,train,<rdkit.Chem.rdchem.Mol object at 0x7fcdd956e260>
CO[C@@]1(NC(=O)CSC[C@@H](N)C(=O)O)C(=O)N2C(C(=O)O)=C(CSc3nnnn3C)CS[C@@H]21,8.82,train,<rdkit.Chem.rdchem.Mol object at 0x7fcdd956e2d0>
Clc1ccc2c(c1)C(N1CCNCC1)=Nc1ccccc1O2,8.83,test,<rdkit.Chem.rdchem.Mol object at 0x7fcdd956e420>
COC(=O)C(CN)c1c[nH]c2ccc(OC)cc12,8.83,test,<rdkit.Chem.rdchem.Mol object at 0x7fcdd956e490>
CCC(=O)C(CCN(C)C)(c1ccccc1)c1ccccc1,8.83,train,<rdkit.Chem.rdchem.Mol object at 0x7fcdd956e500>
CC(C)N1CCC(N(C(=O)Cc2ccccc2)c2ccc(Cl)cc2)CC1,8.83,train,<rdkit.Chem.rdchem.Mol object at 0x7fcdd956e5e0>
c1cc2c(c(N3CCNCC3)c1)OCCO2,8.83,train,<rdkit.Chem.rdchem.Mol object at 0x7fcdd956e650>
COc1ccc(S(N)(=O)=O)cc1C(=O)NCC1CCCN1CC1CC1,8.83,train,<rdkit.Chem.rdchem.Mol object at 0x7fcdd956e6c0>
c1ccc(C(CCNc2ccncc2)c2ccccc2)cc1,8.83,train,<rdkit.Chem.rdchem.Mol object at 0x7fcdd956e730>
CONC(=N)c1ccc(-c2ccc(-c3ccc(C(=N)NOC)cc3)o2)cc1,8.83,train,<rdkit.Chem.rdchem.Mol object at 0x7fcdd956e7a0>
CC[C@@H]1CN2CCc3c([nH]c4ccccc34)[C@@](C(=O)OC)(c3cc4c(cc3OC)N(C)[C@H]3[C@@](O)(C(=O)OC)[C@H](OC(C)=O)[C@]5(CC)C=CCN6CC[C@]43[C@@H]65)C[C@@H](C2)C1O,8.83,train,<rdkit.Chem.rdchem.Mol object at 0x7fcdd956e810>
Cc1ccc(N2CCNCC2)c(S(=O)(=O)O)c1,8.84,test,<rdkit.Chem.rdchem.Mol object at 0x7fcdd956e880>
NC(=O)[C@@H]1CC[C@H](c2ccc(OCc3ccccc3F)cc2)N1,8.84,test,<rdkit.Chem.rdchem.Mol object at 0x7fcdd956e8f0>
CCN(CC)CCOC(=O)c1cccc(-c2ccccc2)c1O,8.84,train,<rdkit.Chem.rdchem.Mol object at 0x7fcdd956e960>
C#CCN1CCC2=C(C1)c1c(OC(=O)CCCN3CCCCC3)cc(C(C)C(C)CCCCC)cc1OC2(C)C,8.84,train,<rdkit.Chem.rdchem.Mol object at 0x7fcdd956e9d0>
CCC(=O)N(c1ccc(Cl)c(Cl)c1)C1CCCC1N(C)C,8.84,train,<rdkit.Chem.rdchem.Mol object at 0x7fcdd956ea40>
CCc1cccc(N(C)C(=N)Nc2cccc3ccccc23)c1,8.84,train,<rdkit.Chem.rdchem.Mol object at 0x7fcdd956eab0>
CC#CC1(OCC(COCC(C)C)N2CCCC2)CCCCC1,8.84,train,<rdkit.Chem.rdchem.Mol object at 0x7fcdd956eb20>
CN1CCc2cc(Cl)c(O)cc2[C@@H](c2cccc3c2OCC3)C1,8.84,train,<rdkit.Chem.rdchem.Mol object at 0x7fcdd956eb90>
CN1[C@H]2C[C@H](OC(=O)[C@H](CO)c3ccccc3)C[C@@H]1[C@@H](O)C2,8.84,train,<rdkit.Chem.rdchem.Mol object at 0x7fcdd956ec00>
NCc1cc(Oc2cccc(C(=O)N3C[C@@H](O)[C@H](F)C3)c2)nc(C(F)(F)F)c1,8.84,train,<rdkit.Chem.rdchem.Mol object at 0x7fcdd956ece0>
c1ccc(C(OCCN2CCCCC2)c2ccccc2)cc1,8.85,train,<rdkit.Chem.rdchem.Mol object at 0x7fcdd956ee30>
COc1cc2c(cc1OC)[C@@]13CCN4CC5=CCO[C@H]6CC(=O)N2[C@H]1[C@H]6[C@H]5C[C@H]43,8.85,train,<rdkit.Chem.rdchem.Mol object at 0x7fcdd956eea0>
COC(=O)[C@H]1[C@@H](OC(=O)c2ccccc2)C[C@@H]2CC[C@H]1N2C,8.85,train,<rdkit.Chem.rdchem.Mol object at 0x7fcdd956ef10>
Cc1ccc(Sc2ccccc2N2CCNCC2)c(C)c1,8.85,train,<rdkit.Chem.rdchem.Mol object at 0x7fcdd956eff0>
CC(C)N1C[C@@H]2C[C@H]1CN2c1ccc(Nc2ncc(-c3coc(C(N)=O)c3)n3ncnc23)cc1,8.85,train,<rdkit.Chem.rdchem.Mol object at 0x7fcdd956f060>
Cc1c(Br)c(Br)c2c3c1nc(N1CCNCC1)n3CCC2,8.85,train,<rdkit.Chem.rdchem.Mol object at 0x7fcdd956f0d0>
CC[C@]1(O)C[C@@H]2CN(CCc3c([nH]c4ccccc34)[C@@](C(=O)OC)(c3cc4c(cc3OC)N(C)[C@H]3[C@@](O)(C(=O)OC)[C@H](OC(=O)CN(C)C)[C@]5(CC)C=CCN6CC[C@]43[C@@H]65)C2)C1,8.86,test,<rdkit.Chem.rdchem.Mol object at 0x7fcdd956f1b0>
CN(CCO)CC(O)Cn1cnc2c1c(=O)n(C)c(=O)n2C,8.86,train,<rdkit.Chem.rdchem.Mol object at 0x7fcdd956f290>
CCCCCCCCCCCCCCCC(=O)OCCC1CCN(CCCN2c3ccccc3Sc3ccc(S(=O)(=O)N(C)C)cc32)CC1,8.86,train,<rdkit.Chem.rdchem.Mol object at 0x7fcdd956f300>
CCC(=O)N(c1ccccc1)C1(COC)CCN(CCc2cccs2)CC1,8.86,train,<rdkit.Chem.rdchem.Mol object at 0x7fcdd956f370>
NCCON=C1c2ccccc2C2CC2c2ccccc21,8.86,train,<rdkit.Chem.rdchem.Mol object at 0x7fcdd956f3e0>
CC(CO)(CO)NCc1cc2c3ccccc3ccc2c2ccccc12,8.86,train,<rdkit.Chem.rdchem.Mol object at 0x7fcdd956f450>
C#CC(C)(OCC(COCC(C)C)N1CCCC1)c1ccccc1,8.86,train,<rdkit.Chem.rdchem.Mol object at 0x7fcdd956f530>
CN(C/C=C/C#CC(C)(C)C)Cc1cccc2ccccc12,8.86,train,<rdkit.Chem.rdchem.Mol object at 0x7fcdd956f5a0>
COCCCC/C(=N\OCCN)c1ccc(C(F)(F)F)cc1,8.86,train,<rdkit.Chem.rdchem.Mol object at 0x7fcdd956f610>
CC(=O)c1c(C)c2cnc(Nc3ccc(N4CCNCC4)cn3)nc2n(C2CCCC2)c1=O,8.86,train,<rdkit.Chem.rdchem.Mol object at 0x7fcdd956f680>
COCCCC/C(=N/OCCN)c1ccc(Cl)cc1,8.86,train,<rdkit.Chem.rdchem.Mol object at 0x7fcdd956f6f0>
Fc1ccc(-c2cncc(CNC[C@H]3CCc4ccccc4O3)c2)cc1,8.86,train,<rdkit.Chem.rdchem.Mol object at 0x7fcdd956f7d0>
CC([C@H](O)c1ccccc1)N(C)C,8.86,train,<rdkit.Chem.rdchem.Mol object at 0x7fcdd956f840>
c1cc(OCCN2CCCCC2)cc(-c2n[nH]c3ccc(-c4nnc[nH]4)cc23)c1,8.86,train,<rdkit.Chem.rdchem.Mol object at 0x7fcdd956f8b0>
CN(C)C(=O)c1cc2cnc(Nc3ccc(N4CCNCC4)cn3)nc2n1C1CCCC1.O=C(O)CCC(=O)O,8.86,train,<rdkit.Chem.rdchem.Mol object at 0x7fcdd956fa00>
COCCCN1CCC(c2nnc(-c3nn(C(C)C)c4ccccc34)o2)CC1,8.86,train,<rdkit.Chem.rdchem.Mol object at 0x7fcdd956fa70>
C1=C/COCc2cc(ccc2OCCN2CCCC2)Nc2nccc(n2)-c2ccc(o2)COC/1,8.86,train,<rdkit.Chem.rdchem.Mol object at 0x7fcdd956fae0>
CC1=Nc2c(F)cc(-c3nc(Nc4ccc(C5CCN(C)CC5)cn4)ncc3F)cc2C12CCCC2,8.86,train,<rdkit.Chem.rdchem.Mol object at 0x7fcdd956fb50>
Cc1cc(S(=O)(=O)Nc2cscn2)c(F)cc1N(C)[C@H]1CCN(Cc2ccccc2)C1,8.86,train,<rdkit.Chem.rdchem.Mol object at 0x7fcdd956fbc0>
Nc1ncnc2c([C@@H]3N[C@H](COP(=O)(O)O)[C@@H](O)[C@H]3O)c[nH]c12,8.86,train,<rdkit.Chem.rdchem.Mol object at 0x7fcdd956fca0>
CN(C)CCOC(c1ccccc1)c1ccccc1.O=C(O)CC(O)(CC(=O)O)C(=O)O,8.87,test,<rdkit.Chem.rdchem.Mol object at 0x7fcdd956fd10>
CC(=O)N(CC[C@@](CCN1CCCCC1)(C(N)=O)c1ccccc1Cl)C(C)C,8.87,test,<rdkit.Chem.rdchem.Mol object at 0x7fcdd956fd80>
Clc1cccc(N2CCNCC2)c1,8.87,train,<rdkit.Chem.rdchem.Mol object at 0x7fcdd956fdf0>
CN(C)CCOC(c1ccccc1)c1ccc(Br)cc1,8.87,train,<rdkit.Chem.rdchem.Mol object at 0x7fcdd956fe60>
CN(C)CCC(O)(c1ccccc1)c1ccccc1Cl,8.87,train,<rdkit.Chem.rdchem.Mol object at 0x7fcdd956ff40>
CN(C)CCOC(c1ccccc1)c1ccccc1,8.87,train,<rdkit.Chem.rdchem.Mol object at 0x7fcdd9570040>
CN1CCC(OC(c2ccccc2)c2ccccc2)CC1,8.87,train,<rdkit.Chem.rdchem.Mol object at 0x7fcdd95700b0>
CN(C)CCOC(C)(c1ccccc1)c1ccccn1,8.87,train,<rdkit.Chem.rdchem.Mol object at 0x7fcdd9570120>
Cc1ccccc1C(OCCN(C)C)c1ccccc1,8.87,train,<rdkit.Chem.rdchem.Mol object at 0x7fcdd9570190>
CN(C)CCOC(C)(c1ccccc1)c1ccc(Cl)cc1,8.87,train,<rdkit.Chem.rdchem.Mol object at 0x7fcdd9570200>
N#CC(CCN1CCC(C(N)=O)(N2CCCCC2)CC1)(c1ccccc1)c1ccccc1,8.87,train,<rdkit.Chem.rdchem.Mol object at 0x7fcdd9570270>
CN(C)CCOCCOC(=O)N1c2ccccc2Sc2ccccc21,8.87,train,<rdkit.Chem.rdchem.Mol object at 0x7fcdd95702e0>
COc1ccc(C(OCCN(C)C)c2ccccc2)cc1,8.87,train,<rdkit.Chem.rdchem.Mol object at 0x7fcdd9570350>
CN(C)CCOC(C)(c1ccccc1)c1ccccn1.O=C(O)CCC(=O)O,8.87,train,<rdkit.Chem.rdchem.Mol object at 0x7fcdd95703c0>
Cc1cccc(C)c1C(OCCOCCN(C)C)c1c(C)cccc1C,8.87,train,<rdkit.Chem.rdchem.Mol object at 0x7fcdd9570430>
CN(C)CCOC(C)(c1ccccc1)c1ccc(Br)cc1,8.87,train,<rdkit.Chem.rdchem.Mol object at 0x7fcdd95704a0>
Cc1ccccc1C(OCCN(C)C)c1ccccc1.O=C(O)CC(O)(CC(=O)O)C(=O)O,8.87,train,<rdkit.Chem.rdchem.Mol object at 0x7fcdd9570580>
CN(C)CCOC(c1ccccc1)c1ccccc1C(C)(C)C,8.87,train,<rdkit.Chem.rdchem.Mol object at 0x7fcdd95705f0>
O=C(OC1CN2CCC1CC2)c1ccccc1,8.87,train,<rdkit.Chem.rdchem.Mol object at 0x7fcdd9570660>
Cc1ccc2c(c1)C1CN(C)CCC1N2,8.87,train,<rdkit.Chem.rdchem.Mol object at 0x7fcdd95706d0>
COc1cc(OC)c(C(=O)CCCN2CCCC(C)C2)c(OC)c1,8.87,train,<rdkit.Chem.rdchem.Mol object at 0x7fcdd9570740>
CN(C)CCOCCOC(=O)C1(c2ccccc2)CCCC1,8.87,train,<rdkit.Chem.rdchem.Mol object at 0x7fcdd95707b0>
CN(C)CCO[C@]1(c2ccccc2)C[C@H]2CC[C@]1(C)C2(C)C,8.87,train,<rdkit.Chem.rdchem.Mol object at 0x7fcdd9570820>
CN(C)CC(c1ccc(O)cc1)C1(O)CCCCC1,8.87,train,<rdkit.Chem.rdchem.Mol object at 0x7fcdd9570890>
CN(C)CCOC(c1ccccc1)c1ccnn1C,8.87,train,<rdkit.Chem.rdchem.Mol object at 0x7fcdd9570900>
CC1=C(c2ccc(O)cc2)[C@H](c2ccc(OCCN3CCCCC3)cc2)Oc2cc(O)ccc21,8.87,train,<rdkit.Chem.rdchem.Mol object at 0x7fcdd9570970>
CN(C)CCO[C@@H](c1ccc(Cl)cc1)c1ccccn1,8.87,train,<rdkit.Chem.rdchem.Mol object at 0x7fcdd95709e0>
CCc1cccc(CC)c1C(OCCN(C)C)c1ccccn1,8.87,train,<rdkit.Chem.rdchem.Mol object at 0x7fcdd9570a50>
CN(C)C[C@H](c1ccc(O)cc1)C1(O)CCCCC1,8.87,train,<rdkit.Chem.rdchem.Mol object at 0x7fcdd9570b30>
FC(F)(F)c1cccc(C2=CCN(CCc3ccc4ccncc4c3)CC2)c1,8.87,train,<rdkit.Chem.rdchem.Mol object at 0x7fcdd9570ba0>
Cc1ccc(C(=O)Oc2ccc(C(CN(C)C)C3(O)CCCCC3)cc2)cc1,8.87,train,<rdkit.Chem.rdchem.Mol object at 0x7fcdd9570c10>
CN(C)CCOC1(Cc2ccccc2)C[C@@H]2CC[C@]1(C)C2(C)C,8.87,train,<rdkit.Chem.rdchem.Mol object at 0x7fcdd9570c80>
O=C(O)CC1=C(S)CCN(Cc2ccccc2Cl)C1,8.87,train,<rdkit.Chem.rdchem.Mol object at 0x7fcdd9570cf0>
C=CC(=O)Nc1cc(Nc2nccc(-c3cn(C)c4ccccc34)n2)c(OC)cc1N(C)CCN(C)C,8.87,train,<rdkit.Chem.rdchem.Mol object at 0x7fcdd9570d60>
C=CC(=O)Nc1cc(Nc2ncc(C(=O)OC(C)C)c(-c3cn(C)c4ccccc34)n2)c(OC)cc1N(C)CCN(C)C,8.87,train,<rdkit.Chem.rdchem.Mol object at 0x7fcdd9570dd0>
C=CC(=O)Nc1cc(Nc2nccc(-c3cn(C4CC4)c4ccccc34)n2)c(OC)cc1N(C)CCN(C)C,8.87,train,<rdkit.Chem.rdchem.Mol object at 0x7fcdd9570e40>
CC(C)c1c2cc(-c3nc(Nc4ccc(N5CCNCC5)cn4)ncc3F)ccc2nn1C,8.87,train,<rdkit.Chem.rdchem.Mol object at 0x7fcdd9570eb0>
C=CC(=O)Nc1cc(Nc2nccc(-c3cn(CC(F)(F)F)c4ccccc34)n2)c(OC)cc1N(C)CCN(C)C,8.87,train,<rdkit.Chem.rdchem.Mol object at 0x7fcdd9570f20>
C=CC(=O)Nc1cc(Nc2ncc(C(=O)OC(C)C)c(-c3cn(C)c4ccccc34)n2)c(OC)cc1N(C)CCN(C)C.O=C(O)CCC(=O)O,8.87,train,<rdkit.Chem.rdchem.Mol object at 0x7fcdd9570f90>
CN1CCCC(n2nc(Cc3ccc(Cl)cc3)c3ccccc3c2=O)CC1,8.88,train,<rdkit.Chem.rdchem.Mol object at 0x7fcdd95710e0>
N/N=c1\[nH]ncc2ccccc12,8.88,train,<rdkit.Chem.rdchem.Mol object at 0x7fcdd9571150>
CCOC(=O)C1(c2ccccc2)CCN(CCc2ccc(N)cc2)CC1,8.88,train,<rdkit.Chem.rdchem.Mol object at 0x7fcdd95711c0>
CN1CCC(OC2c3ccccc3CCc3ccccc32)CC1,8.88,train,<rdkit.Chem.rdchem.Mol object at 0x7fcdd9571230>
CC(Cc1ccccc1)NCc1ccccc1Cl,8.88,train,<rdkit.Chem.rdchem.Mol object at 0x7fcdd95712a0>
C[C@H]1NCc2cc(-c3ccc4c(=O)c(C(=O)O)cn(C5CC5)c4c3OC(F)F)ccc21,8.88,train,<rdkit.Chem.rdchem.Mol object at 0x7fcdd9571310>
CC[C@@H]1CCN[C@H](C(=O)N[C@@H]([C@H]2O[C@H](SC)[C@H](O)[C@@H](O)[C@H]2O)[C@H](C)Cl)C1,8.88,train,<rdkit.Chem.rdchem.Mol object at 0x7fcdd95713f0>
C[C@H](NCC=C(c1ccsc1)c1ccsc1)[C@H](O)c1ccccc1,8.88,train,<rdkit.Chem.rdchem.Mol object at 0x7fcdd95714d0>
Cc1cccc(C)c1NCCNCC(O)COc1cccc2[nH]ncc12,8.88,train,<rdkit.Chem.rdchem.Mol object at 0x7fcdd9571540>
O=C1CC[C@@]2(O)[C@H]3Cc4ccc(O)c5c4[C@@]2(CCN3CC2CC2)[C@H]1O5,8.88,train,<rdkit.Chem.rdchem.Mol object at 0x7fcdd95715b0>
O=C(O[C@H]1CN2CCC1CC2)N(Cc1cc(F)c(F)c(F)c1)c1cccc(F)c1,8.88,train,<rdkit.Chem.rdchem.Mol object at 0x7fcdd9571620>
Cc1ccc(Cc2ccccc2)c(N2CCNCC2)c1,8.89,test,<rdkit.Chem.rdchem.Mol object at 0x7fcdd9571690>
NC(=O)C1(N2CCCCC2)CCN(CCCN2c3ccccc3CCc3ccc(Cl)cc32)CC1,8.89,train,<rdkit.Chem.rdchem.Mol object at 0x7fcdd9571770>
CCN(CC)CCOc1ccc2c(c1)C(=O)c1cc(OCCN(CC)CC)ccc1-2,8.89,train,<rdkit.Chem.rdchem.Mol object at 0x7fcdd9571850>
CCCCNc1c2c(nc3ccccc13)CCCC2,8.89,train,<rdkit.Chem.rdchem.Mol object at 0x7fcdd95718c0>
CCN(CC)CCOC(=O)c1ccccc1O,8.89,train,<rdkit.Chem.rdchem.Mol object at 0x7fcdd9571930>
CN1CC[C@]23c4c5ccc(O)c4O[C@H]2[C@@H](O)CC[C@@]3(O)[C@H]1C5,8.89,train,<rdkit.Chem.rdchem.Mol object at 0x7fcdd95719a0>
Cc1c(C=Cc2cc(CNC(C)(CO)C(=O)O)ccc2C(F)(F)F)cccc1-c1ccc2c(c1)OCCO2,8.89,train,<rdkit.Chem.rdchem.Mol object at 0x7fcdd9571af0>
CCC(=O)OC1(c2ccccc2)CCN(C)CC1C,8.9,test,<rdkit.Chem.rdchem.Mol object at 0x7fcdd9571b60>
CN(C)CC(C)(C)OC(=O)C(O)(c1ccccc1)c1ccccc1,8.9,test,<rdkit.Chem.rdchem.Mol object at 0x7fcdd9571bd0>
CN(C)CCN(Cc1cccs1)c1ccccc1,8.9,train,<rdkit.Chem.rdchem.Mol object at 0x7fcdd9571c40>
CC1CCN(CCCC(=O)c2ccc(F)cc2)CC1,8.9,train,<rdkit.Chem.rdchem.Mol object at 0x7fcdd9571cb0>
OC(CNCC(O)C1CCc2cc(F)ccc2O1)C1CCc2cc(F)ccc2O1,8.9,train,<rdkit.Chem.rdchem.Mol object at 0x7fcdd9571d90>
CN(C)CCN(Cc1nc2cc(Cl)ccc2[nH]1)c1ccccc1,8.9,train,<rdkit.Chem.rdchem.Mol object at 0x7fcdd9571e00>
O[C@@H](CNC[C@H](O)[C@H]1CCc2cc(F)ccc2O1)[C@@H]1CCc2cc(F)ccc2O1,8.9,train,<rdkit.Chem.rdchem.Mol object at 0x7fcdd9571f50>
c1cc2c3c(c1)[C@H]1CCC[C@H]1CN3CCNC2,8.9,train,<rdkit.Chem.rdchem.Mol object at 0x7fcdd9571fc0>
CCC(=O)O[C@@]1(c2ccccc2)CCN(C)C[C@@H]1C,8.9,train,<rdkit.Chem.rdchem.Mol object at 0x7fcdd9572030>
CC[C@H](NC(=O)[C@H](C)NC)C(=O)N1C[C@@H](O)C[C@H]1Cc1c(-c2[nH]c3cc(F)ccc3c2C[C@@H]2C[C@H](O)CN2C(=O)[C@H](CC)NC(=O)[C@H](C)NC)[nH]c2cc(F)ccc12,8.9,train,<rdkit.Chem.rdchem.Mol object at 0x7fcdd95720a0>
Clc1ccc(C/C(=C\CN2CCCC2)c2ccccc2)cc1,8.91,test,<rdkit.Chem.rdchem.Mol object at 0x7fcdd9572110>
CN(C(=O)Cc1cccc([N+](=O)[O-])c1)[C@H]1c2ccccc2C[C@@H]1N1CCCC1,8.91,test,<rdkit.Chem.rdchem.Mol object at 0x7fcdd9572180>
COc1ccc(S(=O)(=O)N[C@@H](CNc2nc(C)nc(N3CCC(c4ccc5c(n4)NCCC5)CC3)c2C)C(=O)O)cc1,8.91,test,<rdkit.Chem.rdchem.Mol object at 0x7fcdd95721f0>
CC(CN1c2ccccc2Sc2cccnc21)N(C)C,8.91,train,<rdkit.Chem.rdchem.Mol object at 0x7fcdd95722d0>
NCC(O)c1cccc(O)c1,8.91,train,<rdkit.Chem.rdchem.Mol object at 0x7fcdd9572340>
COc1ccc(C(CN(C)C)C2(O)CCCCC2)cc1,8.91,train,<rdkit.Chem.rdchem.Mol object at 0x7fcdd95723b0>
CNC[C@H](O)c1ccc(O)c(O)c1,8.91,train,<rdkit.Chem.rdchem.Mol object at 0x7fcdd9572420>
CCC(C)(CN(C)C)OC(=O)c1ccccc1,8.91,train,<rdkit.Chem.rdchem.Mol object at 0x7fcdd9572490>
NC(=O)OC1CCN(CCCC(=O)c2ccc(F)cc2)C2CCCCC12,8.91,train,<rdkit.Chem.rdchem.Mol object at 0x7fcdd9572500>
O=C(CN1CCNCC1)NC1CCCCC1,8.91,train,<rdkit.Chem.rdchem.Mol object at 0x7fcdd9572570>
CCCCOC(=O)CC(c1ccccc1)N1CCCCC1,8.91,train,<rdkit.Chem.rdchem.Mol object at 0x7fcdd95725e0>
Nc1ccc(Cc2ccc(F)cc2)c(N)n1,8.91,train,<rdkit.Chem.rdchem.Mol object at 0x7fcdd9572650>
N[C@@H](CCC(=O)N[C@@H](CS(=O)(=O)CCOP(=O)(N(CCCl)CCCl)N(CCCl)CCCl)C(=O)N[C@@H](C(=O)O)c1ccccc1)C(=O)O,8.91,train,<rdkit.Chem.rdchem.Mol object at 0x7fcdd95726c0>
COc1nc2ccc(Br)cc2cc1[C@@H](c1ccccc1)[C@@](O)(CCN(C)C)c1cccc2ccccc12,8.91,train,<rdkit.Chem.rdchem.Mol object at 0x7fcdd9572730>
COc1ccc(C(CN(C)C)C2(O)CCCCC2)cc1.O=S(=O)(O)c1ccccc1,8.91,train,<rdkit.Chem.rdchem.Mol object at 0x7fcdd95727a0>
CN1Cc2cc(-c3ccc(N)nn3)ccc2[C@H](c2ccc3ccccc3c2)C1,8.91,train,<rdkit.Chem.rdchem.Mol object at 0x7fcdd9572810>
CCCNC(C)(C)C(=O)Nc1ccccc1C,8.92,test,<rdkit.Chem.rdchem.Mol object at 0x7fcdd95728f0>
NC(=O)C1(N2CCCCC2)CCN(CCCN2c3ccccc3CCc3ccccc32)CC1,8.92,train,<rdkit.Chem.rdchem.Mol object at 0x7fcdd9572960>
CN(C)CCOC1=Cc2ccccc2Sc2ccc(Cl)cc21,8.92,train,<rdkit.Chem.rdchem.Mol object at 0x7fcdd95729d0>
COc1ccc(C(=C(c2ccccc2)[N+](=O)[O-])c2ccc(OCCN3CCCC3)cc2)cc1.O=C(O)CC(O)(CC(=O)O)C(=O)O,8.92,train,<rdkit.Chem.rdchem.Mol object at 0x7fcdd9572a40>
NNc1ccc(N(CCO)CCO)nn1,8.92,train,<rdkit.Chem.rdchem.Mol object at 0x7fcdd9572b20>
COc1ccc(C2(c3ccccc3)NC(=O)N(CCCN3CCC(c4ccccc4)CC3)C2=O)cc1,8.92,train,<rdkit.Chem.rdchem.Mol object at 0x7fcdd9572b90>
CCN(CC)CCOC(=O)c1ccc(N)cc1O,8.92,train,<rdkit.Chem.rdchem.Mol object at 0x7fcdd9572c00>
COc1ccc(OC[C@H]2CN(C)CC[C@@H]2c2ccccc2)cc1,8.92,train,<rdkit.Chem.rdchem.Mol object at 0x7fcdd9572ce0>
COc1cc2c(cc1OC)[C@@H]1C[C@H](N)[C@@H](N3C[C@@H](CF)CC3=O)CN1CC2,8.92,train,<rdkit.Chem.rdchem.Mol object at 0x7fcdd9572d50>
CSc1ccc2c(c1)N(CCC1CCCCN1C)c1ccccc1S2,8.93,train,<rdkit.Chem.rdchem.Mol object at 0x7fcdd9572f10>
N[C@@H](CO)C(=O)O,8.93,train,<rdkit.Chem.rdchem.Mol object at 0x7fcdd9572f80>
CN(C)CCS,8.93,train,<rdkit.Chem.rdchem.Mol object at 0x7fcdd9572ff0>
NCc1ccccc1CC(=O)N[C@@H]1C(=O)N2C(C(=O)O)=C(CSc3nnnn3CC(=O)O)CS[C@H]12,8.93,train,<rdkit.Chem.rdchem.Mol object at 0x7fcdd9573060>
CN(C)CCC1CN(C)C(=S)c2cccnc2O1,8.93,train,<rdkit.Chem.rdchem.Mol object at 0x7fcdd95730d0>
COc1ccc2c(c1)N(CCC1CCCCN1C)c1ccccc1S2,8.93,train,<rdkit.Chem.rdchem.Mol object at 0x7fcdd9573140>
N[C@H](CO)C(=O)O,8.93,train,<rdkit.Chem.rdchem.Mol object at 0x7fcdd95731b0>
Oc1ccc(C(O)CNC2CCC2)cc1O,8.93,train,<rdkit.Chem.rdchem.Mol object at 0x7fcdd9573220>
Oc1ccc(C(O)C2CCCCN2)cc1O,8.93,train,<rdkit.Chem.rdchem.Mol object at 0x7fcdd9573290>
C(=C1\CCCCC1N1CCC1)\c1ccccc1,8.93,train,<rdkit.Chem.rdchem.Mol object at 0x7fcdd9573300>
CN1CCN(C2=Nc3cscc3/C(=C/C#N)c3cscc32)CC1,8.93,train,<rdkit.Chem.rdchem.Mol object at 0x7fcdd9573370>
C(=C1\CCCCC1N1CCC1)\c1ccccc1.O=C(O)CCC(=O)O,8.93,train,<rdkit.Chem.rdchem.Mol object at 0x7fcdd95733e0>
CC[C@H]1C[C@@H]2CN(CCc3c([nH]c4ccccc34)[C@@](C(=O)OC)(c3cc4c(cc3OC)N(C=O)[C@H]3[C@@](O)(C(=O)OC)[C@H](OC(C)=O)[C@]5(CC)C=CCN6CC[C@]43[C@@H]65)C2)C1,8.94,test,<rdkit.Chem.rdchem.Mol object at 0x7fcdd95734c0>
CCCCSc1ccc(C(SCCN(C)C)c2ccccc2)cc1,8.94,train,<rdkit.Chem.rdchem.Mol object at 0x7fcdd9573530>
NC(=O)c1ccc2c(c1O)[C@]13CCN(CC4CC4)[C@H](C2)[C@]1(O)CCC(=O)C3,8.94,train,<rdkit.Chem.rdchem.Mol object at 0x7fcdd95737d0>
CNCc1cc(-c2ccccc2F)n(S(=O)(=O)c2cccnc2)c1,8.94,train,<rdkit.Chem.rdchem.Mol object at 0x7fcdd9573840>
NC(=O)c1ccc2c(c1O)[C@]13CCN(CC4CC4)[C@H](C2)[C@]1(O)CCC(=O)C3.O=C(O)C[C@H](O)C(=O)O,8.94,train,<rdkit.Chem.rdchem.Mol object at 0x7fcdd95738b0>
CN1CCCC[C@@H]1C(C)(C)OC(=O)C(c1ccccc1)c1ccccc1,8.94,train,<rdkit.Chem.rdchem.Mol object at 0x7fcdd9573920>
Cc1ccccc1C(O)(c1ccccc1C)C1CN2CCC1CC2,8.95,test,<rdkit.Chem.rdchem.Mol object at 0x7fcdd9573990>
Nc1c2c(nc3ccccc13)CCCC2,8.95,train,<rdkit.Chem.rdchem.Mol object at 0x7fcdd9573a00>
COc1ccc2c(c1)CCC(c1ccccc1)=C2c1ccc(OCCN2CCCC2)cc1,8.95,train,<rdkit.Chem.rdchem.Mol object at 0x7fcdd9573a70>
NC(CO)(CO)CO,8.95,train,<rdkit.Chem.rdchem.Mol object at 0x7fcdd9573ae0>
NCc1cccnc1,8.95,train,<rdkit.Chem.rdchem.Mol object at 0x7fcdd9573b50>
c1ccc(N(CCN2CCCCC2)Cc2ccccn2)cc1,8.95,train,<rdkit.Chem.rdchem.Mol object at 0x7fcdd9573bc0>
CC(O)CN(C)c1ccc(NN)nn1,8.95,train,<rdkit.Chem.rdchem.Mol object at 0x7fcdd9573c30>
CC/C(=C(\c1ccc(I)cc1)c1ccc(OCCN2CCCC2)cc1)c1ccccc1,8.95,train,<rdkit.Chem.rdchem.Mol object at 0x7fcdd9573ca0>
CC(C)N(CCO/N=C1\CCCCC\C1=C/c1ccccc1)C(C)C,8.95,train,<rdkit.Chem.rdchem.Mol object at 0x7fcdd9573d10>
COc1ccc(C(=O)Nc2cccc(O)c2NC(=O)c2ccc(N3CCCN(C)CC3)cc2)cc1,8.95,train,<rdkit.Chem.rdchem.Mol object at 0x7fcdd9573d80>
N[C@@H]1c2cccnc2[C@H](OC(=O)N2CCC(n3c(=O)[nH]c4ncccc43)CC2)CC[C@H]1c1cccc(F)c1F,8.95,train,<rdkit.Chem.rdchem.Mol object at 0x7fcdd9573df0>
CCOC1(c2ccc(-c3cc4c(N5CCN(C(=O)O[C@@H]6CCOC6)CC5)ccnn4c3)nc2)CCN(C(C)C)CC1,8.95,train,<rdkit.Chem.rdchem.Mol object at 0x7fcdd9573e60>
CCN(CC)CCOC(=O)C1(C2CCCCC2)CCCCC1,8.96,test,<rdkit.Chem.rdchem.Mol object at 0x7fcdd9573ed0>
CCN1C(=O)c2ccccc2C1Nc1ccc(OCCN2CCCCC2)cc1,8.96,test,<rdkit.Chem.rdchem.Mol object at 0x7fcdd9573f40>
CCCCNc1ccc(C(=O)OCCN(CC)CC)cc1,8.96,test,<rdkit.Chem.rdchem.Mol object at 0x7fcdd95740b0>
CCN(CC)CCOC(=O)C1(c2ccccc2)CCCC1,8.96,test,<rdkit.Chem.rdchem.Mol object at 0x7fcdd9574120>
CCN(CC)CCOC(=O)C(C)(c1ccccc1)c1ccccc1,8.96,test,<rdkit.Chem.rdchem.Mol object at 0x7fcdd9574190>
CCOC(=O)N1CCC(C)(N2CCC(N3C(=O)N[C@H]4CCCC[C@@H]43)CC2)CC1,8.96,test,<rdkit.Chem.rdchem.Mol object at 0x7fcdd9574200>
CCN(CC)CCOC(=O)C(c1ccccc1)C1CCCCC1,8.96,train,<rdkit.Chem.rdchem.Mol object at 0x7fcdd95742e0>
CC(N)C(O)c1ccc(O)c(O)c1,8.96,train,<rdkit.Chem.rdchem.Mol object at 0x7fcdd9574350>
CCN(CC)CCOC(=O)C(Cc1cccc2ccccc12)CC1CCCO1,8.96,train,<rdkit.Chem.rdchem.Mol object at 0x7fcdd95743c0>
CCCCOc1cc(C(=O)OCCN(CC)CC)ccc1N,8.96,train,<rdkit.Chem.rdchem.Mol object at 0x7fcdd9574430>
CCCC(C(=O)OCCN(CC)CC)(c1ccccc1)c1ccccc1,8.96,train,<rdkit.Chem.rdchem.Mol object at 0x7fcdd95744a0>
CCN(CC)CCOC(=O)c1ccc(N)cc1,8.96,train,<rdkit.Chem.rdchem.Mol object at 0x7fcdd9574510>
CCCOc1ccc(C(=O)OCCN(CC)CC)cc1N,8.96,train,<rdkit.Chem.rdchem.Mol object at 0x7fcdd9574580>
CCCOc1cc(N)ccc1C(=O)OCCN(CC)CC,8.96,train,<rdkit.Chem.rdchem.Mol object at 0x7fcdd95745f0>
CCOc1ccc(C(=O)OCCN(CC)CC)cc1,8.96,train,<rdkit.Chem.rdchem.Mol object at 0x7fcdd9574660>
CCCCOc1cc(N)ccc1C(=O)OCCN(CC)CC,8.96,train,<rdkit.Chem.rdchem.Mol object at 0x7fcdd95746d0>
CCN(CC)CCOC(=O)c1ccc(N)cc1Cl,8.96,train,<rdkit.Chem.rdchem.Mol object at 0x7fcdd9574740>
CCN(CC)CCOC(=O)C(O)(c1ccccc1)c1ccccc1,8.96,train,<rdkit.Chem.rdchem.Mol object at 0x7fcdd95747b0>
CCCC1(c2cccc(O)c2)CCN(C)C1,8.96,train,<rdkit.Chem.rdchem.Mol object at 0x7fcdd9574820>
CCN(CC)CCOC(=O)N(c1ccccc1)c1ccccc1,8.96,train,<rdkit.Chem.rdchem.Mol object at 0x7fcdd9574890>
CCN(CC)CCc1nc(-c2ccccc2)no1,8.96,train,<rdkit.Chem.rdchem.Mol object at 0x7fcdd9574900>
O=C(OCCOCCN1CCCCC1)N1c2ccccc2Sc2cccnc21,8.96,train,<rdkit.Chem.rdchem.Mol object at 0x7fcdd95749e0>
CCN(CC)CCOC(=O)Cc1cc(I)c(Oc2ccc(OC)c(I)c2)c(I)c1,8.96,train,<rdkit.Chem.rdchem.Mol object at 0x7fcdd9574a50>
CCC(C(=O)OCCN(CC)CC)c1ccccc1,8.96,train,<rdkit.Chem.rdchem.Mol object at 0x7fcdd9574ac0>
FC(F)(F)c1ccc(-c2ccc(OCCN3CCCC3)cc2)cc1,8.96,train,<rdkit.Chem.rdchem.Mol object at 0x7fcdd9574ba0>
OC1(c2ccc(Cl)c(C(F)(F)F)c2)CCN(CCCC(c2ccc(F)cc2)c2ccc(F)cc2)CC1,8.96,train,<rdkit.Chem.rdchem.Mol object at 0x7fcdd9574c10>
O[C@H]1[C@H](O)[C@@H](O)CN2CC[C@H](O)[C@H]12,8.96,train,<rdkit.Chem.rdchem.Mol object at 0x7fcdd9574c80>
CN1C(=O)c2ccccc2C1Nc1ccc(OCCN2CCCCC2)cc1,8.96,train,<rdkit.Chem.rdchem.Mol object at 0x7fcdd9574cf0>
CCN(CC)CCOC(=O)[C@@H]1N2C(=O)[C@@H](NC(=O)c3c(OC)cccc3OC)[C@H]2SC1(C)C,8.96,train,<rdkit.Chem.rdchem.Mol object at 0x7fcdd9574d60>
COc1ccccc1OCCOCCOCCN1CCCCC1,8.96,train,<rdkit.Chem.rdchem.Mol object at 0x7fcdd9574dd0>
CN(C)[C@@H](CCOc1cccc2ccccc12)c1ccccc1,8.96,train,<rdkit.Chem.rdchem.Mol object at 0x7fcdd9574e40>
CCNC(C)C(O)c1ccc(O)c(O)c1,8.96,train,<rdkit.Chem.rdchem.Mol object at 0x7fcdd9574eb0>
CCN(CC)CCOC(=O)c1cccnc1,8.96,train,<rdkit.Chem.rdchem.Mol object at 0x7fcdd9574f20>
CCN(CC)CCOC(=O)[C@@H]1N2C(=O)[C@@H](NC(=O)Cc3ccccc3)[C@H]2SC1(C)C,8.96,train,<rdkit.Chem.rdchem.Mol object at 0x7fcdd9574f90>
CCN(CC)CCOC(=O)C1(c2ccc(C)c(C)c2)CCCC1,8.96,train,<rdkit.Chem.rdchem.Mol object at 0x7fcdd9575070>
FC(F)(F)c1cccc(C2=CCN(CCc3ccc4ccccc4c3)CC2)c1,8.96,train,<rdkit.Chem.rdchem.Mol object at 0x7fcdd95750e0>
Nc1ccccc1C(=O)C[C@H](N)C(=O)O,8.96,train,<rdkit.Chem.rdchem.Mol object at 0x7fcdd9575150>
Nc1cc(Cl)ccc1C(=O)CC(N)C(=O)O,8.96,train,<rdkit.Chem.rdchem.Mol object at 0x7fcdd9575230>
CCN(CC)CCOC(=O)N1CCC(Cc2ccccc2)CC1,8.96,train,<rdkit.Chem.rdchem.Mol object at 0x7fcdd95752a0>
CO/N=C(\C(=O)N[C@@H]1C(=O)N2C(C(=O)OCOC(=O)C(C)(C)C)=CCS[C@H]12)c1csc(NC(=O)[C@H](C)N)n1,8.96,train,<rdkit.Chem.rdchem.Mol object at 0x7fcdd9575380>
CCN(CC)CCOC(=O)[C@H](Cc1ccc(NC(=O)c2c(Cl)cccc2Cl)cc1)NC(=O)c1c(C)cccc1Cl,8.96,train,<rdkit.Chem.rdchem.Mol object at 0x7fcdd95753f0>
CC(C)NCC(O)c1ccc(O)c(O)c1.CC(C)NCC(O)c1ccc(O)c(O)c1,8.96,train,<rdkit.Chem.rdchem.Mol object at 0x7fcdd9575460>
CC(C)Oc1ccc(-c2nc(-c3cccc4c3CC[C@@H]4NCCO)no2)cc1C#N,8.96,train,<rdkit.Chem.rdchem.Mol object at 0x7fcdd9575540>
NCC(=O)Nc1cncc(-c2nn3c(=O)cc(N4CCNCC4)nc3s2)c1,8.97,test,<rdkit.Chem.rdchem.Mol object at 0x7fcdd9575620>
CC1(C)CCC2(CC1)N[C@@H](C(=O)N[C@@H]1CC[C@@H](C(N)=O)OC1)[C@H](c1ccnc(Cl)c1F)[C@]21C(=O)Nc2cc(Cl)ccc21,8.97,test,<rdkit.Chem.rdchem.Mol object at 0x7fcdd9575690>
O=C1NCC2(CCN(CCc3ccccc3)CC2)O1,8.97,train,<rdkit.Chem.rdchem.Mol object at 0x7fcdd9575700>
CCC(c1ccccc1)c1noc(CCN(CC)CC)n1,8.97,train,<rdkit.Chem.rdchem.Mol object at 0x7fcdd95757e0>
CCN(CC)CCN(CC)CC(=O)Nc1ccccc1Cl,8.97,train,<rdkit.Chem.rdchem.Mol object at 0x7fcdd9575850>
CCN(CC)CCOC(=O)C(c1ccccc1)N1CCCCC1,8.97,train,<rdkit.Chem.rdchem.Mol object at 0x7fcdd95758c0>
CN(C)CC1CCCCC1(O)c1cccc(O)c1,8.97,train,<rdkit.Chem.rdchem.Mol object at 0x7fcdd95759a0>
CC[C@H]1C[C@H]2C[C@H]3c4[nH]c5ccc(OC)cc5c4CCN(C2)[C@@H]13,8.97,train,<rdkit.Chem.rdchem.Mol object at 0x7fcdd9575a10>
CCC[C@@](C)(O)[C@H]1C[C@@]23C=C[C@]1(OC)[C@@H]1Oc4c(OC(C)=O)ccc5c4[C@@]12CCN(C)[C@@H]3C5,8.97,train,<rdkit.Chem.rdchem.Mol object at 0x7fcdd9575af0>
COc1cc2c(c(OC)n1)[C@]1(O)[C@H](O)[C@H](CN(C)C)[C@@H](c3ccccc3)[C@]1(c1ccc(C#N)cc1)O2,8.97,train,<rdkit.Chem.rdchem.Mol object at 0x7fcdd9575bd0>
NCC(O)c1ccc(O)cc1,8.98,train,<rdkit.Chem.rdchem.Mol object at 0x7fcdd9575c40>
CCC(N)C(O)c1ccc(O)c(O)c1,8.98,train,<rdkit.Chem.rdchem.Mol object at 0x7fcdd9575d20>
CC(C)(C)NCC(O)c1ccc(O)c(O)c1,8.98,train,<rdkit.Chem.rdchem.Mol object at 0x7fcdd9575d90>
Oc1ccc2c(c1)CC[C@H](c1ccccc1)[C@@H]2c1ccc(OCCN2CCCC2)cc1,8.98,train,<rdkit.Chem.rdchem.Mol object at 0x7fcdd9575e00>
CC1(CCN2CCCCC2)C(=O)CCc2ccccc21,8.98,train,<rdkit.Chem.rdchem.Mol object at 0x7fcdd9575e70>
COCCCN1CCC(NC(=O)c2cc(Cl)c(N)c3c2OCC3)CC1,8.98,train,<rdkit.Chem.rdchem.Mol object at 0x7fcdd9575ee0>
COCCCN1CCC(NC(=O)c2cc(Cl)c(N)c3c2OCC3)CC1.O=C(O)CCC(=O)O,8.98,train,<rdkit.Chem.rdchem.Mol object at 0x7fcdd9575f50>
Fc1cc(F)c2c(c1)C[C@@H](n1c(CCNCc3ccccc3)c[nH]c1=S)CO2,8.98,train,<rdkit.Chem.rdchem.Mol object at 0x7fcdd9575fc0>
CN(CCOc1ccc(NS(C)(=O)=O)cc1)CCc1ccc(NS(C)(=O)=O)cc1,8.99,test,<rdkit.Chem.rdchem.Mol object at 0x7fcdd9576030>
CC(CN1c2ccccc2Sc2ccc(S(=O)(=O)N(C)C)cc21)N(C)C,8.99,train,<rdkit.Chem.rdchem.Mol object at 0x7fcdd95760a0>
CN(C)CCN(C)n1cc(-c2ccccc2)c2ccccc21,8.99,train,<rdkit.Chem.rdchem.Mol object at 0x7fcdd9576110>
CN(C/C=C/c1ccccc1)Cc1cccc2ccccc12,8.99,train,<rdkit.Chem.rdchem.Mol object at 0x7fcdd9576180>
CCC[C@@](C)(O)[C@H]1C[C@@]23C=C[C@]1(OC)[C@@H]1Oc4c(O)ccc5c4[C@@]12CCN(C)[C@@H]3C5,8.99,train,<rdkit.Chem.rdchem.Mol object at 0x7fcdd95761f0>
OCCNCCOc1ccc(/C(=C(\c2ccccc2)C(F)(F)F)c2ccccc2)cc1,8.99,train,<rdkit.Chem.rdchem.Mol object at 0x7fcdd9576260>
CN1C2CCCC1CC(NC(=O)c1nn(C)c3ccccc13)C2,9.0,train,<rdkit.Chem.rdchem.Mol object at 0x7fcdd95762d0>
CC(COc1ccccc1)NC(C)C(O)c1ccc(O)cc1,9.0,train,<rdkit.Chem.rdchem.Mol object at 0x7fcdd9576340>
O=C(NC1CCN(CCc2c[nH]c3ccccc23)CC1)c1ccccc1,9.0,train,<rdkit.Chem.rdchem.Mol object at 0x7fcdd9576500>
COc1ccc2c(c1)OC(C)(C)[C@@H](c1ccccc1)[C@@H]2c1ccc(OCCN2CCCC2)cc1,9.0,train,<rdkit.Chem.rdchem.Mol object at 0x7fcdd9576570>
OC(c1ccccc1)(c1ccccc1)C1CN2CCC1CC2,9.0,train,<rdkit.Chem.rdchem.Mol object at 0x7fcdd95765e0>
COc1ccc2c(c1)OC(C)(C)C(c1ccccc1)C2c1ccc(OCCN2CCCC2)cc1,9.0,train,<rdkit.Chem.rdchem.Mol object at 0x7fcdd9576650>
CCOC(=O)C1(c2ccccc2)CCCN(C)CC1C,9.0,train,<rdkit.Chem.rdchem.Mol object at 0x7fcdd95766c0>
CNCc1ccccc1C(O)c1ccc(Cl)cc1,9.0,train,<rdkit.Chem.rdchem.Mol object at 0x7fcdd9576730>
Cc1cnc(Nc2ccc(OCCN3CCCC3)cc2)nc1Nc1cccc(S(=O)(=O)NC(C)(C)C)c1,9.0,train,<rdkit.Chem.rdchem.Mol object at 0x7fcdd95767a0>
CCN(CC)CCN1C(=O)c2ccccc2C1c1ccccc1,9.01,test,<rdkit.Chem.rdchem.Mol object at 0x7fcdd9576810>
CC(C)(C(=O)O)c1ccc(C(O)CCCN2CCC(C(O)(c3ccccc3)c3ccccc3)CC2)cc1,9.01,train,<rdkit.Chem.rdchem.Mol object at 0x7fcdd9576880>
C1OC1CN1CCC(C2CCN(CC3CO3)CC2)CC1,9.01,train,<rdkit.Chem.rdchem.Mol object at 0x7fcdd9576960>
CCCC1(C2=NCCN2)Cc2cccc3c2N1CC3,9.01,train,<rdkit.Chem.rdchem.Mol object at 0x7fcdd9576a40>
Cc1ccc(NC2=NCCN2)c(Cl)c1,9.01,train,<rdkit.Chem.rdchem.Mol object at 0x7fcdd9576ab0>
O=C(O)Cc1ccc(OCCNC[C@H](O)c2ccccc2)cc1,9.01,train,<rdkit.Chem.rdchem.Mol object at 0x7fcdd9576b20>
CCCN(C(C)C)[C@H]1COc2cccc(C(=O)NC(C)C)c2C1,9.01,train,<rdkit.Chem.rdchem.Mol object at 0x7fcdd9576c70>
COc1cccc2c1C(=O)c1c(O)c3c(c(O)c1C2=O)C[C@@](O)(C(=O)CO)C[C@@H]3O[C@H]1C[C@H](N)[C@H](OCc2ccccc2)[C@H](C)O1,9.01,train,<rdkit.Chem.rdchem.Mol object at 0x7fcdd9576ce0>
CCN(C(=O)Cc1ccc(S(C)(=O)=O)cc1)C1CCN(CC[C@@H](c2cc(F)cc(F)c2)C2CCN(S(C)(=O)=O)CC2)CC1,9.01,train,<rdkit.Chem.rdchem.Mol object at 0x7fcdd9576d50>
COc1cccc2c1C(=O)c1c(O)c3c(c(O)c1C2=O)C[C@@](O)(C(=O)CO)C[C@@H]3O[C@@H]1C[C@H](N)[C@H](O[C@@H]2CCCCO2)[C@H](C)O1,9.01,train,<rdkit.Chem.rdchem.Mol object at 0x7fcdd9576dc0>
CCN(CC)CCN1CCc2[nH]c(/C=C3\C(=O)Nc4ccc(F)cc43)c(C)c2C1=O,9.01,train,<rdkit.Chem.rdchem.Mol object at 0x7fcdd9576e30>
CC1CC(=O)NN=C1c1ccc(NCC(C)(C)NCC(O)COc2cc(Cl)ccc2C#N)cc1,9.02,test,<rdkit.Chem.rdchem.Mol object at 0x7fcdd9576f80>
CC1=Nc2ccccc2CC(c2ccccc2)N1C,9.02,train,<rdkit.Chem.rdchem.Mol object at 0x7fcdd95770d0>
COc1cc(NC(=O)CCN2CCC(OC(=O)Nc3ccccc3-c3ccccc3)CC2)c(Cl)cc1CNC[C@H](O)c1ccc(O)c2[nH]c(=O)ccc12,9.02,train,<rdkit.Chem.rdchem.Mol object at 0x7fcdd95771b0>
NC[C@@](O)(c1ccc(Cl)cc1)c1ccc(-c2cn[nH]c2)cc1,9.02,train,<rdkit.Chem.rdchem.Mol object at 0x7fcdd9577290>
Cn1ncc(Cl)c1-c1cc(C(=O)N[C@H](CN)Cc2cccc(F)c2)sc1Cl,9.02,train,<rdkit.Chem.rdchem.Mol object at 0x7fcdd9577300>
CCn1cc(-c2ccnc3[nH]c(-c4cccc(CN(C)C)c4)cc23)c(-c2ccc(NC(=O)N(C)C)cc2)n1,9.02,train,<rdkit.Chem.rdchem.Mol object at 0x7fcdd9577370>
Cn1ncc(Cl)c1-c1cc(C(=O)N[C@H](CN)Cc2ccc(F)c(F)c2)oc1Cl,9.02,train,<rdkit.Chem.rdchem.Mol object at 0x7fcdd95773e0>
CC(C)CN(C[C@@H](O)[C@H](Cc1ccccc1)NC(=O)O[C@H]1CO[C@H]2OCC[C@H]21)S(=O)(=O)c1ccc2nc(NC3CCN(C4CCCC4)CC3)sc2c1,9.02,train,<rdkit.Chem.rdchem.Mol object at 0x7fcdd9577450>
COc1cc(CCc2cc(NC(=O)c3ccc(N4CC(C)NC(C)C4)cc3)n[nH]2)cc(OC)c1,9.02,train,<rdkit.Chem.rdchem.Mol object at 0x7fcdd95774c0>
COc1cccc2c1C(=O)c1c(O)c3c(c(O)c1C2=O)C[C@@](O)(C(=O)CO)C[C@@H]3O[C@H]1C[C@H](N)[C@H](O)[C@H](C)O1,9.03,test,<rdkit.Chem.rdchem.Mol object at 0x7fcdd95775a0>
C[C@@H](O)[C@H]1C(=O)N2C(C(=O)O)=C(S[C@@H]3CN[C@H](C(=O)Nc4cccc(C(=O)O)c4)C3)[C@H](C)[C@H]12,9.03,test,<rdkit.Chem.rdchem.Mol object at 0x7fcdd9577680>
CC(C(O)c1ccc(O)cc1)N1CCC(Cc2ccccc2)CC1,9.03,train,<rdkit.Chem.rdchem.Mol object at 0x7fcdd95776f0>
CCCCCNCC(N)=O,9.03,train,<rdkit.Chem.rdchem.Mol object at 0x7fcdd9577760>
CNC1Cc2ccccc2N(C)c2ccccc21,9.03,train,<rdkit.Chem.rdchem.Mol object at 0x7fcdd95777d0>
CO[C@@H]1O[C@H]2O[C@@]3(CN4CCCCC4)[C@@H]1[C@H](C[C@@H]3O)[C@H]2C,9.03,train,<rdkit.Chem.rdchem.Mol object at 0x7fcdd9577840>
CC(=O)NC1(c2ccccc2)CCN(CC[C@H](CN(C)C(=O)c2ccccc2)c2ccc(Cl)c(Cl)c2)CC1,9.03,train,<rdkit.Chem.rdchem.Mol object at 0x7fcdd9577920>
Cn1cc2c(NC3=NCCN3)cccc2n1,9.03,train,<rdkit.Chem.rdchem.Mol object at 0x7fcdd9577990>
Cc1c(OCC2=NCCN2)ccc(Cl)c1NS(C)(=O)=O,9.03,train,<rdkit.Chem.rdchem.Mol object at 0x7fcdd9577a00>
COc1cc2c(N3CCN(C(=O)Nc4ccc(OC(C)C)cc4)CC3)ncnc2cc1OCCCN1CCCCC1,9.03,train,<rdkit.Chem.rdchem.Mol object at 0x7fcdd9577a70>
CCOC(OCC)C(=O)OCC(=O)[C@]1(O)Cc2c(O)c3c(c(O)c2[C@@H](O[C@H]2C[C@H](N)[C@H](O)[C@H](C)O2)C1)C(=O)c1c(OC)cccc1C3=O,9.03,train,<rdkit.Chem.rdchem.Mol object at 0x7fcdd9577ae0>
COCCCN1CC[C@@H](CNC(=O)c2cc(Cl)c(N)c3c2OC(C)(C)C3)[C@H](O)C1,9.03,train,<rdkit.Chem.rdchem.Mol object at 0x7fcdd9577b50>
CCN(CC)Cc1ccc(OCC[C@H]2CCC3C4C(CC[C@@]32C)c2ccc(O)cc2C[C@H]4C)c(OC)c1,9.03,train,<rdkit.Chem.rdchem.Mol object at 0x7fcdd9577c30>
Cc1cc(-c2cc(OC(=O)c3ccccc3)ccc2Cl)cc2nnc(Nc3ccc(OCCN4CCCC4)cc3)nc12,9.03,train,<rdkit.Chem.rdchem.Mol object at 0x7fcdd9577ca0>
N#C[C@H]1CCCN1C(=O)CNC12C[C@@H]3C[C@@H](CC(O)(C3)C1)C2,9.03,train,<rdkit.Chem.rdchem.Mol object at 0x7fcdd9577d80>
[N-]=[N+]=CC(=O)CC[C@H](NC(=O)[C@H](CCC(=O)C=[N+]=[N-])NC(=O)CC[C@H](N)C(=O)O)C(=O)O,9.03,train,<rdkit.Chem.rdchem.Mol object at 0x7fcdd9577df0>
CCN(CC)CCNC(=O)COc1ccc(OC)cc1,9.04,test,<rdkit.Chem.rdchem.Mol object at 0x7fcdd9577e60>
CCN(CC)CCNC(=O)c1cc(Br)c(N)cc1OC,9.04,train,<rdkit.Chem.rdchem.Mol object at 0x7fcdd9577ed0>
CCCCOc1cc(C(=O)NCCN(CC)CC)c2ccccc2n1,9.04,train,<rdkit.Chem.rdchem.Mol object at 0x7fcdd9577f40>
NCc1ccc(S(N)(=O)=O)cc1,9.04,train,<rdkit.Chem.rdchem.Mol object at 0x7fcdd9578040>
CCN(CC)CCNC(=O)c1cc(Cl)c(N)cc1OC,9.04,train,<rdkit.Chem.rdchem.Mol object at 0x7fcdd95780b0>
CCN(CC)CCNC(=O)c1ccc(N)cc1,9.04,train,<rdkit.Chem.rdchem.Mol object at 0x7fcdd9578190>
CCN(CC)CCNC(=O)COc1ccc(Cl)cc1,9.04,train,<rdkit.Chem.rdchem.Mol object at 0x7fcdd9578270>
COc1ccc(OC)c(C(O)CN)c1,9.04,train,<rdkit.Chem.rdchem.Mol object at 0x7fcdd95782e0>
CCN1CCN=C1CNC(=O)c1cc(Cl)c(N)cc1OC,9.04,train,<rdkit.Chem.rdchem.Mol object at 0x7fcdd9578350>
CCN(CC)CCNC(=O)c1cc(Cl)c(NC(=O)COc2ccc(Cl)cc2)cc1OC,9.04,train,<rdkit.Chem.rdchem.Mol object at 0x7fcdd95783c0>
CCN(CC)CCNC(=O)C(C)c1ccc(-c2ccccc2)cc1,9.04,train,<rdkit.Chem.rdchem.Mol object at 0x7fcdd9578430>
CCN(CC)CCNC(=O)c1ccc(N)c(Cl)c1,9.04,train,<rdkit.Chem.rdchem.Mol object at 0x7fcdd95784a0>
C=CCOc1cc(C(F)(F)F)ccc1C(=O)NCCN(CC)CC,9.04,train,<rdkit.Chem.rdchem.Mol object at 0x7fcdd9578510>
C=CCOc1cc(Cl)ccc1C(=O)NCCN(CC)CC,9.04,train,<rdkit.Chem.rdchem.Mol object at 0x7fcdd9578580>
CCN(CC)CCNC(=O)c1cc(Cl)cc(Cl)c1OC,9.04,train,<rdkit.Chem.rdchem.Mol object at 0x7fcdd95785f0>
CC(=O)OC(c1ccccc1)C1CCCCN1,9.04,train,<rdkit.Chem.rdchem.Mol object at 0x7fcdd9578660>
CCN(CC)CCNC(=O)c1c(C)[nH]c(/C=C2\C(=O)Nc3ccc(F)cc32)c1C,9.04,train,<rdkit.Chem.rdchem.Mol object at 0x7fcdd9578740>
CCN(CC)CCNC(=O)c1c(C)[nH]c(/C=C2\C(=O)Nc3ccc(F)cc32)c1C.O=C(O)C[C@H](O)C(=O)O,9.04,train,<rdkit.Chem.rdchem.Mol object at 0x7fcdd95787b0>
CN(C)CC(O)C(c1ccccc1)c1cccc(Cl)c1,9.04,train,<rdkit.Chem.rdchem.Mol object at 0x7fcdd9578820>
COc1cccc(-c2c(C)n(Cc3c(F)cccc3C(F)(F)F)c(=O)n(C[C@H](NCCCC(=O)O)c3ccccc3)c2=O)c1F,9.04,train,<rdkit.Chem.rdchem.Mol object at 0x7fcdd9578890>
CC(=O)N[C@@H](CSSC[C@H](N)C(=O)O)C(=O)O,9.04,train,<rdkit.Chem.rdchem.Mol object at 0x7fcdd9578970>
CCN(CC)CCNC(=O)c1cc([131I])c(NC(=O)c2ccc(F)cc2)cc1OC,9.04,train,<rdkit.Chem.rdchem.Mol object at 0x7fcdd9578a50>
CCN(CC)CCNC(=O)c1c(C)[nH]c(/C=C2\C(=O)Nc3ccc(-c4csc(-c5ccccc5)n4)cc32)c1C,9.04,train,<rdkit.Chem.rdchem.Mol object at 0x7fcdd9578ac0>
CCN(CC)CCNC(=O)c1c(O)c2ccccc2oc1=O,9.04,train,<rdkit.Chem.rdchem.Mol object at 0x7fcdd9578b30>
CCN(CC)CCNC(=O)c1c(C)[nH]c2c1CCC/C2=C1/C(=O)Nc2ccc(F)cc21,9.04,train,<rdkit.Chem.rdchem.Mol object at 0x7fcdd9578ba0>
COc1cccc(-c2c(C)n(Cc3c(F)cccc3C(F)(F)F)c(=O)n(C[C@H](NCCCC(=O)[O-])c3ccccc3)c2=O)c1F,9.04,train,<rdkit.Chem.rdchem.Mol object at 0x7fcdd9578c10>
N[C@@H](CS)C(=O)O,9.05,train,<rdkit.Chem.rdchem.Mol object at 0x7fcdd9578d60>
Cc1cc(NCCCCCCCCCCNc2cc(C)nc3ccccc23)c2ccccc2n1,9.05,train,<rdkit.Chem.rdchem.Mol object at 0x7fcdd9578dd0>
C=C[C@H]1CN2CC[C@H]1C[C@H]2[C@H](O)c1ccnc2ccc(OC)cc12.O=C(O)c1ccccc1O,9.05,train,<rdkit.Chem.rdchem.Mol object at 0x7fcdd9578e40>
C=C[C@H]1CN2CC[C@H]1C[C@@H]2[C@@H](O)c1ccnc2ccc(OC)cc12.O=C(O)[C@H](O)[C@@H](O)[C@H](O)[C@H](O)CO,9.05,train,<rdkit.Chem.rdchem.Mol object at 0x7fcdd9578eb0>
C=C[C@H]1CN2CC[C@H]1C[C@@H]2[C@@H](O)c1ccnc2ccc(OC)cc12,9.05,train,<rdkit.Chem.rdchem.Mol object at 0x7fcdd9578f20>
C=C[C@H]1CN2CC[C@H]1C[C@H]2[C@H](O)c1ccnc2ccc(OC)cc12,9.05,train,<rdkit.Chem.rdchem.Mol object at 0x7fcdd9578f90>
O=C(NC1CCN(CCCCC2(C(=O)NCC(F)(F)F)c3ccccc3-c3ccccc32)CC1)c1ccccc1-c1ccc(C(F)(F)F)cc1,9.05,train,<rdkit.Chem.rdchem.Mol object at 0x7fcdd9579000>
C=C[C@H]1CN2CC[C@H]1C[C@H]2[C@H](O)c1ccnc2ccc(OC)cc12.O=C1O[C@H]([C@@H](O)CO)C(O)=C1O.O=C1O[C@H]([C@@H](O)CO)C(O)=C1O,9.05,train,<rdkit.Chem.rdchem.Mol object at 0x7fcdd95790e0>
C=C[C@H]1CN2CC[C@H]1C[C@H]2[C@H](O)c1ccnc2ccc(OC)cc12.C=C[C@H]1CN2CC[C@H]1C[C@H]2[C@H](O)c1ccnc2ccc(OC)cc12,9.05,train,<rdkit.Chem.rdchem.Mol object at 0x7fcdd95791c0>
C=C[C@H]1CN2CC[C@H]1C[C@@H]2[C@@H](O)c1ccnc2ccc(OC)cc12.C=C[C@H]1CN2CC[C@H]1C[C@@H]2[C@@H](O)c1ccnc2ccc(OC)cc12,9.05,train,<rdkit.Chem.rdchem.Mol object at 0x7fcdd9579230>
C=C[C@H]1CN2CC[C@H]1C[C@H]2[C@H](O)c1ccnc2ccc(OC)cc12.C=C[C@H]1CN2CC[C@H]1C[C@H]2[C@H](O)c1ccnc2ccc(OC)cc12.O=P(O)(O)OCC(O)CO,9.05,train,<rdkit.Chem.rdchem.Mol object at 0x7fcdd95792a0>
CC(C)n1c(=O)n(C)c2cnc3cc(F)c(-c4ccc(OCCCN5CCCCC5)nc4)cc3c21,9.05,train,<rdkit.Chem.rdchem.Mol object at 0x7fcdd9579310>
CCC1(C2=NCCN2)Cc2ccccc2O1,9.06,test,<rdkit.Chem.rdchem.Mol object at 0x7fcdd9579380>
CN(Cc1ccc(C(C)(C)C)cc1)Cc1cccc2ccccc12,9.06,train,<rdkit.Chem.rdchem.Mol object at 0x7fcdd95793f0>
N[C@@H](Cc1ccc(O)c(O)c1)C(=O)O,9.06,train,<rdkit.Chem.rdchem.Mol object at 0x7fcdd9579460>
CCN(CC)CCn1c(=O)oc2ccccc2c1=O,9.06,train,<rdkit.Chem.rdchem.Mol object at 0x7fcdd95794d0>
C[C@H]1[C@H](N)CN1c1cc2c(cc1F)c(=O)c(C(=O)O)cn2-c1ccc(F)cc1F,9.06,train,<rdkit.Chem.rdchem.Mol object at 0x7fcdd9579540>
CCCN(CCCCN1C(=O)CC2(CCCC2)CC1=O)[C@@H]1COc2cccc(OC)c2C1,9.06,train,<rdkit.Chem.rdchem.Mol object at 0x7fcdd9579620>
CC[C@]1(C2=NCCN2)Cc2ccccc2O1,9.06,train,<rdkit.Chem.rdchem.Mol object at 0x7fcdd9579690>
CC(/C=N/NC(=N)N)=N\NC(=N)N,9.06,train,<rdkit.Chem.rdchem.Mol object at 0x7fcdd9579700>
COc1cccc(C(=O)CCN[C@@H](C)[C@H](O)c2ccccc2)c1,9.06,train,<rdkit.Chem.rdchem.Mol object at 0x7fcdd9579770>
Cc1ccc(NC(=O)c2ccc(CN3CC[C@H](N(C)C)C3)c(C(F)(F)F)c2)cc1Nc1nccc(-c2cncnc2)n1,9.06,train,<rdkit.Chem.rdchem.Mol object at 0x7fcdd95797e0>
CN(CCCNCc1ccc2c(c1)OCO2)c1nc(-n2ccnc2)ns1,9.06,train,<rdkit.Chem.rdchem.Mol object at 0x7fcdd9579850>
CCOC(=O)O[C@@H](C)n1nnnc1-c1c(-c2ccc(C(=O)N(c3ncccc3Cl)[C@@H]3CCCNC3)cc2F)cnn1C,9.06,train,<rdkit.Chem.rdchem.Mol object at 0x7fcdd95798c0>
COc1ccc(C(CCCc2ccccc2)N(C)C)cc1OC,9.07,test,<rdkit.Chem.rdchem.Mol object at 0x7fcdd9579930>
NCc1ccccc1Sc1ccccc1CO,9.07,train,<rdkit.Chem.rdchem.Mol object at 0x7fcdd9579a10>
CCN(CC)CCN1C(=O)c2c(c3c4cccc(Cl)c4n([C@@H]4O[C@H](CO)[C@@H](OC)[C@H](O)[C@H]4O)c3c3[nH]c4c(Cl)cccc4c23)C1=O,9.07,train,<rdkit.Chem.rdchem.Mol object at 0x7fcdd9579af0>
CCCCC(CC)CN1CN(CC(CC)CCCC)CC(C)(N)C1,9.08,test,<rdkit.Chem.rdchem.Mol object at 0x7fcdd9579bd0>
CN(CCC1c2ccccc2COc2ccccc21)CC(O)COc1ccccc1,9.08,train,<rdkit.Chem.rdchem.Mol object at 0x7fcdd9579c40>
CCCC(CCC)CC1CCN(CCO)CC1,9.08,train,<rdkit.Chem.rdchem.Mol object at 0x7fcdd9579cb0>
Nc1ccc(C(=O)N2CC3CC(CN(Cc4ccccc4)C3)C2)cc1,9.08,train,<rdkit.Chem.rdchem.Mol object at 0x7fcdd9579d20>
Cc1c(-c2ccc(O)cc2)n(Cc2ccc(OCCN3CCCCCC3)cc2)c2ccc(O)cc12,9.08,train,<rdkit.Chem.rdchem.Mol object at 0x7fcdd9579d90>
CC[C@H]1OC(=O)[C@H](C)[C@@H](O[C@H]2C[C@@](C)(OC)[C@@H](O)[C@H](C)O2)[C@H](C)[C@@H](O[C@@H]2O[C@H](C)C[C@H](N(C)C)[C@H]2O)[C@](C)(O)C[C@@H](C)/C(=N/OC)[C@H](C)[C@@H](O)[C@]1(C)O,9.08,train,<rdkit.Chem.rdchem.Mol object at 0x7fcdd9579e00>
CC[C@H]1OC(=O)[C@H](C)[C@@H](O[C@H]2C[C@@](C)(OC)[C@@H](O)[C@H](C)O2)[C@H](C)[C@@H](O[C@@H]2O[C@H](C)C[C@H](N(C)C)[C@H]2O)[C@](C)(O)C[C@@H](C)/C(=N\OCOCCOC)[C@H](C)[C@@H](O)[C@]1(C)O,9.08,train,<rdkit.Chem.rdchem.Mol object at 0x7fcdd9579e70>
CC(C)(C(N)=O)C1CCN(CCC2(c3ccc(Cl)c(Cl)c3)CN(C(=O)Cc3cc(C(F)(F)F)cc(C(F)(F)F)c3)CCO2)CC1,9.08,train,<rdkit.Chem.rdchem.Mol object at 0x7fcdd9579ee0>
NC(=O)OC[C@H](N)Cc1ccccc1,9.08,train,<rdkit.Chem.rdchem.Mol object at 0x7fcdd9579f50>
CC(C)CCn1c(CN2C(=O)N(C3CC3)Cc3ccccc32)nc2cc(CN)ccc21,9.08,train,<rdkit.Chem.rdchem.Mol object at 0x7fcdd9579fc0>
CCC(=O)C(c1ccccc1)(c1ccccc1)C(C)CN(C)C,9.09,test,<rdkit.Chem.rdchem.Mol object at 0x7fcdd957a0a0>
COC(=O)[C@H](c1ccccc1)[C@H]1CCCCN1,9.09,test,<rdkit.Chem.rdchem.Mol object at 0x7fcdd957a110>
COC(=O)C(c1ccccc1)C1CCCCN1,9.09,train,<rdkit.Chem.rdchem.Mol object at 0x7fcdd957a180>
CC(C)(S)[C@@H](N)C(=O)O,9.09,train,<rdkit.Chem.rdchem.Mol object at 0x7fcdd957a1f0>
COc1cccc2c1C(=O)c1c(O)c3c(c(O)c1C2=O)C[C@@](O)(C(C)=O)C[C@@H]3O[C@H]1C[C@H](N)[C@H](O)[C@H](C)O1,9.09,train,<rdkit.Chem.rdchem.Mol object at 0x7fcdd957a260>
COc1cc2c(cc1OC)[C@@H](c1ccccc1)CN(C)CC2,9.09,train,<rdkit.Chem.rdchem.Mol object at 0x7fcdd957a2d0>
CN(C)CC1CCCCC1(O)c1cccc(OC(=O)c2ccccc2O)c1,9.09,train,<rdkit.Chem.rdchem.Mol object at 0x7fcdd957a3b0>
COc1cccc2c1C(=O)c1c(O)c3c(c(O)c1C2=O)C[C@@](O)(C(C)=O)C[C@@H]3O[C@H]1C[C@H](N)[C@H](O)[C@H](C)O1.O=C(O)CC(O)(CC(=O)O)C(=O)O,9.09,train,<rdkit.Chem.rdchem.Mol object at 0x7fcdd957a420>
CCCC[S@](=N)(=O)CC[C@H](N)C(=O)O,9.09,train,<rdkit.Chem.rdchem.Mol object at 0x7fcdd957a490>
CC(O)CN(CCN(CC(C)O)CC(C)O)CC(C)O,9.1,train,<rdkit.Chem.rdchem.Mol object at 0x7fcdd957a500>
CCOC(=O)COc1ccc2c(C)c(CCN(CC)CC)c(=O)oc2c1,9.1,train,<rdkit.Chem.rdchem.Mol object at 0x7fcdd957a570>
CCC(=O)O[C@]1(c2ccccc2)CCN(C)C[C@@H]1CC,9.1,train,<rdkit.Chem.rdchem.Mol object at 0x7fcdd957a5e0>
CCOC(=O)COc1ccc2c(C)c(CCN(CC)CC)c(=O)oc2c1Cl,9.1,train,<rdkit.Chem.rdchem.Mol object at 0x7fcdd957a650>
CCCC(=O)c1ccccc1OCCN(C(C)C)C(C)C,9.1,train,<rdkit.Chem.rdchem.Mol object at 0x7fcdd957a6c0>
CCN(CC)CCNC(=O)c1ccccc1O,9.1,train,<rdkit.Chem.rdchem.Mol object at 0x7fcdd957a730>
c1ccc2c(c1)OC[C@H](CNCCCOc1ccc3c(c1)OCO3)O2,9.1,train,<rdkit.Chem.rdchem.Mol object at 0x7fcdd957a7a0>
CC(CN(C)C)OC(C)(c1ccccc1)c1ccc(Cl)cc1,9.1,train,<rdkit.Chem.rdchem.Mol object at 0x7fcdd957a810>
CN1CC[C@]23c4c5ccc(OC(=O)c6cccnc6)c4O[C@H]2[C@@H](OC(=O)c2cccnc2)C=C[C@H]3[C@H]1C5,9.1,train,<rdkit.Chem.rdchem.Mol object at 0x7fcdd957a880>
CC(=O)Oc1ccc2c3c1O[C@H]1[C@@H](OC(C)=O)C=C[C@H]4[C@@H](C2)N(C)CC[C@@]341,9.1,train,<rdkit.Chem.rdchem.Mol object at 0x7fcdd957a8f0>
CCC(=O)O[C@]1(c2ccccc2)CCN(C)C[C@H]1CC,9.1,train,<rdkit.Chem.rdchem.Mol object at 0x7fcdd957a960>
Oc1ccc2[nH]cc(CCCCN3CC=C(c4ccccc4)CC3)c2c1,9.11,test,<rdkit.Chem.rdchem.Mol object at 0x7fcdd957a9d0>
CNC[C@H](O)[C@@H](O)[C@H](O)[C@H](O)CO,9.11,train,<rdkit.Chem.rdchem.Mol object at 0x7fcdd957aa40>
C[C@H](NCCC(=O)C1CCCCC1)[C@H](O)c1ccccc1,9.11,train,<rdkit.Chem.rdchem.Mol object at 0x7fcdd957aab0>
CCCN1CC=C(c2c[nH]c3ccc(Cl)cc23)CC1,9.11,train,<rdkit.Chem.rdchem.Mol object at 0x7fcdd957ab20>
CN[C@@H]1Cc2cccc3[nH]c(=O)n(c23)C1,9.11,train,<rdkit.Chem.rdchem.Mol object at 0x7fcdd957ac00>
CCCCC1C/C=C/C=C/C=C/C=C/C(O[C@@H]2O[C@H](C)[C@@H](O)[C@H](N)[C@@H]2O)CC2OC(O)(CC(O)CC3OC3/C=C/C(=O)O1)CC(O)C2C(=O)O,9.11,train,<rdkit.Chem.rdchem.Mol object at 0x7fcdd957ac70>
O=C(CN1CCOCC1)Nc1ccc(OC2CCN(C3CCC3)CC2)cc1,9.11,train,<rdkit.Chem.rdchem.Mol object at 0x7fcdd957ace0>
CN(C)CC[C@H](NC(=O)c1cc2c(cnn2C(C)(C)C)cc1Oc1ccc(F)cc1F)C(N)=O,9.11,train,<rdkit.Chem.rdchem.Mol object at 0x7fcdd957ad50>
CC(C)CCOC(CN1CCCC1)c1ccccc1,9.12,test,<rdkit.Chem.rdchem.Mol object at 0x7fcdd957adc0>
CN1CC[C@]23c4c5ccc(O)c4O[C@H]2[C@@H](O)C=C[C@H]3[C@H]1C5,9.12,test,<rdkit.Chem.rdchem.Mol object at 0x7fcdd957ae30>
COc1ccsc1CNCC[C@@]1(c2ccccn2)CCOC2(CCCC2)C1,9.12,test,<rdkit.Chem.rdchem.Mol object at 0x7fcdd957aea0>
CCC(=O)C(CC(C)N(C)C)(c1ccccc1)c1ccccc1,9.12,train,<rdkit.Chem.rdchem.Mol object at 0x7fcdd957af10>
CCC(=O)C(C[C@@H](C)N(C)C)(c1ccccc1)c1ccccc1,9.12,train,<rdkit.Chem.rdchem.Mol object at 0x7fcdd957af80>
CC(C)(CO)NCC(O)c1ccccc1,9.12,train,<rdkit.Chem.rdchem.Mol object at 0x7fcdd957aff0>
CN(C)CCn1cc(C(=O)N2CCC3(CC2)OCc2ccccc23)c2ccc(Cl)cc21,9.12,train,<rdkit.Chem.rdchem.Mol object at 0x7fcdd957b0d0>
CN(C)C(C)(CO)Cc1ccc(Cl)c(Cl)c1,9.13,test,<rdkit.Chem.rdchem.Mol object at 0x7fcdd957b140>
NCCC(=O)N[C@@H](Cc1c[nH]cn1)C(=O)O,9.13,test,<rdkit.Chem.rdchem.Mol object at 0x7fcdd957b1b0>
O=C(O)CN1CCN(CC(=O)O)CCN(C(CO)C(O)CO)CCN(CC(=O)O)CC1,9.13,train,<rdkit.Chem.rdchem.Mol object at 0x7fcdd957b290>
CN1CC[C@]23c4c5ccc(O)c4O[C@H]2[C@@H](O[C@@H]2O[C@H](C(=O)O)[C@@H](O)[C@H](O)[C@H]2O)C=C[C@H]3[C@H]1C5,9.14,test,<rdkit.Chem.rdchem.Mol object at 0x7fcdd957b370>
OC(CO/N=C(\Cl)c1cccnc1)CN1CCCCC1,9.14,test,<rdkit.Chem.rdchem.Mol object at 0x7fcdd957b3e0>
CO[C@]1(CN2CCN3CCCC[C@@H]3C2)/C=C/C[C@H](C)[C@@H](C)S(=O)(=O)NC(=O)c2ccc3c(c2)N(C[C@@H]2CC[C@H]21)C[C@@]1(CCCc2cc(Cl)ccc21)CO3,9.14,test,<rdkit.Chem.rdchem.Mol object at 0x7fcdd957b450>
CC(Cc1cccc(C(F)(F)F)c1)NCCOC(=O)c1ccccc1,9.14,train,<rdkit.Chem.rdchem.Mol object at 0x7fcdd957b4c0>
CCN(C)C(C)C(O)c1ccccc1,9.14,train,<rdkit.Chem.rdchem.Mol object at 0x7fcdd957b5a0>
OC(c1ccccc1)C1CCN(CCc2ccccc2)CC1,9.14,train,<rdkit.Chem.rdchem.Mol object at 0x7fcdd957b680>
CCC(=O)OC1(c2ccccc2)CC(C)N(C)CC1C,9.14,train,<rdkit.Chem.rdchem.Mol object at 0x7fcdd957b6f0>
CCNCC#CCOC(=O)C(O)(c1ccccc1)C1CCCCC1,9.14,train,<rdkit.Chem.rdchem.Mol object at 0x7fcdd957b760>
N[C@@H](CSCCCO)C(=O)O,9.14,train,<rdkit.Chem.rdchem.Mol object at 0x7fcdd957b7d0>
N[C@@H](CSCC(=O)O)C(=O)O,9.14,train,<rdkit.Chem.rdchem.Mol object at 0x7fcdd957b840>
Oc1ccc([C@@H]2CNCc3c2ccc(O)c3O)cc1O,9.14,train,<rdkit.Chem.rdchem.Mol object at 0x7fcdd957b8b0>
CC[C@](COCc1cc(OC)c(OC)c(OC)c1)(c1ccccc1)N(C)C,9.14,train,<rdkit.Chem.rdchem.Mol object at 0x7fcdd957b990>
[O-][n+]1cccc(/C(Cl)=N/OC[C@H](O)CN2CCCCC2)c1,9.14,train,<rdkit.Chem.rdchem.Mol object at 0x7fcdd957ba00>
COc1cc2c(Oc3ccc4[nH]c(C)cc4c3F)ncnc2cc1OCCCN1CCCC1,9.14,train,<rdkit.Chem.rdchem.Mol object at 0x7fcdd957ba70>
CC(C)NC1CCn2c(=O)[nH]c3cccc(c32)C1O,9.14,train,<rdkit.Chem.rdchem.Mol object at 0x7fcdd957bae0>
CC(C)CN1C[C@@H]2CN(C(C)C)C[C@@H](C1)C21CCCCC1,9.14,train,<rdkit.Chem.rdchem.Mol object at 0x7fcdd957bb50>
CCCCCCCOC(=O)[C@@]1(F)[C@@H]2C[C@@H](OCc3ccc(Cl)c(Cl)c3)[C@@](N)(C(=O)O)[C@@H]21,9.14,train,<rdkit.Chem.rdchem.Mol object at 0x7fcdd957bc30>
CC1(C)C[C@@H]1C(=O)N/C(=C\CCCCSC[C@H](N)C(=O)O)C(=O)[O-],9.14,train,<rdkit.Chem.rdchem.Mol object at 0x7fcdd957bca0>
Cn1c(N)c(NC(=O)NCCN)c[n+]1CC1=C(C(=O)O)N2C(=O)[C@@H](NC(=O)/C(=N\OC(C)(C)C(=O)O)c3nsc(N)n3)[C@H]2SC1,9.14,train,<rdkit.Chem.rdchem.Mol object at 0x7fcdd957bd10>
Cn1c(=N)c(NC(=O)NCCN)cn1CC1=C(C(=O)O)N2C(=O)[C@@H](NC(=O)/C(=N\OC(C)(C)C(=O)O)c3nsc(N)n3)[C@H]2SC1,9.14,train,<rdkit.Chem.rdchem.Mol object at 0x7fcdd957bd80>
CNCC(O)c1ccc(O)cc1,9.15,test,<rdkit.Chem.rdchem.Mol object at 0x7fcdd957bdf0>
C=C[C@H]1CN2CC[C@H]1C[C@@H]2[C@@H](O)c1ccnc2ccccc12,9.15,train,<rdkit.Chem.rdchem.Mol object at 0x7fcdd957be60>
C=C[C@H]1CN2CC[C@H]1C[C@H]2[C@H](O)c1ccnc2ccccc12,9.15,train,<rdkit.Chem.rdchem.Mol object at 0x7fcdd957bed0>
COc1cc2/c(=N/c3ccc(Br)cc3F)nc[nH]c2cc1OCC1CCN(C)CC1,9.15,train,<rdkit.Chem.rdchem.Mol object at 0x7fcdd957bf40>
CO/N=C/[C@@H]1[C@@H](c2ccc(Cl)c(Cl)c2)C[C@@H]2CC[C@H]1N2C,9.15,train,<rdkit.Chem.rdchem.Mol object at 0x7fcdd957c0b0>
CN[C@@H]1[C@@H](O[C@H]2O[C@H](CO)[C@@H](N)[C@H](O)[C@H]2O)OC2C[C@@H](N)[C@@H](O[C@H]3[C@H](O)[C@@H](O)[C@H](N)C[C@@H]3N)OC2[C@@H]1O,9.15,train,<rdkit.Chem.rdchem.Mol object at 0x7fcdd957c120>
Cc1cc(Nc2ncc(Cl)c(Nc3ccccc3S(=O)(=O)C(C)C)n2)c(OC(C)C)cc1C1=CCN(C2CCOCC2)CC1,9.15,train,<rdkit.Chem.rdchem.Mol object at 0x7fcdd957c190>
C1CCN2C[C@H]3C[C@H](CN4CCCC[C@@H]34)[C@H]2C1,9.16,test,<rdkit.Chem.rdchem.Mol object at 0x7fcdd957c200>
CCC1(c2cccc(O)c2)CCCCN(C)C1,9.16,test,<rdkit.Chem.rdchem.Mol object at 0x7fcdd957c270>
COc1ccc2c3c1O[C@H]1[C@@H](OC(=O)c4cccnc4)C=C[C@H]4[C@@H](C2)N(C)CC[C@@]341,9.16,test,<rdkit.Chem.rdchem.Mol object at 0x7fcdd957c2e0>
CC(C)COCC(CN(Cc1ccccc1)c1ccccc1)N1CCCC1,9.16,train,<rdkit.Chem.rdchem.Mol object at 0x7fcdd957c350>
O=C1OC(CCN2CCCCC2)OC1(c1ccccc1)c1ccccc1,9.16,train,<rdkit.Chem.rdchem.Mol object at 0x7fcdd957c3c0>
CCCCCCCCCCCCCC(=O)O[C@H]1C=C[C@H]2[C@H]3Cc4ccc(OCc5ccccc5)c5c4[C@@]2(CCN3C)[C@H]1O5,9.16,train,<rdkit.Chem.rdchem.Mol object at 0x7fcdd957c4a0>
O=C(/C=C/c1ccc(CN(CCO)CCc2c[nH]c3ccccc23)cc1)NO,9.16,train,<rdkit.Chem.rdchem.Mol object at 0x7fcdd957c510>
CC(C)COC[C@@H](CN(Cc1ccccc1)c1ccccc1)N1CCCC1,9.16,train,<rdkit.Chem.rdchem.Mol object at 0x7fcdd957c580>
Cc1c[nH]c2ncnc(N3CCC(CN)(C(=O)Nc4cccc(OC(=O)N(C)C)c4)CC3)c12,9.16,train,<rdkit.Chem.rdchem.Mol object at 0x7fcdd957c5f0>
O=C(NNC(=O)[C@@H]1CC[C@@H]2CN1C(=O)N2OS(=O)(=O)O)[C@@H]1CCCNC1,9.16,train,<rdkit.Chem.rdchem.Mol object at 0x7fcdd957c660>
NCCc1cc(O)c(O)cc1O,9.17,test,<rdkit.Chem.rdchem.Mol object at 0x7fcdd957c6d0>
CC(=O)OC1CN2CCC1CC2,9.17,train,<rdkit.Chem.rdchem.Mol object at 0x7fcdd957c740>
CN[C@@H]1[C@H](O)[C@H](NC)[C@H]2O[C@@]3(O)C(=O)C[C@@H](C)O[C@H]3O[C@@H]2[C@H]1O,9.17,train,<rdkit.Chem.rdchem.Mol object at 0x7fcdd957c820>
O=C(O)CCCCCCNC1c2ccccc2CCc2ccccc21,9.17,train,<rdkit.Chem.rdchem.Mol object at 0x7fcdd957c890>
CC(C)(CNC(N)=O)NCC(O)COC(=O)c1ccccc1F,9.17,train,<rdkit.Chem.rdchem.Mol object at 0x7fcdd957c900>
CCCC[C@@H]1CC(=O)[C@]2(O)O[C@@H]3[C@@H](NC)[C@@H](O)[C@@H](NC)[C@H](O)[C@H]3O[C@@H]2O1,9.17,train,<rdkit.Chem.rdchem.Mol object at 0x7fcdd957c970>
Cn1c(=O)c2c(ncn2CCCN[C@H]2CO[C@H]3[C@@H]2OC[C@@H]3O[N+](=O)[O-])n(C)c1=O,9.17,train,<rdkit.Chem.rdchem.Mol object at 0x7fcdd957c9e0>
CNS(=O)(=O)CCc1ccc2[nH]cc(C3CCN(C)CC3)c2c1,9.18,test,<rdkit.Chem.rdchem.Mol object at 0x7fcdd957cac0>
CC(=O)[C@]1(O)Cc2c(O)c3c(c(O)c2[C@@H](O[C@H]2C[C@H](N)[C@H](O)[C@H](C)O2)C1)C(=O)c1ccccc1C3=O,9.18,test,<rdkit.Chem.rdchem.Mol object at 0x7fcdd957cb30>
CCC1CN2CCC1CC2[C@H](O)c1ccnc2ccc(OC)cc12,9.18,train,<rdkit.Chem.rdchem.Mol object at 0x7fcdd957cba0>
CN(C)[C@H]1CCCC[C@@H]1NC(=O)c1ccc(Br)cc1,9.18,train,<rdkit.Chem.rdchem.Mol object at 0x7fcdd957cc10>
CCOc1ccc2nccc([C@@H](O)[C@@H]3C[C@@H]4CCN3C[C@@H]4CC)c2c1,9.18,train,<rdkit.Chem.rdchem.Mol object at 0x7fcdd957cc80>
N[C@@H](Cc1c[nH]c2ccc(O)cc12)C(=O)O,9.18,train,<rdkit.Chem.rdchem.Mol object at 0x7fcdd957ccf0>
CC[C@H]1CN2CCC1C[C@@H]2[C@@H](O)c1ccnc2ccc(OC)cc12,9.18,train,<rdkit.Chem.rdchem.Mol object at 0x7fcdd957cd60>
CNCCn1c(=O)c2cc(OC)c(OC)cc2c2cnc3cc4c(cc3c21)OCO4,9.18,train,<rdkit.Chem.rdchem.Mol object at 0x7fcdd957cdd0>
COc1ccc2c3c1O[C@H]1[C@@H](O)C=C[C@H]4[C@@H](C2)N(C)CC[C@@]341,9.19,test,<rdkit.Chem.rdchem.Mol object at 0x7fcdd957ceb0>
N[C@@H](Cc1ccc(O)cc1)C(=O)O,9.19,train,<rdkit.Chem.rdchem.Mol object at 0x7fcdd957cf90>
C=CCC1CN(C)CCC1(OC(=O)CC)c1ccccc1,9.19,train,<rdkit.Chem.rdchem.Mol object at 0x7fcdd957d000>
CN1CC[C@]23c4c5ccc(OCCN6CCOCC6)c4O[C@H]2[C@@H](O)C=C[C@H]3[C@H]1C5,9.19,train,<rdkit.Chem.rdchem.Mol object at 0x7fcdd957d070>
CCCCOc1nc(N)c2c(n1)N(Cc1cccc(CN3CCCC3)c1)CC(=O)N2,9.19,train,<rdkit.Chem.rdchem.Mol object at 0x7fcdd957d1c0>
CN1CC2CCN(c3ccc(-c4ccc(-n5ncccc5=O)cc4)cc3)C2C1,9.19,train,<rdkit.Chem.rdchem.Mol object at 0x7fcdd957d230>
CN(C)CCCN1c2ccccc2CCc2ccc(Cl)cc21,9.2,test,<rdkit.Chem.rdchem.Mol object at 0x7fcdd957d2a0>
CN(C)CCCN1c2ccccc2Sc2ccccc21,9.2,test,<rdkit.Chem.rdchem.Mol object at 0x7fcdd957d310>
CN(C)CCCN1c2ccccc2Sc2ccc(C(F)(F)F)cc21,9.2,test,<rdkit.Chem.rdchem.Mol object at 0x7fcdd957d380>
COc1ccc(CCN(C)CCCN2CCc3cc(OC)c(OC)cc3CC2=O)cc1OC,9.2,test,<rdkit.Chem.rdchem.Mol object at 0x7fcdd957d3f0>
CN(C)CCCN1c2ccccc2Sc2ccc(Cl)cc21,9.2,train,<rdkit.Chem.rdchem.Mol object at 0x7fcdd957d460>
CN(C)CCCN1c2ccccc2CCc2ccccc21,9.2,train,<rdkit.Chem.rdchem.Mol object at 0x7fcdd957d4d0>
CN(C)CCCN1c2ccccc2Sc2cccnc21,9.2,train,<rdkit.Chem.rdchem.Mol object at 0x7fcdd957d540>
CN(C)CCCN1c2ccccc2CCc2ccc(C#N)cc21,9.2,train,<rdkit.Chem.rdchem.Mol object at 0x7fcdd957d690>
CN(C)CCCN1c2ccccc2C(c2ccccc2)=Nc2cccnc21,9.2,train,<rdkit.Chem.rdchem.Mol object at 0x7fcdd957d700>
CC(C)NCCN(C(C)C)S(=O)(=O)c1ccc(NS(C)(=O)=O)cc1,9.2,train,<rdkit.Chem.rdchem.Mol object at 0x7fcdd957d770>
CC(O)CN1CCN(CC(=O)O)CCN(CC(=O)O)CCN(CC(=O)O)CC1,9.2,train,<rdkit.Chem.rdchem.Mol object at 0x7fcdd957d7e0>
CN(C)CCCN1c2ccccc2C=Cc2ccccc21,9.2,train,<rdkit.Chem.rdchem.Mol object at 0x7fcdd957d850>
COc1ccc(CCN(C)CCCN2Cc3cc(OC)c(OC)cc3C2=O)cc1OC,9.2,train,<rdkit.Chem.rdchem.Mol object at 0x7fcdd957d8c0>
O=C1Cc2cc3c(CCC4CCN(Cc5ccccc5)CC4)noc3cc2N1,9.2,train,<rdkit.Chem.rdchem.Mol object at 0x7fcdd957d9a0>
C#CCC1(OC(=O)CC)CCN(CCc2ccccc2)CC1,9.2,train,<rdkit.Chem.rdchem.Mol object at 0x7fcdd957da80>
NC(CCCN1C(=O)NC(c2ccccc2)(c2ccccc2)C1=O)C(=O)O,9.2,train,<rdkit.Chem.rdchem.Mol object at 0x7fcdd957db60>
CCCN1CCC[C@@H](c2cccc(O)c2)C1,9.2,train,<rdkit.Chem.rdchem.Mol object at 0x7fcdd957dbd0>
COC(=O)[C@H]1[C@@H](c2ccc(I)cc2)C[C@H]2CC[C@@H]1N2C,9.2,train,<rdkit.Chem.rdchem.Mol object at 0x7fcdd957dc40>
CCN(CC)CC(C)OC(=O)C1CCCCC1(O)C1CCCCC1,9.2,train,<rdkit.Chem.rdchem.Mol object at 0x7fcdd957dcb0>
CCNCCS(=O)(=O)NC[C@@]1(c2ccccc2)SC(NC(=O)C(C)(C)C)=NN1C(=O)C(C)(C)C,9.2,train,<rdkit.Chem.rdchem.Mol object at 0x7fcdd957dd20>
COC(=O)[C@H]1C(c2ccc(I)cc2)C[C@@H]2CC[C@H]1N2C,9.2,train,<rdkit.Chem.rdchem.Mol object at 0x7fcdd957de00>
COC(=O)[C@H]1[C@@H](c2ccc([124I])cc2)C[C@H]2CC[C@@H]1N2C,9.2,train,<rdkit.Chem.rdchem.Mol object at 0x7fcdd957de70>
COc1cc(N)c(Cl)cc1C(=O)NCC1CCN(CCCn2ccnn2)CC1,9.21,test,<rdkit.Chem.rdchem.Mol object at 0x7fcdd957dee0>
COc1ccc(CN2CCNCC2)c(OC)c1OC,9.21,train,<rdkit.Chem.rdchem.Mol object at 0x7fcdd957df50>
CCN(CC)CCn1cnc2c1c(=O)n(C)c(=O)n2C,9.21,train,<rdkit.Chem.rdchem.Mol object at 0x7fcdd957dfc0>
CN(CCc1cc2cccc3c2n1-c1ccccc1CC3)Cc1ccccc1,9.21,train,<rdkit.Chem.rdchem.Mol object at 0x7fcdd957e030>
N=C(NOCC(O)CN1CCCCC1)c1cccnc1,9.21,train,<rdkit.Chem.rdchem.Mol object at 0x7fcdd957e0a0>
Cc1cccc(OC2CCNCC2O)c1C,9.21,train,<rdkit.Chem.rdchem.Mol object at 0x7fcdd957e110>
O=C1c2c(O)ccc(O)c2C(=O)c2c(NCCNCCO)ccc(NCCNCCO)c21,9.22,test,<rdkit.Chem.rdchem.Mol object at 0x7fcdd957e180>
CCN(CC)CC1CCCCN1CC(=O)N1c2ccccc2C(=O)Nc2cccnc21,9.22,test,<rdkit.Chem.rdchem.Mol object at 0x7fcdd957e1f0>
CCN(CC)C(C)C=C(c1cccs1)c1cccs1,9.22,train,<rdkit.Chem.rdchem.Mol object at 0x7fcdd957e260>
CC(=O)OCC1=C(C(=O)O)N2C(=O)[C@@H](NC(=O)CCC[C@@H](N)C(=O)O)[C@H]2SC1,9.22,train,<rdkit.Chem.rdchem.Mol object at 0x7fcdd957e2d0>
CCN(CC)CCOc1ccccc1C(=O)Nc1ccccc1,9.22,train,<rdkit.Chem.rdchem.Mol object at 0x7fcdd957e340>
N[C@@H](CCC(=O)N[C@@H](CS)C(=O)NCC(=O)O)C(=O)O,9.22,train,<rdkit.Chem.rdchem.Mol object at 0x7fcdd957e3b0>
CCCc1cc2c(s1)CN[C@@H]1CCc3cc(OC(C)=O)c(OC(C)=O)cc3[C@@H]21,9.22,train,<rdkit.Chem.rdchem.Mol object at 0x7fcdd957e420>
CNC1COc2ccccc2C(O)C1,9.22,train,<rdkit.Chem.rdchem.Mol object at 0x7fcdd957e500>
CN(Cc1cc(Br)cc(Br)c1N)C1CCCCC1,9.23,train,<rdkit.Chem.rdchem.Mol object at 0x7fcdd957e5e0>
OC(CCCN1CCCCC1)(c1ccccc1)c1ccccc1,9.23,train,<rdkit.Chem.rdchem.Mol object at 0x7fcdd957e650>
CC[C@H]1CN2CCc3cc(OC)c(OC)cc3[C@@H]2C[C@@H]1C[C@H]1NCCc2cc(OC)c(OC)cc21,9.23,train,<rdkit.Chem.rdchem.Mol object at 0x7fcdd957e7a0>
CC1(C)S[C@@H]2[C@H](NC(=O)CCC[C@@H](N)C(=O)O)C(=O)N2[C@H]1C(=O)O,9.23,train,<rdkit.Chem.rdchem.Mol object at 0x7fcdd957e810>
NC(=O)NCCC[C@H](N)C(=O)O.O=C(O)CC(O)C(=O)O,9.23,train,<rdkit.Chem.rdchem.Mol object at 0x7fcdd957e880>
O=C1CCC(c2ccc(NC(=O)CCN3CCC(c4ccccc4)CC3)cc2)=NN1,9.23,train,<rdkit.Chem.rdchem.Mol object at 0x7fcdd957e8f0>
CN1CCC(COC(=O)C(O)(c2ccccc2)c2ccccc2)C1,9.23,train,<rdkit.Chem.rdchem.Mol object at 0x7fcdd957e960>
CCCCCCCC/C=C\CCCCCCCCN(CCO)CCO,9.23,train,<rdkit.Chem.rdchem.Mol object at 0x7fcdd957ea40>
CO/N=C1\CN(c2nc3c(cc2F)c(=O)c(C(=O)O)cn3C2CC2)CC1CN,9.23,train,<rdkit.Chem.rdchem.Mol object at 0x7fcdd957eab0>
COc1cccc(C2(O)CC(O)CCC2CN(C)C)c1,9.23,train,<rdkit.Chem.rdchem.Mol object at 0x7fcdd957eb20>
CCc1cccc2cc(C(O)CNC(C)(C)C)oc12,9.24,test,<rdkit.Chem.rdchem.Mol object at 0x7fcdd957eb90>
c1ccc(CN(CC2=NCCN2)c2ccccc2)cc1,9.24,train,<rdkit.Chem.rdchem.Mol object at 0x7fcdd957ec00>
CCn1c2c(c3ccccc31)CCSC2(C)CCN(C)C,9.24,train,<rdkit.Chem.rdchem.Mol object at 0x7fcdd957ec70>
c1ccc(CC2NCCc3c2[nH]c2ccccc32)cc1,9.24,train,<rdkit.Chem.rdchem.Mol object at 0x7fcdd957ece0>
NCC(=O)[O-].[Al+3],9.24,train,<rdkit.Chem.rdchem.Mol object at 0x7fcdd957ed50>
CC(C)n1c(=O)c(C(=O)NCCCN2CCCCC2)c(O)c2ccsc21,9.24,train,<rdkit.Chem.rdchem.Mol object at 0x7fcdd957edc0>
CNC[C@@H]1OCCc2ccsc21,9.24,train,<rdkit.Chem.rdchem.Mol object at 0x7fcdd957ee30>
N[C@@H](Cc1cnc[nH]1)C(=O)O,9.25,train,<rdkit.Chem.rdchem.Mol object at 0x7fcdd957ef10>
CNCC(O)c1cccc(NS(C)(=O)=O)c1,9.25,train,<rdkit.Chem.rdchem.Mol object at 0x7fcdd957ef80>
COc1cc(C(=O)OCCCN(C)CCN(C)CCCOC(=O)c2cc(OC)c(OC)c(OC)c2)cc(OC)c1OC,9.26,train,<rdkit.Chem.rdchem.Mol object at 0x7fcdd957f140>
N/N=c1\[nH][nH]/c(=N\N)c2ccccc12,9.26,train,<rdkit.Chem.rdchem.Mol object at 0x7fcdd957f220>
CN(C)CCCOc1nn(Cc2ccccc2)c2ccccc12,9.26,train,<rdkit.Chem.rdchem.Mol object at 0x7fcdd957f290>
Clc1ccc(OCC2=NCCN2)cc1Cl,9.26,train,<rdkit.Chem.rdchem.Mol object at 0x7fcdd957f300>
Cc1ccc(C(C)C)c(OCC2=NCCN2)c1,9.26,train,<rdkit.Chem.rdchem.Mol object at 0x7fcdd957f370>
CCN(CC)CCOc1ccccc1OC,9.26,train,<rdkit.Chem.rdchem.Mol object at 0x7fcdd957f3e0>
CC(C)c1ccccc1OCC1=NCCN1,9.26,train,<rdkit.Chem.rdchem.Mol object at 0x7fcdd957f450>
COc1ccc(C(C)C)cc1CN[C@H]1C2CCN(CC2)[C@H]1C(c1ccccc1)c1ccccc1,9.26,train,<rdkit.Chem.rdchem.Mol object at 0x7fcdd957f4c0>
C#CCN1CCC2=C(C1)c1c(OC(=O)C(C)CCN3CCCCC3C)cc(C(C)C(C)CCCCC)cc1OC2(C)C,9.26,train,<rdkit.Chem.rdchem.Mol object at 0x7fcdd957f530>
Cc1ccc(C2CC2)c(OCC2=NCCN2)c1,9.26,train,<rdkit.Chem.rdchem.Mol object at 0x7fcdd957f5a0>
COc1ccc(C(C)(C)C)cc1CN[C@H]1C2CCN(CC2)[C@H]1C(c1ccccc1)c1ccccc1,9.26,train,<rdkit.Chem.rdchem.Mol object at 0x7fcdd957f610>
COc1cc(N)c(Cl)cc1C(=O)N[C@@H]1CCN(CCCCCC(=O)O[C@H]2CN3CCC2CC3)C[C@@H]1OC,9.26,train,<rdkit.Chem.rdchem.Mol object at 0x7fcdd957f680>
COc1ccc(C(C)(C)C)cc1CN[C@H]1C2CCN(CC2)[C@H]1C(c1ccccc1)c1ccccc1.O=C(O)CC(O)(CC(=O)O)C(=O)O,9.26,train,<rdkit.Chem.rdchem.Mol object at 0x7fcdd957f6f0>
CC1=C2CC[C@@](C)(O)[C@@H]2[C@H]2OC(=O)[C@@H](CN(C)C)[C@@H]2CC1,9.26,train,<rdkit.Chem.rdchem.Mol object at 0x7fcdd957f760>
NCCONC(=O)[C@@H]1CC[C@@H]2CN1C(=O)N2OS(=O)(=O)O,9.26,train,<rdkit.Chem.rdchem.Mol object at 0x7fcdd957f7d0>
NCCc1ccc(O)c(O)c1,9.27,test,<rdkit.Chem.rdchem.Mol object at 0x7fcdd957f840>
c1ccc(CN(CCN2CCCC2)c2ccccc2)cc1,9.27,test,<rdkit.Chem.rdchem.Mol object at 0x7fcdd957f8b0>
C[C@@H](CCc1ccc(O)cc1)NCCc1ccc(O)c(O)c1,9.27,test,<rdkit.Chem.rdchem.Mol object at 0x7fcdd957f920>
CN1CCCN=C1COC(=O)C(O)(c1ccccc1)C1CCCCC1,9.27,train,<rdkit.Chem.rdchem.Mol object at 0x7fcdd957f990>
CN(C)C1CC(c2ccccc2)c2ccccc21,9.27,train,<rdkit.Chem.rdchem.Mol object at 0x7fcdd957fa00>
CC(Oc1c(Cl)cccc1Cl)C1=NCCN1,9.27,train,<rdkit.Chem.rdchem.Mol object at 0x7fcdd957fa70>
CC(CCc1ccc(O)cc1)NCCc1ccc(O)c(O)c1,9.27,train,<rdkit.Chem.rdchem.Mol object at 0x7fcdd957fae0>
O=c1c2ccccc2c(Cc2ccc(F)cc2)nn1C1CCCN(CCc2ccccc2)CC1,9.27,train,<rdkit.Chem.rdchem.Mol object at 0x7fcdd957fb50>
CCCCNC(C)(C)[PH](=O)O,9.27,train,<rdkit.Chem.rdchem.Mol object at 0x7fcdd957fbc0>
C[C@H](Oc1c(Cl)cccc1Cl)C1=NCCN1,9.27,train,<rdkit.Chem.rdchem.Mol object at 0x7fcdd957fca0>
O=C1C[C@@H]2OCC=C3CN4CC[C@]56c7ccccc7N1[C@H]5[C@H]2[C@H]3C[C@H]46,9.27,train,<rdkit.Chem.rdchem.Mol object at 0x7fcdd957fd10>
C[C@H](CCc1ccc(O)cc1)NCCc1ccc(O)c(O)c1,9.27,train,<rdkit.Chem.rdchem.Mol object at 0x7fcdd957fd80>
CC(CCc1ccc(O)cc1)NCCc1ccc(O)c(O)c1.O=C(O)[C@H](O)[C@@H](O)[C@H](O[C@@H]1O[C@H](CO)[C@H](O)[C@H](O)[C@H]1O)[C@H](O)CO,9.27,train,<rdkit.Chem.rdchem.Mol object at 0x7fcdd957fdf0>
NC(=O)c1ccc(Oc2ccc(CNCCC3CCOCC3)cc2F)nc1,9.27,train,<rdkit.Chem.rdchem.Mol object at 0x7fcdd957ff40>
C[C@@H](CCc1ccc(O)cc1)NCCc1ccc(O)c(O)c1.O=C(O)[C@H](O)[C@@H](O)[C@H](O[C@@H]1O[C@H](CO)[C@H](O)[C@H](O)[C@H]1O)[C@H](O)CO,9.27,train,<rdkit.Chem.rdchem.Mol object at 0x7fcdd9580040>
O=C1C[C@@H]2OCC=C3CN4CC[C@]56c7ccccc7N1[C@H]5[C@H]2[C@H]3C[C@H]46.O=P(O)(O)OCC(O)CO,9.27,train,<rdkit.Chem.rdchem.Mol object at 0x7fcdd95800b0>
CCCCC(=O)O.O=C1C[C@@H]2OCC=C3CN4CC[C@]56c7ccccc7N1[C@H]5[C@H]2[C@H]3C[C@H]46,9.27,train,<rdkit.Chem.rdchem.Mol object at 0x7fcdd9580120>
O=C1C[C@@H]2OCC=C3CN4CC[C@]56c7ccccc7N1[C@H]5[C@H]2[C@H]3C[C@H]46.O=C1C[C@@H]2OCC=C3CN4CC[C@]56c7ccccc7N1[C@H]5[C@H]2[C@H]3C[C@H]46,9.27,train,<rdkit.Chem.rdchem.Mol object at 0x7fcdd9580190>
CCOc1cc(OCC)cc(OCCN(CC)CC)c1,9.28,test,<rdkit.Chem.rdchem.Mol object at 0x7fcdd9580270>
COc1ccc(OC)c(C(O)C(C)N)c1,9.28,train,<rdkit.Chem.rdchem.Mol object at 0x7fcdd9580350>
CCN(CC)CCOc1ccc2nc(N(C)C)sc2c1,9.28,train,<rdkit.Chem.rdchem.Mol object at 0x7fcdd95803c0>
CCN(CC)CCOc1ccc(-c2nc3cc(Cl)ccc3s2)cc1,9.28,train,<rdkit.Chem.rdchem.Mol object at 0x7fcdd9580430>
CNCC(OC)c1cccc(C(F)(F)F)c1,9.28,train,<rdkit.Chem.rdchem.Mol object at 0x7fcdd95804a0>
CCN(CC)CC(O)CNC(=O)c1c(OC)c2ccccc2n1-c1ccccc1,9.28,train,<rdkit.Chem.rdchem.Mol object at 0x7fcdd9580510>
C[C@H](CNCCNC[C@@H](C)N1C(=O)c2cccc3cc([N+](=O)[O-])cc(c23)C1=O)N1C(=O)c2cccc3cc([N+](=O)[O-])cc(c23)C1=O,9.28,train,<rdkit.Chem.rdchem.Mol object at 0x7fcdd9580580>
O=C(CC1NCCCC1O)Cn1cnc2cc(Br)c(Cl)cc2c1=O,9.28,train,<rdkit.Chem.rdchem.Mol object at 0x7fcdd95805f0>
COc1cc(CC(=O)NCCCc2ccc(C)c(C)c2)ccc1OCCN,9.28,train,<rdkit.Chem.rdchem.Mol object at 0x7fcdd95806d0>
CCN(CC)CCNC(=O)c1ccc(NS(C)(=O)=O)cc1,9.29,test,<rdkit.Chem.rdchem.Mol object at 0x7fcdd95807b0>
Nc1c2ccccc2nc2ccccc12,9.29,train,<rdkit.Chem.rdchem.Mol object at 0x7fcdd9580820>
O=C(O)c1ccc2[nH]cc(CCCCN3CC=C(c4ccccc4)CC3)c2c1,9.29,train,<rdkit.Chem.rdchem.Mol object at 0x7fcdd95809e0>
CCCCCC(C)C(C)c1cc(OC(=O)CCCN2CCCCCC2)c2c(c1)OC(C)(C)C1=C2CC(C)CC1,9.29,train,<rdkit.Chem.rdchem.Mol object at 0x7fcdd9580a50>
CN(C)CCNc1ccc2c3c(nn2CCNCCO)-c2cnccc2C(=O)c13,9.29,train,<rdkit.Chem.rdchem.Mol object at 0x7fcdd9580ac0>
CCCCCCCCCCCCCCC[C@H](O)[C@@H](N)CO,9.29,train,<rdkit.Chem.rdchem.Mol object at 0x7fcdd9580ba0>
c1cnc2c(c1)O[C@H]1CCN3CC[C@@]1(C2)C3,9.29,train,<rdkit.Chem.rdchem.Mol object at 0x7fcdd9580c10>
CC(=O)Oc1ccccc1C(=O)OC1=CC[C@H]2[C@H]3Cc4ccc(OC(=O)c5ccccc5OC(C)=O)c5c4[C@@]2(CCN3C)[C@H]1O5,9.29,train,<rdkit.Chem.rdchem.Mol object at 0x7fcdd9580cf0>
OC(CCN1CCCCC1)(c1ccccc1)C1CC2C=CC1C2,9.3,test,<rdkit.Chem.rdchem.Mol object at 0x7fcdd9580dd0>
COc1ccc2c3c1O[C@H]1[C@@H](OC(=O)c4cccnc4)CC[C@H]4[C@@H](C2)N(C)CC[C@@]341,9.3,test,<rdkit.Chem.rdchem.Mol object at 0x7fcdd9580e40>
CC(C)c1c(CN(C)C(C)Cc2ccccc2)n(C)n(-c2ccccc2)c1=O,9.3,train,<rdkit.Chem.rdchem.Mol object at 0x7fcdd9580eb0>
CCC(=O)C(CC(C)N1CCCCC1)(c1ccccc1)c1ccccc1,9.3,train,<rdkit.Chem.rdchem.Mol object at 0x7fcdd9580f20>
CN(C)CCCn1c(=O)c2ccccc2c2ccccc21,9.3,train,<rdkit.Chem.rdchem.Mol object at 0x7fcdd9580f90>
CCN(CC)CCN(CC)CCOC(=O)c1ccc(N)cc1,9.3,train,<rdkit.Chem.rdchem.Mol object at 0x7fcdd9581000>
CC(O)C(=O)O.OC(CCN1CCCCC1)(c1ccccc1)C1CC2C=CC1C2,9.3,train,<rdkit.Chem.rdchem.Mol object at 0x7fcdd9581070>
CC(=O)N(C)C1(c2ccccc2)CCN(CCC[C@]2(c3ccc(Cl)c(Cl)c3)CCCN(C(=O)c3ccccc3)C2)CC1,9.3,train,<rdkit.Chem.rdchem.Mol object at 0x7fcdd95810e0>
COc1ccc2c3c1O[C@H]1[C@@H](OC(C)=O)CC[C@H]4[C@@H](C2)N(C)CC[C@@]341,9.3,train,<rdkit.Chem.rdchem.Mol object at 0x7fcdd9581150>
O=C(CCNc1c2ccccc2nc2ccccc12)OCCN(CCCl)CCCl,9.3,train,<rdkit.Chem.rdchem.Mol object at 0x7fcdd95811c0>
C[C@@H](O)[C@H]1C(=O)N2C(C(=O)O)=C(S[C@@H]3CN[C@H](C(=O)NCc4ccc(S(N)(=O)=O)cc4)C3)[C@H](C)[C@H]12,9.3,train,<rdkit.Chem.rdchem.Mol object at 0x7fcdd9581230>
CCN(CC)CCOc1ccc(C(=C(Cl)c2ccccc2)c2ccccc2)cc1,9.31,test,<rdkit.Chem.rdchem.Mol object at 0x7fcdd95812a0>
CCCC(=O)Nc1ccc(OCC(O)CNCCc2ccc(OC)c(OC)c2)c(-c2ccno2)c1,9.31,test,<rdkit.Chem.rdchem.Mol object at 0x7fcdd9581380>
COc1ccc(CCNCC(O)COc2cccc(C)c2)cc1OC,9.31,train,<rdkit.Chem.rdchem.Mol object at 0x7fcdd95813f0>
NC(=O)CC[C@H](N)C(=O)O,9.31,train,<rdkit.Chem.rdchem.Mol object at 0x7fcdd95814d0>
CCN(CC)CCOc1ccccc1-n1c(C)ccc1-c1ccccc1,9.31,train,<rdkit.Chem.rdchem.Mol object at 0x7fcdd9581540>
CC(OCCN1CCCCCC1)(c1ccccc1)c1ccc(Cl)cc1,9.31,train,<rdkit.Chem.rdchem.Mol object at 0x7fcdd95815b0>
CCN(CC)CCOc1ccc(C(=C(Cl)c2ccccc2)c2ccccc2)cc1.O=C(O)CC(O)(CC(=O)O)C(=O)O,9.31,train,<rdkit.Chem.rdchem.Mol object at 0x7fcdd9581620>
CCOC(=O)C1=C[C@@H](OC(CC)CC)[C@H](NC(C)=O)[C@@H](N)C1,9.31,train,<rdkit.Chem.rdchem.Mol object at 0x7fcdd9581690>
COc1ccc(CCNCC(O)COc2ccc(OCC(C)=O)c3c2CCC(=O)N3)cc1OC,9.31,train,<rdkit.Chem.rdchem.Mol object at 0x7fcdd95817e0>
COc1ccc(CCNCC(O)COc2ccc(NN=C(C)C)nn2)cc1OC,9.31,train,<rdkit.Chem.rdchem.Mol object at 0x7fcdd95818c0>
CCNC(=O)CC[C@H](N)C(=O)O,9.31,train,<rdkit.Chem.rdchem.Mol object at 0x7fcdd9581930>
CCN(CC)CCOc1ccc(/C(=C(\Cl)c2ccccc2)c2ccccc2)cc1,9.31,train,<rdkit.Chem.rdchem.Mol object at 0x7fcdd9581a10>
NC(Cc1ccccn1)c1ccccc1,9.31,train,<rdkit.Chem.rdchem.Mol object at 0x7fcdd9581a80>
CCN(CC)CCOc1ccc(/C(=C(/Cl)c2ccccc2)c2ccccc2)cc1.O=C(O)CC(O)(CC(=O)O)C(=O)O,9.31,train,<rdkit.Chem.rdchem.Mol object at 0x7fcdd9581af0>
Clc1ccc2c(c1)/C(=C/C1CN3CCC1CC3)c1ccccc1S2,9.31,train,<rdkit.Chem.rdchem.Mol object at 0x7fcdd9581b60>
COc1ccc(CCNCC(O)COc2ccc(/C(C)=C\C#N)cc2)cc1OC,9.31,train,<rdkit.Chem.rdchem.Mol object at 0x7fcdd9581bd0>
N[C@H](CCC(=O)N[C@@H](Cc1c[nH]c2ccccc12)C(=O)O)C(=O)O,9.31,train,<rdkit.Chem.rdchem.Mol object at 0x7fcdd9581c40>
N[C@H](CCC(=O)N[C@H](Cc1c[nH]c2ccccc12)C(=O)[O-])C(=O)[O-].[H+],9.31,train,<rdkit.Chem.rdchem.Mol object at 0x7fcdd9581cb0>
N[C@H](CCC(=O)N[C@H](Cc1c[nH]c2ccccc12)C(=O)O)C(=O)O,9.31,train,<rdkit.Chem.rdchem.Mol object at 0x7fcdd9581d20>
CCCOc1cccc(OCCN(C)C(C)C)c1,9.31,train,<rdkit.Chem.rdchem.Mol object at 0x7fcdd9581d90>
NC1(c2ccc(-c3nc4ccn5c(=O)[nH]nc5c4cc3-c3ccccc3)cc2)CCC1,9.31,train,<rdkit.Chem.rdchem.Mol object at 0x7fcdd9581e00>
COc1nc(C)ccc1-c1cc(Nc2cncc(O[C@@H]3CCCNC3)n2)n[nH]1,9.31,train,<rdkit.Chem.rdchem.Mol object at 0x7fcdd9581e70>
COc1cc(N)c(Cl)cc1C(=O)N[C@@H]1CCNC[C@@H]1OC,9.32,test,<rdkit.Chem.rdchem.Mol object at 0x7fcdd9581f50>
C[C@@H](N)c1cc(Cl)ccc1Cn1c(=S)[nH]c(=O)c2[nH]ccc21,9.32,test,<rdkit.Chem.rdchem.Mol object at 0x7fcdd9582030>
OC(CCN1CCCCC1)(c1ccccc1)C1CCCCC1,9.32,train,<rdkit.Chem.rdchem.Mol object at 0x7fcdd95820a0>
CCN(CC)CCOc1ccc(C(O)(Cc2ccc(Cl)cc2)c2ccc(C)cc2)cc1,9.32,train,<rdkit.Chem.rdchem.Mol object at 0x7fcdd9582110>
CCCN(CCC)C(=O)C(Cc1ccc(OCCN(CC)CC)cc1)NC(=O)c1ccccc1,9.32,train,<rdkit.Chem.rdchem.Mol object at 0x7fcdd9582180>
NCc1ccc(C(=O)O)cc1,9.32,train,<rdkit.Chem.rdchem.Mol object at 0x7fcdd9582260>
CCN(CC)CCOc1ccccc1Cc1ccccc1,9.32,train,<rdkit.Chem.rdchem.Mol object at 0x7fcdd95822d0>
C[C@]1(c2nc3c(C(N)=O)cccc3[nH]2)CCCN1,9.32,train,<rdkit.Chem.rdchem.Mol object at 0x7fcdd95823b0>
NCC1Cc2ccc(F)cc2C(c2ccccc2)O1,9.32,train,<rdkit.Chem.rdchem.Mol object at 0x7fcdd9582420>
CC1(C)[C@@H]2CC[C@@]1(CS(=O)(=O)O)C(=O)C2.CNCc1ccc(-c2[nH]c3cc(F)cc4c3c2CCNC4=O)cc1,9.32,train,<rdkit.Chem.rdchem.Mol object at 0x7fcdd9582490>
c1ccc(NCC2=NCCN2)cc1,9.33,test,<rdkit.Chem.rdchem.Mol object at 0x7fcdd9582500>
CNCC(O)c1ccc(OC(=O)C(C)(C)C)c(OC(=O)C(C)(C)C)c1,9.33,train,<rdkit.Chem.rdchem.Mol object at 0x7fcdd9582570>
CN(C)CCN1CCC(Cc2ccccc2)CC1,9.33,train,<rdkit.Chem.rdchem.Mol object at 0x7fcdd95825e0>
CN1N=C(N)c2cn([C@@H]3O[C@H](COP(=O)(O)O)[C@@H](O)[C@H]3O)c3ncnc1c23,9.33,train,<rdkit.Chem.rdchem.Mol object at 0x7fcdd9582650>
CCN(CC)CCOc1ccc(Cc2ccccc2)cc1,9.33,train,<rdkit.Chem.rdchem.Mol object at 0x7fcdd95826c0>
Cc1c(C)n(CCN(C)C)c2ccc(C(=O)OCCN(C)C)cc12,9.33,train,<rdkit.Chem.rdchem.Mol object at 0x7fcdd9582730>
CCC(CC)O[C@@H]1C=C(C(=O)O)C[C@H](N)[C@H]1NC(C)=O,9.33,train,<rdkit.Chem.rdchem.Mol object at 0x7fcdd9582810>
COc1ccc2c3c1O[C@H]1[C@@H](O)CC[C@H]4[C@@H](C2)N(C)CC[C@@]341,9.33,train,<rdkit.Chem.rdchem.Mol object at 0x7fcdd9582880>
NC[C@H]1O[C@H](O[C@H]2[C@H](O)[C@@H](O[C@H]3O[C@H](CO)[C@@H](O)[C@H](N)[C@H]3O)[C@H](N)C[C@@H]2N)[C@H](O)[C@@H](O)[C@@H]1O,9.34,test,<rdkit.Chem.rdchem.Mol object at 0x7fcdd95828f0>
NCCS(=O)(=O)O,9.34,train,<rdkit.Chem.rdchem.Mol object at 0x7fcdd9582960>
OC(CCN1CCCCC1)(c1ccccc1)c1ccccc1,9.34,train,<rdkit.Chem.rdchem.Mol object at 0x7fcdd9582a40>
CC(C)(C)[C@]1(O)CCN2C[C@H]3c4ccccc4CCc4cccc(c43)[C@@H]2C1,9.34,train,<rdkit.Chem.rdchem.Mol object at 0x7fcdd9582ab0>
CCCCCC(N)C(O)(c1ccccc1)c1ccccc1,9.34,train,<rdkit.Chem.rdchem.Mol object at 0x7fcdd9582c00>
NC[C@H]1O[C@H](O[C@H]2[C@H](O)[C@@H](O[C@H]3O[C@H](CO)[C@@H](O)[C@H](N)[C@H]3O)[C@H](N)C[C@@H]2N)[C@H](N)[C@@H](O)[C@@H]1O,9.34,train,<rdkit.Chem.rdchem.Mol object at 0x7fcdd9582c70>
OCCC1CCN(CC/C=C2/c3ccc(F)cc3Sc3ccc(C(F)(F)F)cc32)CC1,9.34,train,<rdkit.Chem.rdchem.Mol object at 0x7fcdd9582ce0>
CC1=CC[C@H]2[C@H]3Cc4ccc(O)c5c4[C@@]2(CCN3C)[C@H]1O5,9.34,train,<rdkit.Chem.rdchem.Mol object at 0x7fcdd9582d50>
NC[C@@H]1O[C@@H](O[C@H]2[C@H](O)[C@@H](O[C@H]3O[C@H](CO)[C@@H](O)[C@H](N)[C@H]3O)[C@H](N)C[C@@H]2N)[C@@H](O)[C@H](O)[C@H]1O,9.34,train,<rdkit.Chem.rdchem.Mol object at 0x7fcdd9582dc0>
CC(=O)Nc1c(Br)cc(Br)cc1CN(C)C12CC3CC(CC(C3)C1)C2,9.35,test,<rdkit.Chem.rdchem.Mol object at 0x7fcdd9582ea0>
CCC(C(=O)SCCN(CC)CC)c1ccc(-c2ccccc2)cc1,9.35,test,<rdkit.Chem.rdchem.Mol object at 0x7fcdd9582f10>
CCN(CC)CCSC(=O)C(c1ccccc1)c1ccccc1,9.35,train,<rdkit.Chem.rdchem.Mol object at 0x7fcdd9582f80>
CNCC(O)c1cccc(OC(=O)C(C)(C)C)c1,9.35,train,<rdkit.Chem.rdchem.Mol object at 0x7fcdd9582ff0>
COc1cccc(C(=O)OCCCN2CCCCC2)c1,9.35,train,<rdkit.Chem.rdchem.Mol object at 0x7fcdd9583060>
CC[C@H]1OC(=O)[C@H](C)[C@@H](O[C@H]2C[C@@](C)(OC)C[C@H](C)O2)[C@H](C)[C@@H](O[C@@H]2O[C@H](C)C[C@H](N(C)CC)[C@H]2O)[C@@]2(C)CC(C)=C(O2)[C@H](C)[C@@H](O)[C@H]1C,9.35,train,<rdkit.Chem.rdchem.Mol object at 0x7fcdd95830d0>
C[C@H]1CN(Cc2ccc(CC(=O)N3CCC(Nc4cccc(F)c4)CC3)cc2)CCN1,9.35,train,<rdkit.Chem.rdchem.Mol object at 0x7fcdd9583140>
Cc1nnc(C(C)C)n1C1C[C@H]2CC[C@@H](C1)N2CC[C@@H](NC(=O)C1CCC(F)(F)CC1)c1ccccc1,9.35,train,<rdkit.Chem.rdchem.Mol object at 0x7fcdd9583220>
COC(=O)C1=C(C)NC(C)=C(C(=O)OC(C)(C)CN(C)CCC(c2ccccc2)c2ccccc2)C1c1cccc([N+](=O)[O-])c1,9.36,train,<rdkit.Chem.rdchem.Mol object at 0x7fcdd9583300>
CN1[C@@H]2CCC(C)(C)[C@H]1C[C@H](OC(=O)C(O)(c1cccs1)c1cccs1)C2,9.36,train,<rdkit.Chem.rdchem.Mol object at 0x7fcdd9583370>
COc1cc(C(O)CNC(C)C)ccc1O,9.36,train,<rdkit.Chem.rdchem.Mol object at 0x7fcdd95833e0>
CNC/C=C(/c1ccc(Br)cc1)c1cccnc1,9.36,train,<rdkit.Chem.rdchem.Mol object at 0x7fcdd9583530>
COc1ccc2c3c1O[C@H]1C(OC(C)=O)=CC[C@H]4[C@@H](C2)N(C)CC[C@]314,9.36,train,<rdkit.Chem.rdchem.Mol object at 0x7fcdd95835a0>
COc1ccc2c3c1O[C@H]1C(OC(=O)c4ccccc4)=CC[C@@H]4[C@@H](C2)N(C)CC[C@@]341,9.36,train,<rdkit.Chem.rdchem.Mol object at 0x7fcdd9583610>
N[C@@H]1CN(c2c(F)cc3c(=O)c(C(=O)O)cn([C@@H]4C[C@@H]4F)c3c2Cl)CC12CC2,9.37,test,<rdkit.Chem.rdchem.Mol object at 0x7fcdd9583680>
Cc1nc2cccc(C(F)(F)F)c2c(=O)n1-c1ccc(OCCCN2CCCC2)cc1,9.37,test,<rdkit.Chem.rdchem.Mol object at 0x7fcdd95836f0>
CC(C)(CCn1c(=O)[nH]c2ccccc21)NCC(O)COc1cccc2ccccc12,9.37,train,<rdkit.Chem.rdchem.Mol object at 0x7fcdd95837d0>
COc1cc2c(cc1OC)CC(=O)N(CCCN(C)C[C@H]1Cc3cc(OC)c(OC)cc31)CC2,9.37,train,<rdkit.Chem.rdchem.Mol object at 0x7fcdd9583840>
CN1C2CCC1CC(=C1c3ccccc3CSc3ccccc31)C2,9.37,train,<rdkit.Chem.rdchem.Mol object at 0x7fcdd95838b0>
Cc1c(N2C[C@@H](N)C3(CC3)C2)c(F)c(N)c2c(=O)c(C(=O)O)cn(C3CC3)c12,9.37,train,<rdkit.Chem.rdchem.Mol object at 0x7fcdd9583990>
CCN(CC)CCOc1ccc(Nc2ncc3cc(-c4c(Cl)cccc4Cl)c(=O)n(C)c3n2)cc1,9.37,train,<rdkit.Chem.rdchem.Mol object at 0x7fcdd9583a00>
COc1cccc2c1C(=O)c1c(O)c3c(c(O)c1C2=O)C[C@@](O)(/C(C)=N/NC(=O)c1ccccc1)C[C@@H]3O[C@H]1C[C@H](N)[C@H](O)[C@H](C)O1,9.37,train,<rdkit.Chem.rdchem.Mol object at 0x7fcdd9583a70>
C[C@@H](N)c1ccc(C(=O)Nc2ccnc3[nH]ccc23)cc1,9.37,train,<rdkit.Chem.rdchem.Mol object at 0x7fcdd9583ae0>
COc1cc(CNCCC2CCOCC2)ccc1Oc1cnc(C(N)=O)cn1,9.37,train,<rdkit.Chem.rdchem.Mol object at 0x7fcdd9583b50>
CCN(CC)CCC1(c2ccccc2)C(=O)Oc2ccccc21,9.38,train,<rdkit.Chem.rdchem.Mol object at 0x7fcdd9583bc0>
CNC(C)C(O)c1ccc(NS(C)(=O)=O)cc1,9.38,train,<rdkit.Chem.rdchem.Mol object at 0x7fcdd9583c30>
CC(C)C(CCN(C)C)(C(N)=O)c1cccc2ccccc12,9.38,train,<rdkit.Chem.rdchem.Mol object at 0x7fcdd9583ca0>
CCCCCCCCc1ccc(CCC(N)(CO)CO)cc1,9.38,train,<rdkit.Chem.rdchem.Mol object at 0x7fcdd9583d10>
CNC[C@@H]1CN(c2ccc(OCc3cccc(Cl)c3)cc2)C(=O)O1,9.38,train,<rdkit.Chem.rdchem.Mol object at 0x7fcdd9583d80>
CN1CC[C@]23c4c5ccc(O)c4O[C@H]2CCC[C@H]3[C@H]1C5,9.38,train,<rdkit.Chem.rdchem.Mol object at 0x7fcdd9583df0>
CCCCCCCCCCCCCCCCCC(=O)OC[C@H](COP(=O)(O)OC[C@H](N)C(=O)O)OC(=O)CCCCCCCCCCCCCCCCC,9.38,train,<rdkit.Chem.rdchem.Mol object at 0x7fcdd9583ed0>
NC(CO)(CO)CCc1ccc(Sc2cccc(OCc3ccccc3)c2)cc1Cl,9.38,train,<rdkit.Chem.rdchem.Mol object at 0x7fcdd9583f40>
O=C([C@@H]1C[C@H](N2CCN(c3ncccn3)CC2)CN1)N1CCC(F)(F)C1,9.38,train,<rdkit.Chem.rdchem.Mol object at 0x7fcdd9388040>
CCCCCCCOc1ccc(CCC(N)(CO)CO)cc1C(F)(F)F,9.38,train,<rdkit.Chem.rdchem.Mol object at 0x7fcdd9388120>
CCCCCCCCCCCCOS(=O)(=O)O.CCCCCCCCc1ccc(CCC(N)(CO)CO)cc1,9.38,train,<rdkit.Chem.rdchem.Mol object at 0x7fcdd9388190>
c1ccc2c(c1)cc1n2CCCNC1,9.39,train,<rdkit.Chem.rdchem.Mol object at 0x7fcdd9388200>
COc1cc(C(O)CNC(C)CCn2cnc3ccccc32)ccc1O,9.39,train,<rdkit.Chem.rdchem.Mol object at 0x7fcdd9388270>
N[C@@H](COP(=O)(O)O)C(=O)O,9.39,train,<rdkit.Chem.rdchem.Mol object at 0x7fcdd93882e0>
O=C(O)CCCN1CCC(O[C@@H](c2ccc(Cl)cc2)c2ccccn2)CC1.O=S(=O)(O)c1ccccc1,9.39,train,<rdkit.Chem.rdchem.Mol object at 0x7fcdd9388350>
O=C(O)CCCN1CCC(O[C@@H](c2ccc(Cl)cc2)c2ccccn2)CC1,9.39,train,<rdkit.Chem.rdchem.Mol object at 0x7fcdd93883c0>
Cn1cc(C[C@@H](N)C(=O)O)c2ccccc21,9.39,train,<rdkit.Chem.rdchem.Mol object at 0x7fcdd9388430>
C[C@@H](O)[C@H]1C(=O)N2C(C(=O)O)=C(S[C@@H]3CN[C@H](C(=O)N(C)C)C3)[C@H](C)[C@H]12,9.39,train,<rdkit.Chem.rdchem.Mol object at 0x7fcdd93884a0>
COc1cccc2c1C(=O)c1c(O)c3c(c(O)c1C2=O)C[C@@](O)(/C(CO)=N/NC(=O)CCCCCN1C(=O)C=CC1=O)C[C@@H]3O[C@H]1C[C@H](N)[C@H](O)[C@H](C)O1,9.39,train,<rdkit.Chem.rdchem.Mol object at 0x7fcdd9388510>
COc1cccc2c1C(=O)c1c(O)c3c(c(O)c1C2=O)C[C@@](O)(CCO)C[C@@H]3O[C@H]1C[C@H](N)[C@H](O)[C@H](C)O1,9.39,train,<rdkit.Chem.rdchem.Mol object at 0x7fcdd9388580>
COc1cc2c(Oc3ccc4[nH]c(C)cc4c3F)ccnc2cc1OCC1(N)CC1,9.39,train,<rdkit.Chem.rdchem.Mol object at 0x7fcdd9388660>
CNC(=O)c1cccc2cc(Oc3ccnc4cc(OCC5(N)CC5)c(OC)cc34)ccc12,9.39,train,<rdkit.Chem.rdchem.Mol object at 0x7fcdd93886d0>
C=C1C[C@@H]2CC[C@@]34C[C@H]5O[C@H]6[C@@H](O3)[C@H]3O[C@H](CC[C@@H]3O[C@H]6[C@H]5O4)CC(=O)O[C@@H]3[C@@H](OC)[C@@H](C[C@H](O)CN)O[C@H]3C[C@H]3O[C@@H](CC[C@@H]1O2)C[C@@H](C)C3=C,9.39,train,<rdkit.Chem.rdchem.Mol object at 0x7fcdd9388740>
CC(C)(C)NCC(O)c1ccc(O)c(CO)c1,9.4,train,<rdkit.Chem.rdchem.Mol object at 0x7fcdd93887b0>
OCc1cc(C(O)CNCCCCCCOCCCCc2ccccc2)ccc1O,9.4,train,<rdkit.Chem.rdchem.Mol object at 0x7fcdd9388820>
N[C@@H](Cc1c[nH]c2ccccc12)C(=O)O,9.4,train,<rdkit.Chem.rdchem.Mol object at 0x7fcdd9388890>
CN(C)CCCNc1c2ccccc2nc2cccc([N+](=O)[O-])c12,9.4,train,<rdkit.Chem.rdchem.Mol object at 0x7fcdd9388900>
CN(C)CCCNc1ccnc2cc(I)ccc12,9.4,train,<rdkit.Chem.rdchem.Mol object at 0x7fcdd9388970>
N[C@@H](Cc1cc(O)c(O)cc1[18F])C(=O)O,9.4,train,<rdkit.Chem.rdchem.Mol object at 0x7fcdd93889e0>
O=C(O)c1ccc2ccccc2c1O.OCc1cc(C(O)CNCCCCCCOCCCCc2ccccc2)ccc1O,9.4,train,<rdkit.Chem.rdchem.Mol object at 0x7fcdd9388a50>
Cc1ccc(F)cc1NC1=NCCN1,9.4,train,<rdkit.Chem.rdchem.Mol object at 0x7fcdd9388ac0>
CC(NCCn1cnc2c1c(=O)n(C)c(=O)n2C)C(O)c1ccccc1,9.4,train,<rdkit.Chem.rdchem.Mol object at 0x7fcdd9388b30>
N[C@@H](Cc1cc(O)c(O)cc1F)C(=O)O,9.4,train,<rdkit.Chem.rdchem.Mol object at 0x7fcdd9388ba0>
O=C1CCCCC1CN1CCCCC1,9.4,train,<rdkit.Chem.rdchem.Mol object at 0x7fcdd9388c80>
C=C1c2ccccc2CN(CCCN(C)C)c2ccccc21,9.4,train,<rdkit.Chem.rdchem.Mol object at 0x7fcdd9388cf0>
CN(C)CCCN1Cc2ccccc2Cc2ccccc21,9.4,train,<rdkit.Chem.rdchem.Mol object at 0x7fcdd9388d60>
CN(C)CCCNc1ccnc2cc([125I])ccc12,9.4,train,<rdkit.Chem.rdchem.Mol object at 0x7fcdd9388dd0>
CN(C)CCCNc1ccnc2cc([131I])ccc12,9.4,train,<rdkit.Chem.rdchem.Mol object at 0x7fcdd9388e40>
COc1ccc2c3c1O[C@H]1/C(=N/OCC(=O)O)CC[C@H]4[C@@H](C2)N(C)CC[C@]314,9.4,train,<rdkit.Chem.rdchem.Mol object at 0x7fcdd9388eb0>
N#Cc1c(N2C[C@@H]3CCCN[C@@H]3C2)c(F)cc2c(=O)c(C(=O)O)cn(C3CC3)c12,9.4,train,<rdkit.Chem.rdchem.Mol object at 0x7fcdd9388f90>
O=C1CCCN1c1ccc(Oc2ccc3c(c2)CCN(C2CCC2)CC3)nc1,9.4,train,<rdkit.Chem.rdchem.Mol object at 0x7fcdd9389000>
OCc1cc([C@@H](O)CNCCCCCCOCCOCc2c(Cl)cccc2Cl)ccc1O,9.4,train,<rdkit.Chem.rdchem.Mol object at 0x7fcdd9389070>
CCCCCOc1cccc(NC(=O)OC2CCCCC2N2CCCC2)c1,9.4,train,<rdkit.Chem.rdchem.Mol object at 0x7fcdd9389150>
CC(C)(C)NCC(O)c1ccc(O)c(CO)c1.CC(C)(C)NCC(O)c1ccc(O)c(CO)c1,9.4,train,<rdkit.Chem.rdchem.Mol object at 0x7fcdd93891c0>
O=C(O)C(c1ccccc1)(c1ccccc1)c1ccccc1.OCc1cc([C@@H](O)CNCCCCCCOCCOCc2c(Cl)cccc2Cl)ccc1O,9.4,train,<rdkit.Chem.rdchem.Mol object at 0x7fcdd9389230>
CC(C)(C)NC[C@H](O)c1ccc(O)c(CO)c1.CC(C)(C)NC[C@H](O)c1ccc(O)c(CO)c1,9.4,train,<rdkit.Chem.rdchem.Mol object at 0x7fcdd93892a0>
C[S+](CC[C@H](N)C(=O)[O-])C[C@H]1O[C@@H](n2cnc3c(N)ncnc32)[C@H](O)[C@@H]1O,9.41,test,<rdkit.Chem.rdchem.Mol object at 0x7fcdd9389380>
CCN(CC)CCOCCC1=CCC2CC1C2(C)C,9.41,test,<rdkit.Chem.rdchem.Mol object at 0x7fcdd93893f0>
CCN(CC)CCOc1ccc(/C(=C(/Cl)c2ccccc2)c2ccc(O)cc2)cc1,9.41,test,<rdkit.Chem.rdchem.Mol object at 0x7fcdd9389460>
CCN(CC)CCOCCOC(=O)C1(c2ccccc2)CCCC1,9.41,train,<rdkit.Chem.rdchem.Mol object at 0x7fcdd93894d0>
CN(C)C(=O)C(CCN1CCC(O)(c2ccc(Cl)cc2)CC1)(c1ccccc1)c1ccccc1,9.41,train,<rdkit.Chem.rdchem.Mol object at 0x7fcdd9389540>
CCCCOc1ccc(C(=O)OCCOCCN(CC)CC)cc1N,9.41,train,<rdkit.Chem.rdchem.Mol object at 0x7fcdd9389620>
CCC(C(=O)OCCOCCN(CC)CC)c1ccccc1.O=C(O)CC(O)(CC(=O)O)C(=O)O,9.41,train,<rdkit.Chem.rdchem.Mol object at 0x7fcdd9389700>
CCC(C(=O)OCCOCCN(CC)CC)c1ccccc1,9.41,train,<rdkit.Chem.rdchem.Mol object at 0x7fcdd9389770>
N#CC(CCN1CCC(C(=O)O)(c2ccccc2)CC1)(c1ccccc1)c1ccccc1,9.41,train,<rdkit.Chem.rdchem.Mol object at 0x7fcdd93897e0>
CCN(CC)CCOCC(O)COc1ccccc1OC,9.41,train,<rdkit.Chem.rdchem.Mol object at 0x7fcdd9389850>
CCN(CC)CCOC(C)(c1ccccc1)c1ccc(Cl)cc1,9.41,train,<rdkit.Chem.rdchem.Mol object at 0x7fcdd93898c0>
CCN(CC)CCOCCOC(=O)C1(c2ccccc2)CCCC1.O=C(O)CC(O)(CC(=O)O)C(=O)O,9.41,train,<rdkit.Chem.rdchem.Mol object at 0x7fcdd9389930>
N[C@@H](Cc1ccc(OP(=O)(O)O)c(O)c1)C(=O)O,9.41,train,<rdkit.Chem.rdchem.Mol object at 0x7fcdd93899a0>
C[S+](C)CC[C@H](N)C(=O)O,9.41,train,<rdkit.Chem.rdchem.Mol object at 0x7fcdd9389a10>
CCOCCn1c(C2CCN(CCc3ccc(C(C)(C)C(=O)O)cc3)CC2)nc2ccccc21,9.41,train,<rdkit.Chem.rdchem.Mol object at 0x7fcdd9389af0>
C=CCN1CC[C@]23CCCC[C@H]2[C@H]1Cc1ccc(O)cc13,9.41,train,<rdkit.Chem.rdchem.Mol object at 0x7fcdd9389bd0>
C[S+](CCC(N)C(=O)[O-])C[C@H]1O[C@@H](n2cnc3c(N)ncnc32)[C@H](O)[C@@H]1O,9.41,train,<rdkit.Chem.rdchem.Mol object at 0x7fcdd9389c40>
NC[C@H]1O[C@H](O[C@H]2[C@H](O)[C@@H](O[C@H]3O[C@H](CO)[C@@H](O)[C@H](N)[C@H]3O)[C@H](NC(CO)CO)C[C@@H]2N)[C@H](N)[C@@H](O)[C@@H]1O,9.41,train,<rdkit.Chem.rdchem.Mol object at 0x7fcdd9389cb0>
CO/N=C1\CN(c2nc3c(cc2F)c(=O)c(C(=O)O)cn3C2CC2)CC12CNC2,9.41,train,<rdkit.Chem.rdchem.Mol object at 0x7fcdd9389d20>
Cc1cc(C)c2nc(-c3cnc(NCCCC4CCN(C)CC4)nc3C)[nH]c2c1,9.41,train,<rdkit.Chem.rdchem.Mol object at 0x7fcdd9389d90>
CC(=O)N1CC(F)(F)c2c(Sc3ncc(N4CCC5(CC4)COC[C@H]5N)nc3N)cccc21,9.41,train,<rdkit.Chem.rdchem.Mol object at 0x7fcdd9389e00>
COc1c(N2C[C@@H]3CCCN[C@@H]3C2)c(F)cc2c(=O)c(C(=O)O)cn(C3CC3)c12,9.42,test,<rdkit.Chem.rdchem.Mol object at 0x7fcdd9389e70>
COC(=O)C[C@](O)(CCCC(C)(C)O)C(=O)O[C@@H]1C(OC)=C[C@]23CCCN2CCc2cc4c(cc2[C@H]13)OCO4,9.42,test,<rdkit.Chem.rdchem.Mol object at 0x7fcdd9389ee0>
CCN1C[C@H]2CN(C)C[C@@H](C1)C2OC(=O)c1ccc(Cl)cc1,9.42,test,<rdkit.Chem.rdchem.Mol object at 0x7fcdd9389f50>
CC(CN(C)C)CN1c2ccccc2CCc2ccccc21,9.42,train,<rdkit.Chem.rdchem.Mol object at 0x7fcdd938a110>
CC(C)NCC(O)c1ccc([N+](=O)[O-])cc1,9.42,train,<rdkit.Chem.rdchem.Mol object at 0x7fcdd938a180>
CSc1ccc2c(c1)N(CC(C)CN(C)C)c1ccccc1S2,9.42,train,<rdkit.Chem.rdchem.Mol object at 0x7fcdd938a1f0>
Cc1nnc(C(CCN2CC3CCC2CC3)(c2ccccc2)c2ccccc2)o1,9.42,train,<rdkit.Chem.rdchem.Mol object at 0x7fcdd938a260>
CC(CN(C)C)CN1c2ccccc2Sc2ccc(C#N)cc21,9.42,train,<rdkit.Chem.rdchem.Mol object at 0x7fcdd938a2d0>
CCc1ccc2c(c1)N(CC(C)CN(C)C)c1ccccc1S2,9.42,train,<rdkit.Chem.rdchem.Mol object at 0x7fcdd938a340>
CC(CN(C)C)CN1c2ccccc2Sc2ccc(C(F)(F)F)cc21,9.42,train,<rdkit.Chem.rdchem.Mol object at 0x7fcdd938a3b0>
COc1ccc2c(c1)N(C[C@H](C)CN(C)C)c1ccccc1S2,9.42,train,<rdkit.Chem.rdchem.Mol object at 0x7fcdd938a420>
COc1ccc(CC(C)NCC(O)c2ccc(O)c(CO)c2)cc1,9.42,train,<rdkit.Chem.rdchem.Mol object at 0x7fcdd938a490>
CC(CN(C)C)CN1c2ccccc2OCOc2ccc(Cl)cc21,9.42,train,<rdkit.Chem.rdchem.Mol object at 0x7fcdd938a500>
CCN1CCCC1CC(=O)Nc1cc(S(N)(=O)=O)ccc1OC,9.42,train,<rdkit.Chem.rdchem.Mol object at 0x7fcdd938a570>
CC(CN(C)C)CN1c2ccccc2Sc2ccccc21.CC(CN(C)C)CN1c2ccccc2Sc2ccccc21,9.42,train,<rdkit.Chem.rdchem.Mol object at 0x7fcdd938a5e0>
CSc1ccc2c(c1)N(C[C@H](C)CN(C)C)c1ccccc1S2,9.42,train,<rdkit.Chem.rdchem.Mol object at 0x7fcdd938a650>
CC(C)NCC(O)c1ccc(NS(C)(=O)=O)cc1,9.43,test,<rdkit.Chem.rdchem.Mol object at 0x7fcdd938a6c0>
CN(C)[C@H](Cc1ccccc1)c1ccccc1,9.43,test,<rdkit.Chem.rdchem.Mol object at 0x7fcdd938a730>
N[C@@H](Cc1cc(I)c(Oc2cc(I)c(O)c(I)c2)c(I)c1)C(=O)O,9.43,train,<rdkit.Chem.rdchem.Mol object at 0x7fcdd938a7a0>
N[C@H](Cc1cc(I)c(Oc2cc(I)c(O)c(I)c2)c(I)c1)C(=O)O,9.43,train,<rdkit.Chem.rdchem.Mol object at 0x7fcdd938a810>
CC(=O)Nc1ccc(N2CCN(CCCN(C)C)CC2)cc1,9.43,train,<rdkit.Chem.rdchem.Mol object at 0x7fcdd938a880>
NCCC(=O)NCCSSCCNC(=O)CCN,9.43,train,<rdkit.Chem.rdchem.Mol object at 0x7fcdd938a8f0>
CCNCC(O)c1cccc(OC(=O)C(C)(C)C)c1,9.43,train,<rdkit.Chem.rdchem.Mol object at 0x7fcdd938a960>
N[C@@H](Cc1cc([131I])c(Oc2cc([131I])c(O)c([131I])c2)c([131I])c1)C(=O)O,9.43,train,<rdkit.Chem.rdchem.Mol object at 0x7fcdd938a9d0>
N[C@@H](Cc1cc([125I])c(Oc2cc([125I])c(O)c([125I])c2)c([125I])c1)C(=O)O,9.43,train,<rdkit.Chem.rdchem.Mol object at 0x7fcdd938aa40>
NC(Cc1ccc(Cl)cc1)C(=O)O,9.44,train,<rdkit.Chem.rdchem.Mol object at 0x7fcdd938ab20>
N[C@@H](Cc1cc(Br)c(O)c(Br)c1)C(=O)O,9.44,train,<rdkit.Chem.rdchem.Mol object at 0x7fcdd938ac00>
NCCOC(c1ccc(F)cc1)c1ccc(Cl)cc1,9.44,train,<rdkit.Chem.rdchem.Mol object at 0x7fcdd938ac70>
OC(CCN1CCCC1)(c1ccccc1)C1CCCCC1,9.45,test,<rdkit.Chem.rdchem.Mol object at 0x7fcdd938ace0>
N[C@@H](Cc1ccccc1)C(=O)O,9.45,test,<rdkit.Chem.rdchem.Mol object at 0x7fcdd938ad50>
Cc1oc2c(C)c3oc(=O)cc(C)c3cc2c1COCCN,9.45,test,<rdkit.Chem.rdchem.Mol object at 0x7fcdd938adc0>
CCOC(=O)C1=C(COCCN)NC(C)=C(C(=O)OC)C1c1ccccc1Cl,9.45,train,<rdkit.Chem.rdchem.Mol object at 0x7fcdd938ae30>
CC(C)NCC(O)c1ccccc1Cl,9.45,train,<rdkit.Chem.rdchem.Mol object at 0x7fcdd938aea0>
N[C@@H](Cc1cc(I)c(O)c(I)c1)C(=O)O,9.45,train,<rdkit.Chem.rdchem.Mol object at 0x7fcdd938af10>
O=C(CCN1CCN2CCCC2C1)N1c2ccccc2Sc2ccc(Cl)cc21,9.45,train,<rdkit.Chem.rdchem.Mol object at 0x7fcdd938af80>
CCCCCCN1CCN(/C(=N\CC(C)C)c2ccccc2)CC1,9.45,train,<rdkit.Chem.rdchem.Mol object at 0x7fcdd938aff0>
CC(C)(C)NCC(O)c1ccccc1F,9.45,train,<rdkit.Chem.rdchem.Mol object at 0x7fcdd938b0d0>
CCOC(=O)C1=C(COCCOCCN)NC(C)=C(C(=O)OC)C1c1cccc(Cl)c1Cl,9.45,train,<rdkit.Chem.rdchem.Mol object at 0x7fcdd938b140>
CCOCCn1c(C2CCN(CCc3ccc(C(C)(C)C)cc3)CC2)nc2ccccc21,9.45,train,<rdkit.Chem.rdchem.Mol object at 0x7fcdd938b1b0>
N[C@@H](Cc1cc([125I])c(O)c([125I])c1)C(=O)O,9.45,train,<rdkit.Chem.rdchem.Mol object at 0x7fcdd938b300>
CCOC(=O)C1=C(COCCN)NC(C)=C(C(=O)OC)[C@@H]1c1ccccc1Cl,9.45,train,<rdkit.Chem.rdchem.Mol object at 0x7fcdd938b3e0>
N[C@@H](Cc1cccc(N(CCCl)CCCl)c1)C(=O)O,9.45,train,<rdkit.Chem.rdchem.Mol object at 0x7fcdd938b450>
CN(C)CCCNC(=O)/C(=C/CCCCC(=O)NO)COc1cccc2ccccc12,9.45,train,<rdkit.Chem.rdchem.Mol object at 0x7fcdd938b4c0>
CCOC(=O)C1=C(COCCN)NC(C)=C(C(=O)OC)C1c1ccccc1Cl.O=C(O)c1ccccc1,9.45,train,<rdkit.Chem.rdchem.Mol object at 0x7fcdd938b5a0>
CCOC(=O)C1=C(COCCN)NC(C)=C(C(=O)OC)[C@@H]1c1ccccc1Cl.O=C(O)C[C@H](O)C(=O)O,9.45,train,<rdkit.Chem.rdchem.Mol object at 0x7fcdd938b610>
CN(C)CCCOC1(Cc2ccccc2)CCCCCC1,9.46,test,<rdkit.Chem.rdchem.Mol object at 0x7fcdd938b680>
COc1cc2c(cc1OC)CN(c1cc(N)c3cc(OC)c(OC)cc3n1)CC2,9.46,test,<rdkit.Chem.rdchem.Mol object at 0x7fcdd938b6f0>
CCCn1c(=O)c2nc(C3(N)CCCC3)[nH]c2n(CCC)c1=O,9.46,test,<rdkit.Chem.rdchem.Mol object at 0x7fcdd938b760>
CCCCNCC1COc2cccc(OCC)c2O1,9.46,train,<rdkit.Chem.rdchem.Mol object at 0x7fcdd938b840>
CN(C)CCCO[C@@H]1[C@H]2OC(C)(C)O[C@H]2O[C@@H]1[C@H](O)CO,9.46,train,<rdkit.Chem.rdchem.Mol object at 0x7fcdd938b8b0>
CC(C)=CCN1CCC2(C)c3cc(O)ccc3CC1C2(C)C,9.46,train,<rdkit.Chem.rdchem.Mol object at 0x7fcdd938b920>
COC(=O)[C@H]1[C@@H](c2ccc([123I])cc2)C[C@@H]2CC[C@H]1N2CCCF,9.46,train,<rdkit.Chem.rdchem.Mol object at 0x7fcdd938b990>
COC(=O)[C@H]1[C@@H](c2ccc(I)cc2)C[C@@H]2CC[C@H]1N2CCCF,9.46,train,<rdkit.Chem.rdchem.Mol object at 0x7fcdd938ba00>
CCOC(=O)C12CCC(NCC(=O)N3C[C@@H](F)C[C@H]3C#N)(CC1)CC2,9.46,train,<rdkit.Chem.rdchem.Mol object at 0x7fcdd938ba70>
O=C(Nc1ccc(-c2ccnc(Nc3ccc(N4CCOCC4)cc3)n2)cc1)C1CCCN1,9.46,train,<rdkit.Chem.rdchem.Mol object at 0x7fcdd938bae0>
O[C@H]1[C@H]2[C@H](O)CCCN2C[C@H]1O,9.47,test,<rdkit.Chem.rdchem.Mol object at 0x7fcdd938bb50>
CC(Cc1ccccc1)N(C)CCCN1c2ccccc2N(C)S(=O)(=O)c2ccccc21,9.47,test,<rdkit.Chem.rdchem.Mol object at 0x7fcdd938bbc0>
CCN1CCc2nc(N)oc2CC1,9.47,train,<rdkit.Chem.rdchem.Mol object at 0x7fcdd938bc30>
CN(C)CCC(c1ccc(Cl)cc1)c1ccccn1,9.47,train,<rdkit.Chem.rdchem.Mol object at 0x7fcdd938bca0>
CN(C)CC[C@@H](c1ccc(Cl)cc1)c1ccccn1,9.47,train,<rdkit.Chem.rdchem.Mol object at 0x7fcdd938bd10>
CC(C)NC[C@H](O)COc1ccc(O)cc1,9.47,train,<rdkit.Chem.rdchem.Mol object at 0x7fcdd938bd80>
CC(CC(=O)Nc1ccc(Cl)cc1Cl)N1CCCCC1,9.47,train,<rdkit.Chem.rdchem.Mol object at 0x7fcdd938be60>
CCC(CN)=C(c1ccccc1)c1ccccc1,9.47,train,<rdkit.Chem.rdchem.Mol object at 0x7fcdd938bed0>
O=C1c2c(O)cccc2-c2nn(CCNCCO)c3ccc(NCCNCCO)c1c23,9.47,train,<rdkit.Chem.rdchem.Mol object at 0x7fcdd938bf40>
CCN(CC)CCO/C(=C1\C2CC3C(C2)C13)c1ccccc1,9.47,train,<rdkit.Chem.rdchem.Mol object at 0x7fcdd938c0b0>
CCN(CC)CC/C(=N/OC(=O)Nc1ccc(OC)cc1)c1ccccc1,9.47,train,<rdkit.Chem.rdchem.Mol object at 0x7fcdd938c120>
N[C@H](Cc1ccc(OC[18F])cc1)C(=O)O,9.47,train,<rdkit.Chem.rdchem.Mol object at 0x7fcdd938c270>
Cn1c(=O)cc(N2CCC[C@@H](N)C2)n(Cc2cc(F)ccc2C#N)c1=O,9.47,train,<rdkit.Chem.rdchem.Mol object at 0x7fcdd938c2e0>
C=CCc1c(OC(=O)N2CCC(N3CCCCC3)CC2)ccc2nc3c(cc12)Cn1c-3cc2c(c1=O)COC(=O)[C@]2(O)CC,9.47,train,<rdkit.Chem.rdchem.Mol object at 0x7fcdd938c3c0>
Cn1c(=O)cc(N2CCC[C@@H](N)C2)n(Cc2cc(F)ccc2C#N)c1=O.O=C(O)CCC(=O)O,9.47,train,<rdkit.Chem.rdchem.Mol object at 0x7fcdd938c430>
N[C@@H](Cc1ccc(OCCF)cc1)C(=O)O,9.47,train,<rdkit.Chem.rdchem.Mol object at 0x7fcdd938c4a0>
O=c1[nH]c(C2CCCN2)nc2c1oc1ccc(Cl)cc12,9.47,train,<rdkit.Chem.rdchem.Mol object at 0x7fcdd938c580>
N[C@H](Cc1cc(I)c(Oc2ccc(O)c(I)c2)c(I)c1)C(=O)O,9.48,test,<rdkit.Chem.rdchem.Mol object at 0x7fcdd938c5f0>
COc1ccc(-c2c(-c3ccc(C#N)c(F)c3)nc(N3CCC(N)CC3)n(C)c2=O)cc1F,9.48,test,<rdkit.Chem.rdchem.Mol object at 0x7fcdd938c660>
NC(Cc1cc(I)c(Oc2ccc(O)c(I)c2)c(I)c1)C(=O)O,9.48,train,<rdkit.Chem.rdchem.Mol object at 0x7fcdd938c6d0>
CN(C)CCC(c1ccccc1)c1ccccn1,9.48,train,<rdkit.Chem.rdchem.Mol object at 0x7fcdd938c740>
N[C@@H](Cc1cc(I)c(Oc2ccc(O)c(I)c2)c(I)c1)C(=O)O,9.48,train,<rdkit.Chem.rdchem.Mol object at 0x7fcdd938c7b0>
CN(C)CCC(c1ccc(Br)cc1)c1ccccn1,9.48,train,<rdkit.Chem.rdchem.Mol object at 0x7fcdd938c820>
CN(C)CC[C@@H](c1ccc(Br)cc1)c1ccccn1,9.48,train,<rdkit.Chem.rdchem.Mol object at 0x7fcdd938c890>
COc1ccc(C(=O)Nc2ccccc2CCC2CCCCN2C)cc1,9.48,train,<rdkit.Chem.rdchem.Mol object at 0x7fcdd938c900>
CCCCCCN1CCC(C(=O)N(C)CC)(c2ccccc2)CC1,9.48,train,<rdkit.Chem.rdchem.Mol object at 0x7fcdd938c970>
COc1ccc2c(c1)C(O)(CCCN(C)C)c1ccccc1S2,9.48,train,<rdkit.Chem.rdchem.Mol object at 0x7fcdd938c9e0>
COc1cc2c(cc1OC)CCN(CCc1ccc(N)cc1)CC2,9.48,train,<rdkit.Chem.rdchem.Mol object at 0x7fcdd938ca50>
N[C@@H](Cc1cc([125I])c(Oc2ccc(O)c([125I])c2)c([125I])c1)C(=O)O,9.48,train,<rdkit.Chem.rdchem.Mol object at 0x7fcdd938cac0>
CCO/N=C(\c1ccc(Br)cc1)C1CCN(C2(C)CCN(C(=O)c3c(C)cc[n+]([O-])c3C)CC2)CC1,9.48,train,<rdkit.Chem.rdchem.Mol object at 0x7fcdd938cb30>
N[C@@H](Cc1cc([131I])c(Oc2ccc(O)c([131I])c2)c([131I])c1)C(=O)O,9.48,train,<rdkit.Chem.rdchem.Mol object at 0x7fcdd938cba0>
N[C@@H](Cc1cc(I)c(Oc2ccc(O)c(I)c2)c(I)c1)C(=O)[O-],9.48,train,<rdkit.Chem.rdchem.Mol object at 0x7fcdd938cc10>
CCCNCCOc1cc(F)cc(S(C)(=O)=O)c1,9.48,train,<rdkit.Chem.rdchem.Mol object at 0x7fcdd938cc80>
C[C@@H](N[C@H]1CCN(c2ccc(CC(=O)O)cc2)C1)c1cccc2ccccc12,9.48,train,<rdkit.Chem.rdchem.Mol object at 0x7fcdd938ccf0>
C[C@@H]1OCC2(CCN(c3cnc(Sc4ccnc(N)c4Cl)c(N)n3)CC2)[C@@H]1N,9.48,train,<rdkit.Chem.rdchem.Mol object at 0x7fcdd938cd60>
COc1ccc(-c2c(-c3ccc(C#N)c(F)c3)nc(N3CCC(N)CC3)n(C)c2=O)cc1F.O=S(=O)(O)c1ccccc1,9.48,train,<rdkit.Chem.rdchem.Mol object at 0x7fcdd938cdd0>
CCCCNCC1COc2ccccc2O1,9.49,train,<rdkit.Chem.rdchem.Mol object at 0x7fcdd938ce40>
CCCN1C[C@H](CSC)C[C@@H]2c3cccc4[nH]cc(c34)C[C@H]21,9.49,train,<rdkit.Chem.rdchem.Mol object at 0x7fcdd938ceb0>
NC(=O)C(CCN1CCN2CCCC2C1)(c1ccccc1)c1ccccc1,9.49,train,<rdkit.Chem.rdchem.Mol object at 0x7fcdd938cf20>
CC(=O)NCC(=O)O.CN(C)CCC1c2ccc(Cl)cc2CCc2cccnc21,9.49,train,<rdkit.Chem.rdchem.Mol object at 0x7fcdd938cf90>
CN(C)CCC1(C)OCCC2=C1Cc1ccccc12,9.49,train,<rdkit.Chem.rdchem.Mol object at 0x7fcdd938d070>
CN1CCCC[C@H]1CCc1ccccc1NC(=O)/C=C/c1ccccc1,9.49,train,<rdkit.Chem.rdchem.Mol object at 0x7fcdd938d0e0>
CCN(CCCOc1ccc2c(Nc3cc(CC(=O)Nc4cccc(F)c4)[nH]n3)ncnc2c1)CCOP(=O)(O)O,9.49,train,<rdkit.Chem.rdchem.Mol object at 0x7fcdd938d150>
CSCCC(N)C(=O)O,9.5,train,<rdkit.Chem.rdchem.Mol object at 0x7fcdd938d2a0>
CNC1CC(c2ccc(Cl)c(Cl)c2)c2ccccc21,9.5,train,<rdkit.Chem.rdchem.Mol object at 0x7fcdd938d310>
CCC(=O)OC1(c2ccccc2)CCCN(C)CC1C,9.5,train,<rdkit.Chem.rdchem.Mol object at 0x7fcdd938d460>
Fc1cccc2c1O[C@H]1CNC[C@@H]1O2,9.5,train,<rdkit.Chem.rdchem.Mol object at 0x7fcdd938d4d0>
N[C@@H](Cc1ccc(O)c([131I])c1)C(=O)O,9.5,train,<rdkit.Chem.rdchem.Mol object at 0x7fcdd938d540>
N[C@@H](Cc1ccc(O)c(I)c1)C(=O)O,9.5,train,<rdkit.Chem.rdchem.Mol object at 0x7fcdd938d5b0>
CSCC[C@H](N)[11C](=O)O,9.5,train,<rdkit.Chem.rdchem.Mol object at 0x7fcdd938d700>
CC(C)(Cc1ccc(Oc2ncccc2C#N)cc1)NC[C@H](O)COc1ccccc1-c1cccs1,9.5,train,<rdkit.Chem.rdchem.Mol object at 0x7fcdd938d770>
N[C@@H](Cc1ccc(N(CCCl)CCCl)cc1)C(=O)O,9.51,test,<rdkit.Chem.rdchem.Mol object at 0x7fcdd938d850>
NC(Cc1ccc(N(CCCl)CCCl)cc1)C(=O)O,9.51,train,<rdkit.Chem.rdchem.Mol object at 0x7fcdd938d8c0>
C=C[C@]1(C)C[C@@H](OC(=O)CSCCN(CC)CC)[C@]2(C)[C@H](C)CC[C@]3(CCC(=O)[C@H]32)[C@@H](C)[C@@H]1O,9.51,train,<rdkit.Chem.rdchem.Mol object at 0x7fcdd938da80>
CC/C(=C(\c1ccccc1)c1ccc(OCCNC)cc1)c1ccccc1,9.51,train,<rdkit.Chem.rdchem.Mol object at 0x7fcdd938daf0>
CN(C(=O)/C=C/c1ccoc1)[C@@H]1CC[C@@]2(O)[C@H]3Cc4ccc(O)c5c4[C@@]2(CCN3CC2CC2)[C@H]1O5,9.51,train,<rdkit.Chem.rdchem.Mol object at 0x7fcdd938db60>
CCN1CCC(CC(NC(=O)c2ccc([N+](=O)[O-])cc2)c2ccc(F)cc2)CC1,9.51,train,<rdkit.Chem.rdchem.Mol object at 0x7fcdd938dc40>
O=C1c2ccccc2C(=O)N1[C@@H]1CC[C@@]2(O)C3Cc4ccc(O)c5c4[C@@]2(CCN3CC2CC2)C1O5,9.51,train,<rdkit.Chem.rdchem.Mol object at 0x7fcdd938dcb0>
CCC(=O)O[C@](Cc1ccccc1)(c1ccccc1)[C@H](C)CN(C)C,9.52,test,<rdkit.Chem.rdchem.Mol object at 0x7fcdd938dd20>
CN(C)C(=O)Oc1cc(OC(=O)N(C)C)cc(C(O)CNC(C)(C)C)c1,9.52,test,<rdkit.Chem.rdchem.Mol object at 0x7fcdd938dd90>
Cc1cccc(C)c1OCC(C)N,9.52,train,<rdkit.Chem.rdchem.Mol object at 0x7fcdd938de70>
CNC(C)C(O)c1ccccc1,9.52,train,<rdkit.Chem.rdchem.Mol object at 0x7fcdd938dee0>
CC(C)C[C@H](N)C(=O)O,9.52,train,<rdkit.Chem.rdchem.Mol object at 0x7fcdd938dfc0>
CN[C@@H](C)[C@@H](O)c1ccccc1,9.52,train,<rdkit.Chem.rdchem.Mol object at 0x7fcdd938e030>
CCCCCCCCCCOCC(O)CN,9.52,train,<rdkit.Chem.rdchem.Mol object at 0x7fcdd938e180>
COc1cc(C)cc(C)c1NC(=O)CCN1CCCCC1C,9.52,train,<rdkit.Chem.rdchem.Mol object at 0x7fcdd938e1f0>
NCCNc1ccc(NCCN)c2c1C(=O)c1ccncc1C2=O,9.52,train,<rdkit.Chem.rdchem.Mol object at 0x7fcdd938e260>
CC[C@@]1(O)C(=O)OCc2c1cc1n(c2=O)Cc2c-1nc1cc(F)c(C)c3c1c2[C@@H](N)CC3,9.52,train,<rdkit.Chem.rdchem.Mol object at 0x7fcdd938e2d0>
CN[C@@H]1C[C@H]2O[C@@](C)([C@@H]1OC)n1c3ccccc3c3c4c(c5c6ccccc6n2c5c31)C(=O)N[C@H]4O,9.52,train,<rdkit.Chem.rdchem.Mol object at 0x7fcdd938e3b0>
CCC(=O)O[C@@](Cc1ccccc1)(c1ccccc1)[C@@H](C)CN(C)C.O=S(=O)(O)c1ccc2ccccc2c1,9.52,train,<rdkit.Chem.rdchem.Mol object at 0x7fcdd938e420>
N[C@@H]1CC[C@@H](c2ccc(Cl)c(Cl)c2)c2ccccc21,9.52,train,<rdkit.Chem.rdchem.Mol object at 0x7fcdd938e490>
COc1cc(C)c(S(=O)(=O)N(C)CCOCC(=O)N(C)Cc2ccc(C3=NCCN3)cc2)c(C)c1,9.52,train,<rdkit.Chem.rdchem.Mol object at 0x7fcdd938e570>
CN[C@@H](C)[C@H](O)c1ccccc1.CN[C@@H](C)[C@H](O)c1ccccc1,9.52,train,<rdkit.Chem.rdchem.Mol object at 0x7fcdd938e650>
C[C@@H](N)COc1ccc(-c2cnc3ccc(N[C@H](C)c4cccc(F)c4)nn23)cc1,9.52,train,<rdkit.Chem.rdchem.Mol object at 0x7fcdd938e6c0>
C[C@@H](N)COc1ccc(-c2cnc3ccc(N[C@H](C)c4cccc(F)c4)nn23)cc1.O=C(O)CCCCC(=O)O,9.52,train,<rdkit.Chem.rdchem.Mol object at 0x7fcdd938e730>
COC(=O)c1cccc(CCN(C)CCC[C@@](C#N)(c2ccc(OC)c(OC)c2)C(C)C)c1,9.52,train,<rdkit.Chem.rdchem.Mol object at 0x7fcdd938e7a0>
NC(=O)Nc1cc(C#Cc2cccc(F)c2)sc1C(=O)N[C@H]1CCCNC1,9.52,train,<rdkit.Chem.rdchem.Mol object at 0x7fcdd938e810>
OC(c1ccccc1)(c1ccccc1)C1CCCCN1,9.53,train,<rdkit.Chem.rdchem.Mol object at 0x7fcdd938e880>
CCCCCNCCOC(=O)c1ccc(N)cc1,9.53,train,<rdkit.Chem.rdchem.Mol object at 0x7fcdd938e8f0>
CC(Cc1ccccc1)NCCn1cnc2c1c(=O)n(C)c(=O)n2C,9.53,train,<rdkit.Chem.rdchem.Mol object at 0x7fcdd938e960>
CCCC[C@H](N)C(=O)O,9.53,train,<rdkit.Chem.rdchem.Mol object at 0x7fcdd938e9d0>
CC(C)(C)NCC(O)c1cc(OC(=O)C(C)(C)C)cc(OC(=O)C(C)(C)C)c1,9.53,train,<rdkit.Chem.rdchem.Mol object at 0x7fcdd938eab0>
CC(C)CCNCC1COc2ccccc2O1,9.53,train,<rdkit.Chem.rdchem.Mol object at 0x7fcdd938eb20>
COCCNCCc1cccc(Nc2ncc3c(n2)-c2ccccc2[C@H](c2ccccc2F)C3)c1,9.53,train,<rdkit.Chem.rdchem.Mol object at 0x7fcdd938ec00>
NC(=O)c1ccc2nc(-c3ccc(C4(N)CCC4)cc3)c(-c3ccccc3)n2n1,9.53,train,<rdkit.Chem.rdchem.Mol object at 0x7fcdd938ec70>
CNS(=O)(=O)Cc1ccc2[nH]cc(CCN(C)C)c2c1,9.54,test,<rdkit.Chem.rdchem.Mol object at 0x7fcdd938ece0>
NC[C@H]1O[C@H](O[C@H]2[C@H](O)[C@@H](O[C@H]3O[C@H](CO)[C@@H](O)[C@H](N)[C@H]3O)[C@H](N)C[C@@H]2N)[C@H](N)C[C@@H]1O,9.54,test,<rdkit.Chem.rdchem.Mol object at 0x7fcdd938ed50>
CO[C@]12C=C[C@@]3(C[C@@H]1C(C)(C)O)[C@H]1Cc4ccc(O)c5c4[C@@]3(CCN1CC1CC1)[C@H]2O5,9.54,test,<rdkit.Chem.rdchem.Mol object at 0x7fcdd938edc0>
CN(C)CCc1c[nH]c2cccc(OP(=O)(O)O)c12,9.54,train,<rdkit.Chem.rdchem.Mol object at 0x7fcdd938ee30>
O=C(Nc1cccc(C2=NCCN2)c1)Nc1cccc(C2=NCCN2)c1,9.54,train,<rdkit.Chem.rdchem.Mol object at 0x7fcdd938eea0>
COC1(c2ccccc2)C2CCCC1CN(C)C2,9.54,train,<rdkit.Chem.rdchem.Mol object at 0x7fcdd938ef80>
N[C@@H](CCC(=O)O)C(=O)O,9.54,train,<rdkit.Chem.rdchem.Mol object at 0x7fcdd938eff0>
CNS(=O)(=O)Cc1ccc2[nH]cc(CCN(C)C)c2c1.O=C(O)CCC(=O)O,9.54,train,<rdkit.Chem.rdchem.Mol object at 0x7fcdd938f060>
C[C@@H](Cc1ccccc1)N(C)C,9.54,train,<rdkit.Chem.rdchem.Mol object at 0x7fcdd938f0d0>
COc1cccc([C@@H](C)NCCCc2ccccc2Cl)c1,9.54,train,<rdkit.Chem.rdchem.Mol object at 0x7fcdd938f140>
O=C(O)CC[C@H](NC(=O)N[C@@H](CCCCNCc1ccc([123I])cc1)C(=O)O)C(=O)O,9.54,train,<rdkit.Chem.rdchem.Mol object at 0x7fcdd938f290>
C[C@@H]1CCC[C@H](C)N1CCCC(O)(c1ccccc1)c1ccccn1,9.55,test,<rdkit.Chem.rdchem.Mol object at 0x7fcdd938f3e0>
CC(C)(C)NCC(O)c1ccccc1Cl,9.55,train,<rdkit.Chem.rdchem.Mol object at 0x7fcdd938f450>
CN(C)CCc1c[nH]c2ccccc12,9.55,train,<rdkit.Chem.rdchem.Mol object at 0x7fcdd938f4c0>
CC(O)CNCC(C)O,9.55,train,<rdkit.Chem.rdchem.Mol object at 0x7fcdd938f530>
CC[C@@H](CO)NCCN[C@@H](CC)CO,9.55,train,<rdkit.Chem.rdchem.Mol object at 0x7fcdd938f5a0>
CCN(CC)CCOC1(c2ccccc2)CCN(CCNc2ccccc2)CC1,9.55,train,<rdkit.Chem.rdchem.Mol object at 0x7fcdd938f680>
CN(C)CCc1c[nH]c2ccc(CS(=O)(=O)N3CCCC3)cc12,9.55,train,<rdkit.Chem.rdchem.Mol object at 0x7fcdd938f6f0>
CN(C)CCc1c[nH]c2ccc(CS(=O)(=O)N3CCCC3)cc12.O=C(O)CC(O)C(=O)O,9.55,train,<rdkit.Chem.rdchem.Mol object at 0x7fcdd938f760>
CC(OCCN1CCCCCCC1)(c1ccccc1)c1ccc(Cl)cc1,9.55,train,<rdkit.Chem.rdchem.Mol object at 0x7fcdd938f7d0>
CC(C)[C@@H](CN1CC[C@@](C)(c2cccc(O)c2)[C@@H](C)C1)NC(=O)[C@H]1Cc2ccc(O)cc2CN1,9.55,train,<rdkit.Chem.rdchem.Mol object at 0x7fcdd938f840>
CNC1CCCN(c2c(F)cc3c(=O)c(C(=O)O)cn(C4CC4)c3c2OC)C1,9.56,test,<rdkit.Chem.rdchem.Mol object at 0x7fcdd938fa00>
CN(C)CCc1c[nH]c2ccc(Cn3cncn3)cc12,9.56,train,<rdkit.Chem.rdchem.Mol object at 0x7fcdd938fa70>
CN[C@H]1CC[C@@H](c2ccc(Cl)c(Cl)c2)c2ccccc21,9.56,train,<rdkit.Chem.rdchem.Mol object at 0x7fcdd938fae0>
CN(C)CCc1c[nH]c2ccc(Cn3cncn3)cc12.O=C(O)c1ccccc1,9.56,train,<rdkit.Chem.rdchem.Mol object at 0x7fcdd938fb50>
CN[C@@H]1CC[C@@H](c2ccccc2)c2ccccc21,9.56,train,<rdkit.Chem.rdchem.Mol object at 0x7fcdd938fbc0>
Fc1ccc(-n2cc(CCCCN3CCC4(CC3)OCc3ccccc34)c3ccccc32)cc1,9.56,train,<rdkit.Chem.rdchem.Mol object at 0x7fcdd938fca0>
CCCC(=O)Nc1ccc(OCC(O)CNC(C)C)c(C(C)=O)c1,9.57,test,<rdkit.Chem.rdchem.Mol object at 0x7fcdd938fd80>
CC(C)=CCN1CCC2(C)c3cc(O)ccc3CC1C2C,9.57,test,<rdkit.Chem.rdchem.Mol object at 0x7fcdd938fdf0>
COCCCOc1cc(C[C@@H](C[C@H](N)[C@@H](O)C[C@H](C(=O)NCC(C)(C)C(N)=O)C(C)C)C(C)C)ccc1OC,9.57,test,<rdkit.Chem.rdchem.Mol object at 0x7fcdd938fe60>
CC(=O)c1cc2cccc(OCC(O)CNC(C)C)c2o1,9.57,train,<rdkit.Chem.rdchem.Mol object at 0x7fcdd938fed0>
CC(C)NCC(O)c1ccc(N)c(C#N)c1,9.57,train,<rdkit.Chem.rdchem.Mol object at 0x7fcdd938ff40>
CC(C)NCC(O)c1ccc2ccccc2c1,9.57,train,<rdkit.Chem.rdchem.Mol object at 0x7fcdd9390040>
CC1CC(OC(=O)C(O)c2ccccc2)CC(C)(C)N1C,9.57,train,<rdkit.Chem.rdchem.Mol object at 0x7fcdd93900b0>
CCC(O)C(CC(C)N(C)C)(c1ccccc1)c1ccccc1,9.57,train,<rdkit.Chem.rdchem.Mol object at 0x7fcdd9390120>
CC(=O)Nc1ccc(OCC(O)CNC(C)C)c(C(C)=O)c1,9.57,train,<rdkit.Chem.rdchem.Mol object at 0x7fcdd9390190>
CC[C@@H](O)C(C[C@@H](C)N(C)C)(c1ccccc1)c1ccccc1,9.57,train,<rdkit.Chem.rdchem.Mol object at 0x7fcdd9390200>
CC(C)=CCN1CC[C@]2(C)c3cc(O)ccc3C[C@H]1C2C,9.57,train,<rdkit.Chem.rdchem.Mol object at 0x7fcdd9390270>
CC[C@H]1OC(=O)[C@H](C)[C@@H](O[C@H]2C[C@@](C)(OC)[C@@H](O)[C@H](C)O2)[C@H](C)[C@@H](O[C@@H]2O[C@H](C)C[C@H](N(C)C)[C@H]2O)[C@](C)(O)C[C@@H](C)CN(C)[C@H](C)[C@@H](O)[C@]1(C)O,9.57,train,<rdkit.Chem.rdchem.Mol object at 0x7fcdd93902e0>
Cc1cc(=O)c2c(O)c3ccoc3c(OCC(O)CNC(C)C)c2o1,9.57,train,<rdkit.Chem.rdchem.Mol object at 0x7fcdd9390350>
CC[C@H]1OC(=O)C[C@@H](O)[C@H](C)[C@@H](O[C@@H]2O[C@H](C)[C@@H](O)[C@H](N(C)C)[C@H]2O)[C@@H](CCN2C[C@H](C)C[C@H](C)C2)C[C@@H](C)C(=O)/C=C/C(C)=C/[C@@H]1CO[C@@H]1O[C@H](C)[C@@H](O)[C@@H](OC)[C@H]1OC,9.57,train,<rdkit.Chem.rdchem.Mol object at 0x7fcdd93903c0>
C=C1CC[C@@]2(O)[C@H]3Cc4ccc(O)c5c4[C@@]2(CCN3CC2CC2)[C@H]1O5,9.57,train,<rdkit.Chem.rdchem.Mol object at 0x7fcdd9390430>
CC[C@H]1CC(=O)[C@@H]2Oc3c(OC)ccc4c3[C@@]23CCN(CC2CC2)[C@H](C4)[C@H]13,9.57,train,<rdkit.Chem.rdchem.Mol object at 0x7fcdd93904a0>
NC/C(=C/F)CCc1ccc(F)cc1,9.57,train,<rdkit.Chem.rdchem.Mol object at 0x7fcdd9390510>
CC[C@H](O)C(C[C@@H](C)N(C)C)(c1ccccc1)c1ccccc1,9.57,train,<rdkit.Chem.rdchem.Mol object at 0x7fcdd93905f0>
C[C@@H]1CCCN1CCCOc1ccc(-c2ccc(=O)[nH]n2)cc1,9.57,train,<rdkit.Chem.rdchem.Mol object at 0x7fcdd93906d0>
Cc1ccc(-c2cc([C@@H]3C4CCC(C[C@@H]3c3ccc(Cl)cc3)N4C)on2)cc1,9.57,train,<rdkit.Chem.rdchem.Mol object at 0x7fcdd9390740>
CC(C)(Cc1cccc(CC(=O)NCc2cccc(-c3ccc(O)cc3)c2)c1)NC[C@H](O)c1ccc(O)c(NS(C)(=O)=O)c1,9.58,test,<rdkit.Chem.rdchem.Mol object at 0x7fcdd93907b0>
NCCc1c[nH]cn1,9.58,train,<rdkit.Chem.rdchem.Mol object at 0x7fcdd9390820>
COc1ccc2[nH]cc(CCN(C)C)c2c1,9.58,train,<rdkit.Chem.rdchem.Mol object at 0x7fcdd9390890>
COc1ccc(C[C@H](NC(=O)CC(C)(C)N)C(=O)N[C@@H](Cc2c[nH]cn2)C(=O)N[C@@H](CC2CCCCC2)[C@@H](O)[C@@H](O)CC(C)C)cc1,9.58,train,<rdkit.Chem.rdchem.Mol object at 0x7fcdd9390970>
CCCCCCN(C)Cc1ccc(OCCOc2ccc(CN(C)CCCCCC)cc2)cc1,9.58,train,<rdkit.Chem.rdchem.Mol object at 0x7fcdd93909e0>
CC(CC(C(N)=O)(c1ccccc1)c1ccccn1)N(C)C,9.58,train,<rdkit.Chem.rdchem.Mol object at 0x7fcdd9390a50>
C[C@H]1[C@@H]2Cc3ccc(O)cc3[C@]1(C)CCN2C,9.58,train,<rdkit.Chem.rdchem.Mol object at 0x7fcdd9390ac0>
CC1(C)CC[C@H](Nc2ncc(C(F)(F)F)c(-c3c[nH]c4c(P(C)(C)=O)c(C#N)ccc34)n2)CN1,9.58,train,<rdkit.Chem.rdchem.Mol object at 0x7fcdd9390c10>
NC[C@H]1O[C@H](O[C@H]2[C@H](O[C@@H]3O[C@H](CO)[C@@H](O)[C@H]3O)[C@@H](O)[C@H](N)C[C@@H]2N)[C@H](N)[C@@H](O)[C@@H]1O,9.59,test,<rdkit.Chem.rdchem.Mol object at 0x7fcdd9390c80>
COc1ccc(C(=O)Oc2ccc(C(O)CNC(C)(C)C)cc2OC(C)=O)cc1,9.59,test,<rdkit.Chem.rdchem.Mol object at 0x7fcdd9390cf0>
COC(=O)C1=C(C)NC(C)=C(C(=O)OCCCN2CCC(c3ccccc3)(c3ccccc3)CC2)[C@@H]1c1cccc([N+](=O)[O-])c1,9.59,test,<rdkit.Chem.rdchem.Mol object at 0x7fcdd9390d60>
CC(C)(C)NCC(O)c1ccc(O)c(CO)n1,9.59,train,<rdkit.Chem.rdchem.Mol object at 0x7fcdd9390dd0>
CC[C@H](C)[C@H](N)C(=O)O,9.59,train,<rdkit.Chem.rdchem.Mol object at 0x7fcdd9390e40>
CN(C)CCC(c1ccccc1)C1CCCCC1,9.59,train,<rdkit.Chem.rdchem.Mol object at 0x7fcdd9390eb0>
Cc1ccc(C(=O)Oc2ccc(C(O)CNC(C)(C)C)cc2OC(=O)c2ccc(C)cc2)cc1,9.59,train,<rdkit.Chem.rdchem.Mol object at 0x7fcdd9390f20>
CN[C@@H]1[C@@H](O)[C@@H](O[C@@H]2[C@H](O)[C@H](O[C@H]3OC(CN)=CC[C@H]3N)[C@@H](N)C[C@H]2N)OC[C@]1(C)O,9.59,train,<rdkit.Chem.rdchem.Mol object at 0x7fcdd9391070>
NC[C@@H]1O[C@H](O[C@H]2[C@@H](O)[C@H](O[C@@H]3[C@@H](O)[C@H](N)C[C@H](N)[C@H]3O[C@H]3O[C@H](CO)[C@@H](O)[C@H](O)[C@H]3N)O[C@@H]2CO)[C@H](N)[C@@H](O)[C@@H]1O,9.59,train,<rdkit.Chem.rdchem.Mol object at 0x7fcdd93910e0>
CC(Cc1ccc(O)cc1)NCC(O)c1cc(N)cc(CO)c1,9.59,train,<rdkit.Chem.rdchem.Mol object at 0x7fcdd9391150>
C/N=C(/S)[C@]1(c2cccnc2)CCCC[S@@+]1[O-],9.59,train,<rdkit.Chem.rdchem.Mol object at 0x7fcdd93911c0>
CN[C@@H]1[C@@H](O)[C@@H](O[C@@H]2[C@@H](O)[C@H](O[C@H]3O[C@H](CN)[C@@H](O)[C@H](O)[C@H]3O)[C@@H](N)C[C@H]2N)OC[C@]1(C)O,9.59,train,<rdkit.Chem.rdchem.Mol object at 0x7fcdd9391230>
Fc1ccc2c(CCNCc3cccc(OCC(F)(F)C(F)F)c3)c[nH]c2c1,9.59,train,<rdkit.Chem.rdchem.Mol object at 0x7fcdd93912a0>
OC1(CN2CCC(COc3noc4cccc(O[C@@H]5CCOC5)c34)CC2)CCOCC1,9.59,train,<rdkit.Chem.rdchem.Mol object at 0x7fcdd9391380>
NCC(O)CC(=O)O,9.6,train,<rdkit.Chem.rdchem.Mol object at 0x7fcdd9391460>
CCN(CC)C(C)CN1c2ccccc2Sc2ccccc21,9.6,train,<rdkit.Chem.rdchem.Mol object at 0x7fcdd93914d0>
CCOc1ccc(Cc2nc3cc([N+](=O)[O-])ccc3n2CCN(CC)CC)cc1,9.6,train,<rdkit.Chem.rdchem.Mol object at 0x7fcdd93915b0>
CCCN1CCC[C@@H]2Cc3nc(N)ncc3C[C@H]21,9.6,train,<rdkit.Chem.rdchem.Mol object at 0x7fcdd9391620>
Cc1ncc(CO)c(CN)c1O,9.61,train,<rdkit.Chem.rdchem.Mol object at 0x7fcdd9391700>
N[C@@H](CC(=O)O)C(=O)O,9.61,train,<rdkit.Chem.rdchem.Mol object at 0x7fcdd9391770>
NCC[C@H](O)C(=O)N[C@@H]1C[C@H](N)[C@@H](O[C@H]2O[C@H](CN)[C@@H](O)[C@H](O)[C@H]2O)[C@H](O)[C@H]1O[C@H]1O[C@H](CO)[C@@H](O)[C@H](N)[C@H]1O,9.61,train,<rdkit.Chem.rdchem.Mol object at 0x7fcdd93917e0>
CC(C)N(CCNC(=O)CN1CCCC1=O)C(C)C,9.61,train,<rdkit.Chem.rdchem.Mol object at 0x7fcdd9391850>
N[C@@H](CCC(=O)N[C@@H](CSSC[C@H](NC(=O)CC[C@H](N)C(=O)O)C(=O)NCC(=O)O)C(=O)NCC(=O)O)C(=O)O,9.61,train,<rdkit.Chem.rdchem.Mol object at 0x7fcdd93918c0>
NC[C@@H]1O[C@H](O[C@H]2[C@@H](O)[C@H](O[C@@H]3[C@@H](O)[C@H](N)C[C@H](N)[C@H]3O[C@H]3O[C@H](CO)[C@@H](O)C[C@H]3N)O[C@@H]2CO)[C@H](N)[C@@H](O)[C@@H]1O[C@H]1O[C@H](CO)[C@@H](O)[C@H](O)[C@@H]1O,9.61,train,<rdkit.Chem.rdchem.Mol object at 0x7fcdd9391930>
CN(C)C[C@@H]1CCCC[C@H]1c1cccc(O)c1,9.61,train,<rdkit.Chem.rdchem.Mol object at 0x7fcdd9391a10>
NCC[C@H](O)C(=O)N[C@@H]1C[C@H](N)[C@@H](O[C@H]2O[C@H](CN)[C@@H](O)[C@H](O)[C@H]2N)[C@H](O[C@@H]2O[C@H](CO)C(O)[C@H]2O)[C@H]1O,9.61,train,<rdkit.Chem.rdchem.Mol object at 0x7fcdd9391a80>
Cc1cc(-c2ccccc2[C@@H](C)OC[C@H](O)CNC(C)(C)Cc2ccc(Cl)c(F)c2)ccc1C(=O)O,9.61,train,<rdkit.Chem.rdchem.Mol object at 0x7fcdd9391af0>
O=C(NCC1CCCCN1)c1cc(OCC(F)(F)F)ccc1OCC(F)(F)F,9.62,test,<rdkit.Chem.rdchem.Mol object at 0x7fcdd9391b60>
c1ccc2c3c([nH]c2c1)C12CCCCC1C(C3)N(CC1CC1)CC2,9.62,test,<rdkit.Chem.rdchem.Mol object at 0x7fcdd9391bd0>
c1ccc(CCN2CCC(CCc3c[nH]c4ccccc34)CC2)cc1,9.62,train,<rdkit.Chem.rdchem.Mol object at 0x7fcdd9391d20>
COc1cc(O)c(C(=O)Nc2nc(C(=O)NCCN(C(C)C)C(C)C)cs2)cc1OC,9.62,train,<rdkit.Chem.rdchem.Mol object at 0x7fcdd9391d90>
Oc1ccc2c3c1O[C@H]1[C@@H](O)CC[C@@]4(O)[C@@H](C2)N(CC2CCC2)CC[C@]314,9.62,train,<rdkit.Chem.rdchem.Mol object at 0x7fcdd9391e00>
Nc1nc(CC(=O)Nc2ccc(CCNC[C@H](O)c3ccccc3)cc2)cs1,9.62,train,<rdkit.Chem.rdchem.Mol object at 0x7fcdd9391e70>
CN1[C@H]2CC[C@@H]1[C@@H](CN(CCS)CCNCCS)[C@@H](c1ccc(Cl)cc1)C2,9.62,train,<rdkit.Chem.rdchem.Mol object at 0x7fcdd9391ee0>
NC1=N[C@H](O)[C@H]2[C@H]3O[C@]4(O)O[C@@H]([C@@H](O)[C@@]2(N1)[C@@H]4O)[C@]3(O)CO,9.62,train,<rdkit.Chem.rdchem.Mol object at 0x7fcdd9391f50>
CC1(C)C(=O)N(C(=O)NCC2CCN(CC3(O)CCOCC3)CC2)c2cc(F)ccc21,9.62,train,<rdkit.Chem.rdchem.Mol object at 0x7fcdd9392030>
CC(Cc1ccc(O)cc1)NCC(O)c1cc(O)cc(O)c1,9.63,test,<rdkit.Chem.rdchem.Mol object at 0x7fcdd93920a0>
CC(C)(C)NCC(O)c1cc(Cl)c(N)c(C(F)(F)F)c1,9.63,test,<rdkit.Chem.rdchem.Mol object at 0x7fcdd9392110>
NC1CCN(c2c(F)cc3c(=O)c(C(=O)O)cn(C4CC4)c3c2Cl)C1,9.63,test,<rdkit.Chem.rdchem.Mol object at 0x7fcdd9392180>
CC(C)(C)NCC(O)c1cc(Cl)c(N)c(Cl)c1,9.63,train,<rdkit.Chem.rdchem.Mol object at 0x7fcdd93921f0>
CCCNCC(O)COc1ccccc1C(=O)CCc1ccccc1,9.63,train,<rdkit.Chem.rdchem.Mol object at 0x7fcdd9392260>
NC1CCN(c2nc3c(cc2F)c(=O)c(C(=O)O)cn3-c2ccc(F)cc2F)C1,9.63,train,<rdkit.Chem.rdchem.Mol object at 0x7fcdd93922d0>
CCCNCC(O)COc1ccc2c(=O)cc(-c3ccccc3)oc2c1,9.63,train,<rdkit.Chem.rdchem.Mol object at 0x7fcdd9392340>
CC(C)(CCn1cnc2ccccc21)NCC(O)c1ccc(O)cc1F,9.63,train,<rdkit.Chem.rdchem.Mol object at 0x7fcdd9392490>
Nc1c(Cl)cc([C@@H](O)CNCCCCCCOCCc2ccccn2)cc1Cl,9.63,train,<rdkit.Chem.rdchem.Mol object at 0x7fcdd9392570>
O=C1c2ccccc2S(=O)(=O)N1CCCCNC[C@H]1CCc2ccccc2O1,9.63,train,<rdkit.Chem.rdchem.Mol object at 0x7fcdd93925e0>
CCn1cc(C(=O)O)c(=O)c2cc(F)c(N3CCC(N)C3)nc21,9.63,train,<rdkit.Chem.rdchem.Mol object at 0x7fcdd9392650>
CN1CCC(CC2CC(c3ccccc3)c3ccccc32)C1,9.63,train,<rdkit.Chem.rdchem.Mol object at 0x7fcdd93926c0>
CO[C@]12CC[C@@]3(C[C@@H]1C(C)(C)O)[C@H]1Cc4ccc(O)c5c4[C@@]3(CCN1CC1CC1)[C@H]2O5,9.63,train,<rdkit.Chem.rdchem.Mol object at 0x7fcdd93927a0>
CO[C@]12CC[C@@]3(C[C@@H]1[C@](C)(O)C(C)(C)C)[C@H]1Cc4ccc(O)c5c4[C@@]3(CCN1CC1CC1)[C@H]2O5,9.63,train,<rdkit.Chem.rdchem.Mol object at 0x7fcdd9392810>
CCOC(=O)C(CC1CCCCN1)(c1ccccc1)c1ccccc1,9.63,train,<rdkit.Chem.rdchem.Mol object at 0x7fcdd9392880>
CC1=NC(=O)[C@](CCN(C(C)C)C(C)C)(c2ccccc2)[C@H]2CCCCN12,9.63,train,<rdkit.Chem.rdchem.Mol object at 0x7fcdd93928f0>
CO[C@@]12CC[C@@]3(C[C@@H]1[C@](C)(O)C(C)(C)C)[C@H]1Cc4ccc(O)c5c4[C@@]3(CCN1CC1CC1)[C@H]2O5,9.63,train,<rdkit.Chem.rdchem.Mol object at 0x7fcdd93929d0>
O=C1Cc2ccccc2C(=C2CCNCC2)c2ccsc21,9.63,train,<rdkit.Chem.rdchem.Mol object at 0x7fcdd9392a40>
CC1CCCCN1CCCOC(=O)c1ccccc1,9.64,train,<rdkit.Chem.rdchem.Mol object at 0x7fcdd9392ab0>
CC1CCCCN1CCCOC(=O)c1ccc(OC2CCCCC2)cc1,9.65,train,<rdkit.Chem.rdchem.Mol object at 0x7fcdd9392b20>
CC(=O)O[C@H]1C[C@@H]2CC[C@@H]3[C@H](CC[C@@]4(C)[C@H]3C[C@H]([N+]3(C)CCCCC3)[C@@H]4OC(C)=O)[C@@]2(C)C[C@@H]1N1CCCCC1,9.65,train,<rdkit.Chem.rdchem.Mol object at 0x7fcdd9392b90>
CCCCN(CCCC)CCCOc1c(C)cc(C(=O)c2cc(=O)c3ccccc3o2)cc1C,9.65,train,<rdkit.Chem.rdchem.Mol object at 0x7fcdd9392ce0>
C[C@@]12C[C@H](N)[C@@H]1CN(c1nc3c(cc1F)c(=O)c(C(=O)O)cn3C1CC1)C2,9.65,train,<rdkit.Chem.rdchem.Mol object at 0x7fcdd9392d50>
CN(C(=O)Cc1ccc(Cl)c(Cl)c1)[C@@H]1CCCC[C@H]1N1CCCC1,9.65,train,<rdkit.Chem.rdchem.Mol object at 0x7fcdd9392dc0>
C=CC[N+]1([C@H]2C[C@H]3[C@@H]4CC[C@H]5C[C@H](OC(C)=O)[C@@H](N6CCCCC6)C[C@]5(C)[C@H]4CC[C@]3(C)[C@H]2OC(=O)CC)CCCCC1,9.65,train,<rdkit.Chem.rdchem.Mol object at 0x7fcdd9392ea0>
COc1ccc(CCO[C@@H]2CCCC[C@H]2N2CC[C@@H](O)C2)cc1OC,9.65,train,<rdkit.Chem.rdchem.Mol object at 0x7fcdd9392f10>
Nc1ncccc1-c1nc2ccc(-c3ccccc3)nc2n1-c1ccc(C2(N)CCC2)cc1,9.65,train,<rdkit.Chem.rdchem.Mol object at 0x7fcdd9392f80>
CC(=O)N(C)C1CCN(c2cccc(-c3ccc4nc(-c5cccnc5N)n(-c5ccc(C6(N)CCC6)cc5)c4n3)c2)CC1,9.65,train,<rdkit.Chem.rdchem.Mol object at 0x7fcdd9392ff0>
COc1ccc2c(c1)-c1nn(CCCN(C)C)c3ccc([N+](=O)[O-])c(c13)N2,9.66,test,<rdkit.Chem.rdchem.Mol object at 0x7fcdd9393060>
COc1c(N2C[C@@H](C)C[C@H](N)C2)ccc2c(=O)c(C(=O)O)cn(C3CC3)c12,9.66,test,<rdkit.Chem.rdchem.Mol object at 0x7fcdd93930d0>
CCN(CC)C(=O)Nc1ccc(OCC(O)CNC(C)(C)C)c(C(C)=O)c1,9.66,train,<rdkit.Chem.rdchem.Mol object at 0x7fcdd9393140>
CC(C)(C)NCC(O)COc1cccc2c1CCCC2=O,9.66,train,<rdkit.Chem.rdchem.Mol object at 0x7fcdd93931b0>
CN1CCC23CCCCC2C1Cc1ccc(O)cc13,9.66,train,<rdkit.Chem.rdchem.Mol object at 0x7fcdd9393220>
NCCc1ccc(O)cc1,9.66,train,<rdkit.Chem.rdchem.Mol object at 0x7fcdd9393290>
CN(C)CCCn1c2c(c3ccccc31)CCCCCC2,9.66,train,<rdkit.Chem.rdchem.Mol object at 0x7fcdd9393300>
Cn1c(=O)c2c(ncn2CCCNCC(O)c2cc(O)cc(O)c2)n(C)c1=O,9.66,train,<rdkit.Chem.rdchem.Mol object at 0x7fcdd9393370>
CC(C)(C)NC[C@H](O)COc1cccc2c1CCCC2=O,9.66,train,<rdkit.Chem.rdchem.Mol object at 0x7fcdd93933e0>
CC(C)(C)NCC(O)COc1cccc2c1CC1(CCCCC1)C2=O,9.66,train,<rdkit.Chem.rdchem.Mol object at 0x7fcdd9393530>
Cc1cc(=O)c2c(O)c3ccoc3c(OCC(O)CNC(C)(C)C)c2o1,9.66,train,<rdkit.Chem.rdchem.Mol object at 0x7fcdd93935a0>
CC(C)(C)NCC(O)COc1cc(Cl)ccc1C1=CC(=O)CC1,9.66,train,<rdkit.Chem.rdchem.Mol object at 0x7fcdd9393610>
C[C@H](Cc1cc2c(c(C(N)=O)c1)N(CCCO)CC2)NCCOc1ccccc1OCC(F)(F)F,9.66,train,<rdkit.Chem.rdchem.Mol object at 0x7fcdd9393680>
CN1CC[C@]23CCCC[C@H]2[C@H]1Cc1ccc(O)cc13,9.66,train,<rdkit.Chem.rdchem.Mol object at 0x7fcdd93936f0>
CN1CC[C@@]23CCCC[C@@H]2[C@@H]1Cc1ccc(O)cc13,9.66,train,<rdkit.Chem.rdchem.Mol object at 0x7fcdd9393760>
C=CCOc1ccccc1OC[C@H](O)CNC(C)C,9.67,test,<rdkit.Chem.rdchem.Mol object at 0x7fcdd93937d0>
CC(C)NCC(O)COc1ccc(OCCOCC2CC2)cc1,9.67,test,<rdkit.Chem.rdchem.Mol object at 0x7fcdd9393840>
COc1ccccc1OC[C@@H](O)CNC(C)C,9.67,test,<rdkit.Chem.rdchem.Mol object at 0x7fcdd93938b0>
CC(C)NCC(O)COc1ccc(CC(N)=O)cc1,9.67,train,<rdkit.Chem.rdchem.Mol object at 0x7fcdd9393a00>
CC(C)NCC(O)COc1ccc(CCOCC2CC2)cc1,9.67,train,<rdkit.Chem.rdchem.Mol object at 0x7fcdd9393a70>
CC(C)NCC(O)COc1ccc(COCCOC(C)C)cc1,9.67,train,<rdkit.Chem.rdchem.Mol object at 0x7fcdd9393ae0>
COCCc1ccc(OCC(O)CNC(C)C)cc1,9.67,train,<rdkit.Chem.rdchem.Mol object at 0x7fcdd9393b50>
C=CCOc1ccccc1OCC(O)CNC(C)C,9.67,train,<rdkit.Chem.rdchem.Mol object at 0x7fcdd9393bc0>
CC(C)NCC(O)COc1cccc2[nH]ccc12,9.67,train,<rdkit.Chem.rdchem.Mol object at 0x7fcdd9393c30>
CC(C)NCC(O)COc1cccc2ccccc12,9.67,train,<rdkit.Chem.rdchem.Mol object at 0x7fcdd9393ca0>
CC(C)CNCCOC(=O)c1cccc(N)c1,9.67,train,<rdkit.Chem.rdchem.Mol object at 0x7fcdd9393d10>
CC(C)CNCCOC(=O)c1ccc(N)cc1,9.67,train,<rdkit.Chem.rdchem.Mol object at 0x7fcdd9393d80>
Cc1cccc(OCC(O)CNC(C)C)c1,9.67,train,<rdkit.Chem.rdchem.Mol object at 0x7fcdd9393df0>
CC(C)NC[C@@H](O)COc1cccc2ccccc12,9.67,train,<rdkit.Chem.rdchem.Mol object at 0x7fcdd9393e60>
CC(C)NCC(O)c1ccc(O)c(NS(C)(=O)=O)c1,9.67,train,<rdkit.Chem.rdchem.Mol object at 0x7fcdd9393ed0>
CC(=O)Oc1c(C)cc(OCC(O)CNC(C)C)c(C)c1C,9.67,train,<rdkit.Chem.rdchem.Mol object at 0x7fcdd9393f40>
CSc1ccccc1OCC(O)CNC(C)C,9.67,train,<rdkit.Chem.rdchem.Mol object at 0x7fcdd9394040>
C[C@]12C[C@H](O)[C@@H](N)C[C@@H]1CC[C@@H]1[C@@H]2CC[C@]2(C)C(=O)CC[C@@H]12,9.67,train,<rdkit.Chem.rdchem.Mol object at 0x7fcdd93940b0>
COC(=O)NCCc1ccc(OCC(O)CNC(C)C)cc1,9.67,train,<rdkit.Chem.rdchem.Mol object at 0x7fcdd9394120>
COC(=O)CCc1ccc(OCC(O)CNC(C)C)cc1,9.67,train,<rdkit.Chem.rdchem.Mol object at 0x7fcdd9394190>
CC(C)NC[C@H](O)COc1ccc(CCOCC2CC2)cc1,9.67,train,<rdkit.Chem.rdchem.Mol object at 0x7fcdd9394200>
CC(C)NCC(O)COc1ccc(CC(=O)OCCC23CC4CC(CC(C4)C2)C3)cc1,9.67,train,<rdkit.Chem.rdchem.Mol object at 0x7fcdd9394270>
COCCc1ccc(OCC(O)CNC(C)C)cc1.COCCc1ccc(OCC(O)CNC(C)C)cc1.O=C(O)CCC(=O)O,9.67,train,<rdkit.Chem.rdchem.Mol object at 0x7fcdd93942e0>
CC(C)NCC(O)COc1ccccc1C1CCCCC1,9.67,train,<rdkit.Chem.rdchem.Mol object at 0x7fcdd9394350>
CC(C)NCC(O)COc1ccc(CCNC(=O)NC(C)C)cc1,9.67,train,<rdkit.Chem.rdchem.Mol object at 0x7fcdd9394430>
COc1ccccc1OCC(O)CNC(C)C,9.67,train,<rdkit.Chem.rdchem.Mol object at 0x7fcdd93944a0>
Cc1cc2c(OCC(O)CNC(C)C)cccc2[nH]1,9.67,train,<rdkit.Chem.rdchem.Mol object at 0x7fcdd9394510>
CC(C)NCC(O)COc1ccccc1C1CC1,9.67,train,<rdkit.Chem.rdchem.Mol object at 0x7fcdd9394580>
CC(C)NCC(O)COc1nccs1,9.67,train,<rdkit.Chem.rdchem.Mol object at 0x7fcdd93945f0>
CC(C)NCC(O)COc1cccc2[nH]c3ccccc3c12,9.67,train,<rdkit.Chem.rdchem.Mol object at 0x7fcdd9394660>
CC(C)NC[C@H](O)COc1ccc(OCCOCCc2ccc(F)cc2)cc1,9.67,train,<rdkit.Chem.rdchem.Mol object at 0x7fcdd93946d0>
CC(C)NCC(O)COc1cccc2c1OCC(O[N+](=O)[O-])C2,9.67,train,<rdkit.Chem.rdchem.Mol object at 0x7fcdd93947b0>
CC(C)NC[C@H](O)COc1cccc2ccccc12,9.67,train,<rdkit.Chem.rdchem.Mol object at 0x7fcdd9394820>
CC(C)NCC(O)COc1ccccc1-n1cccc1,9.67,train,<rdkit.Chem.rdchem.Mol object at 0x7fcdd9394890>
CC(C)NCC(O)COc1cccc2c1C=CCC2,9.67,train,<rdkit.Chem.rdchem.Mol object at 0x7fcdd9394900>
CC(C)NC[C@H](O)COc1ccc(CC(N)=O)cc1,9.67,train,<rdkit.Chem.rdchem.Mol object at 0x7fcdd9394970>
O=C(CCCN1CC2CCC(CC2)C1)c1ccc(F)cc1,9.67,train,<rdkit.Chem.rdchem.Mol object at 0x7fcdd9394a50>
CC(=O)Nc1ccc(OC[C@H](O)CNC(C)C)cc1,9.67,train,<rdkit.Chem.rdchem.Mol object at 0x7fcdd9394b30>
Clc1ccc(CCCOCCCN2CCCCC2)cc1,9.67,train,<rdkit.Chem.rdchem.Mol object at 0x7fcdd9394ba0>
N[C@@H]1CCCCN(c2c(F)cc3c(=O)c(C(=O)O)cn(C4CC4)c3c2Cl)C1,9.67,train,<rdkit.Chem.rdchem.Mol object at 0x7fcdd9394c10>
CCOC[C@@H]1[C@@H](c2ccc(Cl)c(Cl)c2)C[C@@H]2CC[C@H]1N2C,9.67,train,<rdkit.Chem.rdchem.Mol object at 0x7fcdd9394c80>
COCCc1ccc(OCC(O)CNC(C)C)cc1.COCCc1ccc(OCC(O)CNC(C)C)cc1,9.67,train,<rdkit.Chem.rdchem.Mol object at 0x7fcdd9394cf0>
NCC[C@@H](O)c1cccc(OCC2CCCCC2)c1,9.67,train,<rdkit.Chem.rdchem.Mol object at 0x7fcdd9394d60>
CN(C)C1CCN(C(=O)c2ccc(NC(=O)Nc3ccc(-c4nc(N5CCOCC5)nc(N5CCOCC5)n4)cc3)cc2)CC1,9.67,train,<rdkit.Chem.rdchem.Mol object at 0x7fcdd9394dd0>
CC(C)NCC(O)COc1ccc(COCCOC(C)C)cc1.CC(C)NCC(O)COc1ccc(COCCOC(C)C)cc1,9.67,train,<rdkit.Chem.rdchem.Mol object at 0x7fcdd9394e40>
CC(C)NC[C@@H](O)COc1cccc2c1N(C(=O)c1cccnc1)CCC2,9.67,train,<rdkit.Chem.rdchem.Mol object at 0x7fcdd9394f20>
COc1ccc(CCN(C)CCCC(C#N)(c2ccc(OC)c(OC)c2)C(C)C)cc1OC,9.68,test,<rdkit.Chem.rdchem.Mol object at 0x7fcdd9394f90>
CC[C@]1(c2ccccc2)OC[C@H]([C@@H]2CCCCN2)O1,9.68,test,<rdkit.Chem.rdchem.Mol object at 0x7fcdd9395000>
C[C@H](N)[C@H](O)c1cccc(O)c1,9.68,train,<rdkit.Chem.rdchem.Mol object at 0x7fcdd9395070>
CNCCOC(c1ccccc1)c1ccccc1C,9.68,train,<rdkit.Chem.rdchem.Mol object at 0x7fcdd93950e0>
CNCC(O)c1cc(OC)c(O)c(OC)c1,9.68,train,<rdkit.Chem.rdchem.Mol object at 0x7fcdd9395150>
CCCCCCCC(C)c1cc(OC(=O)CCCN(CC)CC)c2c(c1)OC(C)(C)C1=C2CC(C)CC1,9.68,train,<rdkit.Chem.rdchem.Mol object at 0x7fcdd93951c0>
NC(=O)C(CCN1CCCCC1)(c1ccccc1)c1ccccc1,9.68,train,<rdkit.Chem.rdchem.Mol object at 0x7fcdd9395230>
c1ccc(C2(c3ccccc3)OCC(C3CCCCN3)O2)cc1,9.68,train,<rdkit.Chem.rdchem.Mol object at 0x7fcdd9395310>
CC(C)(C)NCC(O)COc1ccc(O)c2c1C1CCC2CC1,9.68,train,<rdkit.Chem.rdchem.Mol object at 0x7fcdd9395380>
c1ccc(C2(c3ccccc3)OC[C@H]([C@@H]3CCCCN3)O2)cc1,9.68,train,<rdkit.Chem.rdchem.Mol object at 0x7fcdd93953f0>
CNCCNc1ccc2c3c(nn2CCNCCO)-c2cnccc2C(=O)c13,9.68,train,<rdkit.Chem.rdchem.Mol object at 0x7fcdd9395460>
Clc1cc(N2C[C@@H]3CN[C@@H]3C2)cnc1Cl,9.68,train,<rdkit.Chem.rdchem.Mol object at 0x7fcdd93954d0>
Clc1cc(N2C[C@@H]3CN[C@@H]3C2)cnc1Cl.O=S(=O)(O)c1ccccc1,9.68,train,<rdkit.Chem.rdchem.Mol object at 0x7fcdd9395540>
COc1ccc(CCN(C)CCC[C@](C#N)(c2cc(OC)c(OC)c(OC)c2)C(C)C)cc1OC,9.68,train,<rdkit.Chem.rdchem.Mol object at 0x7fcdd93955b0>
CC(C)CNCc1ccc(-c2ccccc2S(=O)(=O)N2CCCC2)cc1,9.68,train,<rdkit.Chem.rdchem.Mol object at 0x7fcdd9395690>
COc1cccc(CCN(C)CCCC(C#N)(c2ccc(OC)c(OC)c2)C(C)C)c1,9.69,test,<rdkit.Chem.rdchem.Mol object at 0x7fcdd9395700>
CNC[C@H](O)c1cccc(O)c1,9.69,train,<rdkit.Chem.rdchem.Mol object at 0x7fcdd9395770>
CC(C)(Cc1c[nH]c2ccccc12)NCC(O)COc1ccccc1C#N,9.69,train,<rdkit.Chem.rdchem.Mol object at 0x7fcdd93957e0>
CCCCCCCCCCCCC(C#N)(CCCN(C)CCc1cccc(OC)c1)c1cccc(OC)c1,9.69,train,<rdkit.Chem.rdchem.Mol object at 0x7fcdd9395850>
CC(C)(Cc1c[nH]c2ccccc12)NCC(O)COc1cccc2[nH]ccc12,9.69,train,<rdkit.Chem.rdchem.Mol object at 0x7fcdd9395930>
CC(C)NCC(O)c1cc(O)cc(O)c1,9.7,train,<rdkit.Chem.rdchem.Mol object at 0x7fcdd93959a0>
CCN(CC)CCC(=O)N1c2ccccc2Sc2ccc(Cl)cc21,9.7,train,<rdkit.Chem.rdchem.Mol object at 0x7fcdd9395a10>
CNCC[C@H](Oc1cccc2ccccc12)c1cccs1,9.7,train,<rdkit.Chem.rdchem.Mol object at 0x7fcdd9395af0>
Cc1cc2c(OCC(O)CNC(C)CCn3cnc4c3c(=O)n(C)c(=O)n4C)cccc2[nH]1,9.7,train,<rdkit.Chem.rdchem.Mol object at 0x7fcdd9395b60>
CCOC(=O)Nc1ccc2c(c1)N(C(=O)CCN(CC)CC)c1ccccc1S2,9.7,train,<rdkit.Chem.rdchem.Mol object at 0x7fcdd9395bd0>
CCN(CC)CCC(=O)N1c2ccccc2Sc2ccc(C(F)(F)F)cc21,9.7,train,<rdkit.Chem.rdchem.Mol object at 0x7fcdd9395c40>
CN[C@H]1CCc2cc(OC)c(OC)c(OC)c2-c2ccc(OC)c(=O)cc21,9.7,train,<rdkit.Chem.rdchem.Mol object at 0x7fcdd9395cb0>
CCOC(=O)COc1ccc2c(c1)C[C@@H](NC[C@H](O)c1cccc(Cl)c1)CC2,9.7,train,<rdkit.Chem.rdchem.Mol object at 0x7fcdd9395d20>
CNCC[C@@H](Oc1cccc2ccccc12)c1cccs1,9.7,train,<rdkit.Chem.rdchem.Mol object at 0x7fcdd9395d90>
COCCN(CCCCC1=CC=C2CCCN=C2N1)CC[C@H](Nc1ncnc2ccccc12)C(=O)O,9.7,train,<rdkit.Chem.rdchem.Mol object at 0x7fcdd9395ee0>
CCc1cc2c(cc1CC)CC(NC[C@H](O)c1ccc(O)c3[nH]c(=O)ccc13)C2,9.71,test,<rdkit.Chem.rdchem.Mol object at 0x7fcdd9395f50>
Nc1cc(Cl)c(N=C2NCCN2)c(Cl)c1,9.71,train,<rdkit.Chem.rdchem.Mol object at 0x7fcdd9395fc0>
CCCNC(C)(C)COC(=O)c1ccccc1,9.71,train,<rdkit.Chem.rdchem.Mol object at 0x7fcdd9396030>
NC[C@@H]1O[C@H](O[C@H]2[C@@H](O)[C@H](O[C@@H]3[C@@H](O)[C@H](N)C[C@H](N)[C@H]3O[C@H]3O[C@H](CN)[C@@H](O)[C@H](O)[C@H]3N)O[C@@H]2CO)[C@H](N)[C@@H](O)[C@@H]1O,9.71,train,<rdkit.Chem.rdchem.Mol object at 0x7fcdd93960a0>
CC(CC(C(N)=O)(c1ccccc1)c1ccccc1)N(C)C,9.71,train,<rdkit.Chem.rdchem.Mol object at 0x7fcdd9396110>
CCN(CC)CCc1oc(=O)[nH]c1-c1ccc(F)cc1,9.71,train,<rdkit.Chem.rdchem.Mol object at 0x7fcdd9396180>
C[C@H](N)Cc1cccc(O)c1,9.71,train,<rdkit.Chem.rdchem.Mol object at 0x7fcdd93961f0>
CC(C)(C)NC[C@H](O)c1ccc(O)cc1Cl,9.71,train,<rdkit.Chem.rdchem.Mol object at 0x7fcdd9396260>
CCN(CC)Cc1ccc2cc(COC(=O)Nc3ccc(C(=O)NO)cc3)ccc2c1,9.71,train,<rdkit.Chem.rdchem.Mol object at 0x7fcdd93962d0>
CC(=O)OC1(C(C)CN(C)C)CCCCC1c1ccccc1,9.71,train,<rdkit.Chem.rdchem.Mol object at 0x7fcdd9396340>
CC[C@@](C)(O)[C@H]1C[C@@]23C=C[C@]1(OC)[C@@H]1Oc4c(OC)ccc5c4[C@@]12CCN(CC1CC1)[C@@H]3C5,9.71,train,<rdkit.Chem.rdchem.Mol object at 0x7fcdd93963b0>
CCCCCCCCCCCCCCCCCCN(CCO)CCCN(CCO)CCO.F.F,9.72,train,<rdkit.Chem.rdchem.Mol object at 0x7fcdd9396500>
CC(C)N1CCC(c2ccccc2)(c2ccccc2)CC1,9.72,train,<rdkit.Chem.rdchem.Mol object at 0x7fcdd9396570>
Nc1c2c(nc3c1CCCC3)CCCC2,9.72,train,<rdkit.Chem.rdchem.Mol object at 0x7fcdd93965e0>
C[C@@H](Cc1ccccc1)N(C)Cc1ccccc1,9.72,train,<rdkit.Chem.rdchem.Mol object at 0x7fcdd9396730>
CCN1C[C@]2(COC(=O)c3ccccc3N3C(=O)C[C@H](C)C3=O)CC[C@H](OC)[C@@]34C1[C@@]1(OCO[C@@]15C[C@H](OC)[C@H]1C[C@@H]3[C@@H]5[C@H]1OC)[C@@H](OC)[C@H]24,9.72,train,<rdkit.Chem.rdchem.Mol object at 0x7fcdd93967a0>
Nc1c2c(nc3c1CCCC3)CCCC2.O=C(O)CCC(=O)O,9.72,train,<rdkit.Chem.rdchem.Mol object at 0x7fcdd9396810>
COc1cc(OC)cc(N(CCNC(C)C)c2ccc3ncc(-c4cnn(C)c4)nc3c2)c1,9.72,train,<rdkit.Chem.rdchem.Mol object at 0x7fcdd9396880>
NC1=N[C@H](c2nnc([C@@H]3CC4(CC4)[C@@H]4CN3C(=O)N4OS(=O)(=O)O)o2)CN1,9.72,train,<rdkit.Chem.rdchem.Mol object at 0x7fcdd93968f0>
CCNCC(O)c1cccc(O)c1,9.73,test,<rdkit.Chem.rdchem.Mol object at 0x7fcdd9396960>
CCC(O)c1ccc(OCCNC(C)Cc2ccccc2)cc1,9.73,train,<rdkit.Chem.rdchem.Mol object at 0x7fcdd93969d0>
Clc1ccc2c(c1)CCc1cccnc1C2=C1CCNCC1,9.73,train,<rdkit.Chem.rdchem.Mol object at 0x7fcdd9396a40>
CN1CC2CCCC(C1)C2OC(=O)C(O)(c1ccccc1)C1CCCC1,9.73,train,<rdkit.Chem.rdchem.Mol object at 0x7fcdd9396b20>
CC(C)c1cnn2c(NCc3ccccc3)cc(NC[C@H]3CCNC[C@@H]3O)nc12,9.73,train,<rdkit.Chem.rdchem.Mol object at 0x7fcdd9396c00>
CC/C(=C(\c1ccc(O)cc1)c1ccc(OCCNC)cc1)c1ccccc1,9.74,test,<rdkit.Chem.rdchem.Mol object at 0x7fcdd9396c70>
Cc1ncc(COP(=O)(O)O)c(CN(CCN(CC(=O)O)Cc2c(COP(=O)(O)O)cnc(C)c2O)CC(=O)O)c1O,9.74,train,<rdkit.Chem.rdchem.Mol object at 0x7fcdd9396d50>
CN(C(=O)Cc1cccc2occc12)[C@H]1CC[C@@]2(CCCO2)C[C@@H]1N1CCCC1,9.74,train,<rdkit.Chem.rdchem.Mol object at 0x7fcdd9396dc0>
CCN(CC)CCCN1c2ccccc2Sc2ccc(Cl)cc21,9.74,train,<rdkit.Chem.rdchem.Mol object at 0x7fcdd9396e30>
CCOc1cc(N)c([N+](=O)[O-])cc1C(=O)NC1CCN(CC2CC=CCC2)CC1,9.74,train,<rdkit.Chem.rdchem.Mol object at 0x7fcdd9396ea0>
CC(C)(Cc1ccc(Cl)cc1)NCCO,9.74,train,<rdkit.Chem.rdchem.Mol object at 0x7fcdd9396f10>
O=C1CC[C@H]2[C@H]3Cc4cccc(O)c4[C@@]2(CCN3CC2CC2)C1,9.74,train,<rdkit.Chem.rdchem.Mol object at 0x7fcdd9396f80>
O=c1ccc2c([C@@H](O)CNCCCCCCOCC(F)(F)c3ccccc3)ccc(O)c2[nH]1,9.74,train,<rdkit.Chem.rdchem.Mol object at 0x7fcdd9397060>
CCN1C[C@]2(COC)[C@H](O)C[C@H](OC)[C@@]34[C@@H]5C[C@@]6(O)[C@H](OC(=O)c7ccccc7)[C@@H]5[C@@](OC(C)=O)([C@@H]([C@H](OC)[C@H]23)[C@H]14)[C@@H](O)[C@@H]6OC,9.74,train,<rdkit.Chem.rdchem.Mol object at 0x7fcdd93970d0>
CC(C)OC(=O)c1cc2c(OCC(O)CNC(C)(C)C)cccc2[nH]1,9.75,train,<rdkit.Chem.rdchem.Mol object at 0x7fcdd93971b0>
O=C1c2ccc3ccccc3c2C(=O)N1CCNCCCNCCN1C(=O)c2ccc3ccccc3c2C1=O,9.75,train,<rdkit.Chem.rdchem.Mol object at 0x7fcdd9397220>
COc1ccc(Cn2c(C)c(CCN)c3cc(OC(C)=O)ccc32)cc1,9.75,train,<rdkit.Chem.rdchem.Mol object at 0x7fcdd9397290>
CC(C)[C@@H](C)[C@@]1(C)CC[C@]2(C)[C@H]3CC[C@@H]4[C@@]5(COC[C@@]4(C)[C@@H](OC[C@](C)(N)C(C)(C)C)[C@H](n4ncnc4-c4ccncc4)C5)C3=CC[C@@]2(C)[C@@H]1C(=O)O,9.75,train,<rdkit.Chem.rdchem.Mol object at 0x7fcdd9397300>
CC(C)(C)NCC(O)COc1cccc2c1CCC(=O)N2,9.76,test,<rdkit.Chem.rdchem.Mol object at 0x7fcdd9397370>
CC(C)(C)NCC(O)COc1cccc2c1CC(O)C(O)C2,9.76,test,<rdkit.Chem.rdchem.Mol object at 0x7fcdd93973e0>
CC(C)(C)NCC(O)c1cc(O)cc(O)c1,9.76,test,<rdkit.Chem.rdchem.Mol object at 0x7fcdd9397450>
CC(C)(C)NC[C@H](O)COc1ccccc1C1CCCC1,9.76,test,<rdkit.Chem.rdchem.Mol object at 0x7fcdd93974c0>
CC(C)(C)NCC(O)COc1ccc(NC(=O)NC2CCCCC2)cc1,9.76,test,<rdkit.Chem.rdchem.Mol object at 0x7fcdd9397530>
CC(C)(C)NCC(O)COc1ccccc1NC(=O)c1ccco1,9.76,test,<rdkit.Chem.rdchem.Mol object at 0x7fcdd93975a0>
CN(C)CCC=C1c2ccccc2CCc2ccccc21,9.76,train,<rdkit.Chem.rdchem.Mol object at 0x7fcdd93976f0>
CC(C)(C)NCC(O)COc1ccccc1OCC1CCCO1,9.76,train,<rdkit.Chem.rdchem.Mol object at 0x7fcdd9397760>
CC(C)(C)NCC(O)COc1ccccc1C#N,9.76,train,<rdkit.Chem.rdchem.Mol object at 0x7fcdd93977d0>
Cc1ccc(Cl)c(OCC(O)CNC(C)(C)C)c1,9.76,train,<rdkit.Chem.rdchem.Mol object at 0x7fcdd9397840>
CN(C)CCC=C1c2ccccc2C=Cc2ccccc21,9.76,train,<rdkit.Chem.rdchem.Mol object at 0x7fcdd93978b0>
CN(C)CCC=C1c2ccccc2COc2ccccc21,9.76,train,<rdkit.Chem.rdchem.Mol object at 0x7fcdd9397920>
CCN(CCO)CCCC(C)Nc1ccnc2cc(Cl)ccc12,9.76,train,<rdkit.Chem.rdchem.Mol object at 0x7fcdd9397990>
COc1ccc2c(c1)c(CCN)c(C)n2Cc1ccccc1,9.76,train,<rdkit.Chem.rdchem.Mol object at 0x7fcdd9397ae0>
CN(C)CCC=C1c2ccccc2CN(C)c2ccccc21,9.76,train,<rdkit.Chem.rdchem.Mol object at 0x7fcdd9397b50>
CN(C)CCC=C1c2ccccc2C(C)(C)c2ccccc21,9.76,train,<rdkit.Chem.rdchem.Mol object at 0x7fcdd9397bc0>
CC(C)(C)NC[C@H](O)COc1nsnc1N1CCOCC1,9.76,train,<rdkit.Chem.rdchem.Mol object at 0x7fcdd9397c30>
CC(C)(C)NCC(O)COc1cccc2c1SCCC2,9.76,train,<rdkit.Chem.rdchem.Mol object at 0x7fcdd9397d10>
CNC(=O)COc1ccccc1OCC(O)CNC(C)(C)C,9.76,train,<rdkit.Chem.rdchem.Mol object at 0x7fcdd9397d80>
Oc1ccc(CCCCNC[C@H](O)c2ccc(O)c(O)c2)cc1,9.76,train,<rdkit.Chem.rdchem.Mol object at 0x7fcdd9397df0>
COc1ccc(C[C@@H](C)NC[C@H](O)c2ccc(O)c3[nH]c(=O)ccc23)cc1,9.76,train,<rdkit.Chem.rdchem.Mol object at 0x7fcdd9397e60>
CN(CCc1ccccc1)CCc1ccccc1,9.76,train,<rdkit.Chem.rdchem.Mol object at 0x7fcdd9397ed0>
CCCCCCCCCCCCC(C#N)(CCCN(C)CCc1ccccc1)c1ccccc1,9.76,train,<rdkit.Chem.rdchem.Mol object at 0x7fcdd9397f40>
CC(C)(C)NCC(O)COc1ccccc1-c1ccccc1,9.76,train,<rdkit.Chem.rdchem.Mol object at 0x7fcdd93980b0>
CC(C)(C)NCC(O)COc1cc(Cl)ccc1Cl,9.76,train,<rdkit.Chem.rdchem.Mol object at 0x7fcdd9398120>
C#CCOc1ccccc1OCC(O)CNC(C)(C)C,9.76,train,<rdkit.Chem.rdchem.Mol object at 0x7fcdd9398190>
CN(C)CCC=C1c2ccccc2Sc2ccccc21,9.76,train,<rdkit.Chem.rdchem.Mol object at 0x7fcdd9398270>
CC(C)C(C#N)(CCCN(C)CCc1ccccc1)c1ccccc1,9.76,train,<rdkit.Chem.rdchem.Mol object at 0x7fcdd93982e0>
CC(C)[C@@](C#N)(CCCN(C)CCc1ccccc1)c1ccccc1,9.76,train,<rdkit.Chem.rdchem.Mol object at 0x7fcdd93983c0>
CCCCCCCCNCC(O)COc1ccc(SC(C)C)cc1,9.76,train,<rdkit.Chem.rdchem.Mol object at 0x7fcdd9398430>
Cc1cccc(OCC(O)CNC(C)(C)C)c1C,9.76,train,<rdkit.Chem.rdchem.Mol object at 0x7fcdd93984a0>
Cc1ccc(OCC(O)CNC(C)(C)C)c2oc(=O)ccc12,9.76,train,<rdkit.Chem.rdchem.Mol object at 0x7fcdd9398510>
CC(C)(C)NCC(O)COc1cccc2c1C(=O)OC2,9.76,train,<rdkit.Chem.rdchem.Mol object at 0x7fcdd93985f0>
C=CCOc1cc(N)c(Cl)cc1C(=O)NC1CCN(CC2CC=CCC2)CC1,9.76,train,<rdkit.Chem.rdchem.Mol object at 0x7fcdd9398660>
N#Cc1ccc(N2CCN(C(=O)COc3ccc4[nH]cc(CCN)c4c3)CC2)cc1,9.76,train,<rdkit.Chem.rdchem.Mol object at 0x7fcdd93986d0>
C(=C(C1CCCCC1)C1CCCCC1)C1CCCCN1,9.76,train,<rdkit.Chem.rdchem.Mol object at 0x7fcdd9398740>
CN(C)CC/C=C1/c2ccccc2Sc2ccc(Cl)cc21,9.76,train,<rdkit.Chem.rdchem.Mol object at 0x7fcdd93987b0>
CN(C)CC/C=C1\c2ccccc2COc2ccccc21,9.76,train,<rdkit.Chem.rdchem.Mol object at 0x7fcdd9398820>
CN(C)CC/C=C1\c2ccccc2CSc2ccccc21,9.76,train,<rdkit.Chem.rdchem.Mol object at 0x7fcdd9398890>
CN(C)CC/C=C1\c2cc(Cl)ccc2CCn2cccc21,9.76,train,<rdkit.Chem.rdchem.Mol object at 0x7fcdd9398900>
COc1ccc2c(c1)/C(=C\CCN(C)C)c1ccccc1O2,9.76,train,<rdkit.Chem.rdchem.Mol object at 0x7fcdd9398a50>
CC(C)(C)NC[C@@H](O)COc1cccc2c1CCC(=O)N2,9.76,train,<rdkit.Chem.rdchem.Mol object at 0x7fcdd9398ac0>
O=C(c1ccc(F)c(F)c1Nc1ccc(I)cc1F)N1CC(O)([C@@H]2CCCCN2)C1,9.76,train,<rdkit.Chem.rdchem.Mol object at 0x7fcdd9398b30>
COc1cc(C(C#N)(CCCN(C)CCc2ccccc2)C(C)C)cc(OC)c1OC,9.76,train,<rdkit.Chem.rdchem.Mol object at 0x7fcdd9398ba0>
CN[C@@H]1[C@@H](O)[C@@H](O[C@@H]2[C@@H](O)[C@H](O[C@H]3OC(CNCCO)=CC[C@H]3N)[C@@H](N)C[C@H]2NC(=O)[C@@H](O)CCN)OC[C@]1(C)O,9.76,train,<rdkit.Chem.rdchem.Mol object at 0x7fcdd9398c10>
COC[C@@H]1[C@@H](c2ccc(Cl)c(Cl)c2)C[C@@H]2CC[C@H]1N2C,9.76,train,<rdkit.Chem.rdchem.Mol object at 0x7fcdd9398c80>
CC(C)(C)NC[C@H](O)COc1ccccc1C1CCCC1.CC(C)(C)NC[C@H](O)COc1ccccc1C1CCCC1,9.76,train,<rdkit.Chem.rdchem.Mol object at 0x7fcdd9398cf0>
CN(C)CC/C=C1\c2ccccc2CNc2cc(Cl)ccc21,9.76,train,<rdkit.Chem.rdchem.Mol object at 0x7fcdd9398d60>
CNCCc1ccccn1,9.77,test,<rdkit.Chem.rdchem.Mol object at 0x7fcdd9398dd0>
Cc1ccc(C(=O)N(CCCN)C(c2nc3snc(C)c3c(=O)n2Cc2ccccc2)C(C)C)cc1,9.77,test,<rdkit.Chem.rdchem.Mol object at 0x7fcdd9398f20>
COc1cc(CCN)cc(OC)c1OC,9.77,train,<rdkit.Chem.rdchem.Mol object at 0x7fcdd9398f90>
CC(C)CC(N(C)C)C1(c2ccc(Cl)cc2)CCC1,9.77,train,<rdkit.Chem.rdchem.Mol object at 0x7fcdd9399000>
NCCNCCNCCN,9.77,train,<rdkit.Chem.rdchem.Mol object at 0x7fcdd9399070>
NCC[C@H](Oc1ccc(C(F)(F)F)cc1)c1ccccc1,9.77,train,<rdkit.Chem.rdchem.Mol object at 0x7fcdd9399150>
Cc1ccc(C(=O)N(CCCN)[C@@H](c2nc3cc(Cl)ccc3c(=O)n2Cc2ccccc2)C(C)C)cc1,9.77,train,<rdkit.Chem.rdchem.Mol object at 0x7fcdd93991c0>
C#CC[C@H](c1nc2cc(Cl)ccc2c(=O)n1Nc1ccccc1)N(CCCN)C(=O)c1cccc(Cl)c1F,9.77,train,<rdkit.Chem.rdchem.Mol object at 0x7fcdd9399230>
CN(C)CCCC1(c2ccc(F)cc2)OCc2cc(C#N)ccc21,9.78,train,<rdkit.Chem.rdchem.Mol object at 0x7fcdd93992a0>
CC(NCCC(c1ccccc1)c1ccccc1)c1ccccc1,9.78,train,<rdkit.Chem.rdchem.Mol object at 0x7fcdd9399310>
COc1ccc(CCNC(C)C(O)c2ccc(O)c(NS(C)(=O)=O)c2)cc1,9.78,train,<rdkit.Chem.rdchem.Mol object at 0x7fcdd93993f0>
CCC(N)C1(O)Cc2ccccc2C1,9.78,train,<rdkit.Chem.rdchem.Mol object at 0x7fcdd93994d0>
Clc1ccc(OC[C@H]2CCN2)cn1,9.78,train,<rdkit.Chem.rdchem.Mol object at 0x7fcdd9399690>
CCCCN(CCCC)CC(O)c1cc(Cl)cc2c1-c1ccc(Cl)cc1/C2=C/c1ccc(Cl)cc1,9.78,train,<rdkit.Chem.rdchem.Mol object at 0x7fcdd9399700>
O=C(O)CCCCN(CCc1ccccc1OCc1ccc(CCc2ccccc2)cc1)Cc1ccc(C(=O)O)cc1,9.78,train,<rdkit.Chem.rdchem.Mol object at 0x7fcdd9399770>
COC(=O)N1CCC(CN2CCC(CNC(=O)c3cccc4[nH]c(C(C)C)nc34)CC2)CC1,9.78,train,<rdkit.Chem.rdchem.Mol object at 0x7fcdd93997e0>
CCN(CC)CCn1c2c(c3ccc(OC)cc31)CCN1C[C@H]3C[C@@H](OC(=O)c4cc(OC)c(OC)c(OC)c4)[C@H](OC)[C@@H](C(=O)OC)[C@H]3C[C@H]21,9.78,train,<rdkit.Chem.rdchem.Mol object at 0x7fcdd9399850>
COc1ccc(C2(CCCN(C)C)OCc3cc(C#N)ccc32)cc1,9.78,train,<rdkit.Chem.rdchem.Mol object at 0x7fcdd93998c0>
CCCCc1oc2ccc(NS(C)(=O)=O)cc2c1C(=O)c1ccc(OCCCN(CCCC)CCCC)cc1,9.79,test,<rdkit.Chem.rdchem.Mol object at 0x7fcdd9399930>
CCC(C)NCC(O)c1ccc2c(c1)CCCC2,9.79,train,<rdkit.Chem.rdchem.Mol object at 0x7fcdd93999a0>
CCCCCCCCCCCCCCCCCCN(C)C,9.79,train,<rdkit.Chem.rdchem.Mol object at 0x7fcdd9399a10>
CN(C)CCCC1c2ccccc2Nc2ccc(Cl)cc21,9.79,train,<rdkit.Chem.rdchem.Mol object at 0x7fcdd9399a80>
Cc1ccc(C(CN)CC(=O)O)cc1,9.79,train,<rdkit.Chem.rdchem.Mol object at 0x7fcdd9399bd0>
CC(=O)c1c(C)c2cnc(Nc3ccc(C4CCNCC4)cn3)nc2n(C2CCCC2)c1=O,9.79,train,<rdkit.Chem.rdchem.Mol object at 0x7fcdd9399cb0>
CC(N)Cc1ccc(O)cc1,9.8,test,<rdkit.Chem.rdchem.Mol object at 0x7fcdd9399d20>
CC(CCc1ccccc1)NCC(O)c1ccc(O)c(C(N)=O)c1,9.8,test,<rdkit.Chem.rdchem.Mol object at 0x7fcdd9399d90>
NCC(CC(=O)O)c1ccccc1,9.8,test,<rdkit.Chem.rdchem.Mol object at 0x7fcdd9399e00>
CNCCC(Oc1ccc(C(F)(F)F)cc1)c1ccccc1,9.8,train,<rdkit.Chem.rdchem.Mol object at 0x7fcdd9399ee0>
CNCCC(Oc1ccccc1OC)c1ccccc1,9.8,train,<rdkit.Chem.rdchem.Mol object at 0x7fcdd9399f50>
CNC(C)C(O)c1ccc(O)cc1,9.8,train,<rdkit.Chem.rdchem.Mol object at 0x7fcdd9399fc0>
CC(CCc1ccc2c(c1)OCO2)NCC(O)c1ccc(O)c(C(N)=O)c1,9.8,train,<rdkit.Chem.rdchem.Mol object at 0x7fcdd939a030>
CNCC[C@@H](Oc1ccccc1C)c1ccccc1,9.8,train,<rdkit.Chem.rdchem.Mol object at 0x7fcdd939a0a0>
CCN(CC)CCC(OC(=O)c1ccccc1)c1ccccc1,9.8,train,<rdkit.Chem.rdchem.Mol object at 0x7fcdd939a110>
CCCCN1CCC(CNC(=O)c2c3n(c4ccccc24)CCCO3)CC1,9.8,train,<rdkit.Chem.rdchem.Mol object at 0x7fcdd939a180>
CCCN(CCC)C(=O)C(Cc1ccc(OCCCN(CC)CC)cc1)NC(=O)c1ccccc1,9.8,train,<rdkit.Chem.rdchem.Mol object at 0x7fcdd939a1f0>
CCN[C@@H]1C[C@H](N)[C@@H](O[C@H]2OC(CN)=CC[C@H]2N)[C@H](O)[C@H]1O[C@H]1OC[C@](C)(O)[C@H](NC)[C@H]1O,9.8,train,<rdkit.Chem.rdchem.Mol object at 0x7fcdd939a260>
NC[C@@H]1CC[C@@H](N)[C@@H](O[C@H]2[C@H](O)[C@@H](O[C@H]3O[C@H](CO)[C@@H](O)[C@H](N)[C@H]3O)[C@H](N)C[C@@H]2N)O1,9.8,train,<rdkit.Chem.rdchem.Mol object at 0x7fcdd939a2d0>
CCCCc1nc(-c2ccc(OCCCN(CC)CC)cc2)cn1-c1ccc(Oc2ccc(Cl)cc2)cc1,9.8,train,<rdkit.Chem.rdchem.Mol object at 0x7fcdd939a3b0>
CN[C@H](CNC(=O)N1CCC[C@@H]([C@@H](OCCNC(=O)OC)c2cccc(Cl)c2)C1)C[C@H]1CCCOC1,9.8,train,<rdkit.Chem.rdchem.Mol object at 0x7fcdd939a420>
CC(C)NCC(O)c1ccc(O)c2ncccc12,9.81,test,<rdkit.Chem.rdchem.Mol object at 0x7fcdd939a490>
COc1ccc(CC(C)NCC(O)c2ccc(O)c(NC=O)c2)cc1,9.81,train,<rdkit.Chem.rdchem.Mol object at 0x7fcdd939a500>
CC(NCCc1ccc(O)cc1)C(O)c1ccc(O)cc1,9.81,train,<rdkit.Chem.rdchem.Mol object at 0x7fcdd939a570>
COCCc1ccc(OCC(O)C(C)(C)N)cc1,9.81,train,<rdkit.Chem.rdchem.Mol object at 0x7fcdd939a650>
CCC(C)(C)NCC(O)COc1ccccc1C(=O)CCc1ccccc1,9.81,train,<rdkit.Chem.rdchem.Mol object at 0x7fcdd939a6c0>
C[C@@H](NCCc1ccc(O)cc1)[C@@H](O)c1ccc(O)cc1,9.81,train,<rdkit.Chem.rdchem.Mol object at 0x7fcdd939a730>
C[C@H]1C=C(c2csc(SC3=C(C(=O)O)N4C(=O)[C@H]([C@@H](C)O)[C@H]4[C@H]3C)n2)CN1,9.81,train,<rdkit.Chem.rdchem.Mol object at 0x7fcdd939a810>
COc1ccc(CC(C)NCC(O)c2ccc(O)c(NC=O)c2)cc1.COc1ccc(CC(C)NCC(O)c2ccc(O)c(NC=O)c2)cc1,9.81,train,<rdkit.Chem.rdchem.Mol object at 0x7fcdd939a880>
CO[C@]1(c2cccc(F)c2F)CCNC1,9.81,train,<rdkit.Chem.rdchem.Mol object at 0x7fcdd939a8f0>
O=c1cccc2n1C[C@@H]1CNC[C@H]2C1,9.82,test,<rdkit.Chem.rdchem.Mol object at 0x7fcdd939a960>
CC(COc1ccccc1)NC(C)Cc1ccccc1,9.82,train,<rdkit.Chem.rdchem.Mol object at 0x7fcdd939aab0>
Cc1nc(OCCCCCN2CCCCC2)cc(-c2ccc(F)cc2)n1,9.82,train,<rdkit.Chem.rdchem.Mol object at 0x7fcdd939ab20>
COc1cc2c(Nc3ccc(Sc4nccn4C)c(Cl)c3)c(C#N)cnc2cc1N1CCC(N2CCCC2)CC1,9.82,train,<rdkit.Chem.rdchem.Mol object at 0x7fcdd939ab90>
N#Cc1ncc(N2C(=O)C3(CCC3)N(c3ccc(OC4CCNCC4)nc3)C2=S)cc1C(F)(F)F,9.82,train,<rdkit.Chem.rdchem.Mol object at 0x7fcdd939ac00>
CCC(C)NCC(O)c1ccc(N)cc1,9.83,train,<rdkit.Chem.rdchem.Mol object at 0x7fcdd939ace0>
CCN(CC)C(=O)[C@]1(c2ccccc2)C[C@@H]1CN,9.83,train,<rdkit.Chem.rdchem.Mol object at 0x7fcdd939ad50>
CCN(CC)C(=O)[C@@]1(c2ccccc2)C[C@H]1CN,9.83,train,<rdkit.Chem.rdchem.Mol object at 0x7fcdd939adc0>
NC(=O)c1c(OCc2c(F)cc(Br)cc2F)nsc1NC(=O)NCCCCN1CCCC1,9.83,train,<rdkit.Chem.rdchem.Mol object at 0x7fcdd939ae30>
CCN(CC)C(=O)C1(c2ccccc2)CC1CN,9.83,train,<rdkit.Chem.rdchem.Mol object at 0x7fcdd939aea0>
CC(C)c1cc(N2CC[C@@H](N)C2)nc(N)n1,9.83,train,<rdkit.Chem.rdchem.Mol object at 0x7fcdd939af10>
Cc1cn2nc([C@@H]3CCCCN3C(=O)c3cc(Cl)ccc3NS(C)(=O)=O)cc2nc1N1CC[C@H](N)C1,9.83,train,<rdkit.Chem.rdchem.Mol object at 0x7fcdd939af80>
CCN(CC)C(=O)c1ccc(C2=CC3(CCNCC3)Oc3ccccc32)c(O)c1,9.84,test,<rdkit.Chem.rdchem.Mol object at 0x7fcdd939aff0>
CCCCCCCCc1ccc(CC[C@](N)(CO)COP(=O)(O)O)cc1,9.84,test,<rdkit.Chem.rdchem.Mol object at 0x7fcdd939b060>
CC(C)(C)NCC(O)CSc1nc(-c2ccc(C(N)=O)s2)cs1,9.84,train,<rdkit.Chem.rdchem.Mol object at 0x7fcdd939b0d0>
CC(C)NCC(O)c1ccc(O)cc1,9.84,train,<rdkit.Chem.rdchem.Mol object at 0x7fcdd939b140>
CCN(CC)CCCNC(=O)Cn1ncc(-c2ccccc2)c1-c1ccccc1,9.84,train,<rdkit.Chem.rdchem.Mol object at 0x7fcdd939b1b0>
COc1cc2c(cc1OC)S(=O)(=O)OC(C(=O)NC(C)CC(C)(C)N(C)C)C2,9.84,train,<rdkit.Chem.rdchem.Mol object at 0x7fcdd939b220>
CC(C)C(CCCCCC(=O)O)NCc1ccc(F)cc1,9.84,train,<rdkit.Chem.rdchem.Mol object at 0x7fcdd939b290>
COc1ccc(CCNC[C@H](O)c2ccc(O)cc2)cc1OC,9.84,train,<rdkit.Chem.rdchem.Mol object at 0x7fcdd939b300>
COc1ccc(CC(C)(C)NC[C@H](O)c2cc(O)cc3c2OCC(=O)N3)cc1,9.84,train,<rdkit.Chem.rdchem.Mol object at 0x7fcdd939b370>
CC(C)N(C)[C@@H]1CC[C@H](N2CC[C@H](Nc3ncnc4ccc(C(F)(F)F)cc34)C2=O)[C@H](NS(C)(=O)=O)C1,9.84,train,<rdkit.Chem.rdchem.Mol object at 0x7fcdd939b3e0>
COc1ccc2c(c1)C13CCCCC1C(C2)N(C)CC3,9.85,test,<rdkit.Chem.rdchem.Mol object at 0x7fcdd939b450>
C[C@](N)(Cc1ccc(O)c(O)c1)C(=O)O,9.85,test,<rdkit.Chem.rdchem.Mol object at 0x7fcdd939b4c0>
N#Cc1ccc(N2C[C@H](N)C[C@H](C(F)(F)F)C2)c2cccnc12,9.85,test,<rdkit.Chem.rdchem.Mol object at 0x7fcdd939b530>
c1ccc(C(CCN2CCCCC2)c2ccccc2)cc1,9.85,train,<rdkit.Chem.rdchem.Mol object at 0x7fcdd939b610>
COc1ccc2c(c1)[C@]13CCCC[C@@H]1[C@H](C2)N(C)CC3,9.85,train,<rdkit.Chem.rdchem.Mol object at 0x7fcdd939b680>
COc1ccc2c(c1)[C@@]13CCCC[C@H]1[C@@H](C2)N(C)CC3,9.85,train,<rdkit.Chem.rdchem.Mol object at 0x7fcdd939b6f0>
C[C@H](Cc1c[nH]c2c(OCC(=O)O)cccc12)NC[C@H](O)c1cccc(Cl)c1,9.85,train,<rdkit.Chem.rdchem.Mol object at 0x7fcdd939b760>
COc1cccc(OCCCN)c1-c1cc(Nc2cnc(C#N)cn2)n[nH]1,9.85,train,<rdkit.Chem.rdchem.Mol object at 0x7fcdd939b840>
NCCC(O)(P(=O)(O)O)P(=O)(O)O,9.86,train,<rdkit.Chem.rdchem.Mol object at 0x7fcdd939b8b0>
CC(C)(CCc1ccccc1)NCC(O)c1ccc2c(c1)CCC(=O)N2,9.86,train,<rdkit.Chem.rdchem.Mol object at 0x7fcdd939b990>
CC(Cc1ccccc1)NCCN1CCOCC1,9.86,train,<rdkit.Chem.rdchem.Mol object at 0x7fcdd939ba00>
CC#CCn1c(N2CCC[C@@H](N)C2)nc2c1c(=O)n(Cc1nc(C)c3ccccc3n1)c(=O)n2C,9.86,train,<rdkit.Chem.rdchem.Mol object at 0x7fcdd939bae0>
CCC(OC(C)=O)C(CC(C)N(C)C)(c1ccccc1)c1ccccc1,9.87,train,<rdkit.Chem.rdchem.Mol object at 0x7fcdd939bbc0>
CC[C@H](OC(C)=O)C(C[C@H](C)N(C)C)(c1ccccc1)c1ccccc1,9.87,train,<rdkit.Chem.rdchem.Mol object at 0x7fcdd939bca0>
CC(C)NCC(O)c1cccc(O)c1,9.87,train,<rdkit.Chem.rdchem.Mol object at 0x7fcdd939bd10>
CC(C)(Cc1ccccc1)NCC(O)c1ccc(O)c(NS(C)(=O)=O)c1,9.87,train,<rdkit.Chem.rdchem.Mol object at 0x7fcdd939bd80>
CC[C@H](OC(C)=O)C(C[C@@H](C)N(C)C)(c1ccccc1)c1ccccc1,9.87,train,<rdkit.Chem.rdchem.Mol object at 0x7fcdd939be60>
Cc1cccc(C)c1C(OCC(O)CNC(C)C)c1c(C)cccc1C,9.87,train,<rdkit.Chem.rdchem.Mol object at 0x7fcdd939bf40>
CCOC(=O)c1c(CSc2ccccc2)n(C)c2cc(Br)c(O)c(CN(C)C)c12,9.87,train,<rdkit.Chem.rdchem.Mol object at 0x7fcdd939c040>
CCC(NC(C)C)C(O)c1ccc(O)c2[nH]c(=O)ccc12,9.88,test,<rdkit.Chem.rdchem.Mol object at 0x7fcdd939c120>
C#CC(C)(C)N(C)C(C)(C)C,9.88,train,<rdkit.Chem.rdchem.Mol object at 0x7fcdd939c190>
N[C@@]1(C(=O)O)CC[C@H]2[C@H](C(=O)O)[C@H]21,9.88,train,<rdkit.Chem.rdchem.Mol object at 0x7fcdd939c200>
CC(C)NCC1CCc2cc(CO)c([N+](=O)[O-])cc2N1,9.89,train,<rdkit.Chem.rdchem.Mol object at 0x7fcdd939c2e0>
c1cc2c(c(NC3=NCCN3)c1)CCCC2,9.89,train,<rdkit.Chem.rdchem.Mol object at 0x7fcdd939c350>
CC(CCc1ccc(O)cc1)NCC(O)c1ccc(O)cc1,9.89,train,<rdkit.Chem.rdchem.Mol object at 0x7fcdd939c3c0>
C[C@H](CCc1ccc(O)cc1)NC[C@H](O)c1ccc(O)cc1,9.89,train,<rdkit.Chem.rdchem.Mol object at 0x7fcdd939c430>
CC(CCc1ccccc1)NC(C)C(O)c1cc(I)c(O)c(I)c1,9.89,train,<rdkit.Chem.rdchem.Mol object at 0x7fcdd939c510>
CCCCCCCCCCCCOc1ccc(NC(=N)N)cc1NC(=N)N,9.89,train,<rdkit.Chem.rdchem.Mol object at 0x7fcdd939c580>
CNCCSC1=Cc2ccccc2Oc2ccc(F)cc21,9.89,train,<rdkit.Chem.rdchem.Mol object at 0x7fcdd939c5f0>
CCCCc1nc2cc(/C=C/C(=O)NO)ccc2n1CCN(CC)CC,9.89,train,<rdkit.Chem.rdchem.Mol object at 0x7fcdd939c660>
COc1cc(F)ccc1-c1c(C)sc2cnc(Nc3cnn(C4CCNCC4)c3)nc12,9.89,train,<rdkit.Chem.rdchem.Mol object at 0x7fcdd939c6d0>
CCCN(CCC)CCSC(=O)C(c1ccccc1)c1ccccc1,9.9,train,<rdkit.Chem.rdchem.Mol object at 0x7fcdd939c740>
COc1cc(Br)c2oc(C3CCNCC3)cc2c1,9.9,train,<rdkit.Chem.rdchem.Mol object at 0x7fcdd939c7b0>
COc1cc(CC(C)N)c(OC)cc1Br,9.9,train,<rdkit.Chem.rdchem.Mol object at 0x7fcdd939c820>
Clc1ccc(-c2nn(Cc3ccccc3)c3c2CCNCC3)cc1,9.9,train,<rdkit.Chem.rdchem.Mol object at 0x7fcdd939c900>
CON(C)C(=O)N1N=C(c2cc(F)ccc2F)S[C@@]1(CCCN)c1ccccc1,9.9,train,<rdkit.Chem.rdchem.Mol object at 0x7fcdd939c970>
CCC1=C[C@@H]2[C@H](C1)C[C@]2(CN)CC(=O)O,9.9,train,<rdkit.Chem.rdchem.Mol object at 0x7fcdd939c9e0>
CCC1=C[C@@H]2[C@H](C1)C[C@]2(CN)CC(=O)O.O=S(=O)(O)c1ccccc1,9.9,train,<rdkit.Chem.rdchem.Mol object at 0x7fcdd939ca50>
NCC1(CC(=O)O)CCCCC1,9.91,test,<rdkit.Chem.rdchem.Mol object at 0x7fcdd939cac0>
CCC(C)(C)NCC(O)COc1cc(CCC(=O)c2ccc(C)cc2)ccc1OC,9.91,test,<rdkit.Chem.rdchem.Mol object at 0x7fcdd939cb30>
CCC(C)(C)NCC(O)COc1ccccc1C#N,9.91,test,<rdkit.Chem.rdchem.Mol object at 0x7fcdd939cba0>
Cn1cc(-c2nc(N[C@@H]3CCCC[C@@H]3N)c(F)c3c2C(=O)NC3)cn1,9.91,test,<rdkit.Chem.rdchem.Mol object at 0x7fcdd939cc10>
Cc1ncc(COP(=O)(O)O)c(CN)c1O,9.91,train,<rdkit.Chem.rdchem.Mol object at 0x7fcdd939cc80>
NCCCC(O)(P(=O)(O)O)P(=O)(O)O,9.91,train,<rdkit.Chem.rdchem.Mol object at 0x7fcdd939ccf0>
C=CC(N)CCC(=O)O,9.91,train,<rdkit.Chem.rdchem.Mol object at 0x7fcdd939cd60>
CCNC1(c2ccccc2)CCCCC1,9.91,train,<rdkit.Chem.rdchem.Mol object at 0x7fcdd939cdd0>
CC(CC(c1ccccc1)c1ccccc1)N(C)C,9.91,train,<rdkit.Chem.rdchem.Mol object at 0x7fcdd939ce40>
NCC[C@H](O)C(=O)N[C@@H]1C[C@H](N)[C@@H](O[C@H]2O[C@H](CN)CC[C@H]2N)[C@H](O)[C@H]1O[C@H]1O[C@H](CO)[C@@H](O)[C@H](N)[C@H]1O,9.91,train,<rdkit.Chem.rdchem.Mol object at 0x7fcdd939ceb0>
Clc1ccc(CC2CCC3CCCCN3C2)cc1,9.91,train,<rdkit.Chem.rdchem.Mol object at 0x7fcdd939cf20>
C[C@H]1CC(CN)(CC(=O)O)C[C@@H]1C,9.91,train,<rdkit.Chem.rdchem.Mol object at 0x7fcdd939cf90>
CC(=O)Nc1ccc(O)cc1OC[C@@](C)(O)CNC1CCN(Cc2ccc(Cl)cc2)CC1,9.91,train,<rdkit.Chem.rdchem.Mol object at 0x7fcdd939d070>
Cn1cc(-c2nc(N[C@@H]3CCCC[C@@H]3N)c(F)c3c2C(=O)NC3)cn1.O=C(O)CC(O)(CC(=O)O)C(=O)O,9.91,train,<rdkit.Chem.rdchem.Mol object at 0x7fcdd939d0e0>
c1cncc(C2CCCN2)c1,9.92,train,<rdkit.Chem.rdchem.Mol object at 0x7fcdd939d150>
CC(=O)OC(Cc1ccccc1)(c1ccccc1)C(C)CN1CCCC1,9.92,train,<rdkit.Chem.rdchem.Mol object at 0x7fcdd939d1c0>
CNCC(O)CC12CCC(c3ccccc31)c1ccccc12,9.92,train,<rdkit.Chem.rdchem.Mol object at 0x7fcdd939d230>
CNC[C@H](O)CC12CCC(c3ccccc31)c1ccccc12,9.92,train,<rdkit.Chem.rdchem.Mol object at 0x7fcdd939d2a0>
CCCCc1oc2ccc(C(=O)OC(C)C)cc2c1C(=O)c1ccc(CCCN(CCCC)CCCC)cc1,9.92,train,<rdkit.Chem.rdchem.Mol object at 0x7fcdd939d380>
CCN(CC)C(=O)c1ccc(C2=CC3(CCNCC3)Oc3cccc(O)c32)cc1,9.92,train,<rdkit.Chem.rdchem.Mol object at 0x7fcdd939d3f0>
COc1ccc(S(=O)(=O)NCc2cc(CN3CCCC3)c(O)c(CN3CCCC3)c2)cc1,9.93,test,<rdkit.Chem.rdchem.Mol object at 0x7fcdd939d460>
CC(N)(Cc1ccc(O)cc1)C(=O)O,9.93,train,<rdkit.Chem.rdchem.Mol object at 0x7fcdd939d4d0>
C[C@](N)(Cc1ccc(O)cc1)C(=O)O,9.93,train,<rdkit.Chem.rdchem.Mol object at 0x7fcdd939d5b0>
CCN(CC)CCCN(c1ccccc1)C1Cc2ccccc2C1,9.94,train,<rdkit.Chem.rdchem.Mol object at 0x7fcdd939d620>
CCCCCN(C)CCC(O)(P(=O)(O)O)P(=O)(O)O,9.94,train,<rdkit.Chem.rdchem.Mol object at 0x7fcdd939d690>
CNCCc1ccc(OP(=O)(O)O)c(O)c1,9.94,train,<rdkit.Chem.rdchem.Mol object at 0x7fcdd939d700>
CCN(CC)CCCN(c1ccccc1)C1Cc2ccccc2C1OC,9.94,train,<rdkit.Chem.rdchem.Mol object at 0x7fcdd939d770>
CCN(CC)CCCNc1nccc2c(C)c3[nH]c4ccc(OC)cc4c3c(C)c12,9.94,train,<rdkit.Chem.rdchem.Mol object at 0x7fcdd939d7e0>
CCO[C@H]1C[C@@]2(C)[C@@H](CC[C@@H]3[C@@H]2[C@H](N(C)C)C[C@]2(C)[C@@H](C(C)=O)CC[C@@H]32)C[C@@H]1O,9.94,train,<rdkit.Chem.rdchem.Mol object at 0x7fcdd939d850>
C[C@@H]1O[C@@H](O[C@H]2C[C@](O)(C(=O)CO)Cc3c(O)c4c(c(O)c32)C(=O)c2ccccc2C4=O)C[C@H](N)[C@@H]1O,9.94,train,<rdkit.Chem.rdchem.Mol object at 0x7fcdd939d8c0>
O=C(NCC12CC3CC(CC(C3)C1)C2)c1cc(CCCNCCCO)ccc1Cl,9.94,train,<rdkit.Chem.rdchem.Mol object at 0x7fcdd939d930>
CCCCCN(C)CCC(O)(P(=O)([O-])O)P(=O)(O)O,9.94,train,<rdkit.Chem.rdchem.Mol object at 0x7fcdd939d9a0>
CCCN1C[C@H](C)[C@@H](O)[C@](C)(O)[C@@H](CC)OC(=O)[C@H](C)[C@@H](O[C@H]2C[C@@](C)(OC)[C@@H](O)[C@H](C)O2)[C@H](C)[C@@H](O[C@@H]2O[C@H](C)C[C@H](N(C)C)[C@H]2O)[C@](C)(O)C[C@H]1C,9.95,test,<rdkit.Chem.rdchem.Mol object at 0x7fcdd939da80>
CN(C)C1CCc2[nH]c3ccccc3c2C1,9.95,train,<rdkit.Chem.rdchem.Mol object at 0x7fcdd939daf0>
Clc1cccc(SC2CCNCC2)n1,9.95,train,<rdkit.Chem.rdchem.Mol object at 0x7fcdd939db60>
CC(=O)[C@]1(O)Cc2c(O)c3c(c(O)c2[C@@H](O[C@H]2C[C@H](N)[C@H](O)[C@H](C)O2)C1)C(=O)c1c(O)cccc1C3=O,9.95,train,<rdkit.Chem.rdchem.Mol object at 0x7fcdd939dbd0>
Cc1[nH]c2ccccc2c1CCNCc1ccc(/C=C/C(=O)NO)cc1,9.95,train,<rdkit.Chem.rdchem.Mol object at 0x7fcdd939dc40>
CC(O)C(=O)O.Cc1[nH]c2ccccc2c1CCNCc1ccc(/C=C/C(=O)NO)cc1,9.95,train,<rdkit.Chem.rdchem.Mol object at 0x7fcdd939dcb0>
CC(C)(C)NCC(O)COCC1COc2ccccc2O1,9.96,test,<rdkit.Chem.rdchem.Mol object at 0x7fcdd939dd20>
NC(=O)c1cnc2n1CCc1ccccc1C21CCNCC1,9.96,test,<rdkit.Chem.rdchem.Mol object at 0x7fcdd939dd90>
CCCCCCCCCCCCCCCC[N+](C)(CCCN1C(C)CCC1C)CCCN1C(C)CCC1C,9.96,train,<rdkit.Chem.rdchem.Mol object at 0x7fcdd939dee0>
CC(=NOCC(O)CNC(C)(C)C)C1CC1,9.96,train,<rdkit.Chem.rdchem.Mol object at 0x7fcdd939df50>
CCN(CC)CCCNc1nccc2c(C)c3[nH]c4ccncc4c3cc12,9.96,train,<rdkit.Chem.rdchem.Mol object at 0x7fcdd939dfc0>
CCN(CC)CCC1(c2ccccc2)CCC(=O)NC1=O,9.96,train,<rdkit.Chem.rdchem.Mol object at 0x7fcdd939e030>
CC1CCN(C[C@H]2CCCC[C@H]2NC(=O)c2cc(Cl)c(N)cc2OCC2CC2)CC1,9.96,train,<rdkit.Chem.rdchem.Mol object at 0x7fcdd939e0a0>
CC(C)(CC1Cc2ccccc2C1)NC[C@@H](O)COc1cc(CCC(=O)O)cc(F)c1F,9.96,train,<rdkit.Chem.rdchem.Mol object at 0x7fcdd939e110>
CCNCCc1ccc(CN(CC)c2cc(OC)ccc2[C@@H]2CCc3cc(O)ccc3C2)cc1,9.96,train,<rdkit.Chem.rdchem.Mol object at 0x7fcdd939e180>
CCCCCC[C@@H]1CCc2cc([C@H]3CC[C@](N)(CO)C3)ccc2C1,9.96,train,<rdkit.Chem.rdchem.Mol object at 0x7fcdd939e1f0>
CCCCC[C@H]1CN[C@H](C(=O)N[C@H]([C@H]2O[C@H](SC)[C@H](O)[C@@H](O)[C@H]2O)[C@@H](C)Cl)C1,9.96,train,<rdkit.Chem.rdchem.Mol object at 0x7fcdd939e2d0>
CC(C)(C)NCCNc1ccc(C2=NN=C(C(F)(F)F)C2)nc1C1CCN(c2ncnc3c2C(C)(C)C(=O)N3)CC1,9.96,train,<rdkit.Chem.rdchem.Mol object at 0x7fcdd939e340>
CO[C@@H]1COCC[C@@H]1N[C@@H]1CC[C@@](C(=O)N2C[C@@H]3C[C@H]2CN3c2cc(C(F)(F)F)ncn2)(C(C)C)C1,9.98,train,<rdkit.Chem.rdchem.Mol object at 0x7fcdd939e500>
O[C@H]1CCCN[C@@H]1CCCn1cnc2c(Cl)c(Cl)ccc21,9.98,train,<rdkit.Chem.rdchem.Mol object at 0x7fcdd939e570>
CC1=C2C[C@H]3[C@@H](CC[C@@H]4C[C@H](NS(C)(=O)=O)CC[C@@]43C)[C@@H]2CC[C@@]2(C1)O[C@@H]1C[C@H](C)CN[C@H]1[C@H]2C,9.99,test,<rdkit.Chem.rdchem.Mol object at 0x7fcdd939e5e0>
CCC(N)Cc1c[nH]c2ccccc12,9.99,train,<rdkit.Chem.rdchem.Mol object at 0x7fcdd939e650>
CCN(CC)C(C)CC(=O)Nc1ccccc1,9.99,train,<rdkit.Chem.rdchem.Mol object at 0x7fcdd939e6c0>
CCc1oc2ccccc2c1CC1=NCCN1,9.99,train,<rdkit.Chem.rdchem.Mol object at 0x7fcdd939e730>
CN(C)C1CCc2[nH]c3c(F)cc(F)cc3c2C1,9.99,train,<rdkit.Chem.rdchem.Mol object at 0x7fcdd939e7a0>
CC(C)(C)N1CCC(c2ccccc2)(c2ccccc2)CC1,9.99,train,<rdkit.Chem.rdchem.Mol object at 0x7fcdd939e810>
O=C(NC1CCNCC1)c1n[nH]cc1NC(=O)c1c(Cl)cccc1Cl,9.99,train,<rdkit.Chem.rdchem.Mol object at 0x7fcdd939e880>
Cn1cc(CNCC2CCN(c3ncc(C(=O)NO)cn3)CC2)c2ccccc21,9.99,train,<rdkit.Chem.rdchem.Mol object at 0x7fcdd939e8f0>
CN(CCC=C1c2ccccc2CCc2ccccc21)C(=O)CCCN,9.99,train,<rdkit.Chem.rdchem.Mol object at 0x7fcdd939e960>
CC(C)NC(=N)NC(=N)Nc1ccc(Cl)c(Cl)c1,10.0,test,<rdkit.Chem.rdchem.Mol object at 0x7fcdd939e9d0>
NCCc1c[nH]c2ccc(O)cc12,10.0,train,<rdkit.Chem.rdchem.Mol object at 0x7fcdd939ea40>
C=CCC(N)Cc1ccccc1,10.0,train,<rdkit.Chem.rdchem.Mol object at 0x7fcdd939eab0>
CCCCCCCCCCCCNCCNCCNCC(=O)O,10.0,train,<rdkit.Chem.rdchem.Mol object at 0x7fcdd939eb20>
CCN(CC)CCCOC(=O)C1(c2ccccc2)CC2CCC1C2,10.0,train,<rdkit.Chem.rdchem.Mol object at 0x7fcdd939eb90>
CC(CCCNCCO)Nc1ccnc2cc(Cl)ccc12,10.0,train,<rdkit.Chem.rdchem.Mol object at 0x7fcdd939ec00>
CC(O)C(=O)O.CCCCCCCCCCCCCCNCCO,10.0,train,<rdkit.Chem.rdchem.Mol object at 0x7fcdd939ec70>
NCC[C@H](O)CN[C@@H]1C[C@H](N)[C@@H](O[C@H]2O[C@H](CN)[C@@H](O)[C@H](O)[C@H]2O)[C@H](O)[C@H]1O[C@H]1O[C@H](CO)[C@@H](O)[C@H](N)[C@H]1O,10.0,train,<rdkit.Chem.rdchem.Mol object at 0x7fcdd939ece0>
CC(N)Cc1ccccc1,10.01,test,<rdkit.Chem.rdchem.Mol object at 0x7fcdd939ee30>
C[C@H](N)Cc1ccccc1.C[C@H](N)Cc1ccccc1,10.01,test,<rdkit.Chem.rdchem.Mol object at 0x7fcdd939eea0>
CC(N)Cc1ccc2c(c1)OCO2,10.01,train,<rdkit.Chem.rdchem.Mol object at 0x7fcdd939ef10>
C[C@H](N)Cc1ccccc1,10.01,train,<rdkit.Chem.rdchem.Mol object at 0x7fcdd939ef80>
CC(CC1c2ccccc2CCc2ccccc21)CN(C)C,10.01,train,<rdkit.Chem.rdchem.Mol object at 0x7fcdd939eff0>
C[C@@H](N)Cc1ccccc1,10.01,train,<rdkit.Chem.rdchem.Mol object at 0x7fcdd939f060>
CCCCCCNC(=O)NC(=N)NCCCN1CCN(CCCNC(=N)NC(=O)NCCCCCC)CC1,10.01,train,<rdkit.Chem.rdchem.Mol object at 0x7fcdd939f0d0>
CNCCc1ccc(OC(=O)C(C)C)c(OC(=O)C(C)C)c1,10.01,train,<rdkit.Chem.rdchem.Mol object at 0x7fcdd939f140>
C[C@@H](N)Cc1ccccc1.O=C(O)CCC(=O)O,10.01,train,<rdkit.Chem.rdchem.Mol object at 0x7fcdd939f1b0>
C[C@@H](NCCCc1cccc(C(F)(F)F)c1)c1cccc2ccccc12,10.01,train,<rdkit.Chem.rdchem.Mol object at 0x7fcdd939f220>
COc1ccc(Cn2c(C)c(CCN)c3cc(O)ccc32)cc1,10.01,train,<rdkit.Chem.rdchem.Mol object at 0x7fcdd939f290>
CCN(CC)CCNC1=NCCc2ccccc21,10.01,train,<rdkit.Chem.rdchem.Mol object at 0x7fcdd939f300>
Cc1cc(OCC(=O)O)c(C)cc1CCN[C@@H](C)[C@H](O)c1ccc(O)cc1,10.01,train,<rdkit.Chem.rdchem.Mol object at 0x7fcdd939f370>
CC(C)N[C@@H]1C2CCC(CC2)[C@@]1(O)c1ccc(Cl)c(Cl)c1,10.01,train,<rdkit.Chem.rdchem.Mol object at 0x7fcdd939f3e0>
CC(N)Cc1ccccc1.O=C(O)CCCCC(=O)O,10.01,train,<rdkit.Chem.rdchem.Mol object at 0x7fcdd939f450>
CC(N)Cc1ccccc1.NC(CC(=O)O)C(=O)O,10.01,train,<rdkit.Chem.rdchem.Mol object at 0x7fcdd939f4c0>
C[C@H](N)Cc1ccccc1.O=C(O)[C@@H](O)[C@@H](O)[C@H](O)[C@@H](O)C(=O)O,10.01,train,<rdkit.Chem.rdchem.Mol object at 0x7fcdd939f530>
C[C@H](N)Cc1ccccc1.O=C(O)CCCCC(=O)O,10.01,train,<rdkit.Chem.rdchem.Mol object at 0x7fcdd939f5a0>
NCCOP(=O)(O)O,10.02,train,<rdkit.Chem.rdchem.Mol object at 0x7fcdd939f610>
COCC(=O)Nc1ccc(/N=C(/C)N(C)C)cc1,10.02,train,<rdkit.Chem.rdchem.Mol object at 0x7fcdd939f6f0>
c1ccc2cc(COC3CCNCC3)ccc2c1,10.02,train,<rdkit.Chem.rdchem.Mol object at 0x7fcdd939f760>
CNCCCN1c2ccccc2C(C)(C)c2ccccc21,10.02,train,<rdkit.Chem.rdchem.Mol object at 0x7fcdd939f7d0>
CCN(CC)CCCCNC(=O)c1ccccc1OC(C)=O,10.02,train,<rdkit.Chem.rdchem.Mol object at 0x7fcdd939f840>
CCCOC(C(=O)OC1CCNCC1)(c1ccccc1)c1ccccc1,10.02,train,<rdkit.Chem.rdchem.Mol object at 0x7fcdd939f8b0>
CC1(COc2ccc3c(c2)ncn3-c2ccc3cccc(N4CCC(N)CC4)c3n2)COC1.O=S(=O)(O)c1ccccc1,10.03,test,<rdkit.Chem.rdchem.Mol object at 0x7fcdd939f920>
Cc1ccccc1CC(C)N,10.03,train,<rdkit.Chem.rdchem.Mol object at 0x7fcdd939f990>
Cc1ccc(Sc2ccccc2C2CCNCC2)cc1,10.03,train,<rdkit.Chem.rdchem.Mol object at 0x7fcdd939fa00>
CC1(COc2ccc3c(c2)ncn3-c2ccc3cccc(N4CCC(N)CC4)c3n2)COC1,10.03,train,<rdkit.Chem.rdchem.Mol object at 0x7fcdd939fa70>
Cc1ccc2cc(C(=O)NC3(C(=O)N[C@H](Cc4ccccc4)C(=O)NCC4CCN(CC5CCOCC5)CC4)CCCC3)sc2c1,10.03,train,<rdkit.Chem.rdchem.Mol object at 0x7fcdd939fae0>
O=C(NC1CCNCC1)[C@@H]1CC[C@@H]2CN1C(=O)N2OS(=O)(=O)O,10.03,train,<rdkit.Chem.rdchem.Mol object at 0x7fcdd939fb50>
CNC(C)Cc1ccccc1OC,10.04,train,<rdkit.Chem.rdchem.Mol object at 0x7fcdd939fbc0>
OC(c1ccccc1)(c1ccccc1)C1CCNCC1,10.04,train,<rdkit.Chem.rdchem.Mol object at 0x7fcdd939fc30>
CNCC12CCC(c3ccccc31)c1ccccc12,10.04,train,<rdkit.Chem.rdchem.Mol object at 0x7fcdd939fca0>
CN1CCC/C1=N\C(=N\c1ccccc1)N1CCOCC1,10.04,train,<rdkit.Chem.rdchem.Mol object at 0x7fcdd939fd10>
COc1ccccc1CN(C[C@@H](Cc1c[nH]c2ccccc12)NC(=O)CN1CCC(N2CCCCC2)CC1)C(C)=O,10.04,train,<rdkit.Chem.rdchem.Mol object at 0x7fcdd939fdf0>
CNCCc1ccc2c(c1)OCO2,10.05,train,<rdkit.Chem.rdchem.Mol object at 0x7fcdd939fed0>
CCCCN(CCCC)CCC(O)c1cc2c(Cl)cc(Cl)cc2c2cc(C(F)(F)F)ccc12,10.05,train,<rdkit.Chem.rdchem.Mol object at 0x7fcdd939ff40>
Fc1cc(F)c(OCc2ccccc2C2CCNCC2)c(F)c1,10.05,train,<rdkit.Chem.rdchem.Mol object at 0x7fcdd93a0040>
CCN(CC)CC(C)(C)COC(=O)C(CO)c1ccccc1,10.06,test,<rdkit.Chem.rdchem.Mol object at 0x7fcdd93a00b0>
C[C@@H]1O[C@@H](O[C@@H]2[C@H](C)O[C@@H](O[C@H]3C[C@](O)(C(=O)CO)Cc4c(O)c5c(c(O)c43)C(=O)c3ccccc3C5=O)C[C@@H]2O)C[C@H](N)[C@@H]1O,10.06,test,<rdkit.Chem.rdchem.Mol object at 0x7fcdd93a0120>
Cc1ccc(C(O)C(C)NCCCc2ccccc2)cc1O,10.06,train,<rdkit.Chem.rdchem.Mol object at 0x7fcdd93a0190>
O=C(O)CC/C=C\CC[C@@H]1[C@@H](N2CCCCC2)[C@@H](O)C[C@@H]1OCc1ccc(-c2ccccc2)cc1,10.06,train,<rdkit.Chem.rdchem.Mol object at 0x7fcdd93a0200>
CNC[C@@H]1CC[C@@H](N)[C@@H](O[C@@H]2[C@H](O)[C@@H](O[C@H]3OC[C@](C)(O)[C@H](NC)[C@H]3O)[C@H](N)C[C@@H]2N)O1,10.06,train,<rdkit.Chem.rdchem.Mol object at 0x7fcdd93a0270>
CN[C@@H]1[C@H](O[C@H]2[C@H](O[C@H]3[C@H](O)[C@@H](O)[C@H](NC(=N)N)[C@@H](O)[C@@H]3NC(=N)N)O[C@@H](C)[C@]2(O)C=O)O[C@@H](CO)[C@H](O)[C@H]1O,10.07,test,<rdkit.Chem.rdchem.Mol object at 0x7fcdd93a02e0>
Cc1cc(Nc2ncc(Cl)c(Nc3ccccc3S(=O)(=O)C(C)C)n2)c(OC(C)C)cc1C1CCNCC1,10.07,test,<rdkit.Chem.rdchem.Mol object at 0x7fcdd93a03c0>
NC1CCCC1c1ccccc1,10.07,train,<rdkit.Chem.rdchem.Mol object at 0x7fcdd93a0430>
N=C(NC(=N)N1CCN(C(=N)NC(=N)Nc2ccc(Cl)cc2)CC1)Nc1ccc(Cl)cc1,10.07,train,<rdkit.Chem.rdchem.Mol object at 0x7fcdd93a0510>
O=C1NC(=O)C(CC2CCCCN2)(c2ccccc2)C(=O)N1,10.07,train,<rdkit.Chem.rdchem.Mol object at 0x7fcdd93a0580>
COc1ccc2c3c1O[C@H]1[C@@H](O)C=C[C@H]4[C@@H](C2)NCC[C@@]341,10.07,train,<rdkit.Chem.rdchem.Mol object at 0x7fcdd93a05f0>
CN(C)C(=O)COc1ccc2c(c1)C[C@@H](NC[C@H](O)c1ccc(O)c(CCO)c1)CC2.CN(C)C(=O)COc1ccc2c(c1)C[C@@H](NC[C@H](O)c1ccc(O)c(CCO)c1)CC2,10.07,train,<rdkit.Chem.rdchem.Mol object at 0x7fcdd93a0740>
NC(=O)c1cccc2cn(-c3ccc([C@@H]4CCCNC4)cc3)nc12,10.08,train,<rdkit.Chem.rdchem.Mol object at 0x7fcdd93a0900>
Cc1sc2ccccc2c1CC1=NCCN1,10.09,train,<rdkit.Chem.rdchem.Mol object at 0x7fcdd93a09e0>
CC(C)NCC(O)CC(c1ccccc1)c1ccccc1,10.09,train,<rdkit.Chem.rdchem.Mol object at 0x7fcdd93a0a50>
COc1ccc2c(c1)CC(C)N(CCc1ccc(N)cc1)CC2,10.09,train,<rdkit.Chem.rdchem.Mol object at 0x7fcdd93a0ac0>
Cc1ccccc1OCC(O)CN1C(C)(C)CCC1(C)C,10.1,test,<rdkit.Chem.rdchem.Mol object at 0x7fcdd93a0b30>
CCC(C)N(CC(O)c1cccn1Cc1ccccc1Cl)C(C)CC,10.1,train,<rdkit.Chem.rdchem.Mol object at 0x7fcdd93a0ba0>
Cc1cc(N(C)C)ccc1C[C@H](C)N,10.1,train,<rdkit.Chem.rdchem.Mol object at 0x7fcdd93a0c10>
CNCCCOc1cc(F)c(-c2c(Cl)nc3ncnn3c2N[C@@H](C)C(F)(F)F)c(F)c1.O=C(O)CCC(=O)O,10.1,train,<rdkit.Chem.rdchem.Mol object at 0x7fcdd93a0cf0>
COc1cc(C)c(OC)c(C)c1CC1=NCCN1,10.11,train,<rdkit.Chem.rdchem.Mol object at 0x7fcdd93a0dd0>
NC(=O)C(c1ccccc1)(c1ccccc1)[C@@H]1CCN(CCc2ccc3c(c2)CCO3)C1,10.11,train,<rdkit.Chem.rdchem.Mol object at 0x7fcdd93a0e40>
O=C(CCCCCCCCC(=O)Oc1ccc2c3c1O[C@H]1[C@@H](O)CC[C@@]4(O)[C@@H](C2)N(CC2CCC2)CC[C@]314)Oc1ccc2c3c1O[C@H]1[C@@H](O)CC[C@@]4(O)[C@@H](C2)N(CC2CCC2)CC[C@]314,10.11,train,<rdkit.Chem.rdchem.Mol object at 0x7fcdd93a0eb0>
C[C@H]1CNCCc2ccc(Cl)cc21,10.12,test,<rdkit.Chem.rdchem.Mol object at 0x7fcdd93a0f20>
C[C@@H](Oc1cc(-c2cnn(C3CCNCC3)c2)cnc1N)c1c(Cl)ccc(F)c1Cl,10.12,train,<rdkit.Chem.rdchem.Mol object at 0x7fcdd93a0f90>
Nc1ncc(-c2cnn(C3CCNCC3)c2)cc1-c1nnc(CC2CC2)o1,10.12,train,<rdkit.Chem.rdchem.Mol object at 0x7fcdd93a1000>
CNC(C)Cc1ccc2c(c1)OCO2,10.14,train,<rdkit.Chem.rdchem.Mol object at 0x7fcdd93a1150>
CC(N)C12CC3CC(CC(C3)C1)C2,10.14,train,<rdkit.Chem.rdchem.Mol object at 0x7fcdd93a11c0>
Oc1ccc(Nc2ccnc3cc(Cl)ccc23)cc1CN1CCCC1,10.14,train,<rdkit.Chem.rdchem.Mol object at 0x7fcdd93a1230>
CCCCCCCCCCCCOCCCN,10.14,train,<rdkit.Chem.rdchem.Mol object at 0x7fcdd93a1310>
O=C(O[C@H]1CN[C@H](C(=O)O)C1)c1cccs1,10.14,train,<rdkit.Chem.rdchem.Mol object at 0x7fcdd93a1380>
COc1cc(N2CCC3(CCN(C)CC3)CC2)ccc1Nc1ncc(Cl)c(Nc2ccccc2P(C)(C)=O)n1,10.14,train,<rdkit.Chem.rdchem.Mol object at 0x7fcdd93a13f0>
c1csc(C2(N3CCCCC3)CCCCC2)c1,10.15,test,<rdkit.Chem.rdchem.Mol object at 0x7fcdd93a1460>
Cc1cc(C(C)(C)C)c(O)c(C)c1CC1=NCCN1,10.15,train,<rdkit.Chem.rdchem.Mol object at 0x7fcdd93a14d0>
CNCCC1=Cc2ccccc2N(C)c2ccccc21,10.15,train,<rdkit.Chem.rdchem.Mol object at 0x7fcdd93a1540>
CC(C)(N)Cc1ccccc1Cl,10.16,train,<rdkit.Chem.rdchem.Mol object at 0x7fcdd93a1620>
CN1C(C)(C)CC(OC(=O)CCC(=O)OC2CC(C)(C)N(C)C(C)(C)C2)CC1(C)C,10.16,train,<rdkit.Chem.rdchem.Mol object at 0x7fcdd93a1700>
OC(CNC12CC3CC(CC(C3)C1)C2)COc1ccccc1,10.16,train,<rdkit.Chem.rdchem.Mol object at 0x7fcdd93a1770>
CC(=O)N(CCCCNCCCn1c(=O)[nH]c2ccccc2c1=O)CCCn1c(=O)[nH]c2ccccc2c1=O,10.16,train,<rdkit.Chem.rdchem.Mol object at 0x7fcdd93a1850>
CO[C@@H]1COCC[C@@H]1N[C@@H]1CC[C@@](CN2CCc3ncc(C(F)(F)F)cc3C2)(C(C)C)C1,10.16,train,<rdkit.Chem.rdchem.Mol object at 0x7fcdd93a18c0>
CCCN(CCC)CCc1cccc2c1CC(=O)N2,10.17,test,<rdkit.Chem.rdchem.Mol object at 0x7fcdd93a19a0>
CCCCCCCCCCCCNCC(O)CCCCCCCCCn1c(=O)c2c(ncn2C)n(C)c1=O,10.17,test,<rdkit.Chem.rdchem.Mol object at 0x7fcdd93a1a10>
c1ccc2c(c1)CCCC2C1=NCCN1,10.17,train,<rdkit.Chem.rdchem.Mol object at 0x7fcdd93a1a80>
C=CCC(Cc1cc(OC)c(OC)c(OC)c1)NC,10.17,train,<rdkit.Chem.rdchem.Mol object at 0x7fcdd93a1af0>
CNC1CCc2c(ccc(OC(=O)C(C)C)c2OC(=O)C(C)C)C1,10.17,train,<rdkit.Chem.rdchem.Mol object at 0x7fcdd93a1b60>
N=C(NC(=N)N1CCCC1)Nc1ccc(OC(F)(F)F)cc1,10.17,train,<rdkit.Chem.rdchem.Mol object at 0x7fcdd93a1c40>
C[C@]12CC[C@H]3[C@@H](CC=C4CC5(CC[C@@]43CCN)OCCO5)[C@@H]1CCC21OCCO1,10.18,train,<rdkit.Chem.rdchem.Mol object at 0x7fcdd93a1d20>
NCc1ccccc1O,10.18,train,<rdkit.Chem.rdchem.Mol object at 0x7fcdd93a1d90>
Clc1ccc(CC2=NCCN2)c2ccccc12,10.18,train,<rdkit.Chem.rdchem.Mol object at 0x7fcdd93a1e00>
CCNCc1c(CSC)cnc(C)c1O,10.18,train,<rdkit.Chem.rdchem.Mol object at 0x7fcdd93a1e70>
NCCCCN(Cc1nc2ccccc2[nH]1)[C@H]1CCCc2cccnc21,10.18,train,<rdkit.Chem.rdchem.Mol object at 0x7fcdd93a1ee0>
Cc1c(F)c(N)c2c(=O)cc(-c3ccc(NC(=O)[C@@H](N)CCCCCCN)c(F)c3)oc2c1F,10.18,train,<rdkit.Chem.rdchem.Mol object at 0x7fcdd93a1f50>
NCCCS(=O)(=O)O,10.19,train,<rdkit.Chem.rdchem.Mol object at 0x7fcdd93a1fc0>
c1ccc2c(CC3=NCCN3)cccc2c1,10.19,train,<rdkit.Chem.rdchem.Mol object at 0x7fcdd93a2030>
CCNC(C)Cc1cccc(SC(F)(F)F)c1,10.19,train,<rdkit.Chem.rdchem.Mol object at 0x7fcdd93a20a0>
NCCCC(=O)OCCN1CCN(CCCN2c3ccccc3Sc3ccc(Cl)cc32)CC1,10.19,train,<rdkit.Chem.rdchem.Mol object at 0x7fcdd93a2110>
CC1(C)CC(Oc2ccc(-c3ccc(-c4cn[nH]c4)cc3O)nn2)CC(C)(C)N1,10.19,train,<rdkit.Chem.rdchem.Mol object at 0x7fcdd93a2260>
NCCCC(N)(C(=O)O)C(F)F,10.2,train,<rdkit.Chem.rdchem.Mol object at 0x7fcdd93a22d0>
COc1cc(NC(C)CCCN)c2ncccc2c1,10.2,train,<rdkit.Chem.rdchem.Mol object at 0x7fcdd93a2340>
c1ccc(C2CCN(CC3CCCc4c3ccc3c4OCO3)C2)cc1,10.2,train,<rdkit.Chem.rdchem.Mol object at 0x7fcdd93a23b0>
CN(C(=O)CNC(=O)[C@@H](N)CCCCN)c1ccc(Cl)cc1C(=O)c1ccccc1,10.2,train,<rdkit.Chem.rdchem.Mol object at 0x7fcdd93a2420>
COc1cc(C)c2c(Oc3cccc(C(F)(F)F)c3)c(OC)cc(NC(C)CCCN)c2n1.O=C(O)CCC(=O)O,10.2,train,<rdkit.Chem.rdchem.Mol object at 0x7fcdd93a2570>
NCCCC[C@H](NC(=O)[C@@H](Cc1cc(Br)c(O)c(Br)c1)NC(=O)N1CCC(N2Cc3ccccc3NC2=O)CC1)C(=O)N1CCN(c2ccncc2)CC1,10.2,train,<rdkit.Chem.rdchem.Mol object at 0x7fcdd93a25e0>
N#CCCNc1nonc1-c1nc2ccccc2n1CC(=O)c1ccc(NC(=O)[C@@H](N)CCCCN)cc1,10.2,train,<rdkit.Chem.rdchem.Mol object at 0x7fcdd93a2650>
O=C(O)c1ccc(CN2CCC(CN[C@@H]3C[C@H]3c3ccccc3)CC2)cc1,10.2,train,<rdkit.Chem.rdchem.Mol object at 0x7fcdd93a26c0>
CC(=O)OC[C@]12CC[C@H]3[C@@H](CC[C@H]4C[C@@H](N(C)C)CC[C@@]43C)[C@@H]1CC[C@@H]2[C@H](C)OC(C)=O,10.2,train,<rdkit.Chem.rdchem.Mol object at 0x7fcdd93a27a0>
CC(C)C[C@@H](NC(=O)[C@@H](Cc1ccccc1)NC(=O)CNC[C@H](C)c1ccccc1)C(=O)N[C@H](CCCCN)C(=O)N1CCC(N)(C(=O)O)CC1,10.2,train,<rdkit.Chem.rdchem.Mol object at 0x7fcdd93a2810>
CC(=O)N1CC2(CCN(C(=O)[C@@H](CCCCN)NC(=O)[C@@H](CC(C)C)NC(=O)[C@@H](Cc3ccccc3)NC(=O)[C@H](N)Cc3ccccc3)CC2)C1,10.2,train,<rdkit.Chem.rdchem.Mol object at 0x7fcdd93a2880>
NCCCCCC(=O)O,10.21,test,<rdkit.Chem.rdchem.Mol object at 0x7fcdd93a28f0>
CC(=O)N(O)CCCCCNC(=O)CCC(=O)N(O)CCCCCNC(=O)CCC(=O)N(O)CCCCCN,10.21,test,<rdkit.Chem.rdchem.Mol object at 0x7fcdd93a2960>
CCCCP(=O)(O)CCCN,10.21,test,<rdkit.Chem.rdchem.Mol object at 0x7fcdd93a29d0>
NCCCC[C@H](N[C@@H](CCc1ccccc1)C(=O)O)C(=O)N1CCC[C@H]1C(=O)O,10.21,test,<rdkit.Chem.rdchem.Mol object at 0x7fcdd93a2a40>
NCCCCC(=O)O,10.21,train,<rdkit.Chem.rdchem.Mol object at 0x7fcdd93a2ab0>
CCCCCCCCCCCCCCCCN.F,10.21,train,<rdkit.Chem.rdchem.Mol object at 0x7fcdd93a2b90>
CN[C@H](C)Cc1ccccc1,10.21,train,<rdkit.Chem.rdchem.Mol object at 0x7fcdd93a2c00>
CCCCS(=O)(=O)N[C@@H](Cc1ccc(OCCCCC2CCNCC2)cc1)C(=O)O,10.21,train,<rdkit.Chem.rdchem.Mol object at 0x7fcdd93a2c70>
NCCCC[C@H](OP(=O)(O)CCCCc1ccccc1)C(=O)N1CCC[C@H]1C(=O)O,10.21,train,<rdkit.Chem.rdchem.Mol object at 0x7fcdd93a2dc0>
CCCCCCCC/C=C/CCCCCCCCN.F,10.21,train,<rdkit.Chem.rdchem.Mol object at 0x7fcdd93a2ea0>
CCCCCCCCCCCCCCCCNC(=O)[C@@H](N)CCCCN,10.21,train,<rdkit.Chem.rdchem.Mol object at 0x7fcdd93a2f10>
CCCn1cnc(C[C@H](CCCN)C(=O)O)c1,10.21,train,<rdkit.Chem.rdchem.Mol object at 0x7fcdd93a2f80>
NCCCC(=O)O,10.22,train,<rdkit.Chem.rdchem.Mol object at 0x7fcdd93a30d0>
CCNC(C)Cc1cccc(C(F)(F)F)c1,10.22,train,<rdkit.Chem.rdchem.Mol object at 0x7fcdd93a3140>
CCN[C@H](C)Cc1cccc(C(F)(F)F)c1,10.22,train,<rdkit.Chem.rdchem.Mol object at 0x7fcdd93a31b0>
CCN[C@@H](C)Cc1cccc(C(F)(F)F)c1,10.22,train,<rdkit.Chem.rdchem.Mol object at 0x7fcdd93a3220>
CC(C)NC(C)Cc1ccc(O)cn1,10.22,train,<rdkit.Chem.rdchem.Mol object at 0x7fcdd93a3290>
CNCCC(c1cccc(F)c1)c1cccc(F)c1,10.22,train,<rdkit.Chem.rdchem.Mol object at 0x7fcdd93a3300>
c1cc(CN2CCCNCCNCCCNCC2)ccc1CN1CCCNCCNCCCNCC1,10.23,train,<rdkit.Chem.rdchem.Mol object at 0x7fcdd93a33e0>
CC1(C)S[C@@H]2[C@H](NC(=O)[C@H](NC(=O)Cc3ccc(C4=NCCCN4)cc3)c3ccccc3)C(=O)N2[C@H]1C(=O)O,10.23,train,<rdkit.Chem.rdchem.Mol object at 0x7fcdd93a34c0>
CC(C)C[C@H](CN)CC(=O)O,10.23,train,<rdkit.Chem.rdchem.Mol object at 0x7fcdd93a3530>
CCC[C@@H](C)C[C@H](CN)CC(=O)O,10.23,train,<rdkit.Chem.rdchem.Mol object at 0x7fcdd93a35a0>
CC(C)(C)CNCCn1c(Sc2cc3c(cc2I)OCO3)nc2c(N)ncnc21,10.23,train,<rdkit.Chem.rdchem.Mol object at 0x7fcdd93a3680>
CNCCCC1(C)C(=O)N(c2ccccc2)c2ccccc21,10.24,train,<rdkit.Chem.rdchem.Mol object at 0x7fcdd93a3760>
c1ccc(SCCCNCCC(c2ccccc2)c2ccccc2)cc1,10.24,train,<rdkit.Chem.rdchem.Mol object at 0x7fcdd93a37d0>
CC1CCC(C)N1CCCOC(=O)c1ccccc1O,10.24,train,<rdkit.Chem.rdchem.Mol object at 0x7fcdd93a3840>
CN(C)CCCOC1CC(C)(C)N(C)C(C)(C)C1,10.24,train,<rdkit.Chem.rdchem.Mol object at 0x7fcdd93a38b0>
CC(C)=CCC/C(C)=C/CNCCNC1C2CC3CC(C2)CC1C3,10.24,train,<rdkit.Chem.rdchem.Mol object at 0x7fcdd93a3920>
CC[C@@]1(O)C(=O)OCc2c1cc1n(c2=O)Cc2c-1nc1ccccc1c2CCNC(C)C,10.24,train,<rdkit.Chem.rdchem.Mol object at 0x7fcdd93a3990>
CC[C@H](OC(C)=O)C(C[C@H](C)N)(c1ccccc1)c1ccccc1,10.24,train,<rdkit.Chem.rdchem.Mol object at 0x7fcdd93a3a00>
CC(C)(N)Cc1ccccc1,10.25,test,<rdkit.Chem.rdchem.Mol object at 0x7fcdd93a3a70>
c1ccc(CC2=NCCN2)cc1,10.25,train,<rdkit.Chem.rdchem.Mol object at 0x7fcdd93a3ae0>
CNCC(C)c1ccccc1,10.25,train,<rdkit.Chem.rdchem.Mol object at 0x7fcdd93a3bc0>
CC1=C(C(=O)O)N2C(=O)[C@@H](NC(=O)Cc3ccc(C4=NCCCN4)cc3)[C@H]2SC1,10.25,train,<rdkit.Chem.rdchem.Mol object at 0x7fcdd93a3c30>
Nc1ncnc2c1ncn2CCNCCCCCO,10.25,train,<rdkit.Chem.rdchem.Mol object at 0x7fcdd93a3ca0>
CN(C)c1cc2c(cc1Sc1nc3c(N)nccc3n1CCNCC(C)(C)C)OCO2,10.25,train,<rdkit.Chem.rdchem.Mol object at 0x7fcdd93a3d10>
CCOc1ccc2nc3cc(N)ccc3c(N)c2c1,10.26,train,<rdkit.Chem.rdchem.Mol object at 0x7fcdd93a3d80>
CC(O)C(=O)O.CCOc1ccc2nc3cc(N)ccc3c(N)c2c1,10.26,train,<rdkit.Chem.rdchem.Mol object at 0x7fcdd93a3df0>
CC1CCCC(C)N1CCCCNC(=O)C(Oc1ccccc1)c1ccccc1,10.26,train,<rdkit.Chem.rdchem.Mol object at 0x7fcdd93a3e60>
CC(C)c1cc2ccccn2c1C(=O)c1ccc(OCCCNC(C)(C)C)cc1,10.26,train,<rdkit.Chem.rdchem.Mol object at 0x7fcdd93a3ed0>
CCCCCCN(C)CCC[C@@](C#N)(c1cc(OC)c(OC)c(OC)c1)C(C)C,10.26,train,<rdkit.Chem.rdchem.Mol object at 0x7fcdd93a3f40>
c1cc2c(c(CC3=NCCN3)c1)CCCC2,10.26,train,<rdkit.Chem.rdchem.Mol object at 0x7fcdd93a4040>
CC(c1ccccc1)C(C)(C)N,10.28,train,<rdkit.Chem.rdchem.Mol object at 0x7fcdd93a4190>
Nc1c(Cl)cc(CC2=NCCN2)cc1Cl,10.28,train,<rdkit.Chem.rdchem.Mol object at 0x7fcdd93a4200>
N=C1C=CC(=C(c2ccc(N)cc2)c2ccc(N)cc2)C=C1,10.29,test,<rdkit.Chem.rdchem.Mol object at 0x7fcdd93a42e0>
Cc1cc(C(C)(C)C)cc(C)c1CC1=NCCN1,10.29,train,<rdkit.Chem.rdchem.Mol object at 0x7fcdd93a43c0>
NCCCC[C@H](N)C(=O)O,10.29,train,<rdkit.Chem.rdchem.Mol object at 0x7fcdd93a4430>
COc1cc(C(=O)OCCCNCCC(c2ccccc2)c2ccccc2)cc(OC)c1OC,10.29,train,<rdkit.Chem.rdchem.Mol object at 0x7fcdd93a4580>
NCCC[C@H](N)C(=O)O.O=C(O)CCC(=O)C(=O)O,10.29,train,<rdkit.Chem.rdchem.Mol object at 0x7fcdd93a45f0>
C=CC1CNCCC1CCC(=O)c1ccnc2ccc(OC)cc12,10.29,train,<rdkit.Chem.rdchem.Mol object at 0x7fcdd93a46d0>
CNC(C)(C)Cc1ccccc1,10.3,train,<rdkit.Chem.rdchem.Mol object at 0x7fcdd93a4740>
CNC(C)(C)Cc1ccccc1.CNC(C)(C)Cc1ccccc1,10.3,train,<rdkit.Chem.rdchem.Mol object at 0x7fcdd93a4820>
CCN(CCCCOC(=O)c1ccc(OC)c(OC)c1)C(C)Cc1ccc(OC)cc1,10.31,train,<rdkit.Chem.rdchem.Mol object at 0x7fcdd93a4890>
CCCN[C@@H]1CCc2nc(N)sc2C1,10.31,train,<rdkit.Chem.rdchem.Mol object at 0x7fcdd93a4900>
CCCN[C@H]1CCc2nc(N)sc2C1,10.31,train,<rdkit.Chem.rdchem.Mol object at 0x7fcdd93a4970>
CCN(CC)CC(CN(CC)CC)C(c1ccccc1)C1CCCCC1,10.32,test,<rdkit.Chem.rdchem.Mol object at 0x7fcdd93a49e0>
CCN(CC)CCCC(C)Nc1ccnc2cc(Cl)ccc12,10.32,train,<rdkit.Chem.rdchem.Mol object at 0x7fcdd93a4a50>
CS(=O)(=O)OCCCNCCCOS(C)(=O)=O,10.32,train,<rdkit.Chem.rdchem.Mol object at 0x7fcdd93a4ba0>
C[C@@H]1CN(C2CCC(C#N)(c3ccc(F)cc3)CC2)CC[C@]1(C(=O)O)c1ccccc1,10.32,train,<rdkit.Chem.rdchem.Mol object at 0x7fcdd93a4c10>
c1ccc(C(CCN2CCCCCC2)c2ccccc2)cc1,10.32,train,<rdkit.Chem.rdchem.Mol object at 0x7fcdd93a4c80>
CC[N+](C)(C)[C@@H]1C=C2C=C[C@H]3[C@@H]4CC[C@@H]5[C@H](C)N(C)C[C@@]54CC[C@@H]3[C@@]2(C)CC1,10.32,train,<rdkit.Chem.rdchem.Mol object at 0x7fcdd93a4cf0>
CCN(CC)CCCC(C)Nc1c2ccc(Cl)cc2nc2ccc(OC)cc12,10.33,train,<rdkit.Chem.rdchem.Mol object at 0x7fcdd93a4dd0>
CCNCC1CCN(c2c(F)cc3c(=O)c(C(=O)O)cn(CC)c3c2F)C1,10.33,train,<rdkit.Chem.rdchem.Mol object at 0x7fcdd93a4eb0>
COc1cc(C(=O)OCCCNCC2CC2(c2ccccc2)c2ccccc2)cc(OC)c1OC,10.33,train,<rdkit.Chem.rdchem.Mol object at 0x7fcdd93a4f20>
CNC(=O)[C@@H](Cc1ccccc1)N(C)C(=O)[C@@H](Cc1ccc2ccccc2c1)N(C)C(=O)/C=C/CC(C)(C)N,10.33,train,<rdkit.Chem.rdchem.Mol object at 0x7fcdd93a4f90>
CCC(OC(C)=O)C(CC(C)NC)(c1ccccc1)c1ccccc1,10.34,train,<rdkit.Chem.rdchem.Mol object at 0x7fcdd93a5000>
CN[C@H](CC(=O)O)C(=O)O,10.34,train,<rdkit.Chem.rdchem.Mol object at 0x7fcdd93a5070>
CN[C@@H](C)[C@@H]1CCN(c2c(F)cc3c(=O)c(C(=O)O)cn(C4CC4)c3c2OC)C1,10.34,train,<rdkit.Chem.rdchem.Mol object at 0x7fcdd93a50e0>
Cc1cc(C[C@@H](NC(=O)N2CCC3(CC2)OC(=O)Nc2ncccc23)C(=O)N[C@@H](CC2CCNCC2)C(=O)N2CCN(c3ccncc3)CC2)cc2cn[nH]c12,10.34,train,<rdkit.Chem.rdchem.Mol object at 0x7fcdd93a5150>
CC(C)NC(C)Cc1ccc(I)cc1,10.35,train,<rdkit.Chem.rdchem.Mol object at 0x7fcdd93a51c0>
Nc1ccccc1C(=O)OCCC1CCCCN1,10.35,train,<rdkit.Chem.rdchem.Mol object at 0x7fcdd93a5230>
CC(C)NC(C)Cc1ccc([123I])cc1,10.35,train,<rdkit.Chem.rdchem.Mol object at 0x7fcdd93a52a0>
c1ccc(-c2cc(CCC3CCNCC3)c3ccccc3n2)cc1,10.36,test,<rdkit.Chem.rdchem.Mol object at 0x7fcdd93a5380>
c1ccc2c(CCC3CCNCC3)c[nH]c2c1,10.36,train,<rdkit.Chem.rdchem.Mol object at 0x7fcdd93a53f0>
CC(C)(C)c1cc(C(O)CCC2CCNCC2)c2ccccc2n1,10.36,train,<rdkit.Chem.rdchem.Mol object at 0x7fcdd93a5460>
CN1Cc2cc(C(=O)N3CCC(C4CCNCC4)CC3)ccc2N[C@@H](CC(=O)O)C1=O,10.36,train,<rdkit.Chem.rdchem.Mol object at 0x7fcdd93a54d0>
O=C(O)C[C@H](NC(=O)[C@@H]1CCCN(C(=O)CCC2CCNCC2)C1)c1cccnc1,10.36,train,<rdkit.Chem.rdchem.Mol object at 0x7fcdd93a5540>
C=CCc1cc(-c2cc(CC=C)c(O)c(CN(CC)CC)c2)cc(CN(CC)CC)c1O,10.37,train,<rdkit.Chem.rdchem.Mol object at 0x7fcdd93a55b0>
C1=C(CC2=NCCN2)CCc2ccccc21,10.37,train,<rdkit.Chem.rdchem.Mol object at 0x7fcdd93a5620>
CC(=O)N[C@@H]1C[C@H](NC(C)(C)C)CC[C@@H]1N1CC[C@H](Nc2ncnc3cc(C(C)(C)C)nn23)C1=O,10.39,test,<rdkit.Chem.rdchem.Mol object at 0x7fcdd93a5690>
O=C(O)[C@@H]1C[C@H](CP(=O)(O)O)CCN1,10.39,train,<rdkit.Chem.rdchem.Mol object at 0x7fcdd93a5700>
C=C[C@@H]1CNCC[C@H]1CCCc1ccnc2ccc(OC)cc12,10.39,train,<rdkit.Chem.rdchem.Mol object at 0x7fcdd93a5770>
CCC[C@H](N[C@H]1CCc2cc(F)cc(F)c2C1)C(=O)Nc1cn(C(C)(C)CNCC(C)(C)C)cn1,10.39,train,<rdkit.Chem.rdchem.Mol object at 0x7fcdd93a57e0>
Oc1ccc(C2CNCCc3c2cc(O)c(O)c3Cl)cc1,10.4,test,<rdkit.Chem.rdchem.Mol object at 0x7fcdd93a5850>
CC(C)CC(CCN(C(C)C)C(C)C)(C(N)=O)c1ccccn1,10.4,test,<rdkit.Chem.rdchem.Mol object at 0x7fcdd93a5930>
Oc1ccc([C@H]2CNCCc3c2cc(O)c(O)c3Cl)cc1,10.4,test,<rdkit.Chem.rdchem.Mol object at 0x7fcdd93a59a0>
CC(C)NC(=N)NC(=N)Nc1ccc(Cl)cc1,10.4,train,<rdkit.Chem.rdchem.Mol object at 0x7fcdd93a5a10>
CC(C)NCCCC1(C(N)=O)c2ccccc2-c2ccccc21,10.4,train,<rdkit.Chem.rdchem.Mol object at 0x7fcdd93a5b60>
CCN(CCCCCC(C)(C)F)CCC[C@H](O)c1ccc(NS(C)(=O)=O)cc1,10.4,train,<rdkit.Chem.rdchem.Mol object at 0x7fcdd93a5bd0>
CCCCCCCCCCCCOCCCNC(C)CC(=O)O,10.4,train,<rdkit.Chem.rdchem.Mol object at 0x7fcdd93a5c40>
c1ccc(C2(c3ccccc3)CC2C2=NCCN2)cc1,10.41,train,<rdkit.Chem.rdchem.Mol object at 0x7fcdd93a5d20>
CC(C)N(CCC(C(N)=O)(c1ccccc1)c1ccccn1)C(C)C,10.42,train,<rdkit.Chem.rdchem.Mol object at 0x7fcdd93a5e00>
CN1C(C)(C)C=CCC1(C)C,10.42,train,<rdkit.Chem.rdchem.Mol object at 0x7fcdd93a5e70>
CS(=O)(=O)N[C@@H](CCCCN)C(=O)NC[C@H](CC1(C(=O)N[C@@H](Cc2ccc(O)cc2)C(=O)O)CCCC1)C(=O)O,10.42,train,<rdkit.Chem.rdchem.Mol object at 0x7fcdd93a5fc0>
CC(N)CCCC(C)(C)O,10.43,train,<rdkit.Chem.rdchem.Mol object at 0x7fcdd93a6110>
CCCCCC(C)N,10.43,train,<rdkit.Chem.rdchem.Mol object at 0x7fcdd93a6180>
CCCCCC(C)N.CCCCCC(C)N,10.43,train,<rdkit.Chem.rdchem.Mol object at 0x7fcdd93a6260>
CCN(CCCc1ccccc1)CCCc1ccccc1,10.44,train,<rdkit.Chem.rdchem.Mol object at 0x7fcdd93a62d0>
CCN(CCCc1ccccc1)CCCc1ccccc1.O=C(O)CC(O)(CC(=O)O)C(=O)O,10.44,train,<rdkit.Chem.rdchem.Mol object at 0x7fcdd93a6340>
Fc1ccc(N(c2ccc(F)cc2)[C@H]2CCNC2)cc1,10.44,train,<rdkit.Chem.rdchem.Mol object at 0x7fcdd93a63b0>
CC1CCCCC1(c1cccs1)N1CCCCC1,10.45,train,<rdkit.Chem.rdchem.Mol object at 0x7fcdd93a6500>
N=C(NCCCCCCNC(=N)NC(=N)Nc1ccc(Cl)cc1)NC(=N)Nc1ccc(Cl)cc1.Nc1ccc(P(=O)(O)O)cc1.Nc1ccc(P(=O)(O)O)cc1,10.45,train,<rdkit.Chem.rdchem.Mol object at 0x7fcdd93a6570>
CCc1cc(F)c2nc(N3CCC(NC4CCOCC4)CC3)c(-c3nc(C)no3)c(C)c2c1,10.45,train,<rdkit.Chem.rdchem.Mol object at 0x7fcdd93a65e0>
CN1CC(CCOC(=O)C(O)(c2ccccc2)c2ccccc2)C2CCCCC21,10.46,test,<rdkit.Chem.rdchem.Mol object at 0x7fcdd93a6650>
Cc1cccc(C)c1NC(=O)CC12CCCN1CCC2,10.46,train,<rdkit.Chem.rdchem.Mol object at 0x7fcdd93a66c0>
CCCC(Cc1ccccc1)N1CCCC1,10.46,train,<rdkit.Chem.rdchem.Mol object at 0x7fcdd93a6730>
CCCCCCCCCCCCCCCCCCN(CCCCCCCCCCCCCCCCCC)CCCN(CCO)CCO,10.46,train,<rdkit.Chem.rdchem.Mol object at 0x7fcdd93a67a0>
CN(C)CCCN(C)[C@H]1CC[C@H]2[C@@H]3CC=C4C[C@@H](O)CC[C@]4(C)[C@H]3CC[C@]12C,10.46,train,<rdkit.Chem.rdchem.Mol object at 0x7fcdd93a6810>
CNCCC=C1c2ccccc2CCc2ccccc21,10.47,train,<rdkit.Chem.rdchem.Mol object at 0x7fcdd93a6880>
CNCCC=C1c2ccccc2C2CC2c2ccccc21,10.47,train,<rdkit.Chem.rdchem.Mol object at 0x7fcdd93a68f0>
CC(C)N(CCC(CCN1CCCCC1)(C(N)=O)c1ccccc1Cl)C(C)C,10.47,train,<rdkit.Chem.rdchem.Mol object at 0x7fcdd93a6960>
CNCCC=C1c2ccccc2C(C)(C)c2ccccc21,10.47,train,<rdkit.Chem.rdchem.Mol object at 0x7fcdd93a69d0>
Cc1ncccc1OC[C@@H]1CCCN1,10.47,train,<rdkit.Chem.rdchem.Mol object at 0x7fcdd93a6a40>
CNCC/C=C/c1cccnc1,10.47,train,<rdkit.Chem.rdchem.Mol object at 0x7fcdd93a6ab0>
CNCC/C=C/c1cccnc1.CNCC/C=C/c1cccnc1.O=C(O)[C@@H](O)[C@H](O)[C@H](O)[C@@H](O)C(=O)O,10.47,train,<rdkit.Chem.rdchem.Mol object at 0x7fcdd93a6b20>
Clc1ccc([C@]23CNC[C@H]2C3)cc1Cl,10.48,test,<rdkit.Chem.rdchem.Mol object at 0x7fcdd93a6b90>
CC(Cc1ccccc1)NCCC(c1ccccc1)c1ccccc1,10.48,train,<rdkit.Chem.rdchem.Mol object at 0x7fcdd93a6c00>
CC1(C)S[C@@H]2[C@H](NC(=O)C34CC5CC(CC(N)(C5)C3)C4)C(=O)N2[C@H]1C(=O)O,10.48,train,<rdkit.Chem.rdchem.Mol object at 0x7fcdd93a6c70>
CCN(CC)c1nc(=NN)nc(N(CC)CC)[nH]1,10.49,train,<rdkit.Chem.rdchem.Mol object at 0x7fcdd93a6d50>
CC(C)(C)NCc1ccc(Nc2ccnc3cc(Cl)ccc23)cc1O,10.5,train,<rdkit.Chem.rdchem.Mol object at 0x7fcdd93a6dc0>
C=C1C[C@H](N)[C@H](C(=O)O)C1,10.52,train,<rdkit.Chem.rdchem.Mol object at 0x7fcdd93a6ea0>
C1CCC(CN2CCCCC2)CC1,10.53,train,<rdkit.Chem.rdchem.Mol object at 0x7fcdd93a6f10>
C[C@H]1[C@H]2CC[C@H]3[C@@H]4CC=C5C[C@@H](N(C)C)CC[C@]5(C)[C@H]4CC[C@]23CN1C,10.53,train,<rdkit.Chem.rdchem.Mol object at 0x7fcdd93a6f80>
CCC[C@@H](C)C[C@H](N)CC(=O)O,10.54,test,<rdkit.Chem.rdchem.Mol object at 0x7fcdd93a7060>
CNCCCCOc1ccccc1Cc1ccccc1,10.54,train,<rdkit.Chem.rdchem.Mol object at 0x7fcdd93a70d0>
CNCCCC12CCC(c3ccccc31)c1ccccc12,10.54,train,<rdkit.Chem.rdchem.Mol object at 0x7fcdd93a7140>
CNCCCC1c2ccccc2C=Cc2ccccc21,10.54,train,<rdkit.Chem.rdchem.Mol object at 0x7fcdd93a71b0>
CNCCCC1(c2ccccc2)OC(C)(C)c2ccccc21,10.54,train,<rdkit.Chem.rdchem.Mol object at 0x7fcdd93a7220>
CNCCCC1(C)CN(c2ccccc2)c2ccccc21,10.54,train,<rdkit.Chem.rdchem.Mol object at 0x7fcdd93a7290>
CNCCCC1(c2ccccc2)SC(C)(C)c2ccccc21,10.54,train,<rdkit.Chem.rdchem.Mol object at 0x7fcdd93a7300>
O=C(O)CCC(=O)O.Oc1cccc([C@@]23CCCC[C@H]2CN(CC2CC2)CC3)c1,10.54,train,<rdkit.Chem.rdchem.Mol object at 0x7fcdd93a7370>
c1ccc2cc([C@]34CNC[C@H]3C4)ccc2c1,10.54,train,<rdkit.Chem.rdchem.Mol object at 0x7fcdd93a73e0>
C=C(C)[C@@H]1CC[C@]2(NCCN3CCS(=O)(=O)CC3)CC[C@]3(C)[C@H](CC[C@@H]4[C@@]5(C)CC=C(C6=CC[C@](CF)(C(=O)O)CC6)C(C)(C)[C@@H]5CC[C@]43C)[C@@H]12,10.55,test,<rdkit.Chem.rdchem.Mol object at 0x7fcdd93a7450>
CCCCN(CCCC)CCCOC(=O)c1ccc(N)cc1,10.55,train,<rdkit.Chem.rdchem.Mol object at 0x7fcdd93a74c0>
CC(Cc1ccccc1)NCCc1c2ccccc2nc2ccccc12,10.55,train,<rdkit.Chem.rdchem.Mol object at 0x7fcdd93a7530>
CC(C)NCCCn1c(Sc2cc3c(cc2I)OCO3)nc2c(N)ncnc21,10.55,train,<rdkit.Chem.rdchem.Mol object at 0x7fcdd93a75a0>
CN[C@@H](C)C/C=C/c1cncc(OC(C)C)c1,10.55,train,<rdkit.Chem.rdchem.Mol object at 0x7fcdd93a7610>
Nc1nc(Nc2ccc3c(c2)CC[C@@H](N2CCCC2)CC3)nn1-c1cc2c(nn1)-c1ccccc1CCC2,10.55,train,<rdkit.Chem.rdchem.Mol object at 0x7fcdd93a7680>
O=C(O)[C@@H]1C[C@H]2C[C@@H](Oc3cccc(Cl)c3-c3nnn[nH]3)CC[C@H]2CN1,10.55,train,<rdkit.Chem.rdchem.Mol object at 0x7fcdd93a76f0>
C=C(C)[C@@H]1CC[C@]2(NCCN3CCS(=O)(=O)CC3)CC[C@]3(C)[C@H](CC[C@@H]4[C@@]5(C)CC=C(c6ccc(C(=O)O)cc6)C(C)(C)[C@@H]5CC[C@]43C)[C@@H]12,10.55,train,<rdkit.Chem.rdchem.Mol object at 0x7fcdd93a7760>
c1ccc(C2(N3CCCCC3)CCCCC2)cc1,10.56,train,<rdkit.Chem.rdchem.Mol object at 0x7fcdd93a77d0>
CCNC1C2CCC(C2)C1c1ccccc1,10.56,train,<rdkit.Chem.rdchem.Mol object at 0x7fcdd93a7840>
c1ccc(C(CC2=NCCN2)c2ccccn2)cc1,10.56,train,<rdkit.Chem.rdchem.Mol object at 0x7fcdd93a7920>
N[C@H](CS)CCS(=O)(=O)O,10.56,train,<rdkit.Chem.rdchem.Mol object at 0x7fcdd93a7990>
CC(C)CCN[C@@H]1CCc2cc(O)c(N3CC(=O)NS3(=O)=O)c(F)c2C1,10.56,train,<rdkit.Chem.rdchem.Mol object at 0x7fcdd93a7a00>
CNC(C)Cc1ccc(O)cc1,10.58,train,<rdkit.Chem.rdchem.Mol object at 0x7fcdd93a7ae0>
CC(C)(C)NCc1cc(Nc2ccnc3cc(Cl)ccc23)cc(-c2ccc(Cl)cc2)c1O,10.58,train,<rdkit.Chem.rdchem.Mol object at 0x7fcdd93a7bc0>
CCCCCCCCN=c1ccn(CCCCCCCC)cc1,10.59,test,<rdkit.Chem.rdchem.Mol object at 0x7fcdd93a7c30>
CNCC[C@@H](O)[C@@H]1C[C@H](SC2=C(C(=O)O)N3C(=O)[C@H]([C@@H](C)O)[C@H]3[C@H]2C)CN1,10.59,test,<rdkit.Chem.rdchem.Mol object at 0x7fcdd93a7ca0>
COc1ccc2c(c1)CC[C@H](CN(C)CC(=O)O)[C@@H]2c1ccccc1,10.59,test,<rdkit.Chem.rdchem.Mol object at 0x7fcdd93a7d10>
N#CCCCSC(=N)N,10.59,train,<rdkit.Chem.rdchem.Mol object at 0x7fcdd93a7d80>
Cc1ccc(C23CNCC2C3)cc1,10.6,train,<rdkit.Chem.rdchem.Mol object at 0x7fcdd93a7df0>
CC(CC1CCCCC1)NCCC(c1ccccc1)c1ccccc1,10.6,train,<rdkit.Chem.rdchem.Mol object at 0x7fcdd93a7e60>
Oc1ccc2c(c1)[C@@]13CCCC[C@H]1[C@@H](C2)NCC3,10.6,train,<rdkit.Chem.rdchem.Mol object at 0x7fcdd93a7ed0>
O=C(Nc1ccc(C[C@@H]2CC[C@H]([C@H](O)c3ccccc3)N2)cc1)[C@@H]1CCc2nccc(=O)n21,10.61,test,<rdkit.Chem.rdchem.Mol object at 0x7fcdd93a7f40>
CNC(C)CC1CCCCC1,10.61,train,<rdkit.Chem.rdchem.Mol object at 0x7fcdd93a8040>
CNC(C)CC1CCCC1,10.61,train,<rdkit.Chem.rdchem.Mol object at 0x7fcdd93a80b0>
CC1C2Cc3ccccc3C1(C)CCN2CC1CC1,10.61,train,<rdkit.Chem.rdchem.Mol object at 0x7fcdd93a8120>
CN[C@@H](C)CC1CCCCC1,10.61,train,<rdkit.Chem.rdchem.Mol object at 0x7fcdd93a8190>
CCCCN(CCCC)CCC[C@@H](O)c1ccc(NS(C)(=O)=O)cc1,10.61,train,<rdkit.Chem.rdchem.Mol object at 0x7fcdd93a8200>
CC(C)(C)NC1CCN(c2cc(NCc3ccc(Cl)cc3)nc3ccccc23)CC1,10.61,train,<rdkit.Chem.rdchem.Mol object at 0x7fcdd93a8270>
O=C(O)CN(CCN(CC(=O)O)CC(=O)O)CCN(CC(=O)O)CC(=O)O,10.62,train,<rdkit.Chem.rdchem.Mol object at 0x7fcdd93a82e0>
O=C(O)CN(CCN(CC(=O)O)CC(=O)O)CC(=O)O,10.62,train,<rdkit.Chem.rdchem.Mol object at 0x7fcdd93a8350>
CC(CC(c1ccccc1)c1ccccc1)NC(C)(C)C,10.62,train,<rdkit.Chem.rdchem.Mol object at 0x7fcdd93a83c0>
CCCCCCCCCCCCNCCCNC(C)CC(=O)O,10.62,train,<rdkit.Chem.rdchem.Mol object at 0x7fcdd93a8430>
O=C([O-])CN(CCN(CC(=O)[O-])CC(=O)[O-])CCN(CC(=O)[O-])CC(=O)[O-],10.62,train,<rdkit.Chem.rdchem.Mol object at 0x7fcdd93a8510>
CCC(C/C=C/c1ccccc1)(c1ccccc1)N(C)CC1CC1,10.62,train,<rdkit.Chem.rdchem.Mol object at 0x7fcdd93a8580>
CCNCCCNC/C=C\CNCCCNCC,10.63,test,<rdkit.Chem.rdchem.Mol object at 0x7fcdd93a85f0>
CNC(C)CCCC(C)(C)O,10.63,train,<rdkit.Chem.rdchem.Mol object at 0x7fcdd93a8660>
Cc1cnc(NCCCN(C)C)c2c1[nH]c1ccc3cc(O)ccc3c12,10.63,train,<rdkit.Chem.rdchem.Mol object at 0x7fcdd93a86d0>
CC(C)C(=O)Oc1ccc(CO)cc1[C@H](CCN(C(C)C)C(C)C)c1ccccc1,10.64,train,<rdkit.Chem.rdchem.Mol object at 0x7fcdd93a8740>
c1cncc(N2CCC3(CCCN3)C2)c1,10.64,train,<rdkit.Chem.rdchem.Mol object at 0x7fcdd93a87b0>
CC(C)(N)CC12CC3CC(CC(C3)C1)C2,10.65,train,<rdkit.Chem.rdchem.Mol object at 0x7fcdd93a8820>
CN1CC[C@]2(C)C[C@@H](Cc3ccc(O)cc32)C1,10.65,train,<rdkit.Chem.rdchem.Mol object at 0x7fcdd93a8890>
C[C@H]1CN(C[C@H](Cc2ccccc2)C(=O)NCC(=O)O)CC[C@@]1(C)c1cccc(O)c1,10.66,train,<rdkit.Chem.rdchem.Mol object at 0x7fcdd93a8900>
CC1(C)CC(C)(C)CC(C)(N)C1,10.66,train,<rdkit.Chem.rdchem.Mol object at 0x7fcdd93a8970>
CNC(C)CCC=C(C)C,10.67,train,<rdkit.Chem.rdchem.Mol object at 0x7fcdd93a89e0>
CN[C@H](C)CCC=C(C)C,10.67,train,<rdkit.Chem.rdchem.Mol object at 0x7fcdd93a8ac0>
CN[C@H](C)CCC=C(C)C.CN[C@H](C)CCC=C(C)C.O=C(O)[C@@H](O)[C@H](O)[C@@H](O)[C@@H](O)C(=O)O,10.67,train,<rdkit.Chem.rdchem.Mol object at 0x7fcdd93a8b30>
NCCCCNCCCN,10.68,train,<rdkit.Chem.rdchem.Mol object at 0x7fcdd93a8ba0>
CCCCCCCC/N=C/N1CCC(C(c2ccccc2)c2ccccc2)CC1,10.68,train,<rdkit.Chem.rdchem.Mol object at 0x7fcdd93a8c10>
CCC12CCN(CC3CC3)C(Cc3ccc(O)cc31)C2(C)C,10.68,train,<rdkit.Chem.rdchem.Mol object at 0x7fcdd93a8c80>
O=C(O)CN(CCN(CC(=O)O)C[C@H](COP(=O)(O)OC1CCC(c2ccccc2)(c2ccccc2)CC1)N(CC(=O)O)CC(=O)O)CC(=O)O,10.69,train,<rdkit.Chem.rdchem.Mol object at 0x7fcdd93a8cf0>
CN(C)C1(C)C2CCC(C2)C1(C)C,10.69,train,<rdkit.Chem.rdchem.Mol object at 0x7fcdd93a8d60>
Oc1ccc2c(c1)[C@@]13CCCC[C@@]1(O)[C@@H](C2)N(CC1CCC1)CC3,10.7,test,<rdkit.Chem.rdchem.Mol object at 0x7fcdd93a8dd0>
CC12CC3CC(C)(C1)CC(N)(C3)C2,10.7,train,<rdkit.Chem.rdchem.Mol object at 0x7fcdd93a8e40>
c1ccc(C2(N3CCCC3)CCCCC2)cc1,10.7,train,<rdkit.Chem.rdchem.Mol object at 0x7fcdd93a8eb0>
NCCCNCCSP(=O)(O)O,10.71,test,<rdkit.Chem.rdchem.Mol object at 0x7fcdd93a8f90>
NC12CC3CC(CC(C3)C1)C2,10.71,train,<rdkit.Chem.rdchem.Mol object at 0x7fcdd93a9000>
COc1cc(NCCCCCNC(C)C)c2ncccc2c1,10.71,train,<rdkit.Chem.rdchem.Mol object at 0x7fcdd93a9070>
CN1CCCN=C1/C=C/c1cccs1.O=C(O)c1cc2ccccc2c(Cc2c(O)c(C(=O)O)cc3ccccc23)c1O,10.71,train,<rdkit.Chem.rdchem.Mol object at 0x7fcdd93a9150>
Cc1ccsc1/C=C/C1=NCCCN1C,10.71,train,<rdkit.Chem.rdchem.Mol object at 0x7fcdd93a91c0>
CCNCC[C@H](O)CNCCCCNC[C@@H](O)CCNCC,10.73,train,<rdkit.Chem.rdchem.Mol object at 0x7fcdd93a9310>
CCCC(N)(CCC)CCC,10.74,test,<rdkit.Chem.rdchem.Mol object at 0x7fcdd93a9380>
CC(C)N(CCC(c1ccccc1)c1ccccc1)C(C)C,10.74,train,<rdkit.Chem.rdchem.Mol object at 0x7fcdd93a93f0>
O=C(O)CN(CCOCCOCCN(CC(=O)O)CC(=O)O)CC(=O)O,10.75,train,<rdkit.Chem.rdchem.Mol object at 0x7fcdd93a9460>
CC(C)CCCC(C)NC(C)C,10.79,train,<rdkit.Chem.rdchem.Mol object at 0x7fcdd93a95b0>
N=C(N)C(O)c1ccc2c(c1)OCO2,10.79,train,<rdkit.Chem.rdchem.Mol object at 0x7fcdd93a9620>
NCCCNCCCCNCCCN,10.8,train,<rdkit.Chem.rdchem.Mol object at 0x7fcdd93a9690>
CCC12CCN(CC3CCC3)C(Cc3ccc(O)cc31)C2(C)C,10.83,train,<rdkit.Chem.rdchem.Mol object at 0x7fcdd93a9770>
NCCCNCCS,10.85,train,<rdkit.Chem.rdchem.Mol object at 0x7fcdd93a9850>
CC1C2Cc3ccc(O)cc3C1(C)CCN2CCc1ccccc1,10.86,train,<rdkit.Chem.rdchem.Mol object at 0x7fcdd93a98c0>
Nc1cc(N2CCN(CCP(=O)(O)O)CC2)nc(NCC2CCC(CNCCCNC3CCCCC3)CC2)n1,10.86,train,<rdkit.Chem.rdchem.Mol object at 0x7fcdd93a9930>
CC(C)NC1CCC(c2ccccc2)(c2ccccc2)CC1,10.87,train,<rdkit.Chem.rdchem.Mol object at 0x7fcdd93a99a0>
CN[C@@]1(C)[C@@H]2CC[C@@H](C2)C1(C)C,10.88,train,<rdkit.Chem.rdchem.Mol object at 0x7fcdd93a9a80>
CCCCCCCCN=c1ccn(CCCCCCCCCCn2ccc(=NCCCCCCCC)cc2)cc1,10.89,train,<rdkit.Chem.rdchem.Mol object at 0x7fcdd93a9af0>
CC(C)[C@@H](CC[C@@H](C)[C@H]1CC[C@H]2[C@@H]3[C@H](O)C[C@H]4C[C@@H](NCCCNCCCCN)CC[C@]4(C)[C@H]3CC[C@]12C)OS(=O)(=O)O,10.89,train,<rdkit.Chem.rdchem.Mol object at 0x7fcdd93a9b60>
CC(C)[C@@H](CC[C@@H](C)[C@H]1CC[C@H]2[C@@H]3[C@H](O)C[C@H]4C[C@@H](NCCCNCCCCN)CC[C@]4(C)[C@H]3CC[C@]12C)OS(=O)(=O)O.C[C@H](O)C(=O)O,10.89,train,<rdkit.Chem.rdchem.Mol object at 0x7fcdd93a9bd0>
CN1CCCN=C1/C=C/c1cccc(O)c1,10.9,train,<rdkit.Chem.rdchem.Mol object at 0x7fcdd93a9c40>
CCCN(CCC)C1Cc2cccc3cc(O)cc(c23)C1,10.91,train,<rdkit.Chem.rdchem.Mol object at 0x7fcdd93a9cb0>
CN1C(C)(C)CCCC1(C)C,10.92,train,<rdkit.Chem.rdchem.Mol object at 0x7fcdd93a9d20>
c1ccc([C@H]2CN=C3NCCN32)cc1,10.92,train,<rdkit.Chem.rdchem.Mol object at 0x7fcdd93a9e00>
Cc1cc(C)c2cccc(OCc3c(Cl)ccc(S(=O)(=O)N4CCC[C@H]4C(=O)NCCCNC(=O)c4ccc(C(=N)N)cc4)c3Cl)c2n1,10.94,train,<rdkit.Chem.rdchem.Mol object at 0x7fcdd93a9e70>
C[C@H](NC(=O)c1ccc(C(=N)N)cc1)C(=O)N1CCC(OCC(=O)O)CC1,10.94,train,<rdkit.Chem.rdchem.Mol object at 0x7fcdd93a9ee0>
N=C(N)c1ccc(C(=O)N[C@@H](Cc2ccc(O)cc2)C(=O)N2CCC(OCC(=O)O)CC2)cc1,10.95,train,<rdkit.Chem.rdchem.Mol object at 0x7fcdd93a9f50>
CCCN(CCc1cccs1)[C@H]1CCc2c(O)cccc2C1,10.97,train,<rdkit.Chem.rdchem.Mol object at 0x7fcdd93a9fc0>
CC(C)[C@@H](CC[C@@H](C)[C@H]1CC[C@H]2[C@@H]3[C@H](O)C[C@H]4C[C@@H](NCCCNCCCCNCCCN)CC[C@]4(C)[C@H]3CC[C@]12C)OS(=O)(=O)O,10.97,train,<rdkit.Chem.rdchem.Mol object at 0x7fcdd93aa030>
Oc1ccc2c(c1)[C@@]13CCCC[C@H]1[C@@H](C2)N(CCc1ccccc1)CC3,10.99,train,<rdkit.Chem.rdchem.Mol object at 0x7fcdd93aa0a0>
Fc1cccc2c1CN(NC1=NCCN1)C2,11.0,train,<rdkit.Chem.rdchem.Mol object at 0x7fcdd93aa110>
Cc1ccc(O)c([C@H](CCN(C(C)C)C(C)C)c2ccccc2)c1,11.01,test,<rdkit.Chem.rdchem.Mol object at 0x7fcdd93aa180>
O=C(O)C1CCN1C12CC3CC(CC(C3)C1)C2,11.05,train,<rdkit.Chem.rdchem.Mol object at 0x7fcdd93aa1f0>
COc1ccc(NC(=O)c2ccc(C(=N)N(C)C)cc2)c(C(=O)Nc2ccc(Cl)cn2)c1,11.06,train,<rdkit.Chem.rdchem.Mol object at 0x7fcdd93aa260>
CCCCOC(=O)N[C@@H](CNC(=O)C[C@H]1CC(c2ccc(C(=N)N)cc2)=NO1)C(=O)OC,11.11,test,<rdkit.Chem.rdchem.Mol object at 0x7fcdd93aa2d0>
CN[C@@H]1[C@H](O[C@H]2[C@H](O[C@H]3[C@H](O)[C@@H](O)[C@H](NC(=N)N)[C@@H](O)[C@@H]3NC(=N)N)O[C@@H](C)[C@]2(O)/C=N/NC(=O)c2ccncc2)O[C@@H](CO)[C@H](O)[C@H]1O,11.14,train,<rdkit.Chem.rdchem.Mol object at 0x7fcdd93aa340>
O=C(c1ccc(Cl)o1)N1CC2CNCC2C1,11.17,train,<rdkit.Chem.rdchem.Mol object at 0x7fcdd93aa420>
C=C1C[C@H](C)[C@H]2[C@H]3Cc4ccc(O)cc4[C@@]2(CCN3CC2CCC2)C1,11.19,train,<rdkit.Chem.rdchem.Mol object at 0x7fcdd93aa490>
C[C@@H](O)[C@H]1C(=O)N2C(C(=O)O)=C(S[C@H]3C[C@@H](C(=O)N4CC[C@H](NC(=O)CNC(=N)N)C4)N(C)C3)[C@H](C)[C@H]12,11.2,test,<rdkit.Chem.rdchem.Mol object at 0x7fcdd93aa500>
CN[C@@H]1[C@H](O[C@H]2[C@H](O[C@H]3[C@H](O)[C@@H](O)[C@H](NC(=N)N)[C@@H](O)[C@@H]3NC(=N)N)O[C@@H](C)[C@]2(O)CO)O[C@@H](CO)[C@H](O)[C@H]1O,11.2,train,<rdkit.Chem.rdchem.Mol object at 0x7fcdd93aa570>
CCCN(c1ccncc1)n1ccc2ccccc21,11.23,train,<rdkit.Chem.rdchem.Mol object at 0x7fcdd93aa650>
N=C(N)c1cccc(NC(=O)Nc2cccc(C(=N)N)c2)c1,11.25,test,<rdkit.Chem.rdchem.Mol object at 0x7fcdd93aa6c0>
N=C(N)N/N=C1\CCc2c(C(=N)N)cccc21,11.29,test,<rdkit.Chem.rdchem.Mol object at 0x7fcdd93aa730>
CCNCCCCNCCCCNCCCCNCC,11.29,train,<rdkit.Chem.rdchem.Mol object at 0x7fcdd93aa7a0>
CC1NC(C2CC2)CC1c1ccc(Cl)cc1,11.3,train,<rdkit.Chem.rdchem.Mol object at 0x7fcdd93aa810>
N=C(N)Nc1ccc(C(=O)Oc2ccc3cc(C(=N)N)ccc3c2)cc1,11.32,train,<rdkit.Chem.rdchem.Mol object at 0x7fcdd93aa880>
N=C(N)c1ccc2cc(OC(=O)c3ccc(NC4=NCCN4)cc3)ccc2c1,11.32,train,<rdkit.Chem.rdchem.Mol object at 0x7fcdd93aa8f0>
C(=C/[C@H]1CCNC1)\c1cncnc1,11.34,train,<rdkit.Chem.rdchem.Mol object at 0x7fcdd93aa9d0>
CCCCCCOc1ccc(C(=N)N(CCCC)CCCC)c2ccccc12,11.36,train,<rdkit.Chem.rdchem.Mol object at 0x7fcdd93aaab0>
Nc1nc(O[C@H](c2ccc(Cl)cc2-c2ccccc2)C(F)(F)F)cc(N2CCC3(CC2)CN[C@H](C(=O)O)C3)n1,11.36,train,<rdkit.Chem.rdchem.Mol object at 0x7fcdd93aab20>
N=C1N[C@H]2[C@H](CS[C@H]2CCCCC(=O)O)N1,11.41,train,<rdkit.Chem.rdchem.Mol object at 0x7fcdd93aab90>
N=C(N)c1ccc(-c2ccc(-c3ccc(C(=N)N)cc3)o2)cc1,11.42,train,<rdkit.Chem.rdchem.Mol object at 0x7fcdd93aac00>
C#C[C@H](CC(=O)OCC)NC(=O)CCC(=O)Nc1ccc(C(=N)N)cc1,11.45,train,<rdkit.Chem.rdchem.Mol object at 0x7fcdd93aac70>
CCCCCCCCNC(=N)NC(=N)NCc1ccc(Cl)c(Cl)c1,11.45,train,<rdkit.Chem.rdchem.Mol object at 0x7fcdd93aace0>
[H]/N=C(\N)c1cccc(C[C@@H](C(=O)OC)[C@@H](C)NC(=O)c2ccc(-c3cc[n+]([O-])cc3)cc2)c1,11.46,train,<rdkit.Chem.rdchem.Mol object at 0x7fcdd93aad50>
CCOC(=O)CCNC(=O)N[C@H]1CCN(c2ccc(C(=N)N)cc2)C1=O,11.47,test,<rdkit.Chem.rdchem.Mol object at 0x7fcdd93aadc0>
COc1cccc(OC(C)CNC(=N)Cc2cccc(C)c2)c1,11.48,train,<rdkit.Chem.rdchem.Mol object at 0x7fcdd93aaea0>
N=C(N)c1ccc(-c2ccc(OC[C@@H]3C[C@@H](CC(=O)O)C(=O)N3)cc2)cc1,11.49,train,<rdkit.Chem.rdchem.Mol object at 0x7fcdd93aaf10>
N=C(N)c1ccc(C=C2c3ccccc3-c3ccccc32)cc1,11.5,train,<rdkit.Chem.rdchem.Mol object at 0x7fcdd93aaf80>
N=C(N)NCCC[C@H](NC(=O)CCC(=O)OC[N+]1(c2cc(=O)c3cccc(-c4ccccc4)c3o2)CCOCC1)C(=O)NCC(=O)N[C@@H](CC(=O)O)C(=O)N[C@@H](CO)C(=O)[O-],11.51,train,<rdkit.Chem.rdchem.Mol object at 0x7fcdd93ab060>
N=C(N)NN1Cc2c(Cl)ccc(Cl)c2C1,11.52,test,<rdkit.Chem.rdchem.Mol object at 0x7fcdd93ab0d0>
CCOC(=O)C[C@H](NC(=O)CN1C(=O)N[C@@](C)(c2ccc(C(=N)N)cc2)C1=O)c1ccccc1,11.53,train,<rdkit.Chem.rdchem.Mol object at 0x7fcdd93ab140>
CCCCCCCC(=O)OC[C@@H](O)[C@@H](OC)[C@@H]1OC(C(=O)O)=C[C@H](NC(=N)N)[C@H]1NC(C)=O,11.54,train,<rdkit.Chem.rdchem.Mol object at 0x7fcdd93ab1b0>
N=C1CCCN1Cc1[nH]c(=O)[nH]c(=O)c1Cl,11.55,train,<rdkit.Chem.rdchem.Mol object at 0x7fcdd93ab290>
COc1ccc(CC/N=C2/CCCN2C)cc1OC,11.57,train,<rdkit.Chem.rdchem.Mol object at 0x7fcdd93ab300>
CN(C)C1=NCC(c2cc3ccccc3o2)C1,11.57,train,<rdkit.Chem.rdchem.Mol object at 0x7fcdd93ab370>
C=C(C)[C@H]1CN[C@H](C(=O)O)[C@H]1CC(=O)O,11.59,train,<rdkit.Chem.rdchem.Mol object at 0x7fcdd93ab3e0>
C=C(Br)C(=O)Nc1cc(C(=O)Nc2cc(C(=O)Nc3cc(C(=O)Nc4cc(C(=O)NCCN=C(N)N)n(C)c4)n(C)c3)n(C)c2)n(C)c1,11.63,train,<rdkit.Chem.rdchem.Mol object at 0x7fcdd93ab450>
CC(=O)N[C@H]1[C@H]([C@H](O)[C@H](O)CO)OC(C(=O)O)=C[C@@H]1NC(=N)N,11.64,test,<rdkit.Chem.rdchem.Mol object at 0x7fcdd93ab4c0>
O=C(O)CN(CC(=O)O)Cc1cc2c(cc1O)Oc1cc(O)c(CN(CC(=O)O)CC(=O)O)cc1C21OC(=O)c2ccccc21,11.64,train,<rdkit.Chem.rdchem.Mol object at 0x7fcdd93ab530>
CO[C@@H]([C@@H]1OC(C(=O)O)=C[C@H](NC(=N)N)[C@H]1NC(C)=O)[C@H](O)CO,11.65,test,<rdkit.Chem.rdchem.Mol object at 0x7fcdd93ab5a0>
C/N=C(/Cc1ccc2ccccc2c1)NC,11.68,train,<rdkit.Chem.rdchem.Mol object at 0x7fcdd93ab680>
N=C(N)NCc1ccc(OCCC[18F])c(Br)c1,11.68,train,<rdkit.Chem.rdchem.Mol object at 0x7fcdd93ab6f0>
c1ccc2c(c1)CC[C@H](CNCCCNC1=NCCCN1)O2,11.74,train,<rdkit.Chem.rdchem.Mol object at 0x7fcdd93ab760>
N=C(N)NCc1cccc(I)c1,11.75,train,<rdkit.Chem.rdchem.Mol object at 0x7fcdd93ab7d0>
N=C(N)NCc1cccc([131I])c1,11.75,train,<rdkit.Chem.rdchem.Mol object at 0x7fcdd93ab840>
C[C@@H](O)[C@H]1C(=O)N2C(C(=O)O)=C(SCCNC=N)C[C@H]12,11.8,test,<rdkit.Chem.rdchem.Mol object at 0x7fcdd93ab920>
CC1CNc2c(cccc2S(=O)(=O)N[C@@H](CCCNC(=N)N)C(=O)N2CC[C@@H](C)C[C@@H]2C(=O)O)C1,11.8,train,<rdkit.Chem.rdchem.Mol object at 0x7fcdd93ab990>
N=C(N)c1ccc(OCCCOc2ccc(C(=N)N)cc2Br)c(Br)c1,11.81,train,<rdkit.Chem.rdchem.Mol object at 0x7fcdd93aba00>
N=C(N)NCCNc1c(Cl)cccc1Cl,11.83,train,<rdkit.Chem.rdchem.Mol object at 0x7fcdd93aba70>
COc1cc(C(=O)N(C(C)C)C(C)C)ccc1OCCCCCOc1ccc(C(=N)N)cc1,11.83,train,<rdkit.Chem.rdchem.Mol object at 0x7fcdd93abae0>
N=C(N)c1ccc(/C=C/c2ccc(C(=N)N)cc2)cc1,11.84,train,<rdkit.Chem.rdchem.Mol object at 0x7fcdd93abb50>
N=C(N)NC(=N)N1CCOCC1,11.85,train,<rdkit.Chem.rdchem.Mol object at 0x7fcdd93abc30>
N=C(N)N1CCc2ccc(Br)cc2C1,11.91,train,<rdkit.Chem.rdchem.Mol object at 0x7fcdd93abca0>
COC(=O)[C@H](CCCNC(=N)N)NS(=O)(=O)c1ccc(C)cc1,11.92,train,<rdkit.Chem.rdchem.Mol object at 0x7fcdd93abd10>
N=C(N)NC(=N)NCCc1ccccc1,11.97,train,<rdkit.Chem.rdchem.Mol object at 0x7fcdd93abd80>
CCCCCCNC(=N)NC(=N)N,11.97,train,<rdkit.Chem.rdchem.Mol object at 0x7fcdd93abdf0>
N=C(N)NCC1COc2ccccc2O1,11.99,train,<rdkit.Chem.rdchem.Mol object at 0x7fcdd93abed0>
N=C(N)NCc1ccc2c(c1)OCCO2,11.99,train,<rdkit.Chem.rdchem.Mol object at 0x7fcdd93abf40>
N=C(N)NN,12.01,train,<rdkit.Chem.rdchem.Mol object at 0x7fcdd93ac040>
CCCCN/C(=N\CC)NC(=N)N,12.01,train,<rdkit.Chem.rdchem.Mol object at 0x7fcdd93ac0b0>
N=C(N)NCC1COC2(CCCCC2)O1,12.02,train,<rdkit.Chem.rdchem.Mol object at 0x7fcdd93ac120>
N=C(N)N1CCC[C@@H](CNC(=O)C[C@H](NS(=O)(=O)c2ccc3ccccc3c2)C(=O)N(CC(=O)O)C2CC2)C1,12.04,train,<rdkit.Chem.rdchem.Mol object at 0x7fcdd93ac200>
N=C(N)NC(=N)N,12.06,train,<rdkit.Chem.rdchem.Mol object at 0x7fcdd93ac270>
N=C(N)c1ccc(/N=N/Nc2ccc(C(=N)N)cc2)cc1,12.07,train,<rdkit.Chem.rdchem.Mol object at 0x7fcdd93ac2e0>
C/N=C(\N)N(C)C(=N)N,12.07,train,<rdkit.Chem.rdchem.Mol object at 0x7fcdd93ac350>
N=C(N)NCc1cccc([18F])c1,12.11,train,<rdkit.Chem.rdchem.Mol object at 0x7fcdd93ac3c0>
N=C(N)NCc1cccc(F)c1,12.11,train,<rdkit.Chem.rdchem.Mol object at 0x7fcdd93ac430>
C/N=C(/NC)NCc1ccc(OC)cc1,12.12,train,<rdkit.Chem.rdchem.Mol object at 0x7fcdd93ac4a0>
CCCCNC(=N)NC(=N)N,12.13,train,<rdkit.Chem.rdchem.Mol object at 0x7fcdd93ac510>
N=C(N)c1ccc(OCCCCCOc2ccc(C(=N)N)cc2)cc1.O=S(=O)(O)CCO.O=S(=O)(O)CCO,12.13,train,<rdkit.Chem.rdchem.Mol object at 0x7fcdd93ac660>
N=C(N)c1ccc(OCCCOc2ccc(C(=N)N)cc2)cc1,12.13,train,<rdkit.Chem.rdchem.Mol object at 0x7fcdd93ac6d0>
N=C(N)c1ccc(OCCCCCCOc2ccc(C(=N)N)cc2)cc1,12.13,train,<rdkit.Chem.rdchem.Mol object at 0x7fcdd93ac740>
N=C(N)c1ccc(/C=C/c2ccc(C(=N)N)cc2O)cc1.O=S(=O)(O)CCO.O=S(=O)(O)CCO,12.14,test,<rdkit.Chem.rdchem.Mol object at 0x7fcdd93ac7b0>
N=C(N)c1ccc(/C=C/c2ccc(C(=N)N)cc2O)cc1,12.14,train,<rdkit.Chem.rdchem.Mol object at 0x7fcdd93ac820>
CC(C)(C)c1cc(C(C)(C)C)c2[nH]c(C(C)(C)C)c(C[C@H](NC(=O)[C@@H](N)CCCNC(=N)N)C(=O)N[C@@H](CCCNC(=N)N)C(=O)NCCc3ccccc3)c2c1,12.17,train,<rdkit.Chem.rdchem.Mol object at 0x7fcdd93ac890>
C[C@@H](N)CCNCCCCNC(=O)OCC(=O)NCCCCCCNC(=N)N,12.19,train,<rdkit.Chem.rdchem.Mol object at 0x7fcdd93ac900>
N=C(N)NCCCCCCNC(=O)COC(=O)NCCCCNCCCN,12.19,train,<rdkit.Chem.rdchem.Mol object at 0x7fcdd93ac970>
N=C(N)NCCCOc1ccccc1,12.2,train,<rdkit.Chem.rdchem.Mol object at 0x7fcdd93aca50>
CC(=N)N1CC[C@H](SC2=C(C(=O)O)N3C(=O)[C@H]([C@@H](C)O)[C@H]3C2)C1,12.21,train,<rdkit.Chem.rdchem.Mol object at 0x7fcdd93acac0>
N=C(N)NCCN1CCC2(CC1)CC2,12.22,train,<rdkit.Chem.rdchem.Mol object at 0x7fcdd93acb30>
N=C(N)NCCN1CCCCCCC1.N=C(N)NCCN1CCCCCCC1,12.23,test,<rdkit.Chem.rdchem.Mol object at 0x7fcdd93acba0>
N=C(N)NCCN1CCCCCCC1,12.23,train,<rdkit.Chem.rdchem.Mol object at 0x7fcdd93acc10>
N=C(N)NCCCCCCC(=O)NC(O)C(=O)NCCCCNCCCN,12.27,train,<rdkit.Chem.rdchem.Mol object at 0x7fcdd93acc80>
CN(CCOP(=O)(O)O)C(=N)N,12.3,train,<rdkit.Chem.rdchem.Mol object at 0x7fcdd93acd60>
Cc1[nH]cnc1CSCCNC(=N)NCCCc1c[nH]cn1,12.32,train,<rdkit.Chem.rdchem.Mol object at 0x7fcdd93acdd0>
CN(C)C(=N)NC(=N)N,12.33,train,<rdkit.Chem.rdchem.Mol object at 0x7fcdd93ace40>
CN1CCN=C1c1cccc(Oc2nc(Oc3cc(C(=N)N)ccc3O)c(F)c(N(C)CC(=O)O)c2F)c1,12.35,train,<rdkit.Chem.rdchem.Mol object at 0x7fcdd93aceb0>
Cc1nc[nH]c1CSCCNC(=N)N[C@H](C)Cc1c[nH]cn1,12.38,train,<rdkit.Chem.rdchem.Mol object at 0x7fcdd93acf20>
N=C(N)NCC1CCCCCCN1,12.4,train,<rdkit.Chem.rdchem.Mol object at 0x7fcdd93acf90>
N=C(NCCCc1c[nH]cn1)NCCNc1ccccn1,12.4,train,<rdkit.Chem.rdchem.Mol object at 0x7fcdd93ad000>
C/N=C(\NC)NCc1ccccc1,12.41,train,<rdkit.Chem.rdchem.Mol object at 0x7fcdd93ad070>
N=C(N)NCCC[C@H](N)C(=O)O,12.41,train,<rdkit.Chem.rdchem.Mol object at 0x7fcdd93ad0e0>
CN(CC(=O)O)C(=N)N,12.43,train,<rdkit.Chem.rdchem.Mol object at 0x7fcdd93ad150>
CCC(CC)[C@H](NC(C)=O)[C@@H]1[C@H](O)[C@@H](C(=O)O)C[C@H]1NC(=N)N,12.46,train,<rdkit.Chem.rdchem.Mol object at 0x7fcdd93ad1c0>
N=C(NCCCc1c[nH]cn1)NCCC(c1ccc(F)cc1)c1ccccn1,12.47,train,<rdkit.Chem.rdchem.Mol object at 0x7fcdd93ad2a0>
N=C(N)N1CCc2ccccc2C1.N=C(N)N1CCc2ccccc2C1,12.47,train,<rdkit.Chem.rdchem.Mol object at 0x7fcdd93ad310>
N=C(N)NCCC[C@H](N)C(=O)NCCCN1CCN(CCCNC(=O)[C@@H](N)CCCNC(=N)N)CC1,12.5,train,<rdkit.Chem.rdchem.Mol object at 0x7fcdd93ad380>
N=C(N)NCCCC(N)=O,12.51,train,<rdkit.Chem.rdchem.Mol object at 0x7fcdd93ad3f0>
Cn1c(CNc2ccc(C(=N)N)cc2)nc2cc([C@@](C)(NCC(=O)O)C(=O)N3CCCC3)ccc21,12.52,train,<rdkit.Chem.rdchem.Mol object at 0x7fcdd93ad4d0>
Cn1cc(NC(=O)c2cc(NC(=O)c3cc(NC=O)cn3C)cn2C)cc1C(=O)NCCC(=N)N,12.55,train,<rdkit.Chem.rdchem.Mol object at 0x7fcdd93ad540>
Cn1cc(NC(=O)c2cc(NC(=O)c3cc(NC(=O)c4ccc(N(CCCl)CCCl)cc4)cn3C)cn2C)cc1C(=O)NCCC(=N)N,12.56,train,<rdkit.Chem.rdchem.Mol object at 0x7fcdd93ad5b0>
CC(=N)NCCSCC[C@H](N)C(=O)O,12.6,train,<rdkit.Chem.rdchem.Mol object at 0x7fcdd93ad620>
CC(=N)NCCSC[C@](C)(N)C(=O)O,12.6,train,<rdkit.Chem.rdchem.Mol object at 0x7fcdd93ad690>
CC[C@H]1OC(=O)[C@H](C)[C@@H](O[C@H]2C[C@@](C)(OC)[C@@H](O)[C@H](C)O2)[C@H](C)[C@@H](O[C@@H]2O[C@H](C)C[C@H](N(C)C)[C@H]2O)[C@](C)(O)C[C@@H](C)[C@@H]2N[C@@H](COCCOC)O[C@H]([C@H]2C)[C@]1(C)O,13.48,test,<rdkit.Chem.rdchem.Mol object at 0x7fcdd93ad7e0>
CN(CC(=O)O)C(=N)NP(=O)(O)O,13.57,test,<rdkit.Chem.rdchem.Mol object at 0x7fcdd93ad850>
CC[C@H]1OC(=O)C[C@@H](O)[C@H](C)[C@@H](O[C@@H]2O[C@H](C)[C@@H](O)[C@H](N(C)C)[C@H]2O)[C@@H](CCN2CCCCC2)C[C@@H](C)C(=O)/C=C/C(C)=C/[C@@H]1CN1CCCCC1,13.68,train,<rdkit.Chem.rdchem.Mol object at 0x7fcdd93ad8c0>
Nc1ccn([C@@H]2O[C@H]([C@H](O[C@@H]3O[C@H](CO)[C@@H](O)[C@H](N)[C@H]3O)[C@@H](O)[C@@H](O)[C@H](O)[C@H](O)CO)[C@@H](N)[C@H](O)[C@H]2O)c(=O)n1,15.22,train,<rdkit.Chem.rdchem.Mol object at 0x7fcdd93ada10>
NC(=O)C1(NC(=O)[C@H](Cc2ccccc2)NC(=O)[C@@H](Cc2c[nH]c3ccccc23)NC(=O)[C@@H](Cc2csc3ccccc23)NC(=O)C2CCNCC2)CCNCC1,15.7,train,<rdkit.Chem.rdchem.Mol object at 0x7fcdd93ada80>
