smiles,Fu_final,lgFu,Fu_train_test,scaffold
CC(=O)Nc1c(I)c(C(=O)O)c(I)c(N(C)C(C)=O)c1I,1.0,-2e-09,test,<rdkit.Chem.rdchem.Mol object at 0x7f52bd169850>
NC(=O)NO,1.0,-2e-09,test,<rdkit.Chem.rdchem.Mol object at 0x7f52bd1698c0>
O=P1(NCCCl)OCCCN1CCCl,1.0,-2e-09,train,<rdkit.Chem.rdchem.Mol object at 0x7f52bd169930>
CN(C)C(=N)NC(=N)N,1.0,-2e-09,train,<rdkit.Chem.rdchem.Mol object at 0x7f52bd1699a0>
CN(C)C(=O)Oc1ccc[n+](C)c1,1.0,-2e-09,train,<rdkit.Chem.rdchem.Mol object at 0x7f52bd169a10>
CN[C@@H](C)[C@@H](O)c1ccccc1,1.0,-2e-09,test,<rdkit.Chem.rdchem.Mol object at 0x7f52bd169a80>
C=CC(=O)NCNC(=O)C=C,1.0,-2e-09,train,<rdkit.Chem.rdchem.Mol object at 0x7f52bd169af0>
CCOCCOCCOCCO,1.0,-2e-09,train,<rdkit.Chem.rdchem.Mol object at 0x7f52bd169b60>
C[C@@H]1O[C@@H]1P(=O)(O)O,1.0,-2e-09,train,<rdkit.Chem.rdchem.Mol object at 0x7f52bd169c40>
O=C1NC2C=CC(Cl)=CC=2C(C#CC2=CC=CC=N2)(N1)C1CC1,1.0,-2e-09,train,<rdkit.Chem.rdchem.Mol object at 0x7f52bd169cb0>
NCCCC[C@H](N[C@@H](CCc1ccccc1)C(=O)O)C(=O)N1CCC[C@H]1C(=O)O,1.0,-2e-09,test,<rdkit.Chem.rdchem.Mol object at 0x7f52bd169d20>
OCCN1C(=O)C(N=C(c2cc3c([nH]2)c(c(s3)Cl)Cl)O)Cc2c1cccc2,1.0,-2e-09,train,<rdkit.Chem.rdchem.Mol object at 0x7f52bd169e00>
CSCCN1C(=O)C(NC(=O)c2cc3c([nH]2)sc(c3)Cl)Cc2c1cccc2,1.0,-2e-09,train,<rdkit.Chem.rdchem.Mol object at 0x7f52bd169e70>
O=C1C(NC(=O)c2cc3c([nH]2)sc(c3)Cl)Cc2c(N1C)cccc2,1.0,-2e-09,train,<rdkit.Chem.rdchem.Mol object at 0x7f52bd169ee0>
O=C(NC1CN2CCC1CC2)C1C=CC2OCCOC=2C=1,1.0,-2e-09,train,<rdkit.Chem.rdchem.Mol object at 0x7f52bd169f50>
COC(=O)CCC(=O)OC,0.999942975,-2.48e-05,train,<rdkit.Chem.rdchem.Mol object at 0x7f52bd16a030>
CCC(=O)CN1C(=O)C(NC(=O)c2cc3c([nH]2)sc(c3)Cl)Cc2c1cccc2,0.999,-0.000434512,train,<rdkit.Chem.rdchem.Mol object at 0x7f52bd16a110>
OC[C@@H](CN1C(=O)C(N=C(c2cc3c([nH]2)c(c(s3)Cl)Cl)O)Cc2c1cccc2)O,0.999,-0.000434512,train,<rdkit.Chem.rdchem.Mol object at 0x7f52bd16a180>
OCCN1C(=O)C(N=C(c2cc3c([nH]2)ccc(c3)Cl)O)Cc2c1cccc2,0.999,-0.000434512,train,<rdkit.Chem.rdchem.Mol object at 0x7f52bd16a1f0>
CCC(CN1C(=O)C(NC(=O)c2cc3c([nH]2)sc(c3)Cl)Cc2c1cccc2)O,0.999,-0.000434512,train,<rdkit.Chem.rdchem.Mol object at 0x7f52bd16a2d0>
OC1=Nc2ccccc2CC1NC(=O)c1cc2c([nH]1)sc(c2)Cl,0.999,-0.000434512,train,<rdkit.Chem.rdchem.Mol object at 0x7f52bd16a340>
O[C@H]1[C@@H](CC[C@H]1O)n1cnc2c1c(F)c[nH]c2=N,0.999,-0.000434512,train,<rdkit.Chem.rdchem.Mol object at 0x7f52bd16a420>
CC(O)C(=O)NC1C(I)=C(C(I)=C(C=1I)C(=O)NC(CO)CO)C(=O)NC(CO)CO,0.99875,-0.000543208,train,<rdkit.Chem.rdchem.Mol object at 0x7f52bd16a490>
OCC(CN1C(=O)C(N=C(c2cc3c([nH]2)c(c(s3)Cl)Cl)O)Cc2c1cccc2)CO,0.998,-0.000869459,train,<rdkit.Chem.rdchem.Mol object at 0x7f52bd16a570>
OC[C@@H](CN1C(=O)C(N=C(c2cc3c([nH]2)ccc(c3)Cl)O)Cc2c1cccc2)O,0.998,-0.000869459,train,<rdkit.Chem.rdchem.Mol object at 0x7f52bd16a5e0>
COCCN1C(=O)C(NC(=O)c2cc3c([nH]2)sc(c3)Cl)Cc2c1cccc2,0.998,-0.000869459,train,<rdkit.Chem.rdchem.Mol object at 0x7f52bd16a650>
OCC(CN1C(=O)C(N=C(c2cc3c([nH]2)ccc(c3)Cl)O)Cc2c1cccc2)CO,0.998,-0.000869459,train,<rdkit.Chem.rdchem.Mol object at 0x7f52bd16a730>
OCCN1C(=O)C(NC(=O)c2cc3c([nH]2)sc(c3)Cl)Cc2c1cccc2,0.998,-0.000869459,train,<rdkit.Chem.rdchem.Mol object at 0x7f52bd16a7a0>
C[N+](C)(C)CC(O)CC([O-])=O,0.9975,-0.001087096,train,<rdkit.Chem.rdchem.Mol object at 0x7f52bd16a810>
OC(=O)C(O)=O,0.9975,-0.001087096,train,<rdkit.Chem.rdchem.Mol object at 0x7f52bd16a880>
Cc1ncc(CO)c(CO)c1O,0.9975,-0.001087096,train,<rdkit.Chem.rdchem.Mol object at 0x7f52bd16a8f0>
NCCCC(N)(C(=O)O)C(F)F,0.9975,-0.001087096,train,<rdkit.Chem.rdchem.Mol object at 0x7f52bd16a960>
CCN(CC)C(=O)N1CCN(C)CC1,0.9975,-0.001087096,train,<rdkit.Chem.rdchem.Mol object at 0x7f52bd16a9d0>
CCC1(C)CC(=O)NC1=O,0.9975,-0.001087096,train,<rdkit.Chem.rdchem.Mol object at 0x7f52bd16aa40>
Cc1cn[nH]c1,0.9975,-0.001087096,train,<rdkit.Chem.rdchem.Mol object at 0x7f52bd16aab0>
OC1CC(OC1CO)N1C=C(I)C(=O)NC1=O,0.9975,-0.001087096,train,<rdkit.Chem.rdchem.Mol object at 0x7f52bd16ab90>
CC12CC(O)C3C(CCC4(O)CC(CC(O)C43CO)OC3OC(C)C(O)C(O)C3O)C1(O)CCC2C1COC(=O)C=1,0.9975,-0.001087096,train,<rdkit.Chem.rdchem.Mol object at 0x7f52bd16ac70>
CC(=O)CCCCn1c(=O)c2c(ncn2C)n(C)c1=O,0.9975,-0.001087096,train,<rdkit.Chem.rdchem.Mol object at 0x7f52bd16ace0>
CCN(CC)CCNC(=O)c1cc(S(C)(=O)=O)ccc1OC,0.9975,-0.001087096,test,<rdkit.Chem.rdchem.Mol object at 0x7f52bd16ad50>
C=CC(N)CCC(=O)O,0.9975,-0.001087096,train,<rdkit.Chem.rdchem.Mol object at 0x7f52bd16adc0>
CN1C(=O)CC(C)(c2ccccc2)C1=O,0.9975,-0.001087096,train,<rdkit.Chem.rdchem.Mol object at 0x7f52bd16ae30>
Clc1ccc(c(c1)CNCC12CC3CC(C2)CC(C1)C3)O,0.996,-0.001740662,train,<rdkit.Chem.rdchem.Mol object at 0x7f52bd16af10>
OC(=NS(=O)(=O)C)CN1C(=O)C(NC(=O)c2cc3c([nH]2)sc(c3)Cl)Cc2c1cccc2,0.996,-0.001740662,test,<rdkit.Chem.rdchem.Mol object at 0x7f52bd16af80>
CN=C(CN1C(=O)C(NC(=O)c2cc3c([nH]2)sc(c3)Cl)Cc2c1cccc2)O,0.996,-0.001740662,test,<rdkit.Chem.rdchem.Mol object at 0x7f52bd16aff0>
OC(=N)CN1C(=O)C(NC(=O)c2cc3c([nH]2)sc(c3)Cl)Cc2c1cccc2,0.996,-0.001740662,train,<rdkit.Chem.rdchem.Mol object at 0x7f52bd16b060>
OC[C@@H](CN1C(=O)C(NC(=O)c2cc3c([nH]2)sc(c3)Cl)Cc2c1cccc2)O,0.996,-0.001740662,train,<rdkit.Chem.rdchem.Mol object at 0x7f52bd16b0d0>
NC1C=CN(C2OC(CO)C(O)C2(F)F)C(=O)N=1,0.995000002,-0.002176919,train,<rdkit.Chem.rdchem.Mol object at 0x7f52bd16b140>
CN=C(CCN1C(=O)C(NC(=O)c2cc3c([nH]2)sc(c3)Cl)Cc2c1cccc2)O,0.995,-0.002176919,train,<rdkit.Chem.rdchem.Mol object at 0x7f52bd16b1b0>
OCC(CN1C(=O)C(NC(=O)c2cc3c([nH]2)sc(c3)Cl)Cc2c1cccc2)CO,0.995,-0.002176919,train,<rdkit.Chem.rdchem.Mol object at 0x7f52bd16b220>
O=C1C(NC(=O)c2cc3c([nH]2)sc(c3)Cl)Cc2c(N1CCS(=O)(=O)C)cccc2,0.995,-0.002176919,train,<rdkit.Chem.rdchem.Mol object at 0x7f52bd16b290>
O=c1nc2[nH][nH]cc-2c(=O)[nH]1,0.995,-0.002176919,train,<rdkit.Chem.rdchem.Mol object at 0x7f52bd16b370>
CC1CN(N=CC2C=NC=CC=2)C(=O)N=N1,0.9941025,-0.002568834,test,<rdkit.Chem.rdchem.Mol object at 0x7f52bd16b3e0>
ONC(=N)CN1C(=O)C(NC(=O)c2cc3c([nH]2)sc(c3)Cl)Cc2c1cccc2,0.994,-0.002613616,test,<rdkit.Chem.rdchem.Mol object at 0x7f52bd16b450>
O=C(N(C)C)CN1C(=O)C(NC(=O)c2cc3c([nH]2)sc(c3)Cl)Cc2c1cccc2,0.994,-0.002613616,train,<rdkit.Chem.rdchem.Mol object at 0x7f52bd16b4c0>
CC1=CN(C2C=CC(CO)O2)C(=O)NC1=O,0.993333335,-0.00290499,test,<rdkit.Chem.rdchem.Mol object at 0x7f52bd16b530>
CC1=NN(C(=O)N1C(F)F)C1=CC(NS(C)(=O)=O)=C(Cl)C=C1Cl,0.992550662,-0.003247317,train,<rdkit.Chem.rdchem.Mol object at 0x7f52bd16b5a0>
CC(CN1CC(=O)NC(=O)C1)N1CC(=O)NC(=O)C1,0.992471663,-0.003281884,train,<rdkit.Chem.rdchem.Mol object at 0x7f52bd16b610>
NC1=NC(=O)N(C=N1)C1OC(CO)C(O)C1O,0.990000005,-0.004364803,test,<rdkit.Chem.rdchem.Mol object at 0x7f52bd16b760>
CP(O)(=O)CCC(N)C(O)=O,0.990000005,-0.004364803,train,<rdkit.Chem.rdchem.Mol object at 0x7f52bd16b7d0>
CCCCN1CC(O)C(O)C(O)C1CO,0.990000005,-0.004364803,train,<rdkit.Chem.rdchem.Mol object at 0x7f52bd16b8b0>
NC(=O)C1N=CN(N=1)C1OC(CO)C(O)C1O,0.990000004,-0.004364804,train,<rdkit.Chem.rdchem.Mol object at 0x7f52bd16b920>
COCC(=O)Nc1c(I)c(C(=O)NCC(O)CO)c(I)c(C(=O)N(C)CC(O)CO)c1I,0.990000003,-0.004364804,train,<rdkit.Chem.rdchem.Mol object at 0x7f52bd16b990>
NCC1OC(OC2C(O)C(OC3OC(CO)C(O)C(N)C3O)C(N)CC2N)C(O)C(O)C1O,0.99,-0.004364805,train,<rdkit.Chem.rdchem.Mol object at 0x7f52bd16ba00>
OCCN=C(CN1C(=O)C(NC(=O)c2cc3c([nH]2)sc(c3)Cl)Cc2c1cccc2)O,0.99,-0.004364805,train,<rdkit.Chem.rdchem.Mol object at 0x7f52bd16ba70>
CN(C)N=Nc1nc[nH]c1C(N)=O,0.988333337,-0.005096556,test,<rdkit.Chem.rdchem.Mol object at 0x7f52bd16bbc0>
CC(=O)N(CC(O)CO)c1c(I)c(C(=O)NCC(O)CO)c(I)c(C(=O)NCC(O)CO)c1I,0.988333337,-0.005096556,test,<rdkit.Chem.rdchem.Mol object at 0x7f52bd16bc30>
Cc1cc2nnc(n2c2c1ccc(c2)c1c[nH]nc1)O,0.987,-0.005682847,train,<rdkit.Chem.rdchem.Mol object at 0x7f52bd16bca0>
Nc1nc2c(ncn2COC(CO)CO)c(=O)[nH]1,0.985,-0.00656377,test,<rdkit.Chem.rdchem.Mol object at 0x7f52bd16bd80>
OC(=O)C1(CC1)C(=O)NC1=CC=C(Cl)C=C1Cl,0.983335839,-0.007298132,train,<rdkit.Chem.rdchem.Mol object at 0x7f52bd16bdf0>
OC1CCN(CC1)C(=O)CN1C(=O)C(Cc2c1cccc2)NC(=O)c1cc2c([nH]1)sc(c2)Cl,0.982,-0.007888512,train,<rdkit.Chem.rdchem.Mol object at 0x7f52bd16be60>
CN(CCS(=O)(=O)N=C(c1ccc2c(c1)n(CC(=O)N(C)C)c(c2C1CCCCC1)c1ccccc1)O)C,0.981,-0.008330993,train,<rdkit.Chem.rdchem.Mol object at 0x7f52bd16bed0>
O=NC=C1C=CN(COCN2C=CC(=CN=O)C=C2)C=C1,0.98000001,-0.00877392,train,<rdkit.Chem.rdchem.Mol object at 0x7f52bd16bf40>
CC12CCC3C(CCC4CC(OC(C)=O)C(CC43C)N3CC[N+](C)(C)CC3)C1CC(C2OC(C)=O)N1CC[N+](C)(C)CC1,0.980000005,-0.008773922,train,<rdkit.Chem.rdchem.Mol object at 0x7f52bd1700b0>
CNC(=O)c1c(I)c(NC(C)=O)c(I)c(C(=O)O)c1I,0.98,-0.008773924,train,<rdkit.Chem.rdchem.Mol object at 0x7f52bd170120>
CCCC1(CCCN1)C(=O)c1ccc2c(c1)c[nH]n2,0.98,-0.008773924,test,<rdkit.Chem.rdchem.Mol object at 0x7f52bd170200>
CC(=O)Nc1c(I)c(NC(C)=O)c(I)c(C(=O)O)c1I,0.975,-0.010995384,train,<rdkit.Chem.rdchem.Mol object at 0x7f52bd170350>
CNC1C(O)C(OC2C(CC(N)C(OC3OC(CN)=CCC3N)C2O)NCC)OCC1(C)O,0.974999999,-0.010995385,train,<rdkit.Chem.rdchem.Mol object at 0x7f52bd1703c0>
Fc1cccc(c1)C#Cc1ccc(nc1)C(=O)N[C@@H](C(O)(C)C)C,0.973,-0.01188716,train,<rdkit.Chem.rdchem.Mol object at 0x7f52bd170510>
CP(=O)(OC(C)C)OC(C)C,0.972746903,-0.012000143,train,<rdkit.Chem.rdchem.Mol object at 0x7f52bd170580>
CNCCC1C=CC=CN=1,0.970000015,-0.013228259,train,<rdkit.Chem.rdchem.Mol object at 0x7f52bd1705f0>
OCC1OC(CC1O)N1C=NC2C(O)CNC=NC1=2,0.970000015,-0.013228259,test,<rdkit.Chem.rdchem.Mol object at 0x7f52bd170660>
NCC1CCC(CC1)C(O)=O,0.970000015,-0.013228259,train,<rdkit.Chem.rdchem.Mol object at 0x7f52bd1706d0>
NC1C=CN(C2CCC(CO)O2)C(=O)N=1,0.970000015,-0.013228259,train,<rdkit.Chem.rdchem.Mol object at 0x7f52bd170740>
CC(=O)NCCCS(=O)(=O)O,0.970000015,-0.013228259,train,<rdkit.Chem.rdchem.Mol object at 0x7f52bd1707b0>
NCC1(CC(=O)O)CCCCC1,0.97,-0.013228266,test,<rdkit.Chem.rdchem.Mol object at 0x7f52bd170820>
O=C(NCCNCC(O)COc1ccc(O)cc1)N1CCOCC1,0.97,-0.013228266,test,<rdkit.Chem.rdchem.Mol object at 0x7f52bd170900>
Cc1cc2nnc(n2c2c1ccc(c2)c1ccc[nH]1)O,0.97,-0.013228266,train,<rdkit.Chem.rdchem.Mol object at 0x7f52bd1709e0>
CC1=CN(C2CC(O)C(CO)O2)C(=O)NC1=O,0.967,-0.014573526,train,<rdkit.Chem.rdchem.Mol object at 0x7f52bd170ac0>
OC(=NCC1(CCCC1)N1CCOCC1)N1CCC(CC1)c1onc(n1)c1ccc2c(n1)cccc2,0.967,-0.014573526,test,<rdkit.Chem.rdchem.Mol object at 0x7f52bd170b30>
Nc1[nH]c(=O)ncc1F,0.965,-0.015472687,train,<rdkit.Chem.rdchem.Mol object at 0x7f52bd170ba0>
CNC(=O)CSP(=S)(OC)OC,0.964152995,-0.015854045,train,<rdkit.Chem.rdchem.Mol object at 0x7f52bd170c10>
CCC(O[C@@H]1C=C(C[C@@H]([C@H]1N=C(O)C)NC(=N)C)C(=O)O)CC,0.963,-0.016373713,train,<rdkit.Chem.rdchem.Mol object at 0x7f52bd170c80>
C=CCOC(=O)C1C=CC=CC=1C(=O)OCC=C,0.962082053,-0.016787887,train,<rdkit.Chem.rdchem.Mol object at 0x7f52bd170cf0>
CCN(CC)CCNC(=O)c1ccc(NS(C)(=O)=O)cc1,0.96,-0.017728767,test,<rdkit.Chem.rdchem.Mol object at 0x7f52bd170dd0>
Nc1ncnc2c1ncn2CCOCP(=O)(O)O,0.96,-0.017728767,test,<rdkit.Chem.rdchem.Mol object at 0x7f52bd170eb0>
CC(C)(C)C(=O)OCOP(=O)(COCCn1cnc2c(N)ncnc21)OCOC(=O)C(C)(C)C,0.96,-0.017728767,train,<rdkit.Chem.rdchem.Mol object at 0x7f52bd170f20>
NC1=NC(=O)N(C=C1F)C1CSC(CO)O1,0.96,-0.017728767,train,<rdkit.Chem.rdchem.Mol object at 0x7f52bd170f90>
C=CC(=Nc1ccc(cn1)S(=O)(=O)N1CCN(CC1)C(=O)C1CC1)O,0.96,-0.017728767,train,<rdkit.Chem.rdchem.Mol object at 0x7f52bd171000>
NCCCNCCSP(=O)(O)O,0.95999999,-0.017728771,test,<rdkit.Chem.rdchem.Mol object at 0x7f52bd171070>
CN1CC2=C(CC1)N(CC1C=CC=CC=1)C1C=CC=CC2=1,0.95999999,-0.017728771,train,<rdkit.Chem.rdchem.Mol object at 0x7f52bd1710e0>
CC(C)NCC(O)COC1=CC=C(O)C=C1,0.95999999,-0.017728771,train,<rdkit.Chem.rdchem.Mol object at 0x7f52bd171150>
Cc1cccc(n1)C#CC1=C/C(=N/OC([3H])([3H])[3H])/CCC1,0.956,-0.019542108,train,<rdkit.Chem.rdchem.Mol object at 0x7f52bd1711c0>
COc1ccc(c(c1)O)CNCC12CC3CC(C2)CC(C1)C3,0.956,-0.019542108,train,<rdkit.Chem.rdchem.Mol object at 0x7f52bd171230>
C=CN1CCCC1=O,0.953,-0.020907099,train,<rdkit.Chem.rdchem.Mol object at 0x7f52bd171310>
CN1CCC[C@H]1c1cccnc1,0.95,-0.022276395,train,<rdkit.Chem.rdchem.Mol object at 0x7f52bd171460>
O=c1[nH]cnc2c1ncn2[C@H]1CC[C@@H](CO)O1,0.95,-0.022276395,test,<rdkit.Chem.rdchem.Mol object at 0x7f52bd1714d0>
CNC1C(O)C(OCC1(C)O)OC1C(CC(N)C(OC2OC(CN)C(O)C(O)C2O)C1O)NC(=O)C(O)CN,0.949999999,-0.022276395,train,<rdkit.Chem.rdchem.Mol object at 0x7f52bd171540>
CC1CC(=O)C2(O)OC3C(OC2O1)C(O)C(NC)C(O)C3NC,0.949999995,-0.022276397,train,<rdkit.Chem.rdchem.Mol object at 0x7f52bd171620>
N=C(N)NCCN1CCCCCCC1,0.949999995,-0.022276397,train,<rdkit.Chem.rdchem.Mol object at 0x7f52bd171690>
C[n+]1ccccc1/C=N/O,0.949999995,-0.022276397,train,<rdkit.Chem.rdchem.Mol object at 0x7f52bd171700>
OCC(=O)NCCCOC1C=C(CN2CCCCC2)C=CC=1,0.949999995,-0.022276397,train,<rdkit.Chem.rdchem.Mol object at 0x7f52bd171770>
Nc1ccn(C[C@@H](CO)OCP(=O)(O)O)c(=O)n1,0.948,-0.023191663,train,<rdkit.Chem.rdchem.Mol object at 0x7f52bd171850>
CN(CCCNCc1cc(I)cc(c1O)C1CCCCC1)C,0.948,-0.023191663,train,<rdkit.Chem.rdchem.Mol object at 0x7f52bd1718c0>
OCc1cc2nnc(n2c2c1ccc(c2)c1ccc[nH]1)O,0.948,-0.023191663,train,<rdkit.Chem.rdchem.Mol object at 0x7f52bd171930>
CC(CN1C=NC2C(N)=NC=NC1=2)OCP(O)(O)=O,0.940500002,-0.026641199,train,<rdkit.Chem.rdchem.Mol object at 0x7f52bd1719a0>
CN(C)NC(=O)CCC(O)=O,0.939,-0.027334408,train,<rdkit.Chem.rdchem.Mol object at 0x7f52bd171bd0>
CN(CCCNCc1cc(I)cc(c1O)C(C)(C)C)C,0.939,-0.027334408,train,<rdkit.Chem.rdchem.Mol object at 0x7f52bd171c40>
NC1=NC(Cl)=NC2=C1N=CN2C1CC(O)C(CO)O1,0.938627773,-0.0275066,train,<rdkit.Chem.rdchem.Mol object at 0x7f52bd171cb0>
CC1=C(C)S(=O)(=O)CCS1(=O)=O,0.937,-0.028260409,test,<rdkit.Chem.rdchem.Mol object at 0x7f52bd171d20>
NC1=NC(NC2CC2)=NC(N)=N1,0.935872334,-0.028783391,train,<rdkit.Chem.rdchem.Mol object at 0x7f52bd171e00>
CN(C)C(=O)Oc1cccc([N+](C)(C)C)c1,0.931666667,-0.030739442,train,<rdkit.Chem.rdchem.Mol object at 0x7f52bd171e70>
CC(=O)NC1C=CC=CC=1,0.930000005,-0.031517049,train,<rdkit.Chem.rdchem.Mol object at 0x7f52bd171ee0>
CC[N+](C)(C)CC1C=CC=CC=1Br,0.930000005,-0.031517049,train,<rdkit.Chem.rdchem.Mol object at 0x7f52bd171f50>
CC[N+]1(C)C2CC(CC1C1OC12)OC(=O)C(CO)C1C=CC=CC=1,0.930000005,-0.031517049,train,<rdkit.Chem.rdchem.Mol object at 0x7f52bd171fc0>
CN1C(=O)CC(c2ccccc2)C1=O,0.930000005,-0.031517049,train,<rdkit.Chem.rdchem.Mol object at 0x7f52bd172030>
CN1C=CN(C1=S)C(=O)OCC,0.930000005,-0.031517049,test,<rdkit.Chem.rdchem.Mol object at 0x7f52bd1720a0>
CC(CN1C=NC2C(N)=NC=NC1=2)OCP(=O)(OCOC(=O)OC(C)C)OCOC(=O)OC(C)C,0.930000005,-0.031517049,train,<rdkit.Chem.rdchem.Mol object at 0x7f52bd172110>
CC(=O)CCC(C)=O,0.93,-0.031517051,train,<rdkit.Chem.rdchem.Mol object at 0x7f52bd1721f0>
N#Cc1ccc(cc1)c1cc(nc(=N)[nH]1)N1CCNCC1,0.93,-0.031517051,train,<rdkit.Chem.rdchem.Mol object at 0x7f52bd1722d0>
CN1C(=O)OC(C)(C)C1=O,0.925833334,-0.033467187,train,<rdkit.Chem.rdchem.Mol object at 0x7f52bd172340>
CN(C)C1C(=O)N(C2C=CC=CC=2)N(C)C=1C,0.924999999,-0.033858268,train,<rdkit.Chem.rdchem.Mol object at 0x7f52bd1723b0>
C/N=C(C[N+]([O-])=O)/NCCSCC1=CC=C(CN(C)C)O1,0.924999997,-0.033858269,train,<rdkit.Chem.rdchem.Mol object at 0x7f52bd172420>
CCCCSc1cc(I)cc(c1O)CNCCCN(C)C,0.924,-0.034328029,train,<rdkit.Chem.rdchem.Mol object at 0x7f52bd172490>
CC1(N=C(NC1=O)C1=NC=CC=C1C(O)=O)C(C)C,0.922520497,-0.035023976,train,<rdkit.Chem.rdchem.Mol object at 0x7f52bd172500>
NC1C=CC(=CC=1)S(=O)(=O)NC(N)=N,0.92000001,-0.036212168,train,<rdkit.Chem.rdchem.Mol object at 0x7f52bd1725e0>
CC1C2C(C(C)O)C(=O)N2C(C([O-])=O)=C1SC1CN2C=NC=[N+]2C1,0.920000005,-0.03621217,train,<rdkit.Chem.rdchem.Mol object at 0x7f52bd1726c0>
CCN=c1nc(C(=O)N)c2c([nH]1)CCN(C2)C(=O)CCc1ccc(cc1)OC(F)(F)F,0.917,-0.037630664,train,<rdkit.Chem.rdchem.Mol object at 0x7f52bd172810>
CCC(C(N)=O)N1CCCC1=O,0.916666665,-0.037788562,test,<rdkit.Chem.rdchem.Mol object at 0x7f52bd172880>
CN=C(OCC[C@H]1C[C@@H]1c1cncc(c1)OC[C@@H]1CCN1)O,0.916,-0.038104526,train,<rdkit.Chem.rdchem.Mol object at 0x7f52bd1728f0>
O=C(O)[C@H]1/C(=C/CO)O[C@@H]2CC(=O)N21,0.91,-0.040958608,train,<rdkit.Chem.rdchem.Mol object at 0x7f52bd1729d0>
O=C(C1CC21CCN(CC2)C1CCOCC1)N1CCN(CC1)C1CCC1,0.91,-0.040958608,train,<rdkit.Chem.rdchem.Mol object at 0x7f52bd172a40>
COc1ccc(cc1)N(C1CCN(CC1)[C@@H](CCN=C(c1c(C)ncnc1C)O)C)Cc1cscc1,0.91,-0.040958608,train,<rdkit.Chem.rdchem.Mol object at 0x7f52bd172ab0>
CN(C1CCN(CC1)C(=O)Cn1c2cc(ccc2c(c1c1cnn(c1)C)C1CCCCC1)c1[nH]oc(=O)n1)C,0.906,-0.042871802,train,<rdkit.Chem.rdchem.Mol object at 0x7f52bd172b90>
COC(C)(C)C,0.905,-0.043351421,train,<rdkit.Chem.rdchem.Mol object at 0x7f52bd172c00>
Cc1cc(=O)n(-c2ccccc2)n1C,0.9,-0.045757491,train,<rdkit.Chem.rdchem.Mol object at 0x7f52bd172d50>
CC(=O)N(O)CCCCCNC(=O)CCC(=O)N(O)CCCCCNC(=O)CCC(=O)N(O)CCCCCN,0.9,-0.045757491,train,<rdkit.Chem.rdchem.Mol object at 0x7f52bd172dc0>
CCN(CC)CCNC(=O)c1ccc(NC(C)=O)cc1,0.9,-0.045757491,test,<rdkit.Chem.rdchem.Mol object at 0x7f52bd172e30>
CC(C)(C)NC[C@H](O)COc1nsnc1N1CCOCC1,0.9,-0.045757491,train,<rdkit.Chem.rdchem.Mol object at 0x7f52bd172f10>
CC(=O)N[C@H]1[C@H]([C@H](O)[C@H](O)CO)OC(C(=O)O)=C[C@@H]1NC(=N)N,0.9,-0.045757491,test,<rdkit.Chem.rdchem.Mol object at 0x7f52bd172f80>
C[C@@H](O)[C@H]1C(=O)N2C(C(=O)O)=C(S[C@H]3C[C@@H](C(=O)N4CC[C@H](NC(=O)CNC(=N)N)C4)N(C)C3)[C@H](C)[C@H]12,0.9,-0.045757491,test,<rdkit.Chem.rdchem.Mol object at 0x7f52bd173060>
CCCC[N+]12CCC(CC1)[C@H](C2)OC(=O)[C@](c1ccccc1)(N1CCCCC1)C,0.9,-0.045757491,train,<rdkit.Chem.rdchem.Mol object at 0x7f52bd1730d0>
Nc1nc(=O)c2ncn(CCC(CO)CO)c2[nH]1,0.9,-0.045757491,test,<rdkit.Chem.rdchem.Mol object at 0x7f52bd173140>
NCCc1ccc(O)c(O)c1,0.89999999,-0.045757495,test,<rdkit.Chem.rdchem.Mol object at 0x7f52bd173220>
C/N=C(\NC)NCc1ccccc1,0.89999999,-0.045757495,train,<rdkit.Chem.rdchem.Mol object at 0x7f52bd173300>
CCCCNC(=N)NC(=N)N,0.89999999,-0.045757495,train,<rdkit.Chem.rdchem.Mol object at 0x7f52bd173370>
CN1C(C)=C(C(C)C)C(=O)N1C1C=CC=CC=1,0.89999999,-0.045757495,train,<rdkit.Chem.rdchem.Mol object at 0x7f52bd1733e0>
CN1CCC(=C2c3ccccc3CCc3cccnc32)CC1,0.89999999,-0.045757495,train,<rdkit.Chem.rdchem.Mol object at 0x7f52bd173450>
CN1CC=NC1=S,0.89892978,-0.046274232,train,<rdkit.Chem.rdchem.Mol object at 0x7f52bd1734c0>
CC(=CC(=O)NC)OP(=O)(OC)OC,0.898,-0.046723663,train,<rdkit.Chem.rdchem.Mol object at 0x7f52bd1735a0>
NC1CC(NC(=O)C(O)CCN)C(OC2OC(CO)C(O)C(N)C2O)C(O)C1OC1OC(CN)C(O)C(O)C1O,0.895000005,-0.048176962,train,<rdkit.Chem.rdchem.Mol object at 0x7f52bd173610>
CN1CSC(=S)N(C)C1,0.890904495,-0.05016885,train,<rdkit.Chem.rdchem.Mol object at 0x7f52bd1736f0>
N=C1CC(=CNC1=O)C1C=CN=CC=1,0.889999998,-0.050609995,train,<rdkit.Chem.rdchem.Mol object at 0x7f52bd173760>
CC(C)(C(=O)c1cccnc1)c1cccnc1,0.8882,-0.051489231,test,<rdkit.Chem.rdchem.Mol object at 0x7f52bd1737d0>
CN1CCCC1=O,0.888,-0.051587034,train,<rdkit.Chem.rdchem.Mol object at 0x7f52bd173840>
CNC(=O)OC1C=C(C=CC=1)N=CN(C)C,0.885885665,-0.052622326,train,<rdkit.Chem.rdchem.Mol object at 0x7f52bd1738b0>
CC(=O)Nc1ccc(O)cc1,0.88,-0.055517328,train,<rdkit.Chem.rdchem.Mol object at 0x7f52bd173990>
COCCc1ccc(OCC(O)CNC(C)C)cc1,0.88,-0.055517328,train,<rdkit.Chem.rdchem.Mol object at 0x7f52bd173a00>
CCS(=O)(=O)CCn1c([N+](=O)[O-])cnc1C,0.88,-0.055517328,train,<rdkit.Chem.rdchem.Mol object at 0x7f52bd173a70>
CN=C(c1cc(F)ccc1CN=C(c1nn2c(c1O)C(=O)N(C[C@@H]2c1ccccc1)C)O)O,0.88,-0.055517328,train,<rdkit.Chem.rdchem.Mol object at 0x7f52bd173ae0>
CN=C(c1cc(F)ccc1CN=C(c1nn2c(c1O)C(=O)N(C[C@H]2c1ccccc1)C)O)O,0.88,-0.055517328,test,<rdkit.Chem.rdchem.Mol object at 0x7f52bd173b50>
CN1CCC23C4OC5=C(O)C=CC(CC1C2CCC4=O)=C35,0.87833333,-0.056340637,train,<rdkit.Chem.rdchem.Mol object at 0x7f52bd173bc0>
CCC(C)=O,0.87437,-0.058304752,test,<rdkit.Chem.rdchem.Mol object at 0x7f52bd173ca0>
CN(CC(O)=O)NC(=O)CC(N)CC(O)CN,0.873700001,-0.058637664,train,<rdkit.Chem.rdchem.Mol object at 0x7f52bd173d10>
C#CC[C@H](n1cccc(c1=O)NC(=O)c1noc(c1)C)C(=N[C@@H](C[C@@H]1CCN=C1O)/C=C/C(=O)OCc1ccccc1)O,0.87,-0.060480747,train,<rdkit.Chem.rdchem.Mol object at 0x7f52bd173df0>
CCN(CC)C(=O)C1(CC1CN)C1C=CC=CC=1,0.87,-0.060480747,train,<rdkit.Chem.rdchem.Mol object at 0x7f52bd173e60>
C=C1C(CO)C(O)CC1N1C=NC2C(=O)NC(N)=NC1=2,0.87,-0.060480747,train,<rdkit.Chem.rdchem.Mol object at 0x7f52bd173f40>
COP(=O)(NC(C)=O)SC,0.868395495,-0.061282438,train,<rdkit.Chem.rdchem.Mol object at 0x7f52bd174040>
OC(=O)C1C(C2CCC1O2)C(O)=O,0.867,-0.061980903,train,<rdkit.Chem.rdchem.Mol object at 0x7f52bd1740b0>
NC1C=CN(C2CSC(CO)O2)C(=O)N=1,0.865,-0.062983893,train,<rdkit.Chem.rdchem.Mol object at 0x7f52bd174120>
OCC1(O)CC(NC(CO)CO)C(O)C(O)C1O,0.860000005,-0.065501546,train,<rdkit.Chem.rdchem.Mol object at 0x7f52bd1742e0>
CC1(C)SC2C(N=CN3CCCCCC3)C(=O)N2C1C(O)=O,0.860000005,-0.065501546,train,<rdkit.Chem.rdchem.Mol object at 0x7f52bd174350>
CN(C)CCc1c[nH]c2ccc(Cn3cncn3)cc12,0.860000003,-0.065501547,train,<rdkit.Chem.rdchem.Mol object at 0x7f52bd1743c0>
Cc1cccc(C)c1NC(=O)NCCCNC(C)C,0.86,-0.065501549,test,<rdkit.Chem.rdchem.Mol object at 0x7f52bd174430>
C[C@@H](O)[C@H]1C(=O)N2C(C(=O)O)=C(SCCNC=N)C[C@H]12,0.86,-0.065501549,test,<rdkit.Chem.rdchem.Mol object at 0x7f52bd1744a0>
OC(=NCc1ncccc1F)Cn1c(Cl)c[nH]c(=NCC(c2ccccn2)(F)F)c1=O,0.86,-0.065501549,train,<rdkit.Chem.rdchem.Mol object at 0x7f52bd174510>
CCOP(=O)(C1=C[C@H]([C@@H]([C@H](C1)NC(=N)N)N=C(O)C)OC(CC)CC)O,0.86,-0.065501549,train,<rdkit.Chem.rdchem.Mol object at 0x7f52bd174580>
NC(=O)N=NCC1=CC=C(O1)[N+]([O-])=O,0.856,-0.067526235,train,<rdkit.Chem.rdchem.Mol object at 0x7f52bd1745f0>
CN1C(=CC(C2C=CC=CC=2)=[N+]1C)C1C=CC=CC=1,0.850909878,-0.070116435,train,<rdkit.Chem.rdchem.Mol object at 0x7f52bd174660>
CC1OC(OC2C(CO)OC(OC3C(CO)OC(O)C(O)C3O)C(O)C2O)C(O)C(O)C1NC1C=C(CO)C(O)C(O)C1O,0.85000002,-0.070581064,train,<rdkit.Chem.rdchem.Mol object at 0x7f52bd1746d0>
CC(C)(C)NCC(O)COC1C=CC=C2NC(=O)CCC=12,0.85000001,-0.070581069,train,<rdkit.Chem.rdchem.Mol object at 0x7f52bd174740>
CC(=O)OCC(CCn1cnc2cnc(N)nc21)COC(C)=O,0.85000001,-0.070581069,train,<rdkit.Chem.rdchem.Mol object at 0x7f52bd174820>
CCCNC1CC2SC(N)=NC=2CC1,0.85000001,-0.070581069,train,<rdkit.Chem.rdchem.Mol object at 0x7f52bd174900>
Cn1nnc2c(C(N)=O)ncn2c1=O,0.85000001,-0.070581069,train,<rdkit.Chem.rdchem.Mol object at 0x7f52bd174970>
CC1(C)OC2C3OC(C)(C)OC3COC2(COS(N)(=O)=O)O1,0.85000001,-0.070581069,train,<rdkit.Chem.rdchem.Mol object at 0x7f52bd1749e0>
CC1=NC=C(N1CC(O)CCl)[N+]([O-])=O,0.85000001,-0.070581069,train,<rdkit.Chem.rdchem.Mol object at 0x7f52bd174a50>
COCCOC1C(=CC(CC2=CN=C(N)N=C2N)=CC=1OC)OC,0.85000001,-0.070581069,train,<rdkit.Chem.rdchem.Mol object at 0x7f52bd174ac0>
CC(=O)OC1C(O)CC(OC1C)OC1C(O)CC(OC1C)OC1C(O)CC(OC2CCC3(C)C4CC(O)C5(C)C(CCC5(O)C4CCC3C2)C2COC(=O)C=2)OC1C,0.85000001,-0.070581069,train,<rdkit.Chem.rdchem.Mol object at 0x7f52bd174b30>
CNC(C)CC1C=CC=CC=1,0.850000005,-0.070581072,train,<rdkit.Chem.rdchem.Mol object at 0x7f52bd174ba0>
O=C(O)P(=O)(O)O,0.85,-0.070581074,train,<rdkit.Chem.rdchem.Mol object at 0x7f52bd174c10>
COc1ccc(OC)c(C(O)C(C)N)c1,0.85,-0.070581074,train,<rdkit.Chem.rdchem.Mol object at 0x7f52bd174c80>
CC1(C)S[C@@H]2[C@H](NC(=O)[C@H](N)c3ccccc3)C(=O)N2[C@H]1C(=O)O,0.85,-0.070581074,test,<rdkit.Chem.rdchem.Mol object at 0x7f52bd174cf0>
CC1=C(C(=O)O)N2C(=O)[C@@H](NC(=O)[C@H](N)c3ccccc3)[C@H]2SC1,0.85,-0.070581074,test,<rdkit.Chem.rdchem.Mol object at 0x7f52bd174d60>
C[C@](N)(Cc1ccc(O)c(O)c1)C(=O)O,0.85,-0.070581074,test,<rdkit.Chem.rdchem.Mol object at 0x7f52bd174dd0>
N#Cc1cc(C)c(c(n1)C)C(=NCC[C@H](N1CCC(CC1)N(C(=O)CC1CCOCC1)Cc1ccsc1)C)O,0.85,-0.070581074,train,<rdkit.Chem.rdchem.Mol object at 0x7f52bd174e40>
O=c1[nH]c2cc(Cl)ccc2o1,0.845,-0.073143291,test,<rdkit.Chem.rdchem.Mol object at 0x7f52bd174eb0>
CC(=CC(=O)N(C)C)OP(=O)(OC)OC,0.84289167,-0.074228238,train,<rdkit.Chem.rdchem.Mol object at 0x7f52bd174f20>
S=c1[nH]cnc2[nH]cnc12,0.841249998,-0.075074924,train,<rdkit.Chem.rdchem.Mol object at 0x7f52bd175000>
CCCc1cc(I)cc(c1O)CNCCCN(C)C,0.841,-0.075204004,train,<rdkit.Chem.rdchem.Mol object at 0x7f52bd175070>
CCN1CCCC1CNC(=O)c1cc(S(=O)(=O)CC)c(N)cc1OC,0.84,-0.075720714,train,<rdkit.Chem.rdchem.Mol object at 0x7f52bd1750e0>
COc1c(N2C[C@@H](C)C[C@H](N)C2)ccc2c(=O)c(C(=O)O)cn(C3CC3)c12,0.84,-0.075720714,test,<rdkit.Chem.rdchem.Mol object at 0x7f52bd1751c0>
CN[C@@H]1CCN(C1)c1cc(NCC2CC2)[nH]c(=N)n1,0.84,-0.075720714,train,<rdkit.Chem.rdchem.Mol object at 0x7f52bd175230>
O/N=C(\c1[nH]sc(=N)n1)/C(=N[C@@H]1C(=O)N2[C@@H]1SCC(=C2C(=O)O)/C=C/1\CCN(C1=O)[C@@H]1CCN(C1)C(=O)OCc1oc(=O)oc1C)O,0.84,-0.075720714,train,<rdkit.Chem.rdchem.Mol object at 0x7f52bd1752a0>
NC(=N)NC(=N)NCCC1C=CC=CC=1,0.839999985,-0.075720722,train,<rdkit.Chem.rdchem.Mol object at 0x7f52bd175310>
CN(C)CCCOc1nn(Cc2ccccc2)c2ccccc12,0.83333333,-0.079181248,train,<rdkit.Chem.rdchem.Mol object at 0x7f52bd1753f0>
CCCCOCCO,0.83316,-0.079271589,train,<rdkit.Chem.rdchem.Mol object at 0x7f52bd175460>
N[C@H]1CN(C[C@@H]1N1CC(F)(F)CCC1=O)c1ncnc(n1)N1CCC(C1)(F)F,0.83,-0.080921908,train,<rdkit.Chem.rdchem.Mol object at 0x7f52bd1754d0>
CN1COCN(CC2=CN=C(Cl)S2)C1=N[N+]([O-])=O,0.829094334,-0.081396053,train,<rdkit.Chem.rdchem.Mol object at 0x7f52bd175540>
COC1C=CC2CN(C)CCC3=CC(O)CC4OC=1C=2C34,0.828749995,-0.081576461,train,<rdkit.Chem.rdchem.Mol object at 0x7f52bd1755b0>
N=C(N)Nc1nc(CSCCC(=N)NS(N)(=O)=O)cs1,0.825,-0.083546051,test,<rdkit.Chem.rdchem.Mol object at 0x7f52bd175620>
CNS(=O)(=O)Cc1ccc2[nH]cc(CCN(C)C)c2c1,0.825,-0.083546051,test,<rdkit.Chem.rdchem.Mol object at 0x7f52bd175690>
CN1CCN(CC(=O)N2c3ccccc3C(=O)Nc3cccnc32)CC1,0.823811465,-0.084172168,train,<rdkit.Chem.rdchem.Mol object at 0x7f52bd175770>
CC(C)C(N)C(=O)OCCOCN1C=NC2=C1N=C(N)NC2=O,0.819999995,-0.08618615,train,<rdkit.Chem.rdchem.Mol object at 0x7f52bd175930>
NC(CC1C=C(O)C(O)=CC=1)C(O)=O,0.819166667,-0.086627728,train,<rdkit.Chem.rdchem.Mol object at 0x7f52bd1759a0>
NC1=NC(F)=NC2=C1N=CN2C1OC(CO)C(O)C1O,0.819166667,-0.086627728,train,<rdkit.Chem.rdchem.Mol object at 0x7f52bd175a10>
COc1cccc(C2(O)CCCCC2CN(C)C)c1,0.818333329,-0.087069761,train,<rdkit.Chem.rdchem.Mol object at 0x7f52bd175a80>
COC1=CC=C2CC3C4CCC(=O)C5OC1=C2C45CCN3C,0.81,-0.091514981,train,<rdkit.Chem.rdchem.Mol object at 0x7f52bd175c40>
N[C@@H]1CCN(C1)c1cc([nH]c(=N)n1)C(C)C,0.81,-0.091514981,train,<rdkit.Chem.rdchem.Mol object at 0x7f52bd175cb0>
O=C(C1CC21CCN(CC2)C1CCCCC1)N1CCN(CC1)C1CCCCC1,0.81,-0.091514981,train,<rdkit.Chem.rdchem.Mol object at 0x7f52bd175d20>
OC(=NCc1ccc(=N)[nH]c1C)Cn1c(C)cc(c(c1=O)N)S(=O)(=O)c1ccccc1,0.81,-0.091514981,train,<rdkit.Chem.rdchem.Mol object at 0x7f52bd175d90>
CCC(C)(C)OC,0.80973,-0.09165977,train,<rdkit.Chem.rdchem.Mol object at 0x7f52bd175e00>
Nc1nc2[nH]cnc2c(=S)[nH]1,0.804,-0.094743951,test,<rdkit.Chem.rdchem.Mol object at 0x7f52bd175e70>
OC(=O)CCCCC1SCC2NC(=O)NC21,0.800000005,-0.09691001,train,<rdkit.Chem.rdchem.Mol object at 0x7f52bd175f50>
NC1CONC1=O,0.800000005,-0.09691001,train,<rdkit.Chem.rdchem.Mol object at 0x7f52bd175fc0>
CC(C)[N+]1(C)C2CC(CC1CC2)OC(=O)C(CO)C1C=CC=CC=1,0.800000005,-0.09691001,train,<rdkit.Chem.rdchem.Mol object at 0x7f52bd176110>
CCC1(c2ccccc2)C(=O)NCNC1=O,0.800000005,-0.09691001,train,<rdkit.Chem.rdchem.Mol object at 0x7f52bd176180>
CC(=O)OCC1CSC2C(NC(=O)CC#N)C(=O)N2C=1C(O)=O,0.800000005,-0.09691001,train,<rdkit.Chem.rdchem.Mol object at 0x7f52bd1761f0>
[O-]C(=O)C1=C(CSC2C(NC(=O)CC3=CC=CS3)C(=O)N12)C[N+]1C=CC=CC=1,0.800000003,-0.096910012,train,<rdkit.Chem.rdchem.Mol object at 0x7f52bd176260>
Cc1ncc([N+](=O)[O-])n1CCO,0.8,-0.096910013,train,<rdkit.Chem.rdchem.Mol object at 0x7f52bd1763b0>
Cc1ccccc1C(OCCN(C)C)c1ccccc1,0.8,-0.096910013,train,<rdkit.Chem.rdchem.Mol object at 0x7f52bd176420>
CC1(C)S[C@@H]2[C@H](NC(=O)[C@H](N)c3ccc(O)cc3)C(=O)N2[C@H]1C(=O)O,0.8,-0.096910013,test,<rdkit.Chem.rdchem.Mol object at 0x7f52bd176500>
c1cnc2cc3c(cc2n1)C1CNCC3C1,0.8,-0.096910013,train,<rdkit.Chem.rdchem.Mol object at 0x7f52bd176570>
CO/N=C(\C(=O)N[C@@H]1C(=O)N2C(C(=O)[O-])=C(C[N+]3(C)CCCC3)CS[C@H]12)c1csc(N)n1,0.8,-0.096910013,test,<rdkit.Chem.rdchem.Mol object at 0x7f52bd1765e0>
COc1ccc(NC(=O)c2ccc(C(=N)N(C)C)cc2)c(C(=O)Nc2ccc(Cl)cn2)c1,0.8,-0.096910013,train,<rdkit.Chem.rdchem.Mol object at 0x7f52bd1766c0>
O=C(N1CCC(C1)(F)F)[C@H]1NC[C@H](C1)N1CCN(CC1)c1ncccn1,0.8,-0.096910013,train,<rdkit.Chem.rdchem.Mol object at 0x7f52bd176730>
C[C@@H]1CCCN1CCCOc1ccc(cc1)C(=O)CN1CCOCC1,0.8,-0.096910013,train,<rdkit.Chem.rdchem.Mol object at 0x7f52bd1767a0>
CC(CC1(CCCN1)C(=O)c1ccc2c(c1)c[nH]n2)C,0.8,-0.096910013,test,<rdkit.Chem.rdchem.Mol object at 0x7f52bd176810>
C[C@@H]1CCCN1CCCOc1ccc(cc1)c1cnnc(c1)O,0.8,-0.096910013,train,<rdkit.Chem.rdchem.Mol object at 0x7f52bd176880>
Clc1cc(C)c(c(n1)C)C(=NCC[C@H](N1CCC(CC1)N(C(=O)CC1CCOCC1)Cc1ccsc1)C)O,0.8,-0.096910013,train,<rdkit.Chem.rdchem.Mol object at 0x7f52bd1768f0>
OC12CCC(=O)C3OC4C5=C(CC1N(CC1CC1)CCC253)C=CC=4O,0.793333335,-0.100544297,train,<rdkit.Chem.rdchem.Mol object at 0x7f52bd176960>
CNC(=O)ON=C(SC)C(=O)N(C)C,0.792429497,-0.101039367,train,<rdkit.Chem.rdchem.Mol object at 0x7f52bd1769d0>
COC1N=C(N)N=C2C=1N=CN2C1OC(CO)C(O)C1O,0.791666669,-0.10145764,test,<rdkit.Chem.rdchem.Mol object at 0x7f52bd176a40>
OC1C=C(C=CC=1O)C(O)=O,0.79150001,-0.101549075,train,<rdkit.Chem.rdchem.Mol object at 0x7f52bd176ab0>
COc1ccc(cc1)N(C1CCN(CC1)[C@@H](CCN=C(c1c(C)ncnc1C)O)C)Cc1cnccc1C,0.79,-0.102372909,train,<rdkit.Chem.rdchem.Mol object at 0x7f52bd176b20>
CO[C@@H]1COCC[C@@H]1N[C@@H]1CC[C@](C1)(C(C)C)C(=O)N1CCN(CC1)c1nncc(c1)C(F)(F)F,0.79,-0.102372909,train,<rdkit.Chem.rdchem.Mol object at 0x7f52bd176b90>
Nc1nc2c(ncn2COCCO)c(=O)[nH]1,0.79,-0.102372909,test,<rdkit.Chem.rdchem.Mol object at 0x7f52bd176c00>
OCC(O)C1OC(=O)C(=O)C1O,0.789430178,-0.102686276,train,<rdkit.Chem.rdchem.Mol object at 0x7f52bd176c70>
CC1C=C(C)N=C(N=1)SCC(N)=O,0.787899999,-0.1035289,train,<rdkit.Chem.rdchem.Mol object at 0x7f52bd176ce0>
N=C(NC1C=CC=CC=1)NC1C=CC=CC=1,0.784429,-0.105446359,train,<rdkit.Chem.rdchem.Mol object at 0x7f52bd176d50>
COC1C=CC(=CC=1C(O)CN)OC,0.7801,-0.107849722,train,<rdkit.Chem.rdchem.Mol object at 0x7f52bd176dc0>
CC(C(=O)OC1CC[N+](C)(C)CC1)(C1C=CC=CC=1)N1CCCCC1,0.7801,-0.107849722,train,<rdkit.Chem.rdchem.Mol object at 0x7f52bd176e30>
CO/N=C(\C(=O)N[C@@H]1C(=O)N2C(C(=O)O)=C(C)CS[C@H]12)c1csc(N)n1,0.78,-0.107905397,test,<rdkit.Chem.rdchem.Mol object at 0x7f52bd176ea0>
OC(=NCc1ccc(=N)[nH]c1C)Cn1c(C)cc(c(c1=O)N)S(=O)(=O)Cc1ccccc1,0.78,-0.107905397,test,<rdkit.Chem.rdchem.Mol object at 0x7f52bd176f10>
O=C1CCc2c1ccc(c2)c1cccnc1,0.78,-0.107905397,train,<rdkit.Chem.rdchem.Mol object at 0x7f52bd176f80>
O=P(O)(O)C(O)(Cn1ccnc1)P(=O)(O)O,0.779999993,-0.107905401,test,<rdkit.Chem.rdchem.Mol object at 0x7f52bd176ff0>
COC1(C)CC(OC2C(C)C(OC3OC(C)CC(C3O)N(C)C)C(C)(O)CC(C)C(N)C(C)C(O)C(C)(O)C(CC)OC(=O)C2C)OC(C)C1O,0.779999985,-0.107905406,train,<rdkit.Chem.rdchem.Mol object at 0x7f52bd177060>
Fc1cnc2c3c1[C@](O)(CN1CCC(CC1)NCc1ncc4c(c1)OCCO4)Cn3c(=O)cc2,0.778,-0.109020403,train,<rdkit.Chem.rdchem.Mol object at 0x7f52bd1770d0>
O=C([C@](c1ccccc1)(N1CCCCC1)C)O[C@H]1C[N+]2(CCCc3cncnc3)CCC1CC2,0.776,-0.110138279,train,<rdkit.Chem.rdchem.Mol object at 0x7f52bd177140>
C1C(N=C2SCCN21)C1C=CC=CC=1,0.775,-0.110698297,train,<rdkit.Chem.rdchem.Mol object at 0x7f52bd1771b0>
C[C@H]1O[C@@H](O[C@H]2[C@@H](O)C[C@H](O[C@H]3[C@@H](O)C[C@H](O[C@H]4CC[C@@]5(C)[C@H](CC[C@@H]6[C@@H]5C[C@@H](O)[C@]5(C)[C@@H](C7=CC(=O)OC7)CC[C@]65O)C4)O[C@@H]3C)O[C@@H]2C)C[C@H](O)[C@@H]1O,0.775,-0.110698297,train,<rdkit.Chem.rdchem.Mol object at 0x7f52bd177220>
CCNCC(O)c1cccc(O)c1,0.77,-0.113509275,test,<rdkit.Chem.rdchem.Mol object at 0x7f52bd177370>
O=C(NCCN1CCOCC1)c1ccc(Cl)cc1,0.77,-0.113509275,train,<rdkit.Chem.rdchem.Mol object at 0x7f52bd1773e0>
OC(=NCc1ccc(=N)[nH]c1C)Cn1c(C)cc(c(c1=O)N)S(=O)(=O)NCC1CCC1,0.77,-0.113509275,train,<rdkit.Chem.rdchem.Mol object at 0x7f52bd1774c0>
OCC(COC(=O)C(c1ccc(cc1)CC(C)C)C)O,0.77,-0.113509275,train,<rdkit.Chem.rdchem.Mol object at 0x7f52bd1775a0>
NC(=O)OCC(COC(N)=O)c1ccccc1,0.76999999,-0.11350928,train,<rdkit.Chem.rdchem.Mol object at 0x7f52bd177610>
CC1(CN2C=CN=N2)C(C(O)=O)N2C(CC2=O)S1(=O)=O,0.76999999,-0.11350928,test,<rdkit.Chem.rdchem.Mol object at 0x7f52bd177680>
c1ccc(CC2=NCCN2)cc1,0.76999999,-0.11350928,test,<rdkit.Chem.rdchem.Mol object at 0x7f52bd1776f0>
NC(=O)C1C=C[N+](CC2CSC3C(NC(=O)C(C4C=CC=CC=4)S(O)(=O)=O)C(=O)N3C=2C([O-])=O)=CC=1,0.76999999,-0.11350928,test,<rdkit.Chem.rdchem.Mol object at 0x7f52bd177760>
CC1C(=O)N(N=CC=1C(F)(F)F)C1C=C(OCC(=O)OCC)C(Cl)=CC=1F,0.769,-0.11407366,train,<rdkit.Chem.rdchem.Mol object at 0x7f52bd1777d0>
Cc1nccc(c1)CCC[N+]12CCC(CC1)[C@H](C2)OC(=O)[C@](c1ccccc1)(N1CCCCC1)C,0.769,-0.11407366,test,<rdkit.Chem.rdchem.Mol object at 0x7f52bd177840>
NC/C=C\CN(C[C@H]1O[C@H]([C@@H]([C@@H]1O)F)n1cnc2c1ncnc2N)C,0.767,-0.115204636,train,<rdkit.Chem.rdchem.Mol object at 0x7f52bd1778b0>
NC1=CC=C(C=C1)C(O)=O,0.766,-0.11577123,train,<rdkit.Chem.rdchem.Mol object at 0x7f52bd177920>
O=P(O)(O)C(O)(Cc1cccnc1)P(=O)(O)O,0.76,-0.119186408,train,<rdkit.Chem.rdchem.Mol object at 0x7f52bd177a70>
O=C1CCc2c(C1)ccc(c2)c1cccnc1,0.76,-0.119186408,train,<rdkit.Chem.rdchem.Mol object at 0x7f52bd177ae0>
COC(=O)CN=C(C(c1ccc(cc1)CC(C)C)C)O,0.76,-0.119186408,train,<rdkit.Chem.rdchem.Mol object at 0x7f52bd177b50>
[O-][N+](=O)OC1COC2C1OCC2O[N+]([O-])=O,0.756666664,-0.121095399,train,<rdkit.Chem.rdchem.Mol object at 0x7f52bd177c30>
COC(=O)C(c1ccccc1)C1CCCCN1,0.754499999,-0.122340757,train,<rdkit.Chem.rdchem.Mol object at 0x7f52bd177d10>
NC1N=C(N)N=C2N=CC(CNC3C=CC(=CC=3)C(=O)NC(CCC(O)=O)C(O)=O)=NC=12,0.75,-0.124938737,test,<rdkit.Chem.rdchem.Mol object at 0x7f52bd177d80>
CC(=O)C1C=C(C=CC=1OCC(O)CNC(C)(C)C)NC(=O)N(CC)CC,0.75,-0.124938737,train,<rdkit.Chem.rdchem.Mol object at 0x7f52bd177e60>
CCOC(=O)C(CCC1C=CC=CC=1)NC1CCCN2CCCC(C(O)=O)N2C1=O,0.75,-0.124938737,train,<rdkit.Chem.rdchem.Mol object at 0x7f52bd177ed0>
NC(C1C=CC=CC=1)C(=O)NC1C2CCC(Cl)=C(C(O)=O)N2C1=O,0.75,-0.124938737,train,<rdkit.Chem.rdchem.Mol object at 0x7f52bd177f40>
CNS(=O)(=O)CCc1ccc2[nH]cc(C3CCN(C)CC3)c2c1,0.75,-0.124938737,test,<rdkit.Chem.rdchem.Mol object at 0x7f52bd178040>
O=C(NCCO[N+](=O)[O-])c1cccnc1,0.75,-0.124938737,test,<rdkit.Chem.rdchem.Mol object at 0x7f52bd1780b0>
CCn1cc(C(=O)O)c(=O)c2cc(F)c(N3CCN(C)CC3)cc21,0.75,-0.124938737,test,<rdkit.Chem.rdchem.Mol object at 0x7f52bd178120>
CN(C)CCc1c[nH]c2ccc(C[C@H]3COC(=O)N3)cc12,0.75,-0.124938737,test,<rdkit.Chem.rdchem.Mol object at 0x7f52bd178190>
NC(=O)C1CSSCCC(=O)NC(CCCCN=C(N)N)C(=O)NCC(=O)NC(CC(=O)O)C(=O)NC(Cc2c[nH]c3ccccc23)C(=O)N2CCCC2C(=O)N1,0.75,-0.124938737,test,<rdkit.Chem.rdchem.Mol object at 0x7f52bd178200>
CC(=O)OC1CC(OC(C)C1O)OC1C(O)CC(OC1C)OC1C(O)CC(OC2CCC3(C)C4CC(O)C5(C)C(CCC5(O)C4CCC3C2)C2COC(=O)C=2)OC1C,0.75,-0.124938737,train,<rdkit.Chem.rdchem.Mol object at 0x7f52bd178270>
COCC1=C(C(=O)O)N2C(=O)[C@@H](NC(=O)/C(=N\OC)c3csc(N)n3)[C@H]2SC1,0.75,-0.124938737,train,<rdkit.Chem.rdchem.Mol object at 0x7f52bd1782e0>
CON=C(N(C1CCN(CC1)[C@@H](CCN=C(c1c(C)cc(nc1Cl)C#N)O)C)Cc1cscc1)O,0.75,-0.124938737,train,<rdkit.Chem.rdchem.Mol object at 0x7f52bd1783c0>
CC1N=C(N)N=C(N)N1C1C=CC(Cl)=CC=1,0.746899999,-0.126737541,train,<rdkit.Chem.rdchem.Mol object at 0x7f52bd178430>
OC1=CC(O)=CC=C1,0.744792055,-0.127964965,train,<rdkit.Chem.rdchem.Mol object at 0x7f52bd1784a0>
CCC(C)C1(CC)C(=O)NC(=O)NC1=O,0.740000005,-0.130768277,train,<rdkit.Chem.rdchem.Mol object at 0x7f52bd178510>
CC1C=C(OCCN(C)C)C(=CC=1OC(C)=O)C(C)C,0.740000005,-0.130768277,train,<rdkit.Chem.rdchem.Mol object at 0x7f52bd178580>
CC(C)(C)NCC(O)c1cc(O)cc(O)c1,0.74,-0.13076828,test,<rdkit.Chem.rdchem.Mol object at 0x7f52bd178660>
C[C@@H]1CCCN1CCCOc1ccc(cc1)C1=NN=C(C(C1)(C)C)O,0.74,-0.13076828,train,<rdkit.Chem.rdchem.Mol object at 0x7f52bd1786d0>
CC1C=CC=C(C)C=1N(C(C)C(=O)OC)C(=O)COC,0.730760002,-0.136225232,train,<rdkit.Chem.rdchem.Mol object at 0x7f52bd178740>
CCC1(c2cccc(O)c2)CCCCN(C)C1,0.730000005,-0.136677137,test,<rdkit.Chem.rdchem.Mol object at 0x7f52bd1787b0>
CN1CCN(c2c(F)cc3c(=O)c(C(=O)O)cn(CCF)c3c2F)CC1,0.73,-0.13667714,test,<rdkit.Chem.rdchem.Mol object at 0x7f52bd178820>
COc1ccc(C(CN(C)C)C2(O)CCCCC2)cc1,0.73,-0.13667714,train,<rdkit.Chem.rdchem.Mol object at 0x7f52bd178890>
COc1cc(cc(c1O)N(=O)=O)C(P(=O)(CC[C@@H](C(=O)O)N)O)O,0.73,-0.13667714,train,<rdkit.Chem.rdchem.Mol object at 0x7f52bd178900>
C[C@H](CS)C(=O)N1CCC[C@H]1C(=O)O,0.725,-0.139661993,train,<rdkit.Chem.rdchem.Mol object at 0x7f52bd178970>
N=c1nc(N2CCNCC2)c2c([nH]1)c1ccccc1C2,0.72,-0.142667504,train,<rdkit.Chem.rdchem.Mol object at 0x7f52bd178a50>
CCCCNC(=O)OCC#CI,0.719,-0.14327111,train,<rdkit.Chem.rdchem.Mol object at 0x7f52bd178ac0>
CON=C(C1=CSC(N)=N1)C(=O)NC1C2SCC=C(C(O)=O)N2C1=O,0.718333339,-0.143673977,test,<rdkit.Chem.rdchem.Mol object at 0x7f52bd178b30>
CCn1cc(C(=O)O)c(=O)c2c1c(F)c(N1CCNC(C1)C)c(c2)F,0.716,-0.145086978,train,<rdkit.Chem.rdchem.Mol object at 0x7f52bd178ba0>
CC(=NOC(=O)NC)SC,0.716,-0.145086978,train,<rdkit.Chem.rdchem.Mol object at 0x7f52bd178c10>
OC1C=CC=CC=1,0.715048065,-0.145664764,test,<rdkit.Chem.rdchem.Mol object at 0x7f52bd178c80>
CCCNC(C)C(=O)Nc1ccccc1C,0.715,-0.145693958,test,<rdkit.Chem.rdchem.Mol object at 0x7f52bd178cf0>
CC(C)NCC(O)COc1ccc(COCCOC(C)C)cc1,0.71,-0.148741651,train,<rdkit.Chem.rdchem.Mol object at 0x7f52bd178dd0>
OC(=NCc1ccc(=N)[nH]c1C)Cn1c(C)cc(c(c1=O)N)S(=O)(=O)CC1CCCC1,0.71,-0.148741651,train,<rdkit.Chem.rdchem.Mol object at 0x7f52bd178e40>
CC(C)OC(=O)OC(C)OC(=O)C1=C(CSC2C(NC(=O)C(=NOC)C3=CSC(N)=N3)C(=O)N12)COC,0.70999999,-0.148741657,train,<rdkit.Chem.rdchem.Mol object at 0x7f52bd178eb0>
O=C(O)c1cn(C2CC2)c2cc(N3CCNCC3)c(F)cc2c1=O,0.7,-0.15490196,test,<rdkit.Chem.rdchem.Mol object at 0x7f52bd179070>
Clc1cccc(Cl)c1NC1=NCCN1,0.7,-0.15490196,train,<rdkit.Chem.rdchem.Mol object at 0x7f52bd1790e0>
CCN(CC)CCNC(=O)c1cc(Cl)c(N)cc1OC,0.7,-0.15490196,train,<rdkit.Chem.rdchem.Mol object at 0x7f52bd179150>
Clc1ccc2nsnc2c1NC1=NCCN1,0.7,-0.15490196,test,<rdkit.Chem.rdchem.Mol object at 0x7f52bd1791c0>
N#C[C@@H]1C[C@H]2[C@@H](N1C(=O)[C@H](C13CC4CC(C1)CC(C3)(C4)O)N)C2,0.7,-0.15490196,train,<rdkit.Chem.rdchem.Mol object at 0x7f52bd179230>
O=C([C@](c1ccccc1)(N1CCCCC1)C)O[C@H]1C[N+]2(CCCc3ccncc3)CCC1CC2,0.7,-0.15490196,train,<rdkit.Chem.rdchem.Mol object at 0x7f52bd1792a0>
OC[C@H]1O[C@H](Oc2ccc(cc2Cl)c2cnc3c(c2)ncn3C)[C@H]([C@H]([C@@H]1O)O)O,0.7,-0.15490196,train,<rdkit.Chem.rdchem.Mol object at 0x7f52bd179310>
Fc1ccc(c(c1)F)[C@@H]1CN(C[C@H]1C(=O)N1CCC(CC1)c1nc(nn1c1ccc(c(c1)F)F)C)C(C)(C)C,0.7,-0.15490196,train,<rdkit.Chem.rdchem.Mol object at 0x7f52bd179380>
CN[C@H](C(=N[C@H]1CCC[C@@H]2N(C1=O)[C@@H]1CN(CC[C@@H]1C2)C(=O)c1ccccc1)O)C,0.7,-0.15490196,train,<rdkit.Chem.rdchem.Mol object at 0x7f52bd1793f0>
CC1CC(NCC)C2C=C(SC=2S1(=O)=O)S(N)(=O)=O,0.699999995,-0.154901963,train,<rdkit.Chem.rdchem.Mol object at 0x7f52bd1794d0>
CCn1cc(C(=O)O)c(=O)c2cnc(N3CCNCC3)nc21,0.699999995,-0.154901963,test,<rdkit.Chem.rdchem.Mol object at 0x7f52bd179540>
C[N+](C)(C)CCOC(=O)CCC(=O)OCC[N+](C)(C)C,0.699999995,-0.154901963,train,<rdkit.Chem.rdchem.Mol object at 0x7f52bd179620>
O=C1C2C(C3CC2CC3)C(=O)N1CCCCN1CCN(CC1)C1N=CC=CN=1,0.699999995,-0.154901963,train,<rdkit.Chem.rdchem.Mol object at 0x7f52bd179690>
CN(C)CC(C1=CC=C(O)C=C1)C1(O)CCCCC1,0.699999995,-0.154901963,train,<rdkit.Chem.rdchem.Mol object at 0x7f52bd179770>
CC1OC(C(O)C1O)N1C=C(F)C(NC(=O)OCCCCC)=NC1=O,0.699999995,-0.154901963,train,<rdkit.Chem.rdchem.Mol object at 0x7f52bd1797e0>
CCc1cc(C(N)=S)ccn1,0.699999995,-0.154901963,train,<rdkit.Chem.rdchem.Mol object at 0x7f52bd179850>
CN1CCC2(C)C1N(C)C1C=CC(=CC2=1)OC(=O)NC,0.699,-0.155522824,train,<rdkit.Chem.rdchem.Mol object at 0x7f52bd1798c0>
COC(=O)CCCC(=O)OC,0.698904983,-0.155581863,train,<rdkit.Chem.rdchem.Mol object at 0x7f52bd179930>
O=C1NS(=O)(=O)C2=CC=CC=C12,0.698,-0.156144577,train,<rdkit.Chem.rdchem.Mol object at 0x7f52bd179a10>
COP(=O)(OC)C(O)C(Cl)(Cl)Cl,0.696,-0.15739076,train,<rdkit.Chem.rdchem.Mol object at 0x7f52bd179a80>
CC1(C)SC2C(NC(=O)C(NC(=O)N3CCN(C3=O)S(C)(=O)=O)C3C=CC=CC=3)C(=O)N2C1C(O)=O,0.695,-0.158015195,train,<rdkit.Chem.rdchem.Mol object at 0x7f52bd179af0>
N#Cc1c[nH]c(=Nc2nccc(c2)CN2CCNCC2)s1,0.694,-0.15864053,train,<rdkit.Chem.rdchem.Mol object at 0x7f52bd179b60>
CNC(=O)OC1C=CC=C2C=CC=CC2=1,0.691707662,-0.160077414,train,<rdkit.Chem.rdchem.Mol object at 0x7f52bd179c40>
NC1=NC=NC2=C1N=CN2C1OC(CO)C(O)C1O,0.69,-0.161150909,train,<rdkit.Chem.rdchem.Mol object at 0x7f52bd179cb0>
CN1C2C(O)(C(OC(C)=O)C3(CC)C=CCN4CCC2(C34)C2C=C(C(=CC1=2)OC)C1(CC2CN(CC(CC)=C2)CC2=C1NC1C=CC=CC2=1)C(=O)OC)C(=O)OC,0.69,-0.161150909,train,<rdkit.Chem.rdchem.Mol object at 0x7f52bd179d20>
C[C@H]1COc2c(N3CCN(C)CC3)c(F)cc3c(=O)c(C(=O)O)cn1c23,0.69,-0.161150909,test,<rdkit.Chem.rdchem.Mol object at 0x7f52bd179d90>
CC(=O)NC[C@H]1CN(c2ccc(N3CCOCC3)c(F)c2)C(=O)O1,0.69,-0.161150909,train,<rdkit.Chem.rdchem.Mol object at 0x7f52bd179e00>
O=C1NC(=O)N=CC1F,0.688749998,-0.16193839,train,<rdkit.Chem.rdchem.Mol object at 0x7f52bd179e70>
O=C(C1CC1)N=c1nc2n([nH]1)c(ccc2)c1ccc(cc1)CN1CCS(=O)(=O)CC1,0.682,-0.166215625,train,<rdkit.Chem.rdchem.Mol object at 0x7f52bd179f50>
CC1COc2c(N3CCN(C)CC3)c(F)cc3c(=O)c(C(=O)O)cn1c23,0.68,-0.167491087,test,<rdkit.Chem.rdchem.Mol object at 0x7f52bd179fc0>
Fc1ccc(c(c1)[C@H]1OC[C@@H](C[C@@H]1N)N1Cc2c(C1)cn(n2)S(=O)(=O)C)F,0.68,-0.167491087,train,<rdkit.Chem.rdchem.Mol object at 0x7f52bd17a030>
COc1ccc2c(c1)n(CC(C1(F)CCC(CC1)NCc1ccc3c(n1)N=C(CO3)O)N)c(=O)cn2,0.68,-0.167491087,train,<rdkit.Chem.rdchem.Mol object at 0x7f52bd17a0a0>
NC/C=C\CN(C[C@H]1O[C@H]([C@H]([C@@H]1O)F)n1cnc2c1ncnc2N)C,0.678,-0.168770306,train,<rdkit.Chem.rdchem.Mol object at 0x7f52bd17a110>
CNC1(c2ccccc2Cl)CCCCC1=O,0.676310672,-0.169853759,train,<rdkit.Chem.rdchem.Mol object at 0x7f52bd17a180>
CN1CC[C@]23c4c5ccc(O)c4O[C@H]2[C@@H](O)C=C[C@H]3[C@H]1C5,0.675,-0.170696227,test,<rdkit.Chem.rdchem.Mol object at 0x7f52bd17a260>
CC(=CC(=O)OC)OP(=O)(OC)OC,0.674,-0.171340103,train,<rdkit.Chem.rdchem.Mol object at 0x7f52bd17a2d0>
CC1C(=O)C(=O)C=CN1C,0.67000001,-0.173925191,train,<rdkit.Chem.rdchem.Mol object at 0x7f52bd17a340>
CC[C@H](n1cccc(c1=O)NC(=O)c1noc(c1)C)C(=N[C@@H](C[C@@H]1CCN=C1O)/C=C/C(=O)OC1CCC1)O,0.67,-0.173925197,train,<rdkit.Chem.rdchem.Mol object at 0x7f52bd17a420>
O=C(C1CC2(C1)CCN(CC2)S(=O)(=O)C)N1CCN(CC1)C1CCC1,0.67,-0.173925197,train,<rdkit.Chem.rdchem.Mol object at 0x7f52bd17a500>
CSC1C=CC(=CC=1)N1C(N)=NC(N)=NC1(C)C,0.666100001,-0.176460566,train,<rdkit.Chem.rdchem.Mol object at 0x7f52bd17a5e0>
CC1(C)SC2C(NC(=O)C(NC(=O)N3CCNC3=O)C3C=CC=CC=3)C(=O)N2C1C(O)=O,0.665000002,-0.177178354,train,<rdkit.Chem.rdchem.Mol object at 0x7f52bd17a650>
N=C(N)NC(=O)c1nc(Cl)c(N)nc1N,0.661407595,-0.179530822,train,<rdkit.Chem.rdchem.Mol object at 0x7f52bd17a730>
CCN1CCCC1CN=C(c1cc(ccc1OC)S(=O)(=O)N)O,0.66,-0.180456064,train,<rdkit.Chem.rdchem.Mol object at 0x7f52bd17a7a0>
CN[C@H](C(=N[C@H]1CCC[C@@H]2N(C1=O)[C@@H]1CN(CC[C@@H]1C2)C(=O)Cc1ccccc1)O)C,0.66,-0.180456064,train,<rdkit.Chem.rdchem.Mol object at 0x7f52bd17a8f0>
COC(=O)C1C=CC=CC=1C(=O)OC,0.656671837,-0.182651609,train,<rdkit.Chem.rdchem.Mol object at 0x7f52bd17a960>
[O-][N+](=O)/N=C1NCCN1CC1C=CC(Cl)=NC=1,0.656641837,-0.182671451,train,<rdkit.Chem.rdchem.Mol object at 0x7f52bd17a9d0>
CC(C(O)C1C=CC(O)=CC=1)N1CCC(O)(CC1)C1C=CC=CC=1,0.655148075,-0.183660531,train,<rdkit.Chem.rdchem.Mol object at 0x7f52bd17aa40>
CC(NCCC1C=CC(O)=CC=1)C(O)C1C=CC(O)=CC=1,0.655000004,-0.183758698,test,<rdkit.Chem.rdchem.Mol object at 0x7f52bd17aab0>
CN1CCCCC1c1nc(O)c(c(n1)C(=NCc1ccc(cc1)F)O)O,0.651,-0.186419011,train,<rdkit.Chem.rdchem.Mol object at 0x7f52bd17ab90>
CCn1cc(C(=O)O)c(=O)c2cc(F)c(N3CCNCC3)nc21,0.65,-0.187086643,test,<rdkit.Chem.rdchem.Mol object at 0x7f52bd17ac00>
CN/C(=C\[N+](=O)[O-])NCCSCc1csc(CN(C)C)n1,0.65,-0.187086643,train,<rdkit.Chem.rdchem.Mol object at 0x7f52bd17ac70>
CCCCOC(=O)C(c1ccc(cc1)CC(C)C)C,0.65,-0.187086643,train,<rdkit.Chem.rdchem.Mol object at 0x7f52bd17ace0>
N#Cc1ccc(cc1)c1cc(nc(=N)[nH]1)N1CCN(CC1)C,0.65,-0.187086643,train,<rdkit.Chem.rdchem.Mol object at 0x7f52bd17ad50>
C[N+]1(C)CCC2C=C(OC)C3=CC=2C1CC1C=CC(=CC=1)OC1C2C(CC4C=C(O3)C(=CC=4)OC)[N+](C)(C)CCC=2C=C(OC)C=1OC,0.649999995,-0.187086647,train,<rdkit.Chem.rdchem.Mol object at 0x7f52bd17adc0>
CCC(CO)NC(=O)C1CN(C)C2CC3=CNC4=CC=CC(=C34)C2=C1,0.64999999,-0.18708665,train,<rdkit.Chem.rdchem.Mol object at 0x7f52bd17ae30>
CCCCCCCCO,0.647,-0.189095719,train,<rdkit.Chem.rdchem.Mol object at 0x7f52bd17af10>
C=C1CCC2(O)C3CC4C=CC(O)=C5OC1C2(CCN3CC1CC1)C=45,0.643333332,-0.191563947,train,<rdkit.Chem.rdchem.Mol object at 0x7f52bd17af80>
CN1CCN(CC1)c1ccc2c(c1)c(=O)n(cn2)c1cc(ccc1C)C(=NC1CC1)O,0.643,-0.191789027,train,<rdkit.Chem.rdchem.Mol object at 0x7f52bd17aff0>
Cn1c(=O)c2c(ncn2C)n(C)c1=O,0.64,-0.193820026,train,<rdkit.Chem.rdchem.Mol object at 0x7f52bd17b060>
COC(=O)C(N=C(C(c1ccc(cc1)CC(C)C)C)O)C,0.64,-0.193820026,train,<rdkit.Chem.rdchem.Mol object at 0x7f52bd17b0d0>
CCOC(=O)C1C(CC2CCC1N2C)OC(=O)C1C=CC=CC=1,0.639999998,-0.193820028,train,<rdkit.Chem.rdchem.Mol object at 0x7f52bd17b140>
CC(CC1C=C(O)C(O)=CC=1)(NN)C(O)=O,0.639999995,-0.193820029,train,<rdkit.Chem.rdchem.Mol object at 0x7f52bd17b1b0>
COc1ccc(c(c1)C(=Nc1ccc(cn1)Cl)O)N=C(c1ccc(cc1F)C(=N)N(C)C)O,0.634,-0.197910742,test,<rdkit.Chem.rdchem.Mol object at 0x7f52bd17b300>
COCC(=O)N(C1CCN(CC1)[C@@H](CCN=C(c1c(C)cc(nc1C)Cl)O)C)Cc1ccsc1,0.63,-0.200659451,train,<rdkit.Chem.rdchem.Mol object at 0x7f52bd17b3e0>
COC1C=C(CCOC2CCCCC2N2CC(O)CC2)C=CC=1OC,0.629400001,-0.201073261,train,<rdkit.Chem.rdchem.Mol object at 0x7f52bd17b450>
CC1CC(C(O)CC2CC(=O)NC(=O)C2)C(=O)C(C)C1,0.629,-0.201349355,train,<rdkit.Chem.rdchem.Mol object at 0x7f52bd17b4c0>
CC1(O)C2C(C(=O)C3=C1C=CC=C3O)C(=O)C1(O)C(C(C(=O)C(C(N)=O)C1=O)N(C)C)C2O,0.628326885,-0.201814357,train,<rdkit.Chem.rdchem.Mol object at 0x7f52bd17b5a0>
CCS(=O)(=O)C1=CC=CN=C1S(=O)(=O)NC(=O)NC1=NC(=CC(=N1)OC)OC,0.628298004,-0.20183432,train,<rdkit.Chem.rdchem.Mol object at 0x7f52bd17b610>
COc1ccc(cn1)[C@@H](N1CCN(C1=O)CCCc1ccc2c(n1)NCCC2)CC(=O)O,0.627,-0.202732459,train,<rdkit.Chem.rdchem.Mol object at 0x7f52bd17b680>
OC12CCC(O)C3OC4C5=C(CC1N(CC1CCC1)CCC253)C=CC=4O,0.62375,-0.204989441,train,<rdkit.Chem.rdchem.Mol object at 0x7f52bd17b760>
CCOc1ccc(NC(C)=O)cc1,0.622179233,-0.206084489,train,<rdkit.Chem.rdchem.Mol object at 0x7f52bd17b7d0>
CCOC(=O)CCN=C(C1CCn2c1ccc2C(=O)c1ccccc1)O,0.621,-0.2069084,train,<rdkit.Chem.rdchem.Mol object at 0x7f52bd17b840>
CON=C(C1=CC=CO1)C(=O)NC1C2SCC(COC(N)=O)=C(C(O)=O)N2C1=O,0.620000003,-0.207608308,train,<rdkit.Chem.rdchem.Mol object at 0x7f52bd17b8b0>
CC1(C)C(C(=O)O)N2C(=O)CC2S1(=O)=O,0.62,-0.207608311,train,<rdkit.Chem.rdchem.Mol object at 0x7f52bd17b920>
Cc1cn([C@H]2C[C@H](N=[N+]=[N-])[C@@H](CO)O2)c(=O)[nH]c1=O,0.62,-0.207608311,train,<rdkit.Chem.rdchem.Mol object at 0x7f52bd17ba00>
CCN(C)C(=O)Oc1cccc([C@H](C)N(C)C)c1,0.62,-0.207608311,train,<rdkit.Chem.rdchem.Mol object at 0x7f52bd17ba70>
N[C@@H](CC(=O)N1CCn2c(nnc2C(F)(F)F)C1)Cc1cc(F)c(F)cc1F,0.62,-0.207608311,train,<rdkit.Chem.rdchem.Mol object at 0x7f52bd17bae0>
C[C@H](N[C@@H](CCc1ccccc1)C(=O)O)C(=O)N1CCC[C@H]1C(=O)O,0.62,-0.207608311,test,<rdkit.Chem.rdchem.Mol object at 0x7f52bd17bb50>
OC(=NCc1ccc(=N)[nH]c1C)Cn1c(C)cc(c(c1=O)N)S(=O)(=O)C1CCCCC1,0.62,-0.207608311,train,<rdkit.Chem.rdchem.Mol object at 0x7f52bd17bbc0>
CN[C@H](C(=N[C@H]1CCC[C@@H]2N(C1=O)[C@@H]1CN(CC[C@@H]1C2)C(=Nc1ccccc1)O)O)C,0.62,-0.207608311,train,<rdkit.Chem.rdchem.Mol object at 0x7f52bd17bc30>
NC1=NC(=NS1)C(=NO)C(=O)NC1C2SCC(C=C3CCN(C4CNCC4)C3=O)=C(C(O)=O)N2C1=O,0.62,-0.207608311,train,<rdkit.Chem.rdchem.Mol object at 0x7f52bd17bca0>
COC1=CC(=CC(OC)=C1O)C(=O)OCCCCN=C(N)N,0.6186,-0.208590084,train,<rdkit.Chem.rdchem.Mol object at 0x7f52bd17bd10>
COC1(NC(=O)CC2=CC=CS2)C2SCC(COC(N)=O)=C(C(O)=O)N2C1=O,0.6175,-0.209363038,train,<rdkit.Chem.rdchem.Mol object at 0x7f52bd17bd80>
O=C(O)c1cccnc1,0.615588496,-0.210709505,train,<rdkit.Chem.rdchem.Mol object at 0x7f52bd17bdf0>
CN(C)CCc1c[nH]c2ccc(CS(=O)(=O)N3CCCC3)cc12,0.613333334,-0.212303432,train,<rdkit.Chem.rdchem.Mol object at 0x7f52bd17be60>
CC1(C)CC1C(=O)N=C(CCCCCSCC(N)C(O)=O)C(O)=O,0.613333334,-0.212303432,train,<rdkit.Chem.rdchem.Mol object at 0x7f52bd17bed0>
CN(C)C1=NC(=O)N(C2CCCCC2)C(=O)N1C,0.612496997,-0.212896037,train,<rdkit.Chem.rdchem.Mol object at 0x7f52bd17bf40>
C[C@@H]1CN(c2c(F)c(N)c3c(=O)c(C(=O)O)cn(C4CC4)c3c2F)C[C@H](C)N1,0.612,-0.213248578,test,<rdkit.Chem.rdchem.Mol object at 0x7f52bd17c040>
CN=C([C@]12C[C@@H]2[C@H]([C@@H]([C@@H]1O)O)n1cnc2c1nc(C#Cc1cnccn1)nc2NC)O,0.612,-0.213248578,train,<rdkit.Chem.rdchem.Mol object at 0x7f52bd17c0b0>
C[C@H]1O[C@@H](n2cc(F)c(=O)[nH]c2=O)[C@H](O)[C@@H]1O,0.61,-0.214670165,train,<rdkit.Chem.rdchem.Mol object at 0x7f52bd17c190>
NC/C=C\CN(C[C@H]1O[C@H]([C@@H]([C@@H]1O)O)n1cnc2c1nc(Cl)nc2N)C,0.61,-0.214670165,train,<rdkit.Chem.rdchem.Mol object at 0x7f52bd17c200>
CCC1OC=CC(=O)C1=O,0.606,-0.217527376,train,<rdkit.Chem.rdchem.Mol object at 0x7f52bd17c2e0>
CC1C=CC(N)=CC=1O,0.604,-0.218963061,train,<rdkit.Chem.rdchem.Mol object at 0x7f52bd17c350>
CCC1(c2ccccc2)NC(=O)N(C)C1=O,0.60000001,-0.221848742,train,<rdkit.Chem.rdchem.Mol object at 0x7f52bd17c510>
CC(N/C(/NC1C=CN=CC=1)=NC#N)C(C)(C)C,0.60000001,-0.221848742,train,<rdkit.Chem.rdchem.Mol object at 0x7f52bd17c580>
CCCN(CCC)CCc1cccc2c1CC(=O)N2,0.60000001,-0.221848742,test,<rdkit.Chem.rdchem.Mol object at 0x7f52bd17c660>
NS(=O)(=O)Cc1noc2ccccc12,0.60000001,-0.221848742,train,<rdkit.Chem.rdchem.Mol object at 0x7f52bd17c6d0>
CC(=O)OCC(=O)C12N=C(C)OC1CC1C3CCC4=CC(=O)C=CC4(C)C3C(O)CC21C,0.60000001,-0.221848742,train,<rdkit.Chem.rdchem.Mol object at 0x7f52bd17c740>
CC(=O)C1CCC2C3CCC4CC(O)CCC4(C)C3C(=O)CC21C,0.60000001,-0.221848742,train,<rdkit.Chem.rdchem.Mol object at 0x7f52bd17c7b0>
C=CC[N+]12CC(=CCO)C3CC1C1(CC2)C2C3=CN3C4C(=CN2C2=CC=CC=C12)C1CC2C4(CC[N+]2(CC1=CCO)CC=C)C1=CC=CC=C31,0.60000001,-0.221848742,train,<rdkit.Chem.rdchem.Mol object at 0x7f52bd17c820>
Cn1c(=O)c2c(ncn2CC(O)CO)n(C)c1=O,0.6,-0.22184875,train,<rdkit.Chem.rdchem.Mol object at 0x7f52bd17c900>
NS(=O)(=O)c1cc2c(cc1Cl)NCNS2(=O)=O,0.6,-0.22184875,train,<rdkit.Chem.rdchem.Mol object at 0x7f52bd17c970>
CC(C)NCC(O)COc1cccc2[nH]ccc12,0.6,-0.22184875,test,<rdkit.Chem.rdchem.Mol object at 0x7f52bd17c9e0>
CCCCCCCN(CC)CCCC(O)c1ccc(NS(C)(=O)=O)cc1,0.6,-0.22184875,test,<rdkit.Chem.rdchem.Mol object at 0x7f52bd17ca50>
CNCCN1CCCc2c1ccc(c2)N=C(c1cccs1)N,0.6,-0.22184875,train,<rdkit.Chem.rdchem.Mol object at 0x7f52bd17cac0>
OC(=NCc1ccc(=N)[nH]c1C)Cn1c(C)cc(c(c1=O)N)S(=O)(=O)c1cccs1,0.6,-0.22184875,train,<rdkit.Chem.rdchem.Mol object at 0x7f52bd17cb30>
N[C@H](C(=O)N1CC[C@H]([C@H]1C(=N)O)c1ccccc1)Cc1ccccc1,0.6,-0.22184875,train,<rdkit.Chem.rdchem.Mol object at 0x7f52bd17cc10>
C(C1C=CC=CC=1)[N+]1C=CC=C2C=CC=CC=12,0.599,-0.222573178,train,<rdkit.Chem.rdchem.Mol object at 0x7f52bd17cc80>
CC1(C=C)OC(=O)N(C2C=C(Cl)C=C(Cl)C=2)C1=O,0.593861997,-0.226314466,train,<rdkit.Chem.rdchem.Mol object at 0x7f52bd17ccf0>
OC(=NCc1ncccc1Cl)Cn1c(Cl)c[nH]c(=NCC(c2ccccn2=O)(F)F)c1=O,0.59,-0.229147988,test,<rdkit.Chem.rdchem.Mol object at 0x7f52bd17cdd0>
OC(=N)c1cccc2c1[nH]c(n2)[C@@]1(C)CCCN1,0.59,-0.229147988,train,<rdkit.Chem.rdchem.Mol object at 0x7f52bd17ce40>
N=c1nc(N2CCNCC2)c2c([nH]1)c1ccccc1CC2,0.59,-0.229147988,train,<rdkit.Chem.rdchem.Mol object at 0x7f52bd17ceb0>
O=C(c1ccc(cc1)c1ccc2c(c1)CCN(C2=O)CCN1CCCC1)N(C)C,0.59,-0.229147988,train,<rdkit.Chem.rdchem.Mol object at 0x7f52bd17cf20>
CN(C)CCCN(C(=O)C1CN(CC=C)C2CC3=CNC4=CC=CC(C2C1)=C34)C(=O)NCC,0.589999985,-0.229147999,train,<rdkit.Chem.rdchem.Mol object at 0x7f52bd17cf90>
CCCCOC(=O)CCCCC(=O)OCCCC,0.587202903,-0.231211806,train,<rdkit.Chem.rdchem.Mol object at 0x7f52bd17d070>
O=C1NCCC2NC(=CC=21)C1C=CN=CC=1,0.585499999,-0.232473101,train,<rdkit.Chem.rdchem.Mol object at 0x7f52bd17d0e0>
CC(=O)NC1C(N)CC(=CC1OC(CC)CC)C(=O)OCC,0.58,-0.236572006,train,<rdkit.Chem.rdchem.Mol object at 0x7f52bd17d150>
CC[C@H]1OC(=O)[C@H](C)[C@@H](O[C@H]2C[C@@](C)(OC)[C@@H](O)[C@H](C)O2)[C@H](C)[C@@H](O[C@@H]2O[C@H](C)C[C@H](N(C)C)[C@H]2O)[C@](C)(OC)C[C@@H](C)C(=O)[C@H](C)[C@@H](O)[C@]1(C)O,0.58,-0.236572006,test,<rdkit.Chem.rdchem.Mol object at 0x7f52bd17d1c0>
CC12CCC3C(CCC4CC(O)C(CC43C)N3CCOCC3)C1CC(C2OC(C)=O)[N+]1(CC=C)CCCC1,0.58,-0.236572006,train,<rdkit.Chem.rdchem.Mol object at 0x7f52bd17d230>
CC(C)(C)C(O)C(=O)N1CCCC1C(=O)NCC1C=C(Cl)C=CC=1CN,0.5799,-0.236646891,train,<rdkit.Chem.rdchem.Mol object at 0x7f52bd17d310>
COC1=CC(C)=C(C(C)=C1)S(=O)(=O)N(C)CCOCC(=O)N1CCN(CC1)C1CCN(C)CC1,0.5799,-0.236646891,train,<rdkit.Chem.rdchem.Mol object at 0x7f52bd17d380>
COC1C=C(Cl)C(=CC=1Cl)OC,0.577564837,-0.238399255,train,<rdkit.Chem.rdchem.Mol object at 0x7f52bd17d3f0>
COC1C=CC=C(C(O)C2CCN(CCC3=CC=C(F)C=C3)CC2)C=1OC,0.575833436,-0.239703122,train,<rdkit.Chem.rdchem.Mol object at 0x7f52bd17d460>
CN1CCC2C=C(OC)C3=CC=2C1CC1C=CC(=CC=1)OC1C2C(CC4C=C(O3)C(O)=CC=4)[N+](C)(C)CCC=2C=C(OC)C=1O,0.573333332,-0.241592809,train,<rdkit.Chem.rdchem.Mol object at 0x7f52bd17d4d0>
CC(=NC#N)N(C)CC1=CN=C(Cl)C=C1,0.572991669,-0.241851693,train,<rdkit.Chem.rdchem.Mol object at 0x7f52bd17d540>
Clc1ccc(cc1)CN1CCC2(CC1)OCCN(C2)C(=O)c1csc(n1)C,0.57,-0.244125144,train,<rdkit.Chem.rdchem.Mol object at 0x7f52bd17d5b0>
O=C(CN=C(c1cc(=O)c(cn1O)O)O)OC[C@@H]1[C@H](N=C(/C(=N\OC(C(=O)O)(C)C)/c2csc(=N)[nH]2)O)C(=O)N1S(=O)(=O)O,0.57,-0.244125144,train,<rdkit.Chem.rdchem.Mol object at 0x7f52bd17d620>
COC1C=CC=CC=1O,0.569,-0.244887734,train,<rdkit.Chem.rdchem.Mol object at 0x7f52bd17d690>
OC1CS(=O)(=O)CC1N1CCC(CC1)C1C=CC=CC=1,0.5686,-0.245193145,train,<rdkit.Chem.rdchem.Mol object at 0x7f52bd17d700>
CN(C)C(=O)NC1C=CC=CC=1,0.564,-0.248720896,train,<rdkit.Chem.rdchem.Mol object at 0x7f52bd17d770>
O=C(CC1=CC=CS1)NC1C=CON=1,0.563,-0.249491605,test,<rdkit.Chem.rdchem.Mol object at 0x7f52bd17d7e0>
CNC(=O)C1SN=NC=1C1C=CC=CC=1,0.563,-0.249491605,train,<rdkit.Chem.rdchem.Mol object at 0x7f52bd17d850>
CCCCCCCCN(C)C,0.562732,-0.249698388,train,<rdkit.Chem.rdchem.Mol object at 0x7f52bd17d8c0>
CC(C)(C#N)c1cc(Cn2cncn2)cc(C(C)(C)C#N)c1,0.56,-0.251811973,train,<rdkit.Chem.rdchem.Mol object at 0x7f52bd17d9a0>
C[C@@H]1CCCN1CCCOc1ccc(cc1)c1cnn(c(=O)c1)c1ccccn1,0.56,-0.251811973,test,<rdkit.Chem.rdchem.Mol object at 0x7f52bd17da80>
N=c1nc(N2CCNCC2)c2c([nH]1)c1ccccc1CCC2,0.56,-0.251811973,train,<rdkit.Chem.rdchem.Mol object at 0x7f52bd17db60>
OC(=O)CC(c1cncnc1)N=C(CCCCc1ccc2c(n1)NCCC2)O,0.56,-0.251811973,train,<rdkit.Chem.rdchem.Mol object at 0x7f52bd17dbd0>
CN(C)C1C2CC3C(C(=O)C2(O)C(=O)C(C(N)=O)C1=O)C(=O)C1C(C3O)=C(Cl)C=CC=1O,0.557499998,-0.25375513,test,<rdkit.Chem.rdchem.Mol object at 0x7f52bd17dc40>
NCCC(OC1N=C(C=CC=1C#N)C(F)(F)F)C1=CC=NO1,0.5573,-0.253910957,train,<rdkit.Chem.rdchem.Mol object at 0x7f52bd17dcb0>
C=CCN1CC[C@]23c4c5ccc(O)c4O[C@H]2C(=O)CC[C@@]3(O)[C@H]1C5,0.555,-0.255707017,test,<rdkit.Chem.rdchem.Mol object at 0x7f52bd17dd20>
CCN(CCO)CCCC(C)Nc1ccnc2cc(Cl)ccc12,0.553333337,-0.257013164,train,<rdkit.Chem.rdchem.Mol object at 0x7f52bd17dd90>
COP(=O)(OC)SCN1C2=NC=C(Cl)C=C2OC1=O,0.553,-0.257274869,train,<rdkit.Chem.rdchem.Mol object at 0x7f52bd17de00>
NC(=O)N1c2ccccc2CC(=O)c2ccccc21,0.550000005,-0.259637307,train,<rdkit.Chem.rdchem.Mol object at 0x7f52bd17dee0>
CN(C)S(=O)(=O)C1=CC2=C(C=C1)SC1=CC=CC=C1N2CCCN1CCC(CCO)CC1,0.550000005,-0.259637307,train,<rdkit.Chem.rdchem.Mol object at 0x7f52bd17dfc0>
COc1ccc2c3c1O[C@H]1C(=O)CC[C@@]4(O)[C@@H](C2)N(C)CC[C@]314,0.55,-0.259637311,test,<rdkit.Chem.rdchem.Mol object at 0x7f52bd17e110>
OC(=NCc1ccc(=N)[nH]c1C)Cn1c(C)cc(c(c1=O)N)S(=O)(=O)NC1CCC1,0.55,-0.259637311,train,<rdkit.Chem.rdchem.Mol object at 0x7f52bd17e180>
OC(=NCc1ccc(=N)[nH]c1C)Cn1c(C)cc(c(c1=O)N)S(=O)(=O)CC1CCC1,0.55,-0.259637311,train,<rdkit.Chem.rdchem.Mol object at 0x7f52bd17e260>
CCOC(=O)CN=C(C1CCn2c1ccc2C(=O)c1ccccc1)O,0.55,-0.259637311,train,<rdkit.Chem.rdchem.Mol object at 0x7f52bd17e2d0>
CCOC(=O)C(N=C(C1CCn2c1ccc2C(=O)c1ccccc1)O)CCC(=O)OCC,0.55,-0.259637311,train,<rdkit.Chem.rdchem.Mol object at 0x7f52bd17e3b0>
CCOC(=O)C(C(C)C)N=C(C1CCn2c1ccc2C(=O)c1ccccc1)O,0.55,-0.259637311,train,<rdkit.Chem.rdchem.Mol object at 0x7f52bd17e420>
CCOC(=O)C(N=C(C1CCn2c1ccc2C(=O)c1ccccc1)O)CC(C)C,0.55,-0.259637311,train,<rdkit.Chem.rdchem.Mol object at 0x7f52bd17e490>
CCC(C(C(=O)OCC)N=C(C1CCn2c1ccc2C(=O)c1ccccc1)O)C,0.55,-0.259637311,train,<rdkit.Chem.rdchem.Mol object at 0x7f52bd17e500>
COc1ccc(cc1Oc1ncnc(c1F)N1CCC(CC1)Oc1ncc(c(=N)[nH]1)F)C#N,0.55,-0.259637311,train,<rdkit.Chem.rdchem.Mol object at 0x7f52bd17e570>
Clc1cc(C)c(c(n1)C)C(=NCC[C@H](N1CCC(CC1)N(C(=O)C)Cc1ccsc1)C)O,0.55,-0.259637311,train,<rdkit.Chem.rdchem.Mol object at 0x7f52bd17e5e0>
COC(=O)C(C(C)C)N=C(C(c1ccc(cc1)CC(C)C)C)O,0.55,-0.259637311,train,<rdkit.Chem.rdchem.Mol object at 0x7f52bd17e650>
OC1=NN=C([C@@H]2[C@H]1C2)c1ccc(cc1)OCCCN1CCC[C@H]1C,0.55,-0.259637311,train,<rdkit.Chem.rdchem.Mol object at 0x7f52bd17e6c0>
CC1=CC(N)=CC=C1,0.549,-0.260427656,train,<rdkit.Chem.rdchem.Mol object at 0x7f52bd17e730>
CC1C=C(C(=NC=1)C1NC(C)(C(C)C)C(=O)N=1)C(O)=O,0.547462499,-0.261645625,train,<rdkit.Chem.rdchem.Mol object at 0x7f52bd17e7a0>
NC(=N)NOCCN=C(Cn1c(C)ccc(c1=O)NS(=O)(=O)c1cccc(c1)C)O,0.543,-0.26520017,train,<rdkit.Chem.rdchem.Mol object at 0x7f52bd17e810>
N=C(N)c1ccc(CNC(=O)[C@@H]2CCN2C(=O)[C@H](NCC(=O)O)C2CCCCC2)cc1,0.542,-0.266000713,test,<rdkit.Chem.rdchem.Mol object at 0x7f52bd17e880>
CCN1CCCC1CNC(=O)C1C=C(Br)C=C(OC)C=1OC,0.5402,-0.26744542,train,<rdkit.Chem.rdchem.Mol object at 0x7f52bd17e960>
OCC(c1ccc(cn1)c1ccc(cc1F)N1C[C@@H](OC1=O)Cn1ccnn1)O,0.54,-0.26760624,test,<rdkit.Chem.rdchem.Mol object at 0x7f52bd17e9d0>
CCOC(=O)C(CC(=O)OCC)SP(=O)(OC)OC,0.538,-0.269217724,train,<rdkit.Chem.rdchem.Mol object at 0x7f52bd17eab0>
CN1CCCCC1c1nc(C(=NCc2ccc(cc2)F)O)c(c(=O)n1C)O,0.535,-0.271646218,train,<rdkit.Chem.rdchem.Mol object at 0x7f52bd17eb20>
CC1(C)SC2C(NC(=O)C(C3C=CC=CC=3)C(O)=O)C(=O)N2C1C(O)=O,0.530224951,-0.275539839,train,<rdkit.Chem.rdchem.Mol object at 0x7f52bd17eb90>
CON=C(N(C1CCN(CC1)[C@@H](CCN=C(c1c(C)cc(nc1Cl)Cl)O)C)Cc1cscc1)O,0.53,-0.27572413,train,<rdkit.Chem.rdchem.Mol object at 0x7f52bd17ece0>
N#CCN=C([C@@H]1CCCC[C@H]1C(=O)N1CCN(CC1)c1ccc(cc1)C#N)O,0.53,-0.27572413,train,<rdkit.Chem.rdchem.Mol object at 0x7f52bd17ed50>
CN=c1[nH]c(Cc2ccccc2)nc2c1CCNC[C@@H]2C,0.53,-0.27572413,train,<rdkit.Chem.rdchem.Mol object at 0x7f52bd17edc0>
CC(Cc1ccc(O)cc1)NCC(O)c1cc(O)cc(O)c1,0.529999993,-0.275724137,test,<rdkit.Chem.rdchem.Mol object at 0x7f52bd17ee30>
O=C(CCCl)NCC1C=CC=CC=1,0.529999985,-0.275724143,test,<rdkit.Chem.rdchem.Mol object at 0x7f52bd17eea0>
CC12NC(CC3=CC=CC=C13)C1=CC=CC=C21,0.528799999,-0.276708554,train,<rdkit.Chem.rdchem.Mol object at 0x7f52bd17ef10>
O=C(CN1CCN(CCC2CCOCC2)CC1)NC12CC3CC(C1)CC(C2)C3,0.528799999,-0.276708554,train,<rdkit.Chem.rdchem.Mol object at 0x7f52bd17eff0>
CN1C(=O)NC(=O)C(C)(C2=CCCCC2)C1=O,0.528333329,-0.277091992,train,<rdkit.Chem.rdchem.Mol object at 0x7f52bd17f060>
OC(=O)C1=CC=CC=C1NC(=O)NC1=CC(Cl)=C(Cl)C=C1,0.523,-0.281498311,train,<rdkit.Chem.rdchem.Mol object at 0x7f52bd17f0d0>
CN1C(=O)N(CC(C)C)C2SC(CN3C(NC)=NC4=CC=CC=C34)=C(C=2C1=O)C(=O)N1CC(O)CO1,0.523,-0.281498311,train,<rdkit.Chem.rdchem.Mol object at 0x7f52bd17f140>
CC(C)NCC(O)COc1ccc(CC(N)=O)cc1,0.52,-0.283996656,train,<rdkit.Chem.rdchem.Mol object at 0x7f52bd17f1b0>
N[C@@H]1CCN(C1)c1nc(=N)[nH]c2c1CCCc1c2cccc1,0.52,-0.283996656,test,<rdkit.Chem.rdchem.Mol object at 0x7f52bd17f220>
CNC1CN(C1)c1nc(=N)[nH]c2c1CCCc1c2cccc1,0.52,-0.283996656,train,<rdkit.Chem.rdchem.Mol object at 0x7f52bd17f290>
CN[C@H](C(=N[C@H]1CCC[C@@H]2N(C1=O)[C@@H]1CN(CC[C@@H]1C2)Cc1ccccc1)O)C,0.52,-0.283996656,train,<rdkit.Chem.rdchem.Mol object at 0x7f52bd17f300>
CC1(C)SC2C(NC(=O)C(C3=CSC=C3)C(O)=O)C(=O)N2C1C(O)=O,0.518333335,-0.28539086,train,<rdkit.Chem.rdchem.Mol object at 0x7f52bd17f3e0>
C[N+](C)(C)CC1CO1,0.518,-0.28567024,train,<rdkit.Chem.rdchem.Mol object at 0x7f52bd17f450>
CCN(CCOC1=CC2C(=O)C3C=C(C=CC=3C=2C=C1)OCCN(CC)CC)CC,0.5173,-0.286257522,train,<rdkit.Chem.rdchem.Mol object at 0x7f52bd17f4c0>
CN(CCCNCc1cc(I)cc(c1O)C)C,0.517,-0.286509457,train,<rdkit.Chem.rdchem.Mol object at 0x7f52bd17f530>
COc1cc(ccc1Nc1ncc(c(n1)c1cnc2n1cccc2)Cl)N1CCN(CC1)C(=O)C,0.517,-0.286509457,train,<rdkit.Chem.rdchem.Mol object at 0x7f52bd17f5a0>
CN(C(=O)c1cccc(c1)n1sc2c(c1=O)cccc2)C,0.515,-0.288192771,train,<rdkit.Chem.rdchem.Mol object at 0x7f52bd17f610>
CC1(O)C2CC3C(C(=O)C(C(N)=O)C(=O)C3(O)C(=O)C2C(=O)C2=C1C(Cl)=CC=C2O)N(C)C,0.514999999,-0.288192772,train,<rdkit.Chem.rdchem.Mol object at 0x7f52bd17f680>
OC(=O)CN[C@H](C(=O)N1CCC[C@H]1C(=NCc1ccc(s1)C(=N)N)O)C(c1ccccc1)c1ccccc1,0.514,-0.289036881,train,<rdkit.Chem.rdchem.Mol object at 0x7f52bd17f760>
CCCC(CNC(=O)C1N=C(Cl)C(N)=NC=1N)[N+](C)(C)CCCC1C=CC(=CC=1)OC,0.5115,-0.291154362,train,<rdkit.Chem.rdchem.Mol object at 0x7f52bd17f7d0>
CN1CCN(C(=O)C1)c1ccc(cn1)C1ON=C(C1)c1ccc(o1)N(=O)=O,0.511,-0.2915791,train,<rdkit.Chem.rdchem.Mol object at 0x7f52bd17f840>
N[C@@H]1CN(c2c(F)cc3c(=O)c(C(=O)O)cn([C@@H]4C[C@@H]4F)c3c2Cl)CC12CC2,0.51,-0.292429824,test,<rdkit.Chem.rdchem.Mol object at 0x7f52bd17f8b0>
CN1CCN(CC1)c1cc([nH]c(=N)n1)c1ccccc1,0.51,-0.292429824,train,<rdkit.Chem.rdchem.Mol object at 0x7f52bd17f990>
O=C(C1CC2(C1)CCN(CC2)C1CCOCC1)N1CCN(CC1)C1CCC1,0.51,-0.292429824,train,<rdkit.Chem.rdchem.Mol object at 0x7f52bd17fa70>
CN[C@H](C(=N[C@H]1CCC[C@@H]2N(C1=O)[C@@H]1CN(CC[C@@H]1C2)C(=O)Oc1ccccc1)O)C,0.51,-0.292429824,train,<rdkit.Chem.rdchem.Mol object at 0x7f52bd17fae0>
CN[C@H](C(=N[C@H]1CCC[C@@H]2N(C1=O)[C@@H]1CN(CC[C@@H]1C2)CCc1ccccc1)O)C,0.51,-0.292429824,train,<rdkit.Chem.rdchem.Mol object at 0x7f52bd17fb50>
COCCCSc1cnc(c(c1)Oc1cccnc1C)NC(=NC)O,0.51,-0.292429824,train,<rdkit.Chem.rdchem.Mol object at 0x7f52bd17fbc0>
COc1ccc(CC(C)NCC(O)c2ccc(O)c(NC=O)c2)cc1,0.508816273,-0.293439007,train,<rdkit.Chem.rdchem.Mol object at 0x7f52bd17fc30>
CN/C(/NCC1=CN=C(Cl)S1)=N[N+]([O-])=O,0.50853333,-0.293680578,test,<rdkit.Chem.rdchem.Mol object at 0x7f52bd17fca0>
CC(=O)OCC1CSC2C(NC(=O)CSC3C=CN=CC=3)C(=O)N2C=1C(O)=O,0.508333334,-0.293851411,train,<rdkit.Chem.rdchem.Mol object at 0x7f52bd17fd10>
CC(C)(CNC(=O)C(CC(O)C(N)CC(CC1C=CC(OC)=C(C=1)OCCCOC)C(C)C)C(C)C)C(N)=O,0.505,-0.296708622,train,<rdkit.Chem.rdchem.Mol object at 0x7f52bd17fd80>
CN1CCOCC1c1nc(C(=NCc2ccc(cc2)F)O)c(c(=O)n1C)O,0.505,-0.296708622,train,<rdkit.Chem.rdchem.Mol object at 0x7f52bd17fdf0>
CN(C(c1ccccc1)c1nc(O)c(c(n1)C(=NCc1ccc(cc1)F)O)O)C,0.505,-0.296708622,train,<rdkit.Chem.rdchem.Mol object at 0x7f52bd17fe60>
C=CC=C,0.50273,-0.298665198,train,<rdkit.Chem.rdchem.Mol object at 0x7f52bd17ff40>
COc1cc2c(cc1OC)nc(nc2N1CCN(CC1)c1ccccc1OC)C1CC1,0.502,-0.299296283,train,<rdkit.Chem.rdchem.Mol object at 0x7f52bd1800b0>
Cc1ccc(cc1)S(=O)(=O)n1c(=N)[nH]c2c1cccc2,0.501,-0.300162274,train,<rdkit.Chem.rdchem.Mol object at 0x7f52bd180120>
COc1cccc(c1c1cc(nn1c1ccnc2c1ccc(c2)Cl)C(=N[C@H](C(=O)O)CC(C)C)O)OC,0.501,-0.300162274,test,<rdkit.Chem.rdchem.Mol object at 0x7f52bd180190>
CNCC(O)C1C=C(O)C(O)=CC=1,0.5,-0.301029996,train,<rdkit.Chem.rdchem.Mol object at 0x7f52bd180200>
NCC(O)C1C=C(O)C(O)=CC=1,0.5,-0.301029996,train,<rdkit.Chem.rdchem.Mol object at 0x7f52bd180270>
CN1C(=O)CCS(=O)(=O)C1c1ccc(Cl)cc1,0.5,-0.301029996,train,<rdkit.Chem.rdchem.Mol object at 0x7f52bd1803c0>
c1ccc(C2(c3ccccc3)CC2C2=NCCN2)cc1,0.5,-0.301029996,train,<rdkit.Chem.rdchem.Mol object at 0x7f52bd180430>
CC(C)(C)NCC(O)C1=CC(Cl)=C(N)C(Cl)=C1,0.5,-0.301029996,test,<rdkit.Chem.rdchem.Mol object at 0x7f52bd1804a0>
CC1CCCC(C)N1NC(=O)C1C=C(C(Cl)=CC=1)S(N)(=O)=O,0.5,-0.301029996,train,<rdkit.Chem.rdchem.Mol object at 0x7f52bd180510>
CCN(CC)C(=S)SSC(=S)N(CC)CC,0.5,-0.301029996,train,<rdkit.Chem.rdchem.Mol object at 0x7f52bd180580>
CCOC(=O)c1ncn2c1CN(C)C(=O)c1cc(F)ccc1-2,0.5,-0.301029996,test,<rdkit.Chem.rdchem.Mol object at 0x7f52bd180660>
CC1(C)OC2CC3C4CC(F)C5=CC(=O)C=CC5(C)C4C(O)CC3(C)C2(O1)C(=O)CO,0.5,-0.301029996,train,<rdkit.Chem.rdchem.Mol object at 0x7f52bd1806d0>
CCC1(c2ccccc2)CCC(=O)NC1=O,0.5,-0.301029996,train,<rdkit.Chem.rdchem.Mol object at 0x7f52bd180740>
CC(CCc1ccccc1)NCC(O)c1ccc(O)c(C(N)=O)c1,0.5,-0.301029996,test,<rdkit.Chem.rdchem.Mol object at 0x7f52bd1807b0>
NC1=NC(=O)C(c2ccccc2)O1,0.5,-0.301029996,train,<rdkit.Chem.rdchem.Mol object at 0x7f52bd180820>
OC(CCN1CCCC1)(c1ccccc1)C1CCCCC1,0.5,-0.301029996,test,<rdkit.Chem.rdchem.Mol object at 0x7f52bd180890>
C=CCC1(C(C)CCC)C(=O)NC(=O)NC1=O,0.5,-0.301029996,test,<rdkit.Chem.rdchem.Mol object at 0x7f52bd180900>
Nc1ccc(S(=O)(=O)Nc2ccccn2)cc1,0.5,-0.301029996,train,<rdkit.Chem.rdchem.Mol object at 0x7f52bd1809e0>
CC1CCN(CCCC(=O)c2ccc(F)cc2)CC1,0.5,-0.301029996,test,<rdkit.Chem.rdchem.Mol object at 0x7f52bd180ac0>
N#CC1=CC(Br)=C(O)C(Br)=C1,0.5,-0.301029996,train,<rdkit.Chem.rdchem.Mol object at 0x7f52bd180b30>
CN1C(=O)C2=C(N=CN2CCCNCC(O)C2C=C(O)C=C(O)C=2)N(C)C1=O,0.5,-0.301029996,train,<rdkit.Chem.rdchem.Mol object at 0x7f52bd180ba0>
CC[C@H](C)C(=O)O[C@H]1C[C@H](O)C=C2C=C[C@H](C)[C@H](CC[C@@H](O)C[C@@H](O)CC(=O)O)[C@H]21,0.5,-0.301029996,train,<rdkit.Chem.rdchem.Mol object at 0x7f52bd180c10>
CC1=CC=C(C=C1)C(=CCN1CCCC1)C1=CC=CC(C=CC(O)=O)=N1,0.5,-0.301029996,train,<rdkit.Chem.rdchem.Mol object at 0x7f52bd180c80>
CN(Cc1cnc2nc(N)nc(N)c2n1)c1ccc(C(=O)N[C@@H](CCC(=O)O)C(=O)O)cc1,0.5,-0.301029996,test,<rdkit.Chem.rdchem.Mol object at 0x7f52bd180cf0>
OC(=O)COCCN1CCN(CC1)[C@H](c1ccc(cc1)Cl)c1ccccc1,0.5,-0.301029996,train,<rdkit.Chem.rdchem.Mol object at 0x7f52bd180d60>
COc1c(N2C[C@@H]3CCCN[C@@H]3C2)c(F)cc2c(=O)c(C(=O)O)cn(C3CC3)c12,0.5,-0.301029996,test,<rdkit.Chem.rdchem.Mol object at 0x7f52bd180dd0>
COC(=O)[C@@H]1CC2=CC(=O)CC[C@]2(C)[C@@]23O[C@@H]2C[C@@]2(C)[C@@H](CC[C@@]24CCC(=O)O4)[C@H]13,0.5,-0.301029996,train,<rdkit.Chem.rdchem.Mol object at 0x7f52bd180e40>
O=[N+]([O-])c1cn2c(n1)OC[C@@H](OCc1ccc(OC(F)(F)F)cc1)C2,0.5,-0.301029996,train,<rdkit.Chem.rdchem.Mol object at 0x7f52bd180eb0>
CC12CCC3C(C)CCC4C(C)C(OC(O1)C43OO2)OC,0.5,-0.301029996,train,<rdkit.Chem.rdchem.Mol object at 0x7f52bd180f20>
N=C1C(=CC2=C(N=C3C=CC=CN3C2=O)N1C1CCCC1)S(=O)(=O)C1C=CC(Cl)=CC=1,0.5,-0.301029996,train,<rdkit.Chem.rdchem.Mol object at 0x7f52bd181000>
CC(NC(CCC1C=CC=CC=1)C(=O)OCC)C(=O)N1CC2=CC(OC)=C(C=C2CC1C(O)=O)OC,0.5,-0.301029996,train,<rdkit.Chem.rdchem.Mol object at 0x7f52bd181070>
CO/N=C(\C(=O)N[C@@H]1C(=O)N2C(C(=O)O)=C(COC(N)=O)CS[C@H]12)c1ccco1,0.5,-0.301029996,train,<rdkit.Chem.rdchem.Mol object at 0x7f52bd1810e0>
CCN(C(=O)Cc1ccc(cc1)S(=O)(=O)C)C1CCN(CC1)CC[C@@H](c1cc(F)cc(c1)F)C1CCN(CC1)S(=O)(=O)C,0.5,-0.301029996,train,<rdkit.Chem.rdchem.Mol object at 0x7f52bd181150>
OC(=NC1CCN(CC1)C(=O)C)NC12CC3CC(C2)CC(C1)C3,0.5,-0.301029996,train,<rdkit.Chem.rdchem.Mol object at 0x7f52bd1811c0>
CC(NC(CCC1C=CC=CC=1)C(O)=O)C(=O)N1CC2C=C(OC)C(=CC=2CC1C(O)=O)OC,0.5,-0.301029996,train,<rdkit.Chem.rdchem.Mol object at 0x7f52bd181230>
CN1CCN(CC1)CCCC(=O)c1ccc(cn1)c1ccc(cc1F)N1C[C@@H](OC1=O)Cn1nncc1,0.5,-0.301029996,test,<rdkit.Chem.rdchem.Mol object at 0x7f52bd1812a0>
OC1=NN=C(CC1(C)C)c1ccc(cc1)OC1CCN(CC1)C1CCC1,0.5,-0.301029996,train,<rdkit.Chem.rdchem.Mol object at 0x7f52bd181310>
O=C(C1CC21CCN(CC2)C1CCOCC1)N1CCN(CC1)C1CCCC1,0.5,-0.301029996,test,<rdkit.Chem.rdchem.Mol object at 0x7f52bd181380>
N#CC1(CC1)N=C([C@@H]1CCCC[C@H]1C(=O)N1CCN(CC1)c1ccc(cc1)S(=O)(=O)C)O,0.5,-0.301029996,train,<rdkit.Chem.rdchem.Mol object at 0x7f52bd1813f0>
N#CN=C(N[C@H]1CCCCN(C1=O)CC(=O)N1CCCC1)Nc1ccc2c(c1)cc(o2)C,0.5,-0.301029996,train,<rdkit.Chem.rdchem.Mol object at 0x7f52bd181460>
OCCN1CC(C1)S(=O)(=O)c1ccc2c(c1)nc(n2CCN(C)C)CC(C)(C)C,0.5,-0.301029996,train,<rdkit.Chem.rdchem.Mol object at 0x7f52bd1814d0>
O=C(C1(CCCN1)CCC(C)(C)C)c1ccc2c(c1)c[nH]n2,0.5,-0.301029996,train,<rdkit.Chem.rdchem.Mol object at 0x7f52bd1815b0>
N#CC1(CCN(CC1)Cc1cc(C(=O)NC2CCOCC2)c(=O)n2c1cccc2)c1ccccn1,0.5,-0.301029996,train,<rdkit.Chem.rdchem.Mol object at 0x7f52bd181620>
O[C@H]1CCC[C@H](C1)N=C(c1noc(c1CNC(C)C)c1ccc(cc1)C(F)(F)F)O,0.5,-0.301029996,train,<rdkit.Chem.rdchem.Mol object at 0x7f52bd181700>
OC(=O)[C@H]1NC[C@H](C1)OCc1ccc(cc1)Cl,0.5,-0.301029996,train,<rdkit.Chem.rdchem.Mol object at 0x7f52bd181770>
F[C@@H]1CN([C@@H](C1)c1nc(C(=NCc2ccc(cc2)F)O)c(c(=O)n1C)O)C,0.5,-0.301029996,test,<rdkit.Chem.rdchem.Mol object at 0x7f52bd1817e0>
N#CCN=C([C@@H]1CCCC[C@H]1C(=O)N1CCN(CC1)c1ccccc1)O,0.5,-0.301029996,test,<rdkit.Chem.rdchem.Mol object at 0x7f52bd181850>
COc1ccc(cc1)C#Cc1ccc(c(c1)F)C(=O)N1CCC[C@H](C1)O,0.5,-0.301029996,train,<rdkit.Chem.rdchem.Mol object at 0x7f52bd1818c0>
N#CC1(CC1)N=C([C@@H]1CCCC[C@H]1C(=O)N1CCN(CC1)c1ccc(cc1)F)O,0.5,-0.301029996,train,<rdkit.Chem.rdchem.Mol object at 0x7f52bd181930>
N#CCN=C([C@@H]1CCCC[C@H]1C(=O)N1CCN(CC1)c1ccc(cc1)S(=O)(=O)C)O,0.5,-0.301029996,train,<rdkit.Chem.rdchem.Mol object at 0x7f52bd1819a0>
N#CCN=C([C@@H]1CCCC[C@H]1C(=O)N1CCN(CC1)c1ccc(cc1)OC)O,0.5,-0.301029996,train,<rdkit.Chem.rdchem.Mol object at 0x7f52bd181a10>
O=C1[C@@H](N=C(/C(=N\OC(C(=O)O)(C)C)/c2csc(=N)[nH]2)O)[C@H](N1S(=O)(=O)O)Cn1nnc(c1)COCc1cc(=O)c(cn1O)O,0.5,-0.301029996,train,<rdkit.Chem.rdchem.Mol object at 0x7f52bd181a80>
OC[C@H](c1ccc(c(c1)F)Cl)N=C(N1CCc2c(C1)nc(nc2)NC1CCOCC1)O,0.5,-0.301029996,train,<rdkit.Chem.rdchem.Mol object at 0x7f52bd181b60>
N#Cc1cccc2c1nc(n2c1ccc(s1)C(=O)NC1CC1)C,0.499,-0.301899454,train,<rdkit.Chem.rdchem.Mol object at 0x7f52bd181bd0>
COc1ccc2[nH]cc(CCNC(C)=O)c2c1,0.498,-0.302770657,test,<rdkit.Chem.rdchem.Mol object at 0x7f52bd181cb0>
N[C@H](Cc1cc(F)c(cc1F)F)CC(=O)N1CCN(CC1)C(=O)c1ccccn1,0.497,-0.303643611,train,<rdkit.Chem.rdchem.Mol object at 0x7f52bd181d20>
O=C(C(c1ccccc1)(C1CCCC1)O)OC1CC[N+](C1)(C)C,0.495,-0.305394801,train,<rdkit.Chem.rdchem.Mol object at 0x7f52bd181d90>
CCC1(c2ccccc2)C(=O)NC(=O)NC1=O,0.495,-0.305394801,train,<rdkit.Chem.rdchem.Mol object at 0x7f52bd181e00>
OC(=O)c1cc(CN2CCN(CC2)c2ccccc2)c2n(c1=O)cccc2,0.495,-0.305394801,train,<rdkit.Chem.rdchem.Mol object at 0x7f52bd181e70>
Cc1cccc(N2CC(CO)OC2=O)c1,0.4925,-0.307593765,train,<rdkit.Chem.rdchem.Mol object at 0x7f52bd181ee0>
CN1CCC(=C2c3ccccc3CCn3c(C=O)cnc32)CC1,0.4905,-0.309360988,train,<rdkit.Chem.rdchem.Mol object at 0x7f52bd181f50>
CC[C@H]1OC(=O)[C@H](C)[C@@H](O[C@@H]2O[C@@H](C)[C@@H]([C@](C2)(C)OC)O)C(C)[C@@H](O[C@@H]2O[C@H](C)C[C@@H]([C@H]2O)N(C)C)[C@](C[C@H](CN([C@@H]([C@H]([C@]1(C)O)O)C)C)C)(C)O,0.49,-0.30980392,train,<rdkit.Chem.rdchem.Mol object at 0x7f52bd182030>
CO/N=C(\C(=O)N[C@@H]1C(=O)N2C(C(=O)O)=C(COC(C)=O)CS[C@H]12)c1csc(N)n1,0.49,-0.30980392,test,<rdkit.Chem.rdchem.Mol object at 0x7f52bd1820a0>
OCCn1nc(c(c1CC)Oc1cc(C#N)cc(c1)C#N)CC,0.49,-0.30980392,train,<rdkit.Chem.rdchem.Mol object at 0x7f52bd182110>
NCC(=O)N(Cc1ccc(c(c1)Cl)c1ccc(cc1)N1CCOc2c(C1=O)c(N)ncn2)C,0.49,-0.30980392,train,<rdkit.Chem.rdchem.Mol object at 0x7f52bd1821f0>
N#CC1(CC1)N=C([C@@H]1CCCC[C@H]1C(=O)N1CCN(CC1)c1nc2c(s1)COCC2)O,0.49,-0.30980392,train,<rdkit.Chem.rdchem.Mol object at 0x7f52bd182260>
N#CC1(CC1)N=C([C@@H]1CCCC[C@H]1C(=O)N1CCN(C[C@H]1C)c1ccc2c(c1)c(C)nnc2C)O,0.49,-0.30980392,train,<rdkit.Chem.rdchem.Mol object at 0x7f52bd1822d0>
COC(=O)C(N=C(C(c1ccc(cc1)CC(C)C)C)O)CC(C)C,0.49,-0.30980392,train,<rdkit.Chem.rdchem.Mol object at 0x7f52bd182340>
CN[C@H](C(=N[C@H]1CCC[C@@H]2N(C1=O)[C@@H]1CN(CC[C@@H]1C2)CCC1CCCCC1)O)C,0.49,-0.30980392,train,<rdkit.Chem.rdchem.Mol object at 0x7f52bd1823b0>
CN[C@H](C(=N[C@H]1CCC[C@@H]2N(C1=O)[C@@H]1CN(CC[C@@H]1C2)CCc1ccccc1F)O)C,0.49,-0.30980392,train,<rdkit.Chem.rdchem.Mol object at 0x7f52bd182420>
CSC1=NN=C(C(=O)N1N)C(C)(C)C,0.488841667,-0.310831784,test,<rdkit.Chem.rdchem.Mol object at 0x7f52bd182490>
CC1CN=C(N)C2SC=CC=2O1,0.4885,-0.311135432,train,<rdkit.Chem.rdchem.Mol object at 0x7f52bd182500>
CN1C(=O)N(CC(C)C)C2SC(CC3=C(C)NN=C3C)=C(C=2C1=O)C(=O)N1CC(O)CO1,0.4885,-0.311135432,test,<rdkit.Chem.rdchem.Mol object at 0x7f52bd182570>
CC(C)NC1N=C(N)N=C(Cl)N=1,0.486,-0.313363731,train,<rdkit.Chem.rdchem.Mol object at 0x7f52bd182650>
CCOC1C=CC(N)=CC=1,0.485,-0.314258261,train,<rdkit.Chem.rdchem.Mol object at 0x7f52bd1826c0>
COC1C=C(C)C(=C(C)C=1)S(=O)(=O)N(C)CCOCC(=O)N1CCC(CC1)C1CCN(C)CC1,0.4827,-0.316322701,train,<rdkit.Chem.rdchem.Mol object at 0x7f52bd1827a0>
CCCSC1N=C2C(N=CN2C2OC(CO)C(O)C2O)=C(N)N=1,0.4827,-0.316322701,train,<rdkit.Chem.rdchem.Mol object at 0x7f52bd182810>
CCCCS(=O)(=O)NC(CC1C=CC(=CC=1)OCCCCC1CCNCC1)C(O)=O,0.481871352,-0.317068892,train,<rdkit.Chem.rdchem.Mol object at 0x7f52bd182880>
CNC(=O)ON=CC(C)(C)SC,0.480819502,-0.318017926,train,<rdkit.Chem.rdchem.Mol object at 0x7f52bd1828f0>
CN1CCCC1c1nc(C(=NCc2ccc(cc2)F)O)c(c(=O)n1C)O,0.48,-0.318758763,train,<rdkit.Chem.rdchem.Mol object at 0x7f52bd182a40>
NCCC(=O)N(Cc1ccc(c(c1)Cl)c1ccc(cc1)N1CCOc2c(C1=O)c(N)ncn2)C,0.48,-0.318758763,test,<rdkit.Chem.rdchem.Mol object at 0x7f52bd182ab0>
OC[C@H]1N(CCCCCCOCc2ccccc2)C[C@@H]([C@H]([C@@H]1O)O)O,0.48,-0.318758763,train,<rdkit.Chem.rdchem.Mol object at 0x7f52bd182b20>
N#CC1(CCN(CC1)Cc1cc(C(=O)N[C@H]2CCCC[C@@H]2O)c(=O)n2c1cccc2)c1ccccn1,0.48,-0.318758763,train,<rdkit.Chem.rdchem.Mol object at 0x7f52bd182b90>
CN[C@H](C(=N[C@H]1CCC[C@@H]2N(C1=O)[C@@H]1CN(CC[C@@H]1C2)CCc1ccc(cc1)F)O)C,0.48,-0.318758763,train,<rdkit.Chem.rdchem.Mol object at 0x7f52bd182c00>
CN[C@H](C(=N[C@H]1CCC[C@@H]2N(C1=O)[C@@H]1CN(CC[C@@H]1C2)CCc1ccccc1C)O)C,0.48,-0.318758763,train,<rdkit.Chem.rdchem.Mol object at 0x7f52bd182c70>
O=C1CN(CCN1c1ccccc1)Cc1cc(C(=O)O)c(=O)n2c1cccc2,0.479,-0.319664487,train,<rdkit.Chem.rdchem.Mol object at 0x7f52bd182ce0>
COC1=CC=CC(OC)=C1C(=O)NC1C2SC(C)(C)C(C(O)=O)N2C1=O,0.474999997,-0.323306394,train,<rdkit.Chem.rdchem.Mol object at 0x7f52bd182d50>
CC(=O)N1CCC(CC1)C(=O)N(c1ccc(c(c1)Cl)C)CCCN1CCC(CC1)Cc1ccc(cc1)C(=O)N,0.47,-0.327902142,train,<rdkit.Chem.rdchem.Mol object at 0x7f52bd182dc0>
OC(=NCc1ccc(=N)[nH]c1C)Cn1c(C)cc(c(c1=O)N)S(=O)(=O)NCC1CC1,0.47,-0.327902142,train,<rdkit.Chem.rdchem.Mol object at 0x7f52bd182e30>
CN[C@H](C(=N[C@H]1CCC[C@@H]2N(C1=O)[C@@H]1CN(CC[C@@H]1C2)CCc1cccc(c1)C)O)C,0.47,-0.327902142,train,<rdkit.Chem.rdchem.Mol object at 0x7f52bd182f10>
CN[C@H](C(=N[C@H]1CCC[C@@H]2N(C1=O)[C@@H]1CN(CC[C@@H]1C2)CCc1ccc(cc1)N(=O)=O)O)C,0.47,-0.327902142,train,<rdkit.Chem.rdchem.Mol object at 0x7f52bd182f80>
CN[C@H](C(=N[C@H]1CCC[C@@H]2N(C1=O)[C@@H]1CN(CCCc3ccccc3)CC[C@@H]1C2)O)C,0.47,-0.327902142,train,<rdkit.Chem.rdchem.Mol object at 0x7f52bd182ff0>
CN[C@H](C(=N[C@H]1CCC[C@@H]2N(C1=O)[C@@H]1CN(CC[C@@H]1C2)CCc1cccc(c1)OC)O)C,0.47,-0.327902142,train,<rdkit.Chem.rdchem.Mol object at 0x7f52bd183060>
CN[C@H](C(=N[C@H]1CCC[C@@H]2N(C1=O)[C@@H]1CN(CC[C@@H]1C2)CCc1ccc(cc1)OC)O)C,0.47,-0.327902142,train,<rdkit.Chem.rdchem.Mol object at 0x7f52bd1830d0>
[O-][N+]1C=C(C=CC=1Cl)C(=O)NC1C=CC(F)=CC=1,0.4655,-0.332080315,train,<rdkit.Chem.rdchem.Mol object at 0x7f52bd183140>
CC(=O)NC1=NC(CCC2=CC=C(C=C2)N=C(N)N)=CS1,0.4655,-0.332080315,test,<rdkit.Chem.rdchem.Mol object at 0x7f52bd1831b0>
COC1C=CC2N=CC(=O)N(CCN3CCC(CC3)NCC3=CC4OCCOC=4C=N3)C=2N=1,0.4655,-0.332080315,train,<rdkit.Chem.rdchem.Mol object at 0x7f52bd183220>
CC1C=C(F)C=CC=1OC1CCN(CC2CCN(CC2)C(C)(CC2=CC=C(F)C=C2)C(O)=O)CC1,0.4655,-0.332080315,train,<rdkit.Chem.rdchem.Mol object at 0x7f52bd183290>
CCN(CC)CCCC(C)Nc1ccnc2cc(Cl)ccc12,0.465,-0.332547047,train,<rdkit.Chem.rdchem.Mol object at 0x7f52bd183300>
Cc1ccc(N(CC2=NCCN2)c2cccc(O)c2)cc1,0.460000005,-0.337242164,train,<rdkit.Chem.rdchem.Mol object at 0x7f52bd1833e0>
C1CCN(CC1)CCCOc1ccc(cc1)CN1CCCCC1,0.46,-0.337242168,train,<rdkit.Chem.rdchem.Mol object at 0x7f52bd183530>
COCCOc1cc2[nH]cc(c(=Nc3ccc(cc3F)F)c2cc1N1CCN(CC1)C)C(=N)O,0.46,-0.337242168,train,<rdkit.Chem.rdchem.Mol object at 0x7f52bd1835a0>
CC(CC(=Nc1n[nH]c2c1CN(C2(C)C)C(=O)C1CCN(CC1)C)O)C,0.46,-0.337242168,train,<rdkit.Chem.rdchem.Mol object at 0x7f52bd183610>
Clc1cc(C)c(c(n1)C)C(=NCC[C@H](N1CCC(CC1)N(C(=Nc1cccnc1)O)Cc1ccsc1)C)O,0.46,-0.337242168,train,<rdkit.Chem.rdchem.Mol object at 0x7f52bd1836f0>
CN=C(N(C1CCN(CC1)[C@@H](CCN=C(c1c(C)cc(nc1C)Cl)O)C)Cc1ccsc1)O,0.46,-0.337242168,train,<rdkit.Chem.rdchem.Mol object at 0x7f52bd183760>
O=C1[C@@H](N=C(/C(=N\OC(C(=O)O)(C)C)/c2csc(=N)[nH]2)O)[C@H](N1S(=O)(=O)O)CNC(=O)c1onc(c1)c1cc(=O)c(cn1O)O,0.46,-0.337242168,train,<rdkit.Chem.rdchem.Mol object at 0x7f52bd1837d0>
CC(CC)SP(=O)(OCC)N1CCSC1=O,0.459984002,-0.337257273,train,<rdkit.Chem.rdchem.Mol object at 0x7f52bd1838b0>
CC(C)(C)NS(=O)(=O)C1C=C(C=NC=1)C1=CN2N=C(NC(=O)NCC(=O)N3CCOCC3)N=C2C=C1,0.4598,-0.337431033,train,<rdkit.Chem.rdchem.Mol object at 0x7f52bd183990>
COC1=CC2OC3OC=CC3C=2C2OC(=O)C3=C(CCC3=O)C1=2,0.458,-0.339134522,train,<rdkit.Chem.rdchem.Mol object at 0x7f52bd183ae0>
COC(=O)NS(=O)(=O)C1C=CC(N)=CC=1,0.456,-0.341035157,train,<rdkit.Chem.rdchem.Mol object at 0x7f52bd183bc0>
CC1(N=C(NC1=O)C1=NC=C(COC)C=C1C(O)=O)C(C)C,0.454137335,-0.342812793,train,<rdkit.Chem.rdchem.Mol object at 0x7f52bd183ca0>
CC1=CC(=NN1C1=C2C=C(NC2=NC=C1C1=CC(=CN=C1)C(O)=O)C(=O)NCC)C(F)(F)F,0.4541,-0.342848498,train,<rdkit.Chem.rdchem.Mol object at 0x7f52bd183d10>
Nc1c2c(nc3ccccc13)CCCC2,0.45,-0.346787486,train,<rdkit.Chem.rdchem.Mol object at 0x7f52bd183ed0>
CCC1(CCC(C)C)C(=NC(=O)N=C1O)O,0.45,-0.346787486,train,<rdkit.Chem.rdchem.Mol object at 0x7f52bd183f40>
Cc1cccc(C)c1OCC(C)N,0.45,-0.346787486,test,<rdkit.Chem.rdchem.Mol object at 0x7f52bd184040>
CCCC(C)C1(CC)C(=O)NC(=O)NC1=O,0.45,-0.346787486,train,<rdkit.Chem.rdchem.Mol object at 0x7f52bd1840b0>
Nc1ccc(S(=O)(=O)Nc2ncccn2)cc1,0.45,-0.346787486,test,<rdkit.Chem.rdchem.Mol object at 0x7f52bd184120>
CC1(C)S[C@@H]2[C@H](NC(=O)COc3ccccc3)C(=O)N2[C@H]1C(=O)O,0.45,-0.346787486,train,<rdkit.Chem.rdchem.Mol object at 0x7f52bd184190>
COC(=O)CCc1ccc(OCC(O)CNC(C)C)cc1,0.45,-0.346787486,train,<rdkit.Chem.rdchem.Mol object at 0x7f52bd184200>
CCOC(=O)[C@H](CCc1ccccc1)N[C@@H](C)C(=O)N1CCC[C@H]1C(=O)O,0.45,-0.346787486,train,<rdkit.Chem.rdchem.Mol object at 0x7f52bd184270>
N#CC1(CC1)N=C([C@@H]1CCCC[C@H]1C(=O)N1CCN(CC1)c1ccc(c(c1)OC)OC)O,0.45,-0.346787486,train,<rdkit.Chem.rdchem.Mol object at 0x7f52bd1842e0>
OC(=N[C@H]1CC(=O)N(C1)S(=O)(=O)N=C(N1[C@@H](C)[C@@H](C1=O)N=C(/C(=N\OC(C(=O)O)(C)C)/c1csc(=N)[nH]1)O)O)CN=C(c1cc(=O)c(cn1O)O)O,0.45,-0.346787486,train,<rdkit.Chem.rdchem.Mol object at 0x7f52bd184350>
CC1CN(CCC1(C(O)=O)C1=CC=CC=C1)C1CCC(CC1)(C#N)C1=CC=C(F)C=C1,0.449999998,-0.346787489,train,<rdkit.Chem.rdchem.Mol object at 0x7f52bd1843c0>
CC(=O)/N=c1/sc(S(N)(=O)=O)nn1C,0.449999995,-0.346787491,train,<rdkit.Chem.rdchem.Mol object at 0x7f52bd184430>
CC1C=CC=C(C(N)=O)C=1NC(=O)C1C=CC=CC=1,0.4484,-0.348334396,train,<rdkit.Chem.rdchem.Mol object at 0x7f52bd1844a0>
CN1CCN(CC1)C1C=CC(=CC=1)C1N=C(NCCN2CCOCC2)C2=CC(OC)=C(C=C2N=1)OC,0.4484,-0.348334396,train,<rdkit.Chem.rdchem.Mol object at 0x7f52bd184510>
Nc1nnc(-c2cccc(Cl)c2Cl)c(N)n1,0.446335073,-0.350338985,train,<rdkit.Chem.rdchem.Mol object at 0x7f52bd184580>
CN(C)CCNC1C=C2C(NC3C=CC(F)=CC=3F)=C(C=NC2=CC=1OC)C(N)=O,0.4427,-0.353890478,train,<rdkit.Chem.rdchem.Mol object at 0x7f52bd1846d0>
COC1C=C2C(NC3C=CC(F)=CC=3F)=C(C=NC2=CC=1NCCN(C)C)C(N)=O,0.4427,-0.353890478,train,<rdkit.Chem.rdchem.Mol object at 0x7f52bd184740>
COC1C=CC2N=NC(=O)N(CCN3CCC(CC3)NCC3C=CC4OCC(=O)NC=4N=3)C=2C=1,0.4427,-0.353890478,train,<rdkit.Chem.rdchem.Mol object at 0x7f52bd1847b0>
C[C@H]1[C@H](NC(=O)/C(=N\OC(C)(C)C(=O)O)c2csc(N)n2)C(=O)N1S(=O)(=O)O,0.44,-0.356547324,test,<rdkit.Chem.rdchem.Mol object at 0x7f52bd184890>
N#Cc1ccc(c(c1CC(=NCCONC(=N)N)O)F)NCC(c1ccccn1)(F)F,0.44,-0.356547324,train,<rdkit.Chem.rdchem.Mol object at 0x7f52bd184900>
C[C@@H]1CCCN1CCc1ccc2c(c1)ccc(n2)c1cc2cccnc2nc1C,0.44,-0.356547324,train,<rdkit.Chem.rdchem.Mol object at 0x7f52bd184970>
Clc1cc(C)c(c(n1)C)C(=NCC[C@H](N1CCC(CC1)N(C(=O)CN1CCOC1=O)Cc1ccsc1)C)O,0.44,-0.356547324,train,<rdkit.Chem.rdchem.Mol object at 0x7f52bd1849e0>
O=C(N[C@H](CO)[C@H](O)c1ccc([N+](=O)[O-])cc1)C(Cl)Cl,0.438,-0.358525889,test,<rdkit.Chem.rdchem.Mol object at 0x7f52bd184ac0>
CCNC(=O)NC(=O)C(C#N)=NOC,0.437,-0.359518563,train,<rdkit.Chem.rdchem.Mol object at 0x7f52bd184b30>
CCOC(=O)COC1C=C(C2=NN(C)C(OC(F)F)=C2Cl)C(F)=CC=1Cl,0.435,-0.361510743,train,<rdkit.Chem.rdchem.Mol object at 0x7f52bd184ba0>
Fc1ccc(cn1)c1cc(cnc1N)c1ccc(cc1)S(=O)(=O)C,0.431,-0.36552273,train,<rdkit.Chem.rdchem.Mol object at 0x7f52bd184cf0>
Nc1ccc(O)c(C(=O)O)c1,0.430000001,-0.366531544,train,<rdkit.Chem.rdchem.Mol object at 0x7f52bd184d60>
CN1N=NN=C1SCC1COC2N(C=1C(O)=O)C(=O)C2(NC(=O)C(C1C=CC(O)=CC=1)C(O)=O)OC,0.43,-0.366531544,train,<rdkit.Chem.rdchem.Mol object at 0x7f52bd184dd0>
CCCN1CCC(CC1)c1nc2c([nH]1)c(ccc2)C(=N)O,0.43,-0.366531544,train,<rdkit.Chem.rdchem.Mol object at 0x7f52bd184e40>
CN[C@@H]1CCN(C1)c1nc(=N)[nH]c2c1oc1c2cc(cn1)Cl,0.43,-0.366531544,train,<rdkit.Chem.rdchem.Mol object at 0x7f52bd184eb0>
COCCON=C(N(C1CCN(CC1)[C@@H](CCN=C(c1c(C)cc(nc1C)Cl)O)C)Cc1ccsc1)O,0.43,-0.366531544,test,<rdkit.Chem.rdchem.Mol object at 0x7f52bd184f20>
OC(=O)C[C@@H](C(=N[C@H]1CC(=O)N(C1)S(=O)(=O)N=C(N1[C@@H](C)[C@@H](C1=O)N=C(/C(=N\OC(C(=O)O)(C)C)/c1csc(=N)[nH]1)O)O)O)N=C(c1cc(=O)c(cn1O)O)O,0.43,-0.366531544,train,<rdkit.Chem.rdchem.Mol object at 0x7f52bd184f90>
N=C1C=NN(C(=O)C1Cl)C1C=CC=CC=1,0.427554332,-0.369008689,train,<rdkit.Chem.rdchem.Mol object at 0x7f52bd185000>
COC(=O)NC(=S)NC1C=CC=CC=1NC(=S)NC(=O)OC,0.427375873,-0.36919,train,<rdkit.Chem.rdchem.Mol object at 0x7f52bd185070>
CN1CCN(C(=O)C1)c1ccc(cc1)C1ON=C(C1)c1ccc(o1)N(=O)=O,0.426,-0.370590401,train,<rdkit.Chem.rdchem.Mol object at 0x7f52bd1850e0>
CCCn1c(=O)[nH]c(=O)c2nc[nH]c21,0.425252867,-0.37135275,test,<rdkit.Chem.rdchem.Mol object at 0x7f52bd185150>
CC(C)N(CCC(C(N)=O)(c1ccccc1)c1ccccn1)C(C)C,0.425,-0.37161107,train,<rdkit.Chem.rdchem.Mol object at 0x7f52bd1851c0>
CO[C@@H]1COCC[C@@H]1N[C@@H]1CC[C@](C1)(C(C)C)C(=O)N1CCN(CC1)c1nccc(c1)C(F)(F)F,0.425,-0.37161107,train,<rdkit.Chem.rdchem.Mol object at 0x7f52bd1852a0>
CCC(C)C(=O)OC1CC(O)C=C2C=CC(C)C(CCC(O)CC(O)CC(O)=O)C21,0.424852916,-0.371761397,train,<rdkit.Chem.rdchem.Mol object at 0x7f52bd185310>
CC1=CC=C(N)C=C1,0.422,-0.374687549,train,<rdkit.Chem.rdchem.Mol object at 0x7f52bd1853f0>
CNC(=O)OC1=CC=CC2CC(C)(C)OC1=2,0.421324918,-0.375382856,train,<rdkit.Chem.rdchem.Mol object at 0x7f52bd185460>
CCC([N+]12CCC(CC1)[C@H](C2)OC(=O)[C@](c1ccccc1)(N1CCCCC1)C)CC,0.421,-0.375717904,train,<rdkit.Chem.rdchem.Mol object at 0x7f52bd1854d0>
CCNC(=O)C1OC(C(O)C1O)N1C=NC2=C(N)N=C(NCCC3=CC=C(CCC(O)=O)C=C3)N=C12,0.4201,-0.376647318,train,<rdkit.Chem.rdchem.Mol object at 0x7f52bd185540>
CCOC(=O)C1(c2ccccc2)CCN(C)CC1,0.42,-0.37675071,test,<rdkit.Chem.rdchem.Mol object at 0x7f52bd1855b0>
c1cc(CN2CCCNCCNCCCNCC2)ccc1CN1CCCNCCNCCCNCC1,0.42,-0.37675071,test,<rdkit.Chem.rdchem.Mol object at 0x7f52bd185620>
C[C@@H](c1ncncc1F)[C@](O)(Cn1cncn1)c1ccc(F)cc1F,0.42,-0.37675071,test,<rdkit.Chem.rdchem.Mol object at 0x7f52bd185690>
Clc1ccc2c(c1)cc([nH]2)C(=O)N1CCNCC1,0.42,-0.37675071,test,<rdkit.Chem.rdchem.Mol object at 0x7f52bd185700>
O=C(C(c1ccccc1)(C1CCCC1)C)OC1CC[N+](CC1)(C)C,0.42,-0.37675071,train,<rdkit.Chem.rdchem.Mol object at 0x7f52bd185770>
Cc1ccc(cc1c1ccn2c(c1)nnc2C(C)(C)C)C(=NC1CC1)O,0.42,-0.37675071,train,<rdkit.Chem.rdchem.Mol object at 0x7f52bd185850>
NCCCC(=O)N(Cc1ccc(c(c1)Cl)c1ccc(cc1)N1CCOc2c(C1=O)c(N)ncn2)C,0.42,-0.37675071,train,<rdkit.Chem.rdchem.Mol object at 0x7f52bd185930>
CON=C(N(C1CCN(CC1)[C@@H](CCN=C(c1c(C)cc(nc1C)Cl)O)C)Cc1ccsc1)O,0.42,-0.37675071,train,<rdkit.Chem.rdchem.Mol object at 0x7f52bd1859a0>
CON=C(N(C1CCN(CC1)[C@@H](CCN=C(c1c(C)cc(nc1C)C(=O)NC(C)C)O)C)Cc1ccsc1)O,0.42,-0.37675071,train,<rdkit.Chem.rdchem.Mol object at 0x7f52bd185a10>
N#CC1(CC1)N=C([C@@H]1CCCC[C@H]1C(=O)N1CCN(CC1)c1nc2c(s1)cc(cc2)S(=O)(=O)C)O,0.42,-0.37675071,train,<rdkit.Chem.rdchem.Mol object at 0x7f52bd185a80>
CCN=C(Nc1sc2c(n1)cc(c(=O)n2C(C)C)c1ccn(c(=O)c1)CC)O,0.42,-0.37675071,train,<rdkit.Chem.rdchem.Mol object at 0x7f52bd185af0>
CCCC(C)(COC(N)=O)COC(=O)NC(C)C,0.419999995,-0.376750715,train,<rdkit.Chem.rdchem.Mol object at 0x7f52bd185bd0>
CNC(=O)N(C)C1=NN=C(S1)C(C)(C)C,0.417537,-0.379305034,train,<rdkit.Chem.rdchem.Mol object at 0x7f52bd185cb0>
O=C1CCC(N2C(=O)c3ccccc3C2=O)C(=O)N1,0.413333335,-0.383699568,train,<rdkit.Chem.rdchem.Mol object at 0x7f52bd185d20>
Cn1c(=O)c2nc[nH]c2n(C)c1=O,0.41,-0.387216143,train,<rdkit.Chem.rdchem.Mol object at 0x7f52bd185d90>
N=c1nc(N2CCNCC2)c2c([nH]1)C(CCCC2)c1ccccc1,0.41,-0.387216143,train,<rdkit.Chem.rdchem.Mol object at 0x7f52bd185e00>
CCN=C(Nc1ccc(cc1)c1nc(N2CCOC[C@@H]2C)c2c(n1)[C@](C)(CCN(C)C)OC2)O,0.41,-0.387216143,train,<rdkit.Chem.rdchem.Mol object at 0x7f52bd185e70>
CN1CCC(CC1)NC(=O)c1ccc(cc1)Oc1ccc(cc1)C#C[C@]1(O)CN2CCC1CC2,0.41,-0.387216143,train,<rdkit.Chem.rdchem.Mol object at 0x7f52bd185ee0>
COC1C=CC(CC(C)(C)NCC(O)C2C=C(O)C=C3NC(=O)COC3=2)=CC=1,0.4089,-0.388382889,test,<rdkit.Chem.rdchem.Mol object at 0x7f52bd185f50>
CC1C=C(N)C(=CC=1)OC,0.40430712,-0.393288611,train,<rdkit.Chem.rdchem.Mol object at 0x7f52bd185fc0>
CC1=NC(=O)N(CCN2CCC(CC2)NCC2=CC3OCCOC=3C=N2)C2C=C(C=CC1=2)OC,0.4034,-0.394264106,train,<rdkit.Chem.rdchem.Mol object at 0x7f52bd186030>
O=C1N(CC2CO2)C(=O)N(CC2CO2)C(=O)N1CC1CO1,0.402,-0.395773947,train,<rdkit.Chem.rdchem.Mol object at 0x7f52bd186110>
O=C(CCl)NC1C=CC=CC=1,0.401,-0.396855627,train,<rdkit.Chem.rdchem.Mol object at 0x7f52bd186180>
CC1=CC2=C(C=C1C)N=C1C(=NC(=O)NC1=O)N2CC(O)C(O)C(O)CO,0.400000005,-0.397940003,train,<rdkit.Chem.rdchem.Mol object at 0x7f52bd1861f0>
CCC1(CC)C(=O)NCC(C)C1=O,0.400000005,-0.397940003,train,<rdkit.Chem.rdchem.Mol object at 0x7f52bd1862d0>
NC(=O)C[S+]([O-])C(c1ccccc1)c1ccccc1,0.400000005,-0.397940003,train,<rdkit.Chem.rdchem.Mol object at 0x7f52bd186340>
CN1CCN(C(c2ccccc2)c2ccccc2)CC1,0.400000005,-0.397940003,test,<rdkit.Chem.rdchem.Mol object at 0x7f52bd186420>
CC(Oc1c(Cl)cccc1Cl)C1=NCCN1,0.400000005,-0.397940003,test,<rdkit.Chem.rdchem.Mol object at 0x7f52bd186490>
CC(NC(CCC)C(=O)OCC)C(=O)N1C2CCCCC2CC1C(O)=O,0.400000005,-0.397940003,train,<rdkit.Chem.rdchem.Mol object at 0x7f52bd186500>
CC(CC#CC)C(O)C=CC1C2CC(CC2CC1O)=CCCCC(O)=O,0.400000003,-0.397940006,train,<rdkit.Chem.rdchem.Mol object at 0x7f52bd186570>
COc1cc(OC)c(C(=O)CCCN2CCCC2)c(OC)c1,0.4,-0.397940009,train,<rdkit.Chem.rdchem.Mol object at 0x7f52bd1865e0>
CN1N=NN=C1SCC1CSC2C(NC(=O)C(=NOC)C3=CSC(N)=N3)C(=O)N2C=1C(O)=O,0.4,-0.397940009,train,<rdkit.Chem.rdchem.Mol object at 0x7f52bd186650>
N#Cc1ccc(C(c2ccc(C#N)cc2)n2cncn2)cc1,0.4,-0.397940009,train,<rdkit.Chem.rdchem.Mol object at 0x7f52bd1866c0>
Cc1ccnc2c1NC(=O)c1cccnc1N2C1CC1,0.4,-0.397940009,train,<rdkit.Chem.rdchem.Mol object at 0x7f52bd186730>
CN1Cc2c(N)cccc2C(c2ccccc2)C1,0.4,-0.397940009,train,<rdkit.Chem.rdchem.Mol object at 0x7f52bd1867a0>
CCN(C(C)=O)c1cccc(-c2ccnc3c(C#N)cnn23)c1,0.4,-0.397940009,train,<rdkit.Chem.rdchem.Mol object at 0x7f52bd186810>
S=C1NC2=CC=CC=C2N1,0.4,-0.397940009,train,<rdkit.Chem.rdchem.Mol object at 0x7f52bd1868f0>
CCNC1CN(CCCOC)S(=O)(=O)C2SC(=CC=21)S(N)(=O)=O,0.4,-0.397940009,test,<rdkit.Chem.rdchem.Mol object at 0x7f52bd186960>
N[C@@H](C(=O)N[C@@H]1C(=O)N2C(C(=O)O)=C(CSc3c[nH]nn3)CS[C@H]12)c1ccc(O)cc1,0.4,-0.397940009,test,<rdkit.Chem.rdchem.Mol object at 0x7f52bd1869d0>
CN(C)C1CC(C)OC(OC2C(C)C(=O)C(C)C(=O)OC(CC)C3(C)OC(=O)N(CCCCN4C=C(N=C4)C4=CN=CC=C4)C3C(C)C(=O)C(C)CC2(C)OC)C1O,0.4,-0.397940009,train,<rdkit.Chem.rdchem.Mol object at 0x7f52bd186ab0>
OC(=N[C@@H]1C2CCN([C@H]1Cc1cccnc1)CC2)c1cc2c(o1)cccc2,0.4,-0.397940009,train,<rdkit.Chem.rdchem.Mol object at 0x7f52bd186b20>
CN[C@H](C(=N[C@H]1CCC[C@@H]2N(C1=O)[C@@H]1CN(CC[C@@H]1C2)S(=O)(=O)Cc1ccccc1)O)C,0.4,-0.397940009,train,<rdkit.Chem.rdchem.Mol object at 0x7f52bd186b90>
O[C@H]1CCCC[C@@H]1NC(=O)c1cc(CN2CCN(CC2)c2ccc(cn2)C)c2n(c1=O)cccc2,0.399,-0.399027104,train,<rdkit.Chem.rdchem.Mol object at 0x7f52bd186c70>
O=C1COCCN1c1ccc(cn1)C1ON=C(C1)c1ccc(o1)N(=O)=O,0.398,-0.400116928,train,<rdkit.Chem.rdchem.Mol object at 0x7f52bd186ce0>
CSCCC(NC(=O)C1C=NC=CN=1)C1NC2=CC=CC=C2N=1,0.3978,-0.400335221,train,<rdkit.Chem.rdchem.Mol object at 0x7f52bd186d50>
NC(=O)N(C1C(F)=CC=CC=1F)C1C=CC(=C(N=1)C1C=CC(F)=CC=1F)C(N)=O,0.3923,-0.406381692,train,<rdkit.Chem.rdchem.Mol object at 0x7f52bd186dc0>
CC(O)(C(=O)NC1C=CC(=CC=1Cl)S(C)(=O)=O)C(F)(F)F,0.3923,-0.406381692,train,<rdkit.Chem.rdchem.Mol object at 0x7f52bd186e30>
[O-][N+](=O)C1C=C(C=CC=1)[N+]([O-])=O,0.391,-0.407823243,train,<rdkit.Chem.rdchem.Mol object at 0x7f52bd186ea0>
CN1CCN(C(=O)C1)c1ccc(cc1F)C1ON=C(C1)c1ccc(o1)N(=O)=O,0.391,-0.407823243,train,<rdkit.Chem.rdchem.Mol object at 0x7f52bd186f10>
O=C1CN=C(c2ccccn2)c2cc(Br)ccc2N1,0.39,-0.408935393,test,<rdkit.Chem.rdchem.Mol object at 0x7f52bd186f80>
CC1=C(C(=O)O)N2C(=O)[C@@H](NC(=O)[C@H](N)c3ccc(O)cc3)[C@H]2SC1,0.39,-0.408935393,test,<rdkit.Chem.rdchem.Mol object at 0x7f52bd186ff0>
CC(C)(C)NCC(O)COc1ccc(NC(=O)NC2CCCCC2)cc1,0.39,-0.408935393,test,<rdkit.Chem.rdchem.Mol object at 0x7f52bd187060>
OC(=O)C[C@H](N1CCN(C1=O)CCCc1ccc2c(n1)NCCC2)c1cccnc1,0.39,-0.408935393,train,<rdkit.Chem.rdchem.Mol object at 0x7f52bd187140>
OC1=Nc2c(CC1)cc(cc2)c1cccnc1,0.39,-0.408935393,train,<rdkit.Chem.rdchem.Mol object at 0x7f52bd1871b0>
Fc1cnc(nc1)[C@@H](N=c1ccc2c([nH]1)n(cn2)c1n[nH]c(c1)C)C,0.39,-0.408935393,test,<rdkit.Chem.rdchem.Mol object at 0x7f52bd187220>
Fc1ccc2c(c1)c1[nH]c(=N)nc(c1CCC2)N1CCNCC1,0.39,-0.408935393,train,<rdkit.Chem.rdchem.Mol object at 0x7f52bd187290>
CC(OCC1(CCCN1)C(=O)c1ccc(c(c1)Cl)N)C,0.39,-0.408935393,train,<rdkit.Chem.rdchem.Mol object at 0x7f52bd187370>
N#CCN=C([C@@H]1CCCC[C@H]1C(=O)N1CCN(CC1)c1ccc(cc1)F)O,0.39,-0.408935393,train,<rdkit.Chem.rdchem.Mol object at 0x7f52bd1873e0>
N#CC1(CC1)N=C([C@@H]1CCCC[C@H]1C(=O)N1CCN(C[C@H]1C)c1ccc(c(c1)OC)OC)O,0.39,-0.408935393,test,<rdkit.Chem.rdchem.Mol object at 0x7f52bd187450>
OC1=NN=C([C@H]2[C@@H]1C2)c1ccc(cc1)OCCCN1CCC[C@H]1C,0.39,-0.408935393,train,<rdkit.Chem.rdchem.Mol object at 0x7f52bd1874c0>
CC(C)=CCN1CCC2(C)C(C)C1CC1C=CC(O)=CC2=1,0.388333332,-0.410795331,train,<rdkit.Chem.rdchem.Mol object at 0x7f52bd187530>
[O-][N+](=O)C1=CC=C(C=NN2CC(=O)NC2=O)O1,0.383750001,-0.41595161,test,<rdkit.Chem.rdchem.Mol object at 0x7f52bd187610>
CCC(=NOCC=CCl)C1C(=O)CC(CC1=O)C1CCOCC1,0.382572165,-0.417286631,train,<rdkit.Chem.rdchem.Mol object at 0x7f52bd187680>
CN(CCOc1ccc(NS(C)(=O)=O)cc1)CCc1ccc(NS(C)(=O)=O)cc1,0.382537581,-0.417325893,test,<rdkit.Chem.rdchem.Mol object at 0x7f52bd1876f0>
CC1C=CC=CC=1O,0.380041953,-0.420168459,train,<rdkit.Chem.rdchem.Mol object at 0x7f52bd187760>
CN(C)c1ccc2nc3ccc(=[N+](C)C)cc-3sc2c1,0.38,-0.420216403,train,<rdkit.Chem.rdchem.Mol object at 0x7f52bd1877d0>
Nc1ccc(C(=O)O)c(O)c1,0.38,-0.420216403,train,<rdkit.Chem.rdchem.Mol object at 0x7f52bd187840>
O=C1C2=CC=CC3CCCC(CN1C1CN4CCC1CC4)C=32,0.38,-0.420216403,train,<rdkit.Chem.rdchem.Mol object at 0x7f52bd187920>
O=n1ccc(c(c1C)C(=O)N1CCC(CC1)(C)N1CCC(CC1)N(c1cccnc1)c1ccccc1)C,0.38,-0.420216403,train,<rdkit.Chem.rdchem.Mol object at 0x7f52bd187990>
CN=c1[nH]c(nc2c1CCNCC2)C(c1ccccc1)(F)F,0.38,-0.420216403,train,<rdkit.Chem.rdchem.Mol object at 0x7f52bd187a00>
N#Cc1ccccc1Cn1c(=O)n(c2c1c(cc(n2)C)N1CCC[C@H](C1)N)C,0.38,-0.420216403,train,<rdkit.Chem.rdchem.Mol object at 0x7f52bd187a70>
CN(C1CCN(CC1)C1=C(C(=O)C1=O)NS(=O)(=O)c1c(C)noc1C)CC1CCCCC1,0.38,-0.420216403,train,<rdkit.Chem.rdchem.Mol object at 0x7f52bd187b50>
NC(=O)N1c2ccccc2CC(O)c2ccccc21,0.3775,-0.423083044,train,<rdkit.Chem.rdchem.Mol object at 0x7f52bd187bc0>
CN(C)CCC(c1ccc(Cl)cc1)c1ccccn1,0.376,-0.424812155,train,<rdkit.Chem.rdchem.Mol object at 0x7f52bd187c30>
CC(=O)OC1C2(CC)C=CCN3CCC4(C(N(C=O)C5C=C(OC)C(=CC4=5)C4(CC5CC(O)(CN(C5)CCC5=C4NC4C=CC=CC5=4)CC)C(=O)OC)C1(O)C(=O)OC)C23,0.375000002,-0.425968731,train,<rdkit.Chem.rdchem.Mol object at 0x7f52bd187ca0>
NC1C=C(Cl)C=CC=1N,0.373,-0.428291168,train,<rdkit.Chem.rdchem.Mol object at 0x7f52bd187d10>
COC(=O)C1C=CC=CC=1C(O)=O,0.372,-0.42945706,train,<rdkit.Chem.rdchem.Mol object at 0x7f52bd187d80>
CC(O)(C(=O)NC1C=CC(=CC=1)S(=O)(=O)N1CCOCC1)C(F)(F)F,0.3706,-0.431094585,train,<rdkit.Chem.rdchem.Mol object at 0x7f52bd187df0>
CC(C)(C)NS(=O)(=O)C1=CN=CC(=C1)C1=CN2N=C(N)N=C2C=C1,0.3706,-0.431094585,train,<rdkit.Chem.rdchem.Mol object at 0x7f52bd187e60>
OC(CCN1CCCCC1)(c1ccccc1)C1CCCCC1,0.37,-0.431798276,train,<rdkit.Chem.rdchem.Mol object at 0x7f52bd187ed0>
CCN=C(N1N=CC(C1)(C)C)NS(=O)(=O)c1cccc(c1)Cl,0.37,-0.431798276,train,<rdkit.Chem.rdchem.Mol object at 0x7f52bd187f40>
Cc1cc(C[C@@H](NC(=O)N2CCC(c3cc4ccccc4[nH]c3=O)CC2)C(=O)N2CCN(C3CCN(C)CC3)CC2)cc2cn[nH]c12,0.37,-0.431798276,train,<rdkit.Chem.rdchem.Mol object at 0x7f52bd1880b0>
Fc1ccc(cc1)CN=C(c1nc2[C@H](CCCn2c(=O)c1O)N(C(=O)C(=O)N(C)C)C)O,0.37,-0.431798276,train,<rdkit.Chem.rdchem.Mol object at 0x7f52bd188120>
Nc1nc(N)c2nc(-c3ccccc3)c(N)nc2n1,0.369833334,-0.431993948,train,<rdkit.Chem.rdchem.Mol object at 0x7f52bd188190>
CCN(C(=O)c1ccc(c(c1)O)C1=CC2(CCNCC2)Oc2c1cccc2)CC,0.365,-0.437707136,train,<rdkit.Chem.rdchem.Mol object at 0x7f52bd188270>
CC1(C)CC2C=CC=C(O)C=2O1,0.364,-0.438898616,train,<rdkit.Chem.rdchem.Mol object at 0x7f52bd1882e0>
NC(=O)N1c2ccccc2C=Cc2ccccc21,0.363089569,-0.439986227,train,<rdkit.Chem.rdchem.Mol object at 0x7f52bd188350>
CC1=CC(O)=CC=C1,0.363,-0.440093375,train,<rdkit.Chem.rdchem.Mol object at 0x7f52bd1883c0>
C[N+]1(C)C2CC(CC1C1OC21)OC(=O)C(O)(C1=CC=CS1)C1=CC=CS1,0.361593695,-0.441779151,train,<rdkit.Chem.rdchem.Mol object at 0x7f52bd1884a0>
OCC(CNCc1c(onc1C(=N[C@@H]1CCC[C@@H](C1)O)O)c1ccc(cc1)C(F)(F)F)(C)C,0.361,-0.442492798,test,<rdkit.Chem.rdchem.Mol object at 0x7f52bd188510>
CC(C)(C(=O)O)c1ccc(C(O)CCCN2CCC(C(O)(c3ccccc3)c3ccccc3)CC2)cc1,0.360152743,-0.443513273,train,<rdkit.Chem.rdchem.Mol object at 0x7f52bd188580>
CCn1nc(C(=O)O)c(=O)c2cc3c(cc21)OCO3,0.360000005,-0.443697493,test,<rdkit.Chem.rdchem.Mol object at 0x7f52bd1885f0>
CON=C1CN(CC1CN)C1=NC2=C(C=C1F)C(=O)C(=CN2C1CC1)C(O)=O,0.360000005,-0.443697493,train,<rdkit.Chem.rdchem.Mol object at 0x7f52bd188660>
Cc1ncsc1CCCl,0.360000003,-0.443697496,test,<rdkit.Chem.rdchem.Mol object at 0x7f52bd1886d0>
C[C@H]1C[C@H]2[C@@H]3CCC4=CC(=O)C=C[C@]4(C)[C@@]3(F)[C@@H](O)C[C@]2(C)[C@@]1(O)C(=O)CO,0.36,-0.443697499,train,<rdkit.Chem.rdchem.Mol object at 0x7f52bd188740>
CC(Cn1c2sc(c(c2c(=O)n(c1=O)C)C(=O)N1CC[C@H](C1)O)Cc1ccnc2c1cccc2)C,0.36,-0.443697499,train,<rdkit.Chem.rdchem.Mol object at 0x7f52bd188820>
C[C@@H]1CCCN1CCc1ccc2c(c1)ccc(n2)c1cnc2n(c1C)nc(c2)C,0.36,-0.443697499,train,<rdkit.Chem.rdchem.Mol object at 0x7f52bd188890>
CCCC1(CCCN1)C(=O)c1cc(F)c2c(c1)cc[nH]2,0.36,-0.443697499,train,<rdkit.Chem.rdchem.Mol object at 0x7f52bd188900>
CCN=C(Nc1ncc(c(c1)c1scc(n1)C(F)(F)F)c1cncc(c1)C(=N)O)O,0.36,-0.443697499,train,<rdkit.Chem.rdchem.Mol object at 0x7f52bd188970>
CC(NC(=O)C1=CC(=O)NC2=CC=CC=C12)C1C=CC=CC=1,0.3599,-0.443818153,train,<rdkit.Chem.rdchem.Mol object at 0x7f52bd1889e0>
CC1=NC(Cl)=C(Cl)N1CC1SC2=C(C(=O)N(C)C(=O)N2CC(C)C)C=1C(=O)N(C)OC,0.3599,-0.443818153,train,<rdkit.Chem.rdchem.Mol object at 0x7f52bd188a50>
NC1=NC(CC2=CC=CC=C21)C1C=CC(F)=CC=1,0.3599,-0.443818153,train,<rdkit.Chem.rdchem.Mol object at 0x7f52bd188ac0>
NCCCCCC1=CNC2C=CC(F)=CC=21,0.3599,-0.443818153,train,<rdkit.Chem.rdchem.Mol object at 0x7f52bd188b30>
CC1=CC=CC=C1CC(NC(=O)C(N)CC1C=CC(=CC=1)OC)C(N)=O,0.3599,-0.443818153,train,<rdkit.Chem.rdchem.Mol object at 0x7f52bd188ba0>
CCNC(=O)C1=CC2C(N1)=NC=C(C1=CC(=CN=C1)C(N)=O)C=2N1C=CC(=N1)C(F)(F)F,0.3599,-0.443818153,train,<rdkit.Chem.rdchem.Mol object at 0x7f52bd188c10>
O=C1COCCN1c1ccc(cc1)C1ON=C(C1)c1ccc(o1)N(=O)=O,0.357,-0.447331784,test,<rdkit.Chem.rdchem.Mol object at 0x7f52bd188c80>
CC1C=CC=C(C=1)C(=O)N(CC)CC,0.356485753,-0.447957823,train,<rdkit.Chem.rdchem.Mol object at 0x7f52bd188cf0>
CC1=CC=CC=C1CN1CCC(CC1)N1CCC(CC1)N1C(=O)NC2=CC=CC=C12,0.3546,-0.450261269,test,<rdkit.Chem.rdchem.Mol object at 0x7f52bd188d60>
NC1=NC2N=CNC=2C(NC2=CC(Br)=CC=C2)=N1,0.3546,-0.450261269,train,<rdkit.Chem.rdchem.Mol object at 0x7f52bd188dd0>
CNC(=O)NC1N=C2C=CC(=CN2N=1)C1C=NC=C(C=1)S(=O)(=O)NC(C)(C)C,0.3546,-0.450261269,train,<rdkit.Chem.rdchem.Mol object at 0x7f52bd188e40>
CS(=O)(=O)C1=CC(=C(C=C1)C(=O)C1C(=O)CCCC1=O)[N+]([O-])=O,0.354125665,-0.450842597,train,<rdkit.Chem.rdchem.Mol object at 0x7f52bd188eb0>
C=C1CCC(O)CC1=CC=C1CCCC2(C)C1CCC2C(C)CCCC(C)C,0.35,-0.455931956,train,<rdkit.Chem.rdchem.Mol object at 0x7f52bd188f90>
C[C@]12CC[C@@H]3c4ccc(O)cc4CC[C@H]3[C@@H]1CC[C@@H]2O,0.35,-0.455931956,train,<rdkit.Chem.rdchem.Mol object at 0x7f52bd189070>
c1ccc(C2(N3CCCCC3)CCCCC2)cc1,0.35,-0.455931956,train,<rdkit.Chem.rdchem.Mol object at 0x7f52bd1890e0>
CN[C@@H]1CCc2[nH]c3ccc(C(N)=O)cc3c2C1,0.35,-0.455931956,train,<rdkit.Chem.rdchem.Mol object at 0x7f52bd1891c0>
C=CC1=C(C(=O)O)N2C(=O)[C@@H](NC(=O)/C(=N\OCC(=O)O)c3csc(N)n3)[C@H]2SC1,0.35,-0.455931956,test,<rdkit.Chem.rdchem.Mol object at 0x7f52bd1892a0>
CCCN1CCO[C@@H](C1)c1cccc(c1)O,0.35,-0.455931956,train,<rdkit.Chem.rdchem.Mol object at 0x7f52bd189310>
COc1c(ccc2c1n(cc(c2=O)C(=O)O)[C@@H]1C[C@@H]1F)N1CC[C@H](C1)C1(N)CC1,0.35,-0.455931956,train,<rdkit.Chem.rdchem.Mol object at 0x7f52bd189380>
CC(OC(=O)C(c1ccc(cc1)CC(C)C)C)C,0.35,-0.455931956,train,<rdkit.Chem.rdchem.Mol object at 0x7f52bd1893f0>
O=C1O[C@H](CN1c1ccc(c(c1)F)c1ccc(nc1)C(=O)CCCN1CCOCC1)Cn1nncc1,0.35,-0.455931956,train,<rdkit.Chem.rdchem.Mol object at 0x7f52bd189460>
Fc1ccc(cc1)C[C@H](C(=O)N1CCN(CC1)c1ncnc2c1c(C)c[nH]2)N,0.35,-0.455931956,train,<rdkit.Chem.rdchem.Mol object at 0x7f52bd1894d0>
Fc1cc(F)cc(c1)[C@]1(C)CNC2(C(=O)N1CC(=Nc1cnc3c(c1)C[C@@]1(C3)C(=Nc3c1cccn3)O)O)CCCC2,0.35,-0.455931956,train,<rdkit.Chem.rdchem.Mol object at 0x7f52bd189540>
OC[C@H]1N(CCCCCCOc2ccccc2OC)C[C@@H]([C@H]([C@@H]1O)O)O,0.35,-0.455931956,train,<rdkit.Chem.rdchem.Mol object at 0x7f52bd1895b0>
CCN=C(Nc1ncc(c(c1)c1scc(n1)C(F)(F)F)c1cncc(c1)C(=N)NO)O,0.35,-0.455931956,train,<rdkit.Chem.rdchem.Mol object at 0x7f52bd189690>
CN1C2CC(CC1CCC2)NC(=O)C1=NN(C)C2=CC=CC=C21,0.349999999,-0.455931958,train,<rdkit.Chem.rdchem.Mol object at 0x7f52bd189700>
CC(O)C1C2SC(SCCOC(N)=O)=C(C(O)=O)N2C1=O,0.349999998,-0.455931959,test,<rdkit.Chem.rdchem.Mol object at 0x7f52bd189770>
CC(CC1C=CC2OCOC=2C=1)NC,0.349999995,-0.455931962,train,<rdkit.Chem.rdchem.Mol object at 0x7f52bd1897e0>
NC1=NC(=CS1)C(=CCC(O)=O)C(=O)NC1C2SCC=C(C(O)=O)N2C1=O,0.349999995,-0.455931962,train,<rdkit.Chem.rdchem.Mol object at 0x7f52bd189850>
CN(CC1(C)CCCO1)S(=O)(=O)C1C=C(C(Cl)=CC=1)S(N)(=O)=O,0.349999995,-0.455931962,train,<rdkit.Chem.rdchem.Mol object at 0x7f52bd1898c0>
CC1=CC2C(=CC=CC=2OCC(CNC(C)(C)C)OC(=O)C2C=CC=CC=2)N1,0.349999995,-0.455931962,train,<rdkit.Chem.rdchem.Mol object at 0x7f52bd189930>
C=CC1CSC2C(NC(=O)C(=NO)C3=CSC(N)=N3)C(=O)N2C=1C(O)=O,0.349999995,-0.455931962,test,<rdkit.Chem.rdchem.Mol object at 0x7f52bd1899a0>
CCCNC(=O)CSC1C=CC(=CN=1)S(=O)(=O)N1CCCC1,0.3494,-0.456677099,train,<rdkit.Chem.rdchem.Mol object at 0x7f52bd189a10>
OC1C=CC(=CC=1)C=CC(O)=O,0.347999995,-0.458420762,train,<rdkit.Chem.rdchem.Mol object at 0x7f52bd189af0>
CCC(CO)NCCNC(CO)CC,0.3475,-0.459045191,train,<rdkit.Chem.rdchem.Mol object at 0x7f52bd189b60>
CC(C)N(C(=O)CCl)C1C=CC=CC=1,0.345,-0.462180905,train,<rdkit.Chem.rdchem.Mol object at 0x7f52bd189bd0>
COC1C=CC(=CC=1)C(=O)N1CCCC1=O,0.34,-0.468521083,train,<rdkit.Chem.rdchem.Mol object at 0x7f52bd189d20>
CCC(CO)NC(=O)C1CN(C)C2CC3=CN(C)C4C=CC=C(C2=C1)C3=4,0.34,-0.468521083,train,<rdkit.Chem.rdchem.Mol object at 0x7f52bd189e00>
N=C(N)NC(=O)c1cnn(-c2cccc3ncccc23)c1C1CC1,0.34,-0.468521083,test,<rdkit.Chem.rdchem.Mol object at 0x7f52bd189ee0>
COc1c(cc(cc1NS(=O)(=O)C)C(C)(C)C)N=C(c1ccc(c(c1)N1NNC(=C1)C(=NCC(CN(C)C)(C)C)O)C)O,0.34,-0.468521083,train,<rdkit.Chem.rdchem.Mol object at 0x7f52bd189f50>
COc1c(cc(cc1NS(=O)(=O)C)C(C)(C)C)N=C(c1ccc(c(c1)N1NNC(=C1)C(=NCC(O)(C)C)O)C)O,0.34,-0.468521083,train,<rdkit.Chem.rdchem.Mol object at 0x7f52bd18a030>
CN1CCN(CC1)C(=O)c1cc(F)ccc1CN=C(c1nc(n(c(=O)c1O)C)C(C)(C)C)O,0.34,-0.468521083,train,<rdkit.Chem.rdchem.Mol object at 0x7f52bd18a110>
CCN=C(N1N=CC2(C1)CCNCC2)NS(=O)(=O)c1cccc(c1)Cl,0.34,-0.468521083,train,<rdkit.Chem.rdchem.Mol object at 0x7f52bd18a180>
CN[C@H](C(=N[C@H]1CCC[C@@H]2N(C1=O)[C@@H]1CN(CC[C@@H]1C2)CCc1ccccc1OC)O)C,0.34,-0.468521083,train,<rdkit.Chem.rdchem.Mol object at 0x7f52bd18a1f0>
O=C(CN1C2=NCCN2C2=CC=CC=C12)C1C=CC(Cl)=CC=1,0.339,-0.469800302,train,<rdkit.Chem.rdchem.Mol object at 0x7f52bd18a2d0>
COC1=CN=C(N=C1N1CCOCC1)C1=CC=CC=N1,0.339,-0.469800302,train,<rdkit.Chem.rdchem.Mol object at 0x7f52bd18a340>
O=C(O)CCCc1ccc(N(CCCl)CCCl)cc1,0.337,-0.472370099,test,<rdkit.Chem.rdchem.Mol object at 0x7f52bd18a420>
CC1=CC=CC(=C1[N+]([O-])=O)[N+]([O-])=O,0.337,-0.472370099,train,<rdkit.Chem.rdchem.Mol object at 0x7f52bd18a490>
NC(=O)NC1SC(=CC=1C(N)=O)C1=CC=C(CN2CCCCC2)C=C1,0.3339,-0.476383581,train,<rdkit.Chem.rdchem.Mol object at 0x7f52bd18a570>
CCc1nc2c(N)nc3ccccc3c2n1CCCCNS(C)(=O)=O,0.3339,-0.476383581,train,<rdkit.Chem.rdchem.Mol object at 0x7f52bd18a5e0>
O=C(NC1C=NNC=1C1NC2C=C(CN3CCOCC3)C=CC=2N=1)NC1CC1,0.3339,-0.476383581,train,<rdkit.Chem.rdchem.Mol object at 0x7f52bd18a6c0>
CC(NC(CCC)C(O)=O)C(=O)N1C2CCCCC2CC1C(O)=O,0.3325,-0.47820835,train,<rdkit.Chem.rdchem.Mol object at 0x7f52bd18a730>
N#CSCSC1=NC2=CC=CC=C2S1,0.331,-0.480172006,train,<rdkit.Chem.rdchem.Mol object at 0x7f52bd18a7a0>
Nc1ccc(S(=O)(=O)Nc2nccs2)cc1,0.330000005,-0.481486054,train,<rdkit.Chem.rdchem.Mol object at 0x7f52bd18a810>
NC(=N)NOCCN=C(Cn1c(C)c[nH]c(=NCC(c2ccccc2)(F)F)c1=O)O,0.33,-0.48148606,train,<rdkit.Chem.rdchem.Mol object at 0x7f52bd18a8f0>
CCC(OC(=O)C(c1ccc(cc1)CC(C)C)C)C,0.33,-0.48148606,train,<rdkit.Chem.rdchem.Mol object at 0x7f52bd18a960>
CC1=CC=CC(=C1S(=O)(=O)NC(=O)NC1=NC(=NC(=N1)OCC(F)(F)F)N(C)C)C(=O)OC,0.32930875,-0.48239673,train,<rdkit.Chem.rdchem.Mol object at 0x7f52bd18ab20>
CC1C=CC=C(C=1S(=O)(=O)NC(=O)NC1N=C(N=C(N=1)N(C)C)OCC(F)(F)F)C(O)=O,0.329,-0.482804102,train,<rdkit.Chem.rdchem.Mol object at 0x7f52bd18ab90>
O=C(NS(=O)(=O)C1=CC=C(Cl)C=C1)N1CCC(CC1)N1CCC(CC1)OC1C=CC(Cl)=C(Cl)C=1,0.3288,-0.483068191,train,<rdkit.Chem.rdchem.Mol object at 0x7f52bd18ac00>
CCN(C1CCN(CCC(C2C=CC=CC=2)C2C=CC=CC=2)CC1)C(=O)NCC1C=CC(=CC=1)S(C)(=O)=O,0.3288,-0.483068191,train,<rdkit.Chem.rdchem.Mol object at 0x7f52bd18ace0>
COC1C=C2C(NC3=CC(Cl)=C(F)C=C3)=C(C=NC2=CC=1OCCN(C)CCO)C(N)=O,0.3288,-0.483068191,train,<rdkit.Chem.rdchem.Mol object at 0x7f52bd18ad50>
CC(C)(C)NS(=O)(=O)C1C=C(C=NC=1)C1=CN2N=C(NC(=O)NCC(=O)N3CCCC3)N=C2C=C1,0.3288,-0.483068191,test,<rdkit.Chem.rdchem.Mol object at 0x7f52bd18adc0>
CC(NC)C(=O)NC(C1CCCCC1)C(=O)NC1CN(CCC2C=CC=CC=2)CCC1,0.3288,-0.483068191,train,<rdkit.Chem.rdchem.Mol object at 0x7f52bd18ae30>
NC1C=CC(=CC=1)OC1C=CC(N)=CC=1,0.328437,-0.483547923,train,<rdkit.Chem.rdchem.Mol object at 0x7f52bd18aea0>
CC(=O)C1C=CC=CC=1,0.326,-0.4867824,train,<rdkit.Chem.rdchem.Mol object at 0x7f52bd18af10>
CC1=CC=C(O)C=C1,0.325890075,-0.486928866,test,<rdkit.Chem.rdchem.Mol object at 0x7f52bd18aff0>
CC12CCC3C(CCC4=CC(CCC43)OC(C)=O)C1CCC2(C#C)OC(C)=O,0.325,-0.488116639,train,<rdkit.Chem.rdchem.Mol object at 0x7f52bd18b060>
OC(C(=O)OC1CC2CCC(C1)[N+]12CCCC1)(C1C=CC=CC=1)C1C=CC=CC=1,0.325,-0.488116639,train,<rdkit.Chem.rdchem.Mol object at 0x7f52bd18b0d0>
CC1=CC(=NC(=N1)C(C)C)OP(=O)(OCC)OCC,0.324766665,-0.488428554,train,<rdkit.Chem.rdchem.Mol object at 0x7f52bd18b140>
CC(C1C=CC(=CC=1)OS(=O)(=O)C(F)(F)F)C(=O)NCCN1CCCC1,0.3237,-0.489857301,train,<rdkit.Chem.rdchem.Mol object at 0x7f52bd18b300>
COC1C=C(C=O)C=CC=1O,0.322,-0.492144128,train,<rdkit.Chem.rdchem.Mol object at 0x7f52bd18b370>
N=C(N)NC(=O)Cc1c(Cl)cccc1Cl,0.32,-0.494850022,test,<rdkit.Chem.rdchem.Mol object at 0x7f52bd18b3e0>
C[C@]12C=CC(=O)C=C1CC[C@H]1[C@@H]3C[C@@H](O)[C@](O)(C(=O)CO)[C@@]3(C)C[C@H](O)[C@@]12F,0.32,-0.494850022,train,<rdkit.Chem.rdchem.Mol object at 0x7f52bd18b450>
C[C@H](N[C@@H](CCc1ccccc1)C(=O)O)C(=O)N1Cc2ccccc2C[C@H]1C(=O)O,0.32,-0.494850022,test,<rdkit.Chem.rdchem.Mol object at 0x7f52bd18b4c0>
OC(=O)[C@H]1NC[C@H](C1)COc1cccc(c1)F,0.32,-0.494850022,train,<rdkit.Chem.rdchem.Mol object at 0x7f52bd18b530>
CCOc1cc(ccc1OC)[C@H](N1C(=O)c2c(C1=O)c(ccc2)N=C(O)C)CS(=O)(=O)C,0.32,-0.494850022,train,<rdkit.Chem.rdchem.Mol object at 0x7f52bd18b5a0>
CCCOc1cccc(c1)CCCN1C[C@H](O)[C@H]([C@@H]([C@H]1CO)O)O,0.32,-0.494850022,train,<rdkit.Chem.rdchem.Mol object at 0x7f52bd18b610>
Clc1ccc(cc1)n1nnnc1C1CCN(CC1)C(=O)[C@@H]1CN(C[C@H]1c1ccc(cc1F)F)C(C)(C)C,0.32,-0.494850022,train,<rdkit.Chem.rdchem.Mol object at 0x7f52bd18b6f0>
O=C1[C@@H](N=C(/C(=N\OC(C(=O)O)(C)C)/c2csc(=N)[nH]2)O)[C@H](N1S(=O)(=O)O)COC(=O)c1onc(c1)c1cc(=O)c(cn1O)O,0.32,-0.494850022,train,<rdkit.Chem.rdchem.Mol object at 0x7f52bd18b760>
CN[C@H](C(=N[C@H]1CCC[C@@H]2N(C1=O)[C@@H]1CN(CC[C@@H]1C2)CCc1ccc(cc1)C)O)C,0.32,-0.494850022,train,<rdkit.Chem.rdchem.Mol object at 0x7f52bd18b7d0>
O=C(O)c1cc(=O)c2c(OCC(O)COc3cccc4oc(C(=O)O)cc(=O)c34)cccc2o1,0.319999995,-0.494850028,train,<rdkit.Chem.rdchem.Mol object at 0x7f52bd18b840>
CC(=O)SC(C(C)C)C(=O)NC1CC2C=CC=CC=2C2CCCC(C(O)=O)N2C1=O,0.319,-0.496209317,train,<rdkit.Chem.rdchem.Mol object at 0x7f52bd18b8b0>
CCNC1N=C(Cl)N=C(NC(C)(C)C#N)N=1,0.316587002,-0.49950692,train,<rdkit.Chem.rdchem.Mol object at 0x7f52bd18b990>
COC1C=CC2C=CC(=O)N(CCN3CCC(CC3)NCC3=CC4OCCOC=4C=N3)C=2N=1,0.3137,-0.503485481,train,<rdkit.Chem.rdchem.Mol object at 0x7f52bd18ba00>
OC(=O)C(CC1C=CC=CC=1)N1CCC(CN2CCC(CC2)OC2=CC(Cl)=C(Cl)C=C2)CC1,0.3137,-0.503485481,train,<rdkit.Chem.rdchem.Mol object at 0x7f52bd18ba70>
CN(C)Cc1nnc2n1-c1ccc(Cl)cc1C(c1ccccc1)=NC2,0.31,-0.508638306,train,<rdkit.Chem.rdchem.Mol object at 0x7f52bd18bb50>
O=C1O[C@H](CN1c1ccc(c(c1)F)c1ccc(nc1)C(=O)Cn1cnc(c1)C)Cn1nncc1,0.31,-0.508638306,train,<rdkit.Chem.rdchem.Mol object at 0x7f52bd18bbc0>
O=C(c1ccc(cc1)F)CN1CCN(CC1)C(=O)c1nn(cc1Cl)C,0.31,-0.508638306,train,<rdkit.Chem.rdchem.Mol object at 0x7f52bd18bc30>
CC(Oc1n[nH]c(c1)n1cnc2c1nc(nc2)N[C@H](c1ncc(cn1)F)C)C,0.31,-0.508638306,train,<rdkit.Chem.rdchem.Mol object at 0x7f52bd18bca0>
CCOc1cc2[nH]cc(c(=Nc3ccc(cc3F)F)c2cc1N1CCCN(CC1)C)C(=N)O,0.31,-0.508638306,train,<rdkit.Chem.rdchem.Mol object at 0x7f52bd18bd10>
CN=C(c1nn(c2c1CCc1c2nc(nc1)NC1CCN(CC1)C(=O)C1CCN(CC1)S(=O)(=O)C)C)O,0.31,-0.508638306,train,<rdkit.Chem.rdchem.Mol object at 0x7f52bd18bd80>
CN1CCN(CC1c1nc(C(=NCc2ccc(cc2)F)O)c(c(=O)n1C)O)S(=O)(=O)C,0.31,-0.508638306,test,<rdkit.Chem.rdchem.Mol object at 0x7f52bd18bdf0>
N=c1scc([nH]1)/C(=N/OC(C(=O)O)(C)C)/C(=N[C@H]1[C@H](C)N(C1=O)C(=NS(=O)(=O)N1C[C@H](CC1=O)n1nnc(c1)c1[nH]cc(c(=O)c1)O)O)O,0.31,-0.508638306,train,<rdkit.Chem.rdchem.Mol object at 0x7f52bd18bf40>
COC1=CC=CC=C1OC(C1CNCCO1)C1=CC=CC=C1,0.3088,-0.510322708,train,<rdkit.Chem.rdchem.Mol object at 0x7f52bd18c040>
COC1=CC2=C(C=C1)C=CC(=O)N2CCN1CCC(CC1)NCC1=CC2OCCOC=2C=N1,0.3088,-0.510322708,train,<rdkit.Chem.rdchem.Mol object at 0x7f52bd18c0b0>
O=C(C1C=CC(Cl)=C(C=1)C(=O)NCC12CC3CC(C1)CC(C2)C3)N1CC2CNCC(C1)O2,0.3088,-0.510322708,train,<rdkit.Chem.rdchem.Mol object at 0x7f52bd18c120>
CC(C)(C)NC(=O)NCCN1CCN(CC(=O)NC23CC4CC(C2)CC(C3)C4)CC1,0.3088,-0.510322708,train,<rdkit.Chem.rdchem.Mol object at 0x7f52bd18c200>
COc1ccc2c(n1)c([C@H](CN1CCC(CC1)NCc1ncc3c(c1)OCCO3)O)c(cn2)F,0.307,-0.512861625,test,<rdkit.Chem.rdchem.Mol object at 0x7f52bd18c270>
CC1=CC(=NN1CC(O)CN)C1=CC(C(=O)NCC2(O)CCCCCC2)=C(Cl)C=C1,0.3039,-0.5172693,train,<rdkit.Chem.rdchem.Mol object at 0x7f52bd18c2e0>
CCS(=O)(=O)C1=CC2=C(C=C1)OCC(=O)N2CCN1CCC(CC1)NCC1C=CC2OCC(=O)NC=2N=1,0.3039,-0.5172693,train,<rdkit.Chem.rdchem.Mol object at 0x7f52bd18c350>
COC1=CC(OC)=C(C=C1NC(=O)CCC(O)=O)S(=O)(=O)NCC1=CC=CC=C1N1CCCCC1,0.3039,-0.5172693,train,<rdkit.Chem.rdchem.Mol object at 0x7f52bd18c430>
CN(C)C(=O)C(C1C=CC=CC=1)C1C=CC=CC=1,0.301,-0.521433504,train,<rdkit.Chem.rdchem.Mol object at 0x7f52bd18c510>
NS(=O)(=O)c1cc2c(cc1Cl)N=CNS2(=O)=O,0.300000005,-0.522878738,train,<rdkit.Chem.rdchem.Mol object at 0x7f52bd18c5f0>
O=C1CN2C3CC1CC2CC(C3)OC(=O)C1=CNC2C=CC=CC=21,0.300000005,-0.522878738,train,<rdkit.Chem.rdchem.Mol object at 0x7f52bd18c660>
CN1CC(C=C2C1CC1=CNC3=CC=CC2=C13)NC(=O)N(CC)CC,0.300000005,-0.522878738,train,<rdkit.Chem.rdchem.Mol object at 0x7f52bd18c6d0>
N=C(N)c1ccc(OCCCCCOc2ccc(C(=N)N)cc2)cc1,0.300000005,-0.522878738,train,<rdkit.Chem.rdchem.Mol object at 0x7f52bd18c740>
CN1C2CC(CC1CC2)OC(=O)C1=CNC2C=CC=CC=21,0.300000005,-0.522878738,train,<rdkit.Chem.rdchem.Mol object at 0x7f52bd18c7b0>
CC1OC(NS(=O)(=O)C2C=CC(N)=CC=2)=NC=1C,0.300000005,-0.522878738,train,<rdkit.Chem.rdchem.Mol object at 0x7f52bd18c890>
CN1C(=O)CN=C(C2C=C(Cl)C=CC1=2)C1CCCCC=1,0.300000005,-0.522878738,train,<rdkit.Chem.rdchem.Mol object at 0x7f52bd18c900>
CC1C=CC=CC=1,0.3,-0.522878745,train,<rdkit.Chem.rdchem.Mol object at 0x7f52bd18c9e0>
CN(C)CCCN1c2ccccc2CCc2ccccc21,0.3,-0.522878745,train,<rdkit.Chem.rdchem.Mol object at 0x7f52bd18cb30>
Cc1[nH]c(=O)c(C#N)cc1-c1ccncc1,0.3,-0.522878745,test,<rdkit.Chem.rdchem.Mol object at 0x7f52bd18cba0>
CN1C2C3(CCN4CC=CC(CC)(C34)C(O)C2(O)C(N)=O)C2C=C(C(=CC1=2)OC)C1(CC2CC(O)(CN(C2)CCC2=C1NC1C=CC=CC2=1)CC)C(=O)OC,0.3,-0.522878745,train,<rdkit.Chem.rdchem.Mol object at 0x7f52bd18cc10>
OC(=NCc1ncccc1F)Cn1c(Cl)c[nH]c(=NCC(c2ccccn2=O)(F)F)c1=O,0.3,-0.522878745,train,<rdkit.Chem.rdchem.Mol object at 0x7f52bd18cc80>
OC(=NCc1ccc(=N)[nH]c1C)Cn1c(C)cc(c(c1=O)N)S(=O)(=O)CC1CC1,0.3,-0.522878745,test,<rdkit.Chem.rdchem.Mol object at 0x7f52bd18ccf0>
N[C@@H](C1CCN(CC1)C(=O)c1cnc2n(c1C)nc(c2)C)Cc1cc(F)c(cc1F)F,0.3,-0.522878745,test,<rdkit.Chem.rdchem.Mol object at 0x7f52bd18cd60>
COC(=O)N1CC2(CC2)C[C@@H]([C@H]1C(=O)N1CCC(C=C1)c1ccccc1)C(=NO)O,0.3,-0.522878745,train,<rdkit.Chem.rdchem.Mol object at 0x7f52bd18cdd0>
CN1CCN(CC1c1nc(C(=NCc2ccc(cc2)F)O)c(c(=O)n1C)O)C(=O)C,0.3,-0.522878745,train,<rdkit.Chem.rdchem.Mol object at 0x7f52bd18ce40>
Fc1ccc(cc1)CN=C(c1nc2C(CCCn2c(=O)c1O)N(C(=O)CS(=O)(=O)C)C)O,0.3,-0.522878745,train,<rdkit.Chem.rdchem.Mol object at 0x7f52bd18ceb0>
N#Cc1ncc(nc1O[C@@H](CN(C)C)C)Nc1ncc(c(c1)NC)c1cnn(c1)C,0.3,-0.522878745,test,<rdkit.Chem.rdchem.Mol object at 0x7f52bd18cf20>
OCCN=C(c1cn(c2c1ncc(c2)C)Cc1ncnc(c1C)N(C)C)O,0.3,-0.522878745,train,<rdkit.Chem.rdchem.Mol object at 0x7f52bd18cf90>
OCCN=C(c1cn(c2c1ncc(c2)C)Cc1ncnc(c1C)OC(F)F)O,0.3,-0.522878745,train,<rdkit.Chem.rdchem.Mol object at 0x7f52bd18d000>
OCCN=C(c1cn(c2c1ncc(c2)OC)Cc1ncnc(c1C)N(C)C)O,0.3,-0.522878745,train,<rdkit.Chem.rdchem.Mol object at 0x7f52bd18d070>
OC(=O)C1=CN(CC2C=CC=CC=2)C2=CC(=C(F)C=C2C1=O)N1CCNCC1,0.299,-0.524328812,train,<rdkit.Chem.rdchem.Mol object at 0x7f52bd18d0e0>
CCOC1=CC(CN2CCC(CC2)NC2=NC3C=C(C=CC=3O2)S(N)(=O)=O)=CC(OCC)=C1N,0.299,-0.524328812,train,<rdkit.Chem.rdchem.Mol object at 0x7f52bd18d150>
CC(=O)N1CCN(CC1)C1=NC2C(=O)N(CC=2C(NC(C)C2C=CC(=CC=2)OCC)=N1)C(C)C,0.299,-0.524328812,train,<rdkit.Chem.rdchem.Mol object at 0x7f52bd18d1c0>
CC(C)(C)NC(=O)CN1CCN(CC(=O)NC23CC4CC(C2)CC(C3)C4)CC1,0.299,-0.524328812,train,<rdkit.Chem.rdchem.Mol object at 0x7f52bd18d230>
OC(=O)C1=CC=CC=C1CN1CCC(CN2CCC(CC2)OC2C=CC(Cl)=C(Cl)C=2)CC1,0.299,-0.524328812,train,<rdkit.Chem.rdchem.Mol object at 0x7f52bd18d2a0>
OCCOC1C=CC=CC=1,0.296618834,-0.527801277,train,<rdkit.Chem.rdchem.Mol object at 0x7f52bd18d310>
CC(C)(C)NCC(O)COc1cccc2c1CC(O)C(O)C2,0.2925,-0.53387413,test,<rdkit.Chem.rdchem.Mol object at 0x7f52bd18d3f0>
O=C1COCCN1c1ccc(cc1F)C1ON=C(C1)c1ccc(o1)N(=O)=O,0.292,-0.534617149,train,<rdkit.Chem.rdchem.Mol object at 0x7f52bd18d460>
N#CC1(CCN(CC1)Cc1cc(C(=O)O)c(=O)n2c1cccc2)c1ccccn1,0.291,-0.536107011,train,<rdkit.Chem.rdchem.Mol object at 0x7f52bd18d4d0>
CC(C)=CC1C(C(=O)OC2CC(=O)C(CC=C)=C2C)C1(C)C,0.29004525,-0.537534242,train,<rdkit.Chem.rdchem.Mol object at 0x7f52bd18d540>
N=c1scc([nH]1)/C(=N/OC(C(=O)O)(C)C)/C(=NC1CN(C1=O)C(=NS(=O)(=O)N1CCN(C1=O)N=C(c1[nH]cc(c(=O)c1)O)O)O)O,0.29,-0.537602002,train,<rdkit.Chem.rdchem.Mol object at 0x7f52bd18d5b0>
CONC(=O)Nc1ccc(-c2sc3c(c2CN(C)C)c(=O)n(-c2ccc(OC)nn2)c(=O)n3Cc2c(F)cccc2F)cc1,0.29,-0.537602002,train,<rdkit.Chem.rdchem.Mol object at 0x7f52bd18d620>
OC[C@H]1N(CCCCCCOC2CCCCCC2)C[C@@H]([C@H]([C@@H]1O)O)O,0.29,-0.537602002,train,<rdkit.Chem.rdchem.Mol object at 0x7f52bd18d690>
O=C(CCCCCCC(=O)Nc1ccccc1)NO,0.289999998,-0.537602006,train,<rdkit.Chem.rdchem.Mol object at 0x7f52bd18d700>
CCN(CCN1C2=CC(=CC(=C2C(O)(C2=CC=CC=C2Cl)C1=O)C(F)(F)F)C(N)=O)CC,0.2895,-0.538351432,train,<rdkit.Chem.rdchem.Mol object at 0x7f52bd18d7e0>
COC1C=CC(=CC=1)NC(=O)C1C=CN=C(N)N=1,0.2895,-0.538351432,train,<rdkit.Chem.rdchem.Mol object at 0x7f52bd18d850>
CS(=O)(=O)N1CCC(CC1)NC(=O)NC12CC3CC(C1)CC(C2)C3,0.2895,-0.538351432,train,<rdkit.Chem.rdchem.Mol object at 0x7f52bd18d8c0>
C1=CC=CC2NN=NC=21,0.287,-0.542118103,train,<rdkit.Chem.rdchem.Mol object at 0x7f52bd18d9a0>
OC1C=CC(=CC=1NC=O)C(O)CNCCC1C=CC(=CC=1)NCC(O)C1C=CC=CC=1,0.2847,-0.545612533,test,<rdkit.Chem.rdchem.Mol object at 0x7f52bd18da80>
NC1=NC2(CCN(CC2)C(=O)C2C=CC(=CC=2)C#N)NC2C1=C(F)C=CC=2F,0.2847,-0.545612533,train,<rdkit.Chem.rdchem.Mol object at 0x7f52bd18daf0>
CC(C)N(CC1OC(C(O)C1O)N1C=NC2C1=NC=NC=2N)CCCNC(=O)NC1C=CC(=CC=1)C(C)(C)C,0.2847,-0.545612533,test,<rdkit.Chem.rdchem.Mol object at 0x7f52bd18db60>
CCNC1=NC(Cl)=NC(NCC)=N1,0.283416502,-0.547574867,test,<rdkit.Chem.rdchem.Mol object at 0x7f52bd18dc40>
O[C@@H]([C@H](C(=N[C@@H]1CCCc2c1ccc(c2)CN1CCCCC1)O)O)CS(=O)(=O)c1cccc(c1)C(F)(F)F,0.282,-0.549750892,test,<rdkit.Chem.rdchem.Mol object at 0x7f52bd18dd20>
CC1C=CC(=CC=1NC(=O)CC12CC3CC(C1)CC(C2)C3)C(=O)N1CC2CNCC(C1)O2,0.2801,-0.552686891,train,<rdkit.Chem.rdchem.Mol object at 0x7f52bd18de70>
CN(C)CCC(c1ccc(Br)cc1)c1ccccn1,0.28,-0.552841969,train,<rdkit.Chem.rdchem.Mol object at 0x7f52bd18df50>
CCC[C@@H]1C[C@@H](C(=O)N[C@@H]([C@H]2O[C@H](SC)[C@H](O)[C@@H](O)[C@H]2O)[C@@H](C)O)N(C)C1,0.28,-0.552841969,test,<rdkit.Chem.rdchem.Mol object at 0x7f52bd18dfc0>
N#CC1(CC1)N=C([C@@H]1CCCC[C@H]1C(=O)N1CCN(C[C@H]1C)c1ccc2c(c1)n(C)nc2C)O,0.28,-0.552841969,train,<rdkit.Chem.rdchem.Mol object at 0x7f52bd18e030>
OC(=NC1CCN(CC1)CCCN1C(=O)COc2c1cccc2)Cc1ccccc1,0.28,-0.552841969,train,<rdkit.Chem.rdchem.Mol object at 0x7f52bd18e0a0>
O[C@H]1CN([C@@H](C1)c1nc(C(=NCc2ccc(cc2)F)O)c(c(=O)n1C)O)C,0.28,-0.552841969,test,<rdkit.Chem.rdchem.Mol object at 0x7f52bd18e1f0>
CC1(C)C(O)CC(=O)NC(CC2OC2(C)CCCC(C)C(O)C(C)C1=O)C(C)=CC1=CSC(C)=N1,0.28,-0.552841969,train,<rdkit.Chem.rdchem.Mol object at 0x7f52bd18e2d0>
N=c1scc([nH]1)/C(=N/OC(C(=O)O)(C)C)/C(=N[C@H]1[C@H](C)N(C1=O)C(=NS(=O)(=O)N1C[C@H](CC1=O)N=C([C@@H]1CCCN1C(=O)c1[nH]cc(c(=O)c1)O)O)O)O,0.28,-0.552841969,train,<rdkit.Chem.rdchem.Mol object at 0x7f52bd18e340>
COC1CN(CCN2C(=O)C=CC3C=CC(=CC2=3)C#N)CCC1NCC1=CC2OCCOC=2C=N1,0.277906459,-0.556101359,train,<rdkit.Chem.rdchem.Mol object at 0x7f52bd18e3b0>
CN1CCN(CC1)Cc1ccc2c(c1)[nH]c(n2)Nc1ccc(cn1)C(F)(F)F,0.275,-0.560667306,train,<rdkit.Chem.rdchem.Mol object at 0x7f52bd18e490>
NC/C=C\CN(C[C@H]1O[C@H]([C@@H]([C@@H]1O)O)n1cnc2c1ncnc2N)C,0.271,-0.567030709,train,<rdkit.Chem.rdchem.Mol object at 0x7f52bd18e570>
CCCCCC(O)C=CC1C(CC=CCCCC(O)=O)C(=O)CC1O,0.27,-0.568636236,test,<rdkit.Chem.rdchem.Mol object at 0x7f52bd18e5e0>
Cc1nccn1CC1CCc2c(c3ccccc3n2C)C1=O,0.27,-0.568636236,train,<rdkit.Chem.rdchem.Mol object at 0x7f52bd18e6c0>
CCOC(=O)[C@H](CCc1ccccc1)N[C@@H](C)C(=O)N1[C@H](C(=O)O)C[C@@H]2CCC[C@@H]21,0.27,-0.568636236,train,<rdkit.Chem.rdchem.Mol object at 0x7f52bd18e730>
Clc1ccc(nc1)N=C(c1ccccc1NC(=O)c1ccc(cc1)C(=N)N(C)C)O,0.27,-0.568636236,train,<rdkit.Chem.rdchem.Mol object at 0x7f52bd18e7a0>
CCN=C(Nc1ccc(cc1)c1nc(N2C[C@@H]3CC[C@H](C2)O3)c2c(n1)[C@](C)(CCO)OC2)O,0.27,-0.568636236,train,<rdkit.Chem.rdchem.Mol object at 0x7f52bd18e8f0>
Fc1cc(N[C@@H](c2cc(cc3c2oc(cc3=O)N2CCOCC2)C(=O)N(C)C)C)c(c(c1)F)F,0.27,-0.568636236,train,<rdkit.Chem.rdchem.Mol object at 0x7f52bd18e960>
O=C(C1(CCCCCC1)c1ccccc1)OC1CC[N+](CC1)(C)C,0.27,-0.568636236,train,<rdkit.Chem.rdchem.Mol object at 0x7f52bd18ea40>
O=C(C1(CCCCCC1)C1=CC=CC1)O[C@H]1C[N+]2(C)CCC1CC2,0.27,-0.568636236,train,<rdkit.Chem.rdchem.Mol object at 0x7f52bd18eab0>
OC(=NCc1cc(=O)c(cn1O)O)N([C@H]1CC(=O)N(C1)S(=O)(=O)N=C(N1[C@@H](C)[C@@H](C1=O)N=C(/C(=N\OC(C(=O)O)(C)C)/c1csc(=N)[nH]1)O)O)C,0.27,-0.568636236,train,<rdkit.Chem.rdchem.Mol object at 0x7f52bd18eb20>
COC1=NN(CSP(=S)(OC)OC)C(=O)S1,0.268414002,-0.571194833,train,<rdkit.Chem.rdchem.Mol object at 0x7f52bd18ec00>
O=C(CSC1C=CC=CC=1)N1CCN(CC1)C(=O)C1=CC=CO1,0.2664,-0.57446578,train,<rdkit.Chem.rdchem.Mol object at 0x7f52bd18ec70>
COC1C=C(OC)C(=CC=1S(=O)(=O)N1C(C)CCC2=CC=CC=C12)NC(=O)COCC(O)=O,0.2664,-0.57446578,train,<rdkit.Chem.rdchem.Mol object at 0x7f52bd18ece0>
O=C1C=C(N=C(N1)NCC1C=CC=CC=1)N1CCOCC1,0.2664,-0.57446578,train,<rdkit.Chem.rdchem.Mol object at 0x7f52bd18ed50>
COCCOCC(CC1(CCCC1)C(=O)NC1CCC(CC1)C(O)=O)C(=O)OC1=CC2CCCC=2C=C1,0.265862005,-0.575343724,train,<rdkit.Chem.rdchem.Mol object at 0x7f52bd18ee30>
Cc1cccc(C)c1NC(=O)C1CCCCN1C,0.265,-0.576754126,test,<rdkit.Chem.rdchem.Mol object at 0x7f52bd18eea0>
NC1=CC=C(Cl)C=C1,0.264,-0.578396073,train,<rdkit.Chem.rdchem.Mol object at 0x7f52bd18ef80>
CC12OC3=C(C1=O)C1=C(C(=O)C(NC(=O)C(C)=CC=CC(C)C(O)C(C)C(O)C(C)C(OC(C)=O)C(C)C(C=CO2)OC)C2=NC4(CCN(CC(C)C)CC4)N=C21)C(O)=C3C,0.263333332,-0.579494166,train,<rdkit.Chem.rdchem.Mol object at 0x7f52bd18eff0>
CN(C1CCC2(CC1N1CCCC1)CCCO2)C(=O)CC1=CC=CC2OC=CC1=2,0.263,-0.580044252,train,<rdkit.Chem.rdchem.Mol object at 0x7f52bd18f060>
OCC(=O)N1CCN(CC1)Cc1ccnc(c1)N=c1[nH]cc(s1)C#N,0.262,-0.581698709,test,<rdkit.Chem.rdchem.Mol object at 0x7f52bd18f0d0>
NC1=CC2SC(=NC=2C=C1)SCC(=O)NC1CCN(CC2C=CC(Cl)=C(Cl)C=2)CC1,0.2619,-0.581864502,train,<rdkit.Chem.rdchem.Mol object at 0x7f52bd18f140>
CC1C=C(F)C=CC=1N1N=C(C=C1C1=CC2NC(=O)COC=2C=C1)C(F)(F)F,0.2619,-0.581864502,train,<rdkit.Chem.rdchem.Mol object at 0x7f52bd18f1b0>
NC1C=CC(CC2C=CC(N)=CC=2)=CC=1,0.261,-0.583359493,train,<rdkit.Chem.rdchem.Mol object at 0x7f52bd18f220>
OC(=N)Nc1cc(sc1C(=O)N[C@H]1CCCNC1)c1cccc(c1)F,0.26,-0.585026652,train,<rdkit.Chem.rdchem.Mol object at 0x7f52bd18f3e0>
COc1ccc2c(c1)n(CCN1CCC(CC1)NCc1ccc3c(n1)N=C(CO3)O)c(=O)cn2,0.26,-0.585026652,train,<rdkit.Chem.rdchem.Mol object at 0x7f52bd18f450>
COCCCS(=O)(=O)c1ccc(cc1)c1ccc(cc1)CCN1CCC[C@H]1C,0.26,-0.585026652,train,<rdkit.Chem.rdchem.Mol object at 0x7f52bd18f4c0>
CN[C@@H]1CCN(C1)c1cc(CC)[nH]c(=N)n1,0.26,-0.585026652,train,<rdkit.Chem.rdchem.Mol object at 0x7f52bd18f530>
CN1CCN(CC1)c1ccc2c(c1)c(=Nc1ccc(cc1F)F)c(c[nH]2)C(=N)O,0.26,-0.585026652,train,<rdkit.Chem.rdchem.Mol object at 0x7f52bd18f5a0>
COCCn1ccc(cc1=O)c1cc2nc(sc2n(c1=O)C(C)C)NC(=NCC)O,0.26,-0.585026652,train,<rdkit.Chem.rdchem.Mol object at 0x7f52bd18f680>
CCN=C(Nc1nc2c(s1)n(C(C)C)c(=O)c(c2)c1ccc2n(c1)cnn2)O,0.26,-0.585026652,train,<rdkit.Chem.rdchem.Mol object at 0x7f52bd18f6f0>
N=c1scc([nH]1)/C(=N/OC(C(=O)O)(C)C)/C(=N[C@H]1[C@H](C)N(C1=O)C(=NS(=O)(=O)N1CCN(CC1)C(=O)c1[nH]cc(c(=O)c1)O)O)O,0.26,-0.585026652,train,<rdkit.Chem.rdchem.Mol object at 0x7f52bd18f7d0>
OC(=NCc1[nH]cc(c(=O)c1)O)N[C@H]1CC(=O)N(C1)S(=O)(=O)N=C(N1[C@@H](C)[C@@H](C1=O)N=C(/C(=N\OC(C(=O)O)(C)C)/c1csc(=N)[nH]1)O)O,0.26,-0.585026652,train,<rdkit.Chem.rdchem.Mol object at 0x7f52bd18f840>
OC(=NCc1cc(=O)c(cn1O)O)N[C@H]1CC(=O)N(C1)S(=O)(=O)N=C(N1[C@@H](C)[C@@H](C1=O)N=C(/C(=N\OC(C(=O)O)(C)C)/c1csc(=N)[nH]1)O)O,0.26,-0.585026652,test,<rdkit.Chem.rdchem.Mol object at 0x7f52bd18f8b0>
OC(=O)CO/N=C(/c1csc(=N)[nH]1)\C(=N[C@H]1[C@H](C)N(C1=O)C(=NS(=O)(=O)N1C[C@H](CC1=O)NC(=NCc1cc(=O)c(cn1O)O)O)O)O,0.26,-0.585026652,test,<rdkit.Chem.rdchem.Mol object at 0x7f52bd18f990>
Fc1ccc(cc1)CNC1CCN(CC1)C1=C(C(=O)C1=O)NS(=O)(=O)c1c(C)noc1C,0.26,-0.585026652,train,<rdkit.Chem.rdchem.Mol object at 0x7f52bd18fa00>
C[C@H]1C=C2[C@@]3(C1)OC(=C(C3=O)C)CC(/C=C/C(=O)/C(=C\2)/C)(C)C,0.26,-0.585026652,train,<rdkit.Chem.rdchem.Mol object at 0x7f52bd18fa70>
COC1=CC(=CC=C1N)C1C=C(OC)C(N)=CC=1,0.259214369,-0.586340928,test,<rdkit.Chem.rdchem.Mol object at 0x7f52bd18fae0>
CN(C)C(=O)NC1C=C(C=CC=1)C(F)(F)F,0.259152667,-0.586444318,train,<rdkit.Chem.rdchem.Mol object at 0x7f52bd18fb50>
CC(C)C1C=CC(=CC=1)NC(=O)N(C)C,0.258,-0.588380294,train,<rdkit.Chem.rdchem.Mol object at 0x7f52bd18fbc0>
COC1=CC2=C(COC(=O)N2CCN2CCC(CC2)NCC2C=CC3OCC(=O)NC=3N=2)C=C1,0.2575,-0.589222767,train,<rdkit.Chem.rdchem.Mol object at 0x7f52bd18fc30>
CN(C)C1CN(CC1)C(=O)C1C=CC(=CC=1)NC1N=C(C(F)=CN=1)C1=CN=C(C)N1C(C)C,0.2575,-0.589222767,train,<rdkit.Chem.rdchem.Mol object at 0x7f52bd18fca0>
Cc1ccc(cn1)c1cc(cnc1N)c1ccc(cc1)S(=O)(=O)C,0.256,-0.591760035,train,<rdkit.Chem.rdchem.Mol object at 0x7f52bd18fd80>
C[C@]12C=CC(=O)C=C1CC[C@@H]1[C@@H]2C(=O)C[C@@]2(C)[C@H]1CC[C@]2(O)C(=O)CO,0.255,-0.59345982,train,<rdkit.Chem.rdchem.Mol object at 0x7f52bd18fdf0>
CCC1C=C(O)C=CC=1,0.255,-0.59345982,train,<rdkit.Chem.rdchem.Mol object at 0x7f52bd18fe60>
COC1=NC=CN=C1NS(=O)(=O)C1C=CC(N)=CC=1,0.254817582,-0.59377061,train,<rdkit.Chem.rdchem.Mol object at 0x7f52bd18fed0>
CC1=CC=C(C=C1)C(=CCN1CCCC1)C1=CC=CC=N1,0.25404724,-0.59508552,train,<rdkit.Chem.rdchem.Mol object at 0x7f52bd18ff40>
CN1N=NN=C1SCC1CSC2C(NC(=O)C(O)C3C=CC=CC=3)C(=O)N2C=1C(O)=O,0.253333332,-0.596307666,train,<rdkit.Chem.rdchem.Mol object at 0x7f52bd190040>
OCC(=O)N1CCC(CC1)C1NN=C(C=1C1C=CN=CN=1)C1C=CC(Cl)=CC=1F,0.2531,-0.596707855,train,<rdkit.Chem.rdchem.Mol object at 0x7f52bd1900b0>
O=C1COC2=CC=CC=C2N1CCN1CCC(CC1)NCC1=CC2OCCOC=2C=N1,0.2531,-0.596707855,train,<rdkit.Chem.rdchem.Mol object at 0x7f52bd190120>
CC(C)(N)C(=O)NC(COCC1C=CC(F)=CC=1F)C(=O)N1CCC2=NN(CC(F)(F)F)C(=O)C2(C1)CC1=CC=CC=N1,0.2531,-0.596707855,test,<rdkit.Chem.rdchem.Mol object at 0x7f52bd190190>
CC(C)CC(=O)N1CC(NC(=O)C(C)NC)C(=O)N2C(CC1)CCC2C(=O)NC(C1=CC=CC=C1)C1=CC=CC=C1,0.2531,-0.596707855,train,<rdkit.Chem.rdchem.Mol object at 0x7f52bd190200>
CCCOCCn1c2cc(ncc2nc(c1=O)N1CCN(CC1)CCO)c1ccc(nc1)OC,0.251,-0.600326279,train,<rdkit.Chem.rdchem.Mol object at 0x7f52bd190270>
CC(=O)c1ccc(S(=O)(=O)NC(=O)NC2CCCCC2)cc1,0.25,-0.602059991,train,<rdkit.Chem.rdchem.Mol object at 0x7f52bd1902e0>
NS(=O)(=O)c1cc(C2(O)NC(=O)c3ccccc32)ccc1Cl,0.25,-0.602059991,test,<rdkit.Chem.rdchem.Mol object at 0x7f52bd190350>
Nc1ccc(S(=O)(=O)c2ccc(N)cc2)cc1,0.25,-0.602059991,train,<rdkit.Chem.rdchem.Mol object at 0x7f52bd1903c0>
NS(=O)(=O)c1cc2c(cc1C(F)(F)F)NCNS2(=O)=O,0.25,-0.602059991,train,<rdkit.Chem.rdchem.Mol object at 0x7f52bd190430>
COC1=CC=C(NS(=O)(=O)C2C=CC(N)=CC=2)N=N1,0.25,-0.602059991,train,<rdkit.Chem.rdchem.Mol object at 0x7f52bd190580>
COC1C=C(CC(=O)OCCC)C=CC=1OCC(=O)N(CC)CC,0.25,-0.602059991,train,<rdkit.Chem.rdchem.Mol object at 0x7f52bd1905f0>
COc1cccc2c1C(=O)c1c(O)c3c(c(O)c1C2=O)C[C@@](O)(C(=O)CO)C[C@@H]3O[C@H]1C[C@H](N)[C@H](O)[C@H](C)O1,0.25,-0.602059991,test,<rdkit.Chem.rdchem.Mol object at 0x7f52bd1906d0>
CC12CCC3C(C)CCC4C(C)C(OC(=O)CCC(O)=O)OC(O1)C43OO2,0.25,-0.602059991,train,<rdkit.Chem.rdchem.Mol object at 0x7f52bd190740>
CC12CCC(=O)C=C1CCC1C3CCC(O)(C(=O)CO)C3(C)CC(O)C21F,0.25,-0.602059991,train,<rdkit.Chem.rdchem.Mol object at 0x7f52bd1907b0>
OC(C(c1ccccc1)N1CCCC1)(c1cccnc1)c1cccnc1,0.25,-0.602059991,train,<rdkit.Chem.rdchem.Mol object at 0x7f52bd190890>
C[C@@H]1CCCN1CCc1ccc2c(c1)ccc(n2)c1cn(nc1C)C,0.25,-0.602059991,train,<rdkit.Chem.rdchem.Mol object at 0x7f52bd190970>
Clc1cc(Cl)c(c(c1)OCCn1cccn1)c1nc(=N)[nH]c2c1CN(C2)C(=NCC(F)(F)C)O,0.25,-0.602059991,train,<rdkit.Chem.rdchem.Mol object at 0x7f52bd190a50>
COc1cc2[nH]cc(c(=Nc3ccc(cc3F)F)c2cc1N1CCN(CC1)C)C(=N)O,0.25,-0.602059991,train,<rdkit.Chem.rdchem.Mol object at 0x7f52bd190ac0>
ON=C([C@](S(=O)(=O)C)(CCn1ccc(cc1=O)c1ccc(cc1)n1nccn1)C)O,0.25,-0.602059991,train,<rdkit.Chem.rdchem.Mol object at 0x7f52bd190b30>
CN(C)C1C2CC3CC4C(C(=O)C3C(=O)C2(O)C(=O)C(C(N)=O)C1=O)=C(O)C=CC=4N(C)C,0.25,-0.602059991,train,<rdkit.Chem.rdchem.Mol object at 0x7f52bd190ba0>
CO[C@@H]1C[C@H](N(C1)C)c1nc(C(=NCc2ccc(cc2)F)O)c(c(=O)n1C)O,0.25,-0.602059991,train,<rdkit.Chem.rdchem.Mol object at 0x7f52bd190c10>
Fc1ccc(c(c1)F)[C@@H]1CN(C[C@H]1C(=O)N1CCC(CC1)c1cc(nn1c1ccc(c(c1)F)F)C)C(C)(C)C,0.25,-0.602059991,train,<rdkit.Chem.rdchem.Mol object at 0x7f52bd190c80>
O=C(c1ccc(cc1)Oc1ccc(cc1)C#C[C@]1(O)CN2CCC1CC2)NC1CCCS(=O)(=O)C1,0.25,-0.602059991,train,<rdkit.Chem.rdchem.Mol object at 0x7f52bd190cf0>
NCCCn1c2c3ccccc3C(=O)c2c2c(c1=O)cc(cc2)N,0.25,-0.602059991,test,<rdkit.Chem.rdchem.Mol object at 0x7f52bd190d60>
N#CC1(CC1)N=C([C@@H]1CCCC[C@H]1C(=O)N1CCN(C[C@H]1C)c1ccc2c(c1)c(C)nn2C)O,0.25,-0.602059991,train,<rdkit.Chem.rdchem.Mol object at 0x7f52bd190e40>
CCN=C(Nc1sc2c(n1)cc(c(=O)n2C(C(=N)O)C)c1cccnc1)O,0.25,-0.602059991,train,<rdkit.Chem.rdchem.Mol object at 0x7f52bd190eb0>
N=c1scc([nH]1)/C(=N/OC(C(=O)O)(C)C)/C(=N[C@H]1[C@H](C)N(C1=O)C(=NS(=O)(=O)N1C[C@@H](CC1=O)N=C(c1[nH]cc(c(=O)c1)O)O)O)O,0.25,-0.602059991,train,<rdkit.Chem.rdchem.Mol object at 0x7f52bd190f20>
NC(NC(=O)C1N=C(Cl)C(N)=NC=1N)=NCCCCC1C=CC(=CC=1)OCC(O)CO,0.2488,-0.604149624,train,<rdkit.Chem.rdchem.Mol object at 0x7f52bd190f90>
[O-][N+](=O)C1=CC2=C(C=C1)OCC(=O)N2CCN1CCC(CC1)NCC1C=CC2OCC(=O)NC=2N=1,0.2488,-0.604149624,train,<rdkit.Chem.rdchem.Mol object at 0x7f52bd191000>
CN1C(=O)N(CC(C)C)C2SC(CC3=CC=NC4=CC=CC=C34)=C(C=2C1=O)C(=O)N1CC(O)CO1,0.2488,-0.604149624,train,<rdkit.Chem.rdchem.Mol object at 0x7f52bd191070>
CC(=O)OCC1CSC2C(NC(=O)CC3=CC=CS3)C(=O)N2C=1C(O)=O,0.245000002,-0.610833913,test,<rdkit.Chem.rdchem.Mol object at 0x7f52bd191150>
CCC(=O)N(c1ccccc1)C1(C(=O)OC)CCN(CCC(=O)OC)CC1,0.245,-0.610833916,test,<rdkit.Chem.rdchem.Mol object at 0x7f52bd1911c0>
Fc1ccc(c(c1)F)[C@@H]1C[C@](C[C@H]1C(=O)N1CCC(CC1)c1nc(nn1c1cc(Cl)ccc1Cl)C)(C)N,0.245,-0.610833916,train,<rdkit.Chem.rdchem.Mol object at 0x7f52bd191230>
CN1C(=O)N(CC(C)C)C2SC(CC3=CNC4N=CC=CC3=4)=C(C=2C1=O)C(=O)N1CC(O)CO1,0.2445,-0.611721137,train,<rdkit.Chem.rdchem.Mol object at 0x7f52bd191380>
CCCOCCn1c2cc(ncc2nc(c1=O)NCCN)c1ccc(nc1)OC,0.243,-0.614393726,train,<rdkit.Chem.rdchem.Mol object at 0x7f52bd191460>
CN(C)C1C=C(O)C=CC=1,0.242,-0.616184634,test,<rdkit.Chem.rdchem.Mol object at 0x7f52bd1914d0>
CN=C([C@]12C[C@@H]2[C@H]([C@@H]([C@@H]1O)O)n1cnc2c1nc(C#Cc1ccco1)nc2NC)O,0.242,-0.616184634,train,<rdkit.Chem.rdchem.Mol object at 0x7f52bd191540>
O[C@@H]1CCN(C1)C(=O)Cc1ccc(c(c1)Cl)c1ccc(cc1)N1CCOc2c(C1=O)c(N)ncn2,0.241,-0.617982957,train,<rdkit.Chem.rdchem.Mol object at 0x7f52bd1915b0>
CC12C3C(C(O)=O)C45CC(O)(CCC4C3(C=CC1O)OC2=O)C(=C)C5,0.24,-0.619788758,train,<rdkit.Chem.rdchem.Mol object at 0x7f52bd191620>
O=C1O[C@H](CN1c1ccc(c(c1)F)c1ccc(nc1)[C@H](O)C)Cn1nncc1,0.24,-0.619788758,train,<rdkit.Chem.rdchem.Mol object at 0x7f52bd191690>
CC1=NN=C(C(C)C)N1C1CC2CCC(C1)N2CCC(NC(=O)C1CCC(F)(F)CC1)C1C=CC=CC=1,0.24,-0.619788758,train,<rdkit.Chem.rdchem.Mol object at 0x7f52bd191700>
CN1CCN(CC1)c1cc2c(cc1F)[nH]cc(c2=Nc1ccc(cc1F)F)C(=N)O,0.24,-0.619788758,train,<rdkit.Chem.rdchem.Mol object at 0x7f52bd191770>
Cc1nn(c(n1)c1cn2c(n1)c1ccc(cc1OCC2)c1cnn(c1)C(C(=N)O)(C)C)C(C)C,0.24,-0.619788758,train,<rdkit.Chem.rdchem.Mol object at 0x7f52bd1917e0>
O=C(c1ccc(cc1)Oc1ccc(cc1)C#C[C@]1(O)CN2CCC1CC2)NCc1ccncn1,0.24,-0.619788758,train,<rdkit.Chem.rdchem.Mol object at 0x7f52bd191850>
CNC(=O)c1ccc(cc1)Oc1ccc(cc1)C#C[C@]1(O)CN2CCC1CC2,0.24,-0.619788758,train,<rdkit.Chem.rdchem.Mol object at 0x7f52bd1918c0>
N#CC1(CC1)N=C([C@@H]1CCCC[C@H]1C(=O)N1CCN(C[C@H]1C)c1ccc(c(n1)OC)OC)O,0.24,-0.619788758,train,<rdkit.Chem.rdchem.Mol object at 0x7f52bd191930>
CN[C@H](C(=N[C@H]1CCC[C@@H]2N(C1=O)[C@@H]1CN(CC[C@@H]1C2)CCc1ccc(cc1)Cl)O)C,0.24,-0.619788758,train,<rdkit.Chem.rdchem.Mol object at 0x7f52bd1919a0>
NC1C=CC(=CC=1)C(C1C=CC(N)=CC=1)=C1C=CC(=N)C=C1,0.235,-0.628932138,train,<rdkit.Chem.rdchem.Mol object at 0x7f52bd191a80>
CCOC(=O)C1=CN=CN1C(C)C1C=CC=CC=1,0.234999999,-0.628932141,train,<rdkit.Chem.rdchem.Mol object at 0x7f52bd191af0>
CN1CCN(CC1)c1ccc2c(n1)n(CC(c1ccc(cc1Cl)C(F)(F)F)O)c(=N)[nH]2,0.234,-0.630784143,train,<rdkit.Chem.rdchem.Mol object at 0x7f52bd191b60>
CN1C(=O)CN=C(c2ccccc2F)c2cc([N+](=O)[O-])ccc21,0.233333334,-0.632023214,train,<rdkit.Chem.rdchem.Mol object at 0x7f52bd191bd0>
OC(=O)CNC(=O)C1N=CC=CC=1O,0.2319,-0.634699251,train,<rdkit.Chem.rdchem.Mol object at 0x7f52bd191c40>
CC(C)(N)C(=O)NC(COCC1C=CC=CC=1)C(=O)N1CCC2(CN(C3=CC=CC=C23)S(C)(=O)=O)CC1,0.2319,-0.634699251,train,<rdkit.Chem.rdchem.Mol object at 0x7f52bd191d20>
CC(C)(C)N1CC(C(C1)C(=O)N1CC(C)C(O)(C(C)C1)C1C=CC=CC=1)C1C=CC(F)=CC=1F,0.2319,-0.634699251,train,<rdkit.Chem.rdchem.Mol object at 0x7f52bd191d90>
CC(C)(C)NC(=O)NCCN1CCC(O)(CNC(=O)C2C=C(Cl)C=C(Cl)C=2)CC1,0.2319,-0.634699251,train,<rdkit.Chem.rdchem.Mol object at 0x7f52bd191e00>
CC1SC=C(C)C=1N(C(C)COC)C(=O)CCl,0.231628832,-0.635207384,train,<rdkit.Chem.rdchem.Mol object at 0x7f52bd191e70>
Cc1[nH]cnc1CN1CCc2c(c3ccccc3n2C)C1=O,0.23,-0.638272164,test,<rdkit.Chem.rdchem.Mol object at 0x7f52bd191ee0>
O=NN(CCCl)C(=O)NCCCl,0.23,-0.638272164,train,<rdkit.Chem.rdchem.Mol object at 0x7f52bd191f50>
C[C@@H]1C[C@H]2[C@@H]3CCC4=CC(=O)C=C[C@]4(C)[C@@]3(F)[C@@H](O)C[C@]2(C)[C@@]1(O)C(=O)CO,0.23,-0.638272164,train,<rdkit.Chem.rdchem.Mol object at 0x7f52bd1920a0>
OC1C=CC(Cl)=CC=1Cl,0.23,-0.638272164,train,<rdkit.Chem.rdchem.Mol object at 0x7f52bd192110>
Cc1nc2n(c(=O)c1CCN1CCC(c3noc4cc(F)ccc34)CC1)CCCC2O,0.23,-0.638272164,test,<rdkit.Chem.rdchem.Mol object at 0x7f52bd192180>
CN1CCN(CC1)C(=O)c1cc2c([nH]1)ccc(c2)Cl,0.23,-0.638272164,train,<rdkit.Chem.rdchem.Mol object at 0x7f52bd1921f0>
FC(CN1C[C@@H]([C@H](C1)C(=Nc1ccc(cn1)Cl)O)C(=Nc1ccc(cc1F)n1ccccc1=O)O)F,0.23,-0.638272164,test,<rdkit.Chem.rdchem.Mol object at 0x7f52bd192260>
N=c1ncc(c[nH]1)c1nc(N2CCOCC2)c2c(n1)c(C)c(s2)CN1CCN(CC1)S(=O)(=O)C,0.23,-0.638272164,train,<rdkit.Chem.rdchem.Mol object at 0x7f52bd1922d0>
O=S1(=O)CCC(CC1)Oc1ccc2c(c1)CCC1(O2)CCN(CC1)C1CCC1,0.23,-0.638272164,train,<rdkit.Chem.rdchem.Mol object at 0x7f52bd1923b0>
COc1ccc(c(c1)C)c1n(C)ncc1c1nc(n2c1c(ncn2)N1CCC1)C,0.23,-0.638272164,train,<rdkit.Chem.rdchem.Mol object at 0x7f52bd192420>
O=C1CCCn2c1cc(n2)COc1ccccc1,0.23,-0.638272164,train,<rdkit.Chem.rdchem.Mol object at 0x7f52bd192490>
CN1CCN(/C(=N/c2ccc(cc2C(=Nc2ccccc2)O)N(=O)=O)/C1)C,0.23,-0.638272164,train,<rdkit.Chem.rdchem.Mol object at 0x7f52bd192500>
Cn1ncc(c1c1ccc(cc1)C(F)(F)F)c1nn(c2c1c(ncn2)N1CCC1)C,0.23,-0.638272164,train,<rdkit.Chem.rdchem.Mol object at 0x7f52bd192570>
OC1=NN=C([C@@H]2[C@H]1C2)c1ccc(cc1)OC1CCN(CC1)C1CCC1,0.23,-0.638272164,train,<rdkit.Chem.rdchem.Mol object at 0x7f52bd1925e0>
C[C@H]1[C@H](N=C(/C(=N\OC(C(=O)O)(C)C)/c2csc(=N)[nH]2)O)C(=O)N1C(=NS(=O)(=O)Nc1ncc(c(c1)O)O)O,0.23,-0.638272164,train,<rdkit.Chem.rdchem.Mol object at 0x7f52bd192650>
OC(=NCc1cc(=O)c(cn1O)O)N[C@H]1CC(=O)N(C1)S(=O)(=O)N=C(N1C(=O)[C@H](C1(C)C)N=C(/C(=N\OC(C(=O)O)(C)C)/c1csc(=N)[nH]1)O)O,0.23,-0.638272164,train,<rdkit.Chem.rdchem.Mol object at 0x7f52bd1926c0>
C[C@H](c1nc(O)c2c(n1)n(nc2)C1CCOCC1)N1CC(C1)Oc1ccccc1,0.23,-0.638272164,train,<rdkit.Chem.rdchem.Mol object at 0x7f52bd192730>
N#CC1=CC2=C(C=C1)OCC(=O)N2CCN1CCC(CC1)NCC1C=CC2OCC(=O)NC=2N=1,0.2279,-0.642255675,train,<rdkit.Chem.rdchem.Mol object at 0x7f52bd192810>
CC(C)NC(=O)C1=CC2C(N1)=NC=C(C1=CC(=CN=C1)C(O)=O)C=2N1C=CC(=N1)C(F)(F)F,0.2279,-0.642255675,train,<rdkit.Chem.rdchem.Mol object at 0x7f52bd192880>
CN1CCC(CC1)N1C=C(C=N1)C1NC2C(N=1)=NC=C(Br)C=2NC,0.2279,-0.642255675,train,<rdkit.Chem.rdchem.Mol object at 0x7f52bd1928f0>
CC(C)N(CC1C=CC=CC=1)C(=O)C(C)(C)C,0.226734963,-0.644481507,train,<rdkit.Chem.rdchem.Mol object at 0x7f52bd1929d0>
N#CCCN1CC([C@H](C1=O)Oc1ccc(c(c1)C(F)(F)F)C#N)(C)C,0.226,-0.645891561,train,<rdkit.Chem.rdchem.Mol object at 0x7f52bd192a40>
CC[C@H](c1ccc(c(c1)F)F)N=C(N1CCc2c(C1)nc(nc2)N[C@H](CO)C)O,0.226,-0.645891561,test,<rdkit.Chem.rdchem.Mol object at 0x7f52bd192ab0>
CC1C=C(CC2=CC(C)=C(N)C=C2)C=CC=1N,0.225677,-0.6465127,train,<rdkit.Chem.rdchem.Mol object at 0x7f52bd192b20>
Clc1cc(ccc1c1ccc(cc1)N1CCOc2c(C1=O)c(N)ncn2)Cn1cccnc1=O,0.225,-0.647817482,test,<rdkit.Chem.rdchem.Mol object at 0x7f52bd192b90>
COC(=O)C1C=CC=CC=1N,0.224,-0.649751982,train,<rdkit.Chem.rdchem.Mol object at 0x7f52bd192c00>
COC1=CN=C(N=C1NC(C)C)C1=CC=CC=N1,0.2238,-0.650139918,train,<rdkit.Chem.rdchem.Mol object at 0x7f52bd192ce0>
OCC[C@@H](c1ccc(cc1)Cl)N=C(C1(N)CCN(CC1)c1ncnc2c1cc[nH]2)O,0.223,-0.651695137,train,<rdkit.Chem.rdchem.Mol object at 0x7f52bd192d50>
OC1CN(C1)C(=O)Cc1ccc(c(c1)Cl)c1ccc(cc1)N1CCOc2c(C1=O)c(N)ncn2,0.223,-0.651695137,train,<rdkit.Chem.rdchem.Mol object at 0x7f52bd192dc0>
O=S1CCN(CC1)c1ccc(cc1)C1ON=C(C1)c1ccc(o1)N(=O)=O,0.223,-0.651695137,train,<rdkit.Chem.rdchem.Mol object at 0x7f52bd192e30>
CC1Cc2ccccc2N1NC(=O)c1ccc(Cl)c(S(N)(=O)=O)c1,0.221540062,-0.654547728,train,<rdkit.Chem.rdchem.Mol object at 0x7f52bd192ea0>
C=CCc1ccccc1OCC(O)CNC(C)C,0.22,-0.657577319,train,<rdkit.Chem.rdchem.Mol object at 0x7f52bd192f10>
CCC1CN2CCC1CC2C(O)C1=CC=NC2=CC=C(C=C12)OC,0.22,-0.657577319,train,<rdkit.Chem.rdchem.Mol object at 0x7f52bd192f80>
CCC1OC(=O)C(C)C(OC2CC(C)(OC)C(O)C(C)O2)C(C)C(OC2OC(C)CC(C2O)N(C)C)C(C)(O)CC(C)C(=NOCOCCOC)C(C)C(O)C1(C)O,0.22,-0.657577319,train,<rdkit.Chem.rdchem.Mol object at 0x7f52bd192ff0>
Clc1ccc(cc1)CN=C(C1(N)CCN(CC1)c1ncnc2c1cc[nH]2)O,0.22,-0.657577319,train,<rdkit.Chem.rdchem.Mol object at 0x7f52bd1931b0>
CN1CCN(CC1)c1nc(=N)[nH]c2c1CCc1c2cccc1,0.22,-0.657577319,train,<rdkit.Chem.rdchem.Mol object at 0x7f52bd193220>
COc1ccc(cn1)[C@@H](N1CCN(C1=O)CCCc1nc2NCCCc2cc1C)CC(=O)O,0.22,-0.657577319,train,<rdkit.Chem.rdchem.Mol object at 0x7f52bd193290>
CCN=C(Nc1ccc(cc1)c1nc(N2CCOCC2)c2c(n1)[C@](C)(CCO)OC2)O,0.22,-0.657577319,train,<rdkit.Chem.rdchem.Mol object at 0x7f52bd193300>
Fc1ccc(cc1)CN=C(c1nc2[C@H](CCCn2c(=O)c1O)N(C(=O)CS(=O)(=O)N(C)C)C)O,0.22,-0.657577319,train,<rdkit.Chem.rdchem.Mol object at 0x7f52bd193370>
OC[C@H]1N(CCCCCCOc2cccc(c2)F)C[C@@H]([C@H]([C@@H]1O)O)O,0.22,-0.657577319,train,<rdkit.Chem.rdchem.Mol object at 0x7f52bd1933e0>
Fc1ccc(c(c1)F)[C@@H]1C[C@@H](C[C@H]1C(=O)N1CCC(CC1)c1nc(nn1c1ccc(c(c1)C)Cl)C)N(C)C,0.22,-0.657577319,test,<rdkit.Chem.rdchem.Mol object at 0x7f52bd193450>
CC(O)(C(=O)NC1C=CC(=CC=1)S(=O)(=O)N1CCCC1)C(F)(F)F,0.2199,-0.657774771,train,<rdkit.Chem.rdchem.Mol object at 0x7f52bd1935a0>
CN1C2N=C(N=C(C=2N=C1OC1CN(C1)C1CCS(=O)(=O)CC1)N1CCOCC1)N1C(=NC2=CC=CC=C12)C(C)C,0.2199,-0.657774771,train,<rdkit.Chem.rdchem.Mol object at 0x7f52bd193610>
CNC(=O)OC1=CC=CC=C1OC(C)C,0.216658169,-0.664224932,train,<rdkit.Chem.rdchem.Mol object at 0x7f52bd193760>
Nc1ncc(cc1c1ccc(cc1)C(=O)N)c1ccc(cc1)S(=O)(=O)C,0.216,-0.665546249,train,<rdkit.Chem.rdchem.Mol object at 0x7f52bd1937d0>
NC(=O)C1=CN=C2N=C(NC2=C1NCCCNC(=O)C1CCC1)C1C=CC(=CC=1)OCCN1CCCCC1,0.2159,-0.665747358,train,<rdkit.Chem.rdchem.Mol object at 0x7f52bd193840>
CCNC1C=CC=CC=1,0.214,-0.669586227,train,<rdkit.Chem.rdchem.Mol object at 0x7f52bd1938b0>
COP(=S)(OC)SCN1N=NC2C=CC=CC=2C1=O,0.213459875,-0.670683749,test,<rdkit.Chem.rdchem.Mol object at 0x7f52bd193920>
CCC(=O)OC(CC1C=CC=CC=1)(C(C)CN(C)C)C1C=CC=CC=1,0.2125,-0.672641066,train,<rdkit.Chem.rdchem.Mol object at 0x7f52bd193990>
CN(C)CCC=C1C2C=CC=CC=2COC2C=CC=CC=21,0.2121,-0.673459331,train,<rdkit.Chem.rdchem.Mol object at 0x7f52bd193a00>
CC1N=C(N=C(N)N)N=C2C=C(C=CC=12)OC,0.2121,-0.673459331,train,<rdkit.Chem.rdchem.Mol object at 0x7f52bd193a70>
COC1C=CC(=CN=1)C1(O)CCC(CC1)N1CC(CC1)NC(=O)CNC(=O)C1=CC(=CC=C1)C(F)(F)F,0.2121,-0.673459331,train,<rdkit.Chem.rdchem.Mol object at 0x7f52bd193ae0>
CNC1=C2NC(=NC2=NC=C1C(N)=O)C1=CC=C(C=C1)OCCN1CCOCC1,0.2121,-0.673459331,test,<rdkit.Chem.rdchem.Mol object at 0x7f52bd193b50>
CC1C=C(C=CC=1Cl)OC1CCN(CC2CCN(CC2)C(C)(CC2C=CC(F)=CC=2)C(O)=O)CC1,0.2121,-0.673459331,train,<rdkit.Chem.rdchem.Mol object at 0x7f52bd193bc0>
Clc1cc(ccc1c1ccc(cc1)N1CCOc2c(C1=O)c(N)ncn2)CS(=O)(=O)C,0.212,-0.673664139,train,<rdkit.Chem.rdchem.Mol object at 0x7f52bd193c30>
CCOC(=O)C1(CCC=CC1N(C)C)c1ccccc1,0.21,-0.677780705,train,<rdkit.Chem.rdchem.Mol object at 0x7f52bd193ca0>
OC(=NC1CC1)c1cc(F)c(c(c1)c1c(F)cn2c(c1F)nnc2C(C)(C)C)C,0.21,-0.677780705,train,<rdkit.Chem.rdchem.Mol object at 0x7f52bd193d10>
CCC(=O)N1CCC(CC1)N=C(Nc1ccc(cc1)OC(F)(F)F)O,0.21,-0.677780705,train,<rdkit.Chem.rdchem.Mol object at 0x7f52bd193d80>
COc1ccc(cc1)N(C1CCN(CC1)[C@@H](CCN=C(c1c(C)cc(nc1C)F)O)C)Cc1cccc(n1)C#N,0.21,-0.677780705,train,<rdkit.Chem.rdchem.Mol object at 0x7f52bd193e60>
F[C@@H]1CN([C@@H](C1)c1nc(C(=NCc2ccc(cc2)F)O)c(c(=O)n1C)O)C(=O)C,0.21,-0.677780705,train,<rdkit.Chem.rdchem.Mol object at 0x7f52bd193f40>
Fc1ccc(c(c1)F)[C@@H]1C[C@](C[C@H]1C(=O)N1CCC(CC1)c1ncnn1c1ccc(c(c1)Cl)F)(C)N,0.21,-0.677780705,train,<rdkit.Chem.rdchem.Mol object at 0x7f52bd194040>
CCN=C(Nc1nc2c(s1)n(C(C)C)c(=O)c(c2)c1cccnc1)O,0.21,-0.677780705,train,<rdkit.Chem.rdchem.Mol object at 0x7f52bd1940b0>
CCN=C(Nc1nc2c(s1)n(CC(F)F)c(=O)c(c2)c1cccnc1)O,0.21,-0.677780705,train,<rdkit.Chem.rdchem.Mol object at 0x7f52bd194120>
Fc1ccc(cc1)NC(c1cc(cn2c1nc(cc2=O)N1CCOCC1)C(=O)N(C)C)C,0.21,-0.677780705,train,<rdkit.Chem.rdchem.Mol object at 0x7f52bd194190>
N=c1scc([nH]1)/C(=N/OC(C(=O)O)(C)C)/C(=N[C@H]1[C@H](C)N(C1=O)C(=NS(=O)(=O)N1C[C@H](CC1=O)N=C([C@@H](N=C(c1[nH]cc(c(=O)c1)O)O)CCS(=O)(=O)C)O)O)O,0.21,-0.677780705,test,<rdkit.Chem.rdchem.Mol object at 0x7f52bd194200>
NCCCC(O)(P(=O)(O)O)P(=O)(O)O,0.209999995,-0.677780716,train,<rdkit.Chem.rdchem.Mol object at 0x7f52bd194270>
CCC(CC1=C(I)C=C(I)C(N)=C1I)C(O)=O,0.209999995,-0.677780716,train,<rdkit.Chem.rdchem.Mol object at 0x7f52bd1942e0>
CCOC(=O)NC1=C(C(=O)C(NC(=O)OCC)=C(C1=O)N1CC1)N1CC1,0.209999995,-0.677780716,train,<rdkit.Chem.rdchem.Mol object at 0x7f52bd194350>
CC1C=CC=C(C)C=1O,0.208579,-0.680729419,train,<rdkit.Chem.rdchem.Mol object at 0x7f52bd1943c0>
CCCCOC(=O)C1C=CC=CC=1C(O)=O,0.20842775,-0.68104446,train,<rdkit.Chem.rdchem.Mol object at 0x7f52bd194430>
COCCNC1N=C2C(NC(=O)N2CC2C=CC=CC=2)=C(N)N=1,0.2083,-0.68131073,train,<rdkit.Chem.rdchem.Mol object at 0x7f52bd1944a0>
N#CC1C=CC2C=CC(=O)N(CCN3CCC(NCC4=CC5OCCOC=5C=N4)C(O)C3)C=2C=1,0.2083,-0.68131073,train,<rdkit.Chem.rdchem.Mol object at 0x7f52bd194580>
N#CC1=CC2=C(C=C1)C=CC(=O)N2CCN1CCC(NCC2C=CC3OCC(=O)NC=3N=2)C(O)C1,0.2083,-0.68131073,train,<rdkit.Chem.rdchem.Mol object at 0x7f52bd1945f0>
N#Cc1cccc(c1c1ccc(cc1)N1CCOc2c(C1=O)c(N)ncn2)Cl,0.206,-0.68613278,train,<rdkit.Chem.rdchem.Mol object at 0x7f52bd194660>
CON(C)C(=O)NC1C=CC(Cl)=CC=1,0.205,-0.688246139,train,<rdkit.Chem.rdchem.Mol object at 0x7f52bd1946d0>
C1=CC=NC2C=CC=CC=21,0.203612995,-0.691194508,train,<rdkit.Chem.rdchem.Mol object at 0x7f52bd194890>
ClC1C=CC=CC=1,0.20202,-0.694605633,test,<rdkit.Chem.rdchem.Mol object at 0x7f52bd194900>
NC1=NN2C(N=C(C=C2C(F)(F)F)C2=CC=CS2)=N1,0.2008,-0.697236292,train,<rdkit.Chem.rdchem.Mol object at 0x7f52bd194970>
COC(=O)C1C(CC2CCC1N2CCCF)C1C=CC(I)=CC=1,0.2008,-0.697236292,train,<rdkit.Chem.rdchem.Mol object at 0x7f52bd1949e0>
O=C1C=C(CN2C(=NC3=NC=CN=C23)C2CCC2)C2C=CC(F)=C(F)C=2N1,0.2008,-0.697236292,train,<rdkit.Chem.rdchem.Mol object at 0x7f52bd194a50>
CC1=NC2(N=C1N)C1C=C(C=CC=1CC12CCC(CC1)OC)OCC(C)C,0.2008,-0.697236292,train,<rdkit.Chem.rdchem.Mol object at 0x7f52bd194b30>
CC(C)N(CC1OC(C(O)C1O)N1C=CC2C1=NC=NC=2N)CCCNC(=O)NC1C=CC(=CC=1)C(C)(C)C,0.2008,-0.697236292,train,<rdkit.Chem.rdchem.Mol object at 0x7f52bd194ba0>
CC(=O)C1CCC2C3CC=C4CC(O)CCC4(C)C3CCC21C,0.2,-0.698970004,train,<rdkit.Chem.rdchem.Mol object at 0x7f52bd194c10>
NC(CC1=CNC2=CC=CC=C21)C(O)=O,0.2,-0.698970004,train,<rdkit.Chem.rdchem.Mol object at 0x7f52bd194c80>
CC(C)(O)CCCC(C)C1CCC2C(CCCC12C)=CC=C1CC(O)CCC1=C,0.2,-0.698970004,test,<rdkit.Chem.rdchem.Mol object at 0x7f52bd194cf0>
Cc1nnc2n1-c1ccc(Cl)cc1C(c1ccccc1)=NC2,0.2,-0.698970004,train,<rdkit.Chem.rdchem.Mol object at 0x7f52bd194dd0>
CC(C)(S)C(N)C(O)=O,0.2,-0.698970004,train,<rdkit.Chem.rdchem.Mol object at 0x7f52bd194eb0>
CN1CCN(C(=O)OC2c3nccnc3C(=O)N2c2ccc(Cl)cn2)CC1,0.2,-0.698970004,test,<rdkit.Chem.rdchem.Mol object at 0x7f52bd194f20>
C[C@]12C=CC(=O)C=C1CC[C@@H]1[C@@H]2[C@@H](O)C[C@@]2(C)[C@H]1CC[C@]2(O)C(=O)CO,0.2,-0.698970004,train,<rdkit.Chem.rdchem.Mol object at 0x7f52bd194f90>
COCCOC1=CN=C(NS(=O)(=O)C2C=CC=CC=2)N=C1,0.2,-0.698970004,test,<rdkit.Chem.rdchem.Mol object at 0x7f52bd195000>
CC(=O)OC(CC)C(CC(C)N(C)C)(C1C=CC=CC=1)C1C=CC=CC=1,0.2,-0.698970004,train,<rdkit.Chem.rdchem.Mol object at 0x7f52bd195070>
CCOC(=O)C1(c2ccccc2)CCN(CCC(O)c2ccccc2)CC1,0.2,-0.698970004,train,<rdkit.Chem.rdchem.Mol object at 0x7f52bd1950e0>
CN(=O)(CCC=C1c2ccccc2CCc2c1cccc2)C,0.2,-0.698970004,train,<rdkit.Chem.rdchem.Mol object at 0x7f52bd195150>
COc1ccc([C@@H]2Sc3ccccc3N(CCN(C)C)C(=O)[C@@H]2OC(C)=O)cc1,0.2,-0.698970004,test,<rdkit.Chem.rdchem.Mol object at 0x7f52bd1951c0>
CCCc1c2oc(C(=O)O)cc(=O)c2cc2c(=O)cc(C(=O)O)n(CC)c12,0.2,-0.698970004,train,<rdkit.Chem.rdchem.Mol object at 0x7f52bd1952a0>
CC1(C)OC2(C(CC3C4CCC5=CC(=O)C=CC5(C)C4(F)C(O)CC23C)O1)C(=O)CO,0.2,-0.698970004,train,<rdkit.Chem.rdchem.Mol object at 0x7f52bd195310>
ONC(=O)CS(=O)C(C1C=CC=CC=1)C1C=CC=CC=1,0.2,-0.698970004,train,<rdkit.Chem.rdchem.Mol object at 0x7f52bd195380>
Oc1ccc2c(c1)[C@@]13CCCC[C@@]1(O)[C@@H](C2)N(CC1CCC1)CC3,0.2,-0.698970004,test,<rdkit.Chem.rdchem.Mol object at 0x7f52bd1953f0>
OC(=O)CC1CCN(CC1)C(=O)[C@@H]1COCCN1C(=O)Cc1ccc(cc1)NC(=Nc1ccccc1C)O,0.2,-0.698970004,train,<rdkit.Chem.rdchem.Mol object at 0x7f52bd195460>
CC12CC(O)C3C(C=C(Cl)C4=CC(=O)C=CC43C)C1CCC2(O)C(=O)CO,0.2,-0.698970004,train,<rdkit.Chem.rdchem.Mol object at 0x7f52bd1954d0>
COC1C=CC=CC=1N1CCN(CCCN=C2CC(=O)N(C)C(=O)N2C)CC1,0.2,-0.698970004,train,<rdkit.Chem.rdchem.Mol object at 0x7f52bd195540>
CCn1nc2c(c1)c(Oc1cnc(c(c1)F)C(=O)N1CCC1)cc(c2)C(=Nc1cnc(cn1)C)O,0.2,-0.698970004,train,<rdkit.Chem.rdchem.Mol object at 0x7f52bd1955b0>
O=C([C@](c1ccccc1)(N1CCCCC1)C)O[C@H]1C[N+]2(CCCc3cccnc3)CCC1CC2,0.2,-0.698970004,train,<rdkit.Chem.rdchem.Mol object at 0x7f52bd195620>
OC[C@H]1N(CCCCCCOc2cccc(c2)C)C[C@@H]([C@H]([C@@H]1O)O)O,0.2,-0.698970004,train,<rdkit.Chem.rdchem.Mol object at 0x7f52bd195690>
N#CC1(CC1)N=C([C@@H]1CCCC[C@H]1C(=O)N1CCN(C[C@H]1C)c1ccc2c(c1)onc2C)O,0.2,-0.698970004,train,<rdkit.Chem.rdchem.Mol object at 0x7f52bd195700>
OC(=Nc1ncnc(c1)C)C[N+]12CCC(CC1)[C@H](C2)OC(=O)C1(CCCCCC1)C1=CC=CC1,0.2,-0.698970004,train,<rdkit.Chem.rdchem.Mol object at 0x7f52bd195770>
CCN=C(Nc1nc2c(s1)n(C(C)C)c(=O)c(c2)c1ccc2n(c1)ncn2)O,0.2,-0.698970004,train,<rdkit.Chem.rdchem.Mol object at 0x7f52bd1957e0>
CC(CN1CCC(CC1)S(=O)c1ccc(cc1)CNC(=O)c1oc2c(c1)ccnc2)C,0.2,-0.698970004,train,<rdkit.Chem.rdchem.Mol object at 0x7f52bd195850>
CN[C@H](C(=N[C@H]1CCC[C@@H]2N(C1=O)[C@@H]1CN(CC[C@@H]1C2)S(=O)(=O)c1ccccc1)O)C,0.2,-0.698970004,train,<rdkit.Chem.rdchem.Mol object at 0x7f52bd1958c0>
NC1C=C2CCN3C2=C(C=1)C(=NC(NC(=O)C1C=NC=CC=1)C3=O)C1C=CC=CC=1,0.198,-0.70333481,train,<rdkit.Chem.rdchem.Mol object at 0x7f52bd195930>
NC1C=CC(=CC=1)C1C=CC(N)=CC=1,0.197716115,-0.703957932,train,<rdkit.Chem.rdchem.Mol object at 0x7f52bd1959a0>
CC1(C)OC2C=CC=C(OC(=O)NC)C=2O1,0.197517334,-0.704394786,train,<rdkit.Chem.rdchem.Mol object at 0x7f52bd195a10>
CN(C)C1C2C(O)C3C(C(=O)C4C(=CC=CC=4O)C3=C)C(=O)C2(O)C(=O)C(C(N)=O)C1=O,0.1975,-0.7044329,train,<rdkit.Chem.rdchem.Mol object at 0x7f52bd195a80>
CCCOCCn1c(=O)c(NCCNCCO)nc2c1cc(nc2)c1ccc(nc1)OC,0.196,-0.707743929,test,<rdkit.Chem.rdchem.Mol object at 0x7f52bd195b60>
CCC1C=C(C)CC(C)CC(OC)C2OC(O)(C(C)CC2OC)C(=O)C(=O)N2CCCCC2C(=O)OC(C(C)C(O)CC1=O)C(C)=CC1CC(OC)C(Cl)CC1,0.195,-0.709965389,train,<rdkit.Chem.rdchem.Mol object at 0x7f52bd195bd0>
COC1C=CC(CC2C(N)=NNC=2N)=CC=1,0.1935,-0.713319031,train,<rdkit.Chem.rdchem.Mol object at 0x7f52bd195c40>
O=C(NS(=O)(=O)C1=CC=C(F)C=C1)N1CCC(CC1)N1CCC(CC1)OC1C=CC(Cl)=C(Cl)C=1,0.1935,-0.713319031,train,<rdkit.Chem.rdchem.Mol object at 0x7f52bd195cb0>
CCCCCC,0.19309,-0.714240217,train,<rdkit.Chem.rdchem.Mol object at 0x7f52bd195d90>
O=C([C@](c1ccccc1)(N1CCCCC1)C)O[C@H]1C[N+]2(CCC1CC2)CC(=O)[NH+]=c1[n-]occ1,0.193,-0.714442691,train,<rdkit.Chem.rdchem.Mol object at 0x7f52bd195e00>
O=c1ccc2ccccc2o1,0.192239995,-0.716156253,train,<rdkit.Chem.rdchem.Mol object at 0x7f52bd195e70>
COC1C=C(CC=C)C=CC=1O,0.192161005,-0.716334739,train,<rdkit.Chem.rdchem.Mol object at 0x7f52bd195ee0>
CC(C)=CCCC(C)=CCOC(C)=O,0.192,-0.716698771,train,<rdkit.Chem.rdchem.Mol object at 0x7f52bd195f50>
CCOC(=O)C1=CC=CC=C1C(=O)OCC,0.19,-0.721246399,train,<rdkit.Chem.rdchem.Mol object at 0x7f52bd196030>
CNCC(O)CC12CCC(C3=CC=CC=C13)C1=CC=CC=C21,0.19,-0.721246399,train,<rdkit.Chem.rdchem.Mol object at 0x7f52bd1960a0>
CCc1cccc2cc(C(O)CNC(C)(C)C)oc12,0.19,-0.721246399,test,<rdkit.Chem.rdchem.Mol object at 0x7f52bd196110>
OC(=N[C@H](C(=N)O)Cc1ccccc1)OCc1ccccc1,0.19,-0.721246399,train,<rdkit.Chem.rdchem.Mol object at 0x7f52bd196180>
NCC1=CC=CC=C1CC(=O)NC1C2SCC(CSC3=NN=NN3CC(O)=O)=C(C(O)=O)N2C1=O,0.19,-0.721246399,train,<rdkit.Chem.rdchem.Mol object at 0x7f52bd1961f0>
C[C@@H]1CCCN1CCc1ccc2c(c1)ccc(n2)c1cnc(nc1C)N1CCCC1,0.19,-0.721246399,train,<rdkit.Chem.rdchem.Mol object at 0x7f52bd196260>
Fc1cc(cc(c1)F)N[C@@H](c1cc(cc2c1oc(cc2=O)N1CCOCC1)C(=O)N(C)C)C,0.19,-0.721246399,train,<rdkit.Chem.rdchem.Mol object at 0x7f52bd196340>
Fc1ccc(cc1)CN=C(c1nc2C(CCCn2c(=O)c1O)N(C(=O)CS(=O)(=O)N(C)C)C)O,0.19,-0.721246399,train,<rdkit.Chem.rdchem.Mol object at 0x7f52bd1963b0>
Fc1ccc(cc1)CN=C(c1nc2n(c(=O)c1O)CCC[C@H]2N(S(=O)(=O)N(C)C)C)O,0.19,-0.721246399,test,<rdkit.Chem.rdchem.Mol object at 0x7f52bd196420>
Fc1ccc(cc1)CN=C(c1nc2[C@H](CCCCn2c(=O)c1O)N(C(=O)C(=O)N(C)C)C)O,0.19,-0.721246399,train,<rdkit.Chem.rdchem.Mol object at 0x7f52bd196490>
OC(=O)C1=CC=CC=C1C1C2C=CC(O)=CC=2OC2=CC(=O)C=CC2=1,0.1899,-0.721475035,train,<rdkit.Chem.rdchem.Mol object at 0x7f52bd196500>
NC1=NC(NC2=CC=C(C=C2)S(N)(=O)=O)=NN1C(=O)C1=C(F)C=CC=C1F,0.1899,-0.721475035,test,<rdkit.Chem.rdchem.Mol object at 0x7f52bd196570>
CC1=CC(=NC(=N1)N1C=NC=C1)N1CCCC1C(=O)NCCC1=CC2OCOC=2C=C1,0.1899,-0.721475035,train,<rdkit.Chem.rdchem.Mol object at 0x7f52bd1965e0>
CC1=CC(=CN(C)C1=O)C1(N=C(N)C2C(F)=CC=CC1=2)C1C=C(C=CC=1)C1C=NC=NC=1,0.1899,-0.721475035,train,<rdkit.Chem.rdchem.Mol object at 0x7f52bd196650>
CN(C1CCN(CC2C=CC(=CC=2)C(F)(F)F)CC1)C(=O)CC1C=CC(=CC=1)S(C)(=O)=O,0.1899,-0.721475035,train,<rdkit.Chem.rdchem.Mol object at 0x7f52bd1966c0>
CC(=O)C1=CC2C(NC(=O)C3C=CC(F)=CC=3)C(O)C(C)(C)OC=2C=C1,0.187,-0.728158393,train,<rdkit.Chem.rdchem.Mol object at 0x7f52bd196730>
Fc1ccc(c(c1)F)Oc1ncc2c(n1)[nH][nH]c2=N[C@@H](CS(=O)(=O)C)C,0.187,-0.728158393,train,<rdkit.Chem.rdchem.Mol object at 0x7f52bd1967a0>
CC1OC(C)CN2C1C1(CC3C=C(C=CC2=3)[N+]([O-])=O)C(=O)N(C)C(=O)N(C)C1=O,0.1864,-0.729554092,train,<rdkit.Chem.rdchem.Mol object at 0x7f52bd196810>
O=C(NS(=O)(=O)C1=CC=CC=C1)N1CCC(CC1)N1CCC(CC1)OC1C=CC(Cl)=C(Cl)C=1,0.1864,-0.729554092,test,<rdkit.Chem.rdchem.Mol object at 0x7f52bd1968f0>
COC1C=C(OC)C(=CC=1S(=O)(=O)N1C(C)CCC2=CC=CC=C12)NC(=O)CCC(O)=O,0.1864,-0.729554092,test,<rdkit.Chem.rdchem.Mol object at 0x7f52bd196960>
CC1=CC(NC2=CN=C(C#N)C(NC(C)C3N=CC(F)=CN=3)=N2)=NN1,0.1864,-0.729554092,train,<rdkit.Chem.rdchem.Mol object at 0x7f52bd1969d0>
N#CC1(CCN(CC1)Cc1cc(C(=O)N[C@H]2CCCC[C@@H]2F)c(=O)n2c1cccc2)c1ccccn1,0.185,-0.732828272,train,<rdkit.Chem.rdchem.Mol object at 0x7f52bd196a40>
CCCOCCn1c2cc(ncc2nc(c1=O)N1CCNCC1)c1ccc(nc1)OC,0.184,-0.735182177,train,<rdkit.Chem.rdchem.Mol object at 0x7f52bd196ab0>
CN=C1C=NN(C(=O)C1Cl)C1C=CC=C(C=1)C(F)(F)F,0.183342834,-0.736736061,train,<rdkit.Chem.rdchem.Mol object at 0x7f52bd196b20>
CN1CCN(CC1)c1ccc2c(c1)[nH]c(n2)Nc1ccc(cn1)C,0.183,-0.73754891,train,<rdkit.Chem.rdchem.Mol object at 0x7f52bd196b90>
CC1N=C(SC=1CC(O)=O)SCC1CSC2C(NC(=O)C(=NOC)C3=CSC(N)=N3)C(=O)N2C=1C(O)=O,0.1825,-0.738737131,train,<rdkit.Chem.rdchem.Mol object at 0x7f52bd196c00>
CNC(=O)c1ccc(cc1)c1cc(cnc1N)c1ccc(cc1)S(=O)(=O)C,0.182,-0.739928612,test,<rdkit.Chem.rdchem.Mol object at 0x7f52bd196c70>
Clc1cccnc1c1ccc(cc1)N1CCOc2c(C1=O)c(N)ncn2,0.182,-0.739928612,train,<rdkit.Chem.rdchem.Mol object at 0x7f52bd196ce0>
C=CC1C=CC=CC=1,0.18008,-0.744534518,train,<rdkit.Chem.rdchem.Mol object at 0x7f52bd196dc0>
CC(=O)NS(=O)(=O)c1ccc(N)cc1,0.180000005,-0.744727483,train,<rdkit.Chem.rdchem.Mol object at 0x7f52bd196e30>
CCC(=O)NCCC1CCC2=CC=C3OCCC3=C21,0.18,-0.744727495,train,<rdkit.Chem.rdchem.Mol object at 0x7f52bd196ff0>
O=C([C@H]([C@@H](C(=O)N1CCC(C1)(F)F)N)c1ccc(cc1)c1ccc2n(c1)ncn2)N(C)C,0.18,-0.744727495,train,<rdkit.Chem.rdchem.Mol object at 0x7f52bd1970d0>
CC[C@H](Nc1ncc(s1)C(=Nc1cc(ccc1C)C(=NC)O)O)C,0.18,-0.744727495,train,<rdkit.Chem.rdchem.Mol object at 0x7f52bd197140>
OC(=NCC1(O)CCCCCC1)c1cc(ccc1Cl)n1ncc(nc1=O)O,0.18,-0.744727495,train,<rdkit.Chem.rdchem.Mol object at 0x7f52bd1971b0>
CC(C)(C)OC(=O)NC(C(O)C(=O)OC1CC2(O)C(OC(=O)C3C=CC=CC=3)C3C4(COC4CC(OC)C3(C)C(=O)C(OC)C(=C1C)C2(C)C)OC(C)=O)C1C=CC=CC=1,0.18,-0.744727495,train,<rdkit.Chem.rdchem.Mol object at 0x7f52bd197220>
CCN=C(Nc1ccc(cc1)c1nc(N2CCOC[C@@H]2C)c2c(n1)[C@@](C)(OC2)CC(O)(C)C)O,0.18,-0.744727495,train,<rdkit.Chem.rdchem.Mol object at 0x7f52bd197300>
OC(=O)c1cc(CN2CCC(CC2)c2nc3c([nH]2)cccc3)c2n(c1=O)cccc2,0.18,-0.744727495,train,<rdkit.Chem.rdchem.Mol object at 0x7f52bd197370>
N#Cc1ncc(nc1O[C@@H](CN(C)C)C)Nc1ncc(c(c1)OC)c1cnn(c1)C,0.18,-0.744727495,test,<rdkit.Chem.rdchem.Mol object at 0x7f52bd197450>
Fc1ccc(c(c1)F)[C@@H]1CN(C[C@H]1C(=O)N1CCC(CC1)c1ccnn1c1ccc(c(c1)Cl)F)C(C)(C)C,0.18,-0.744727495,train,<rdkit.Chem.rdchem.Mol object at 0x7f52bd1974c0>
CON=C([C@@H]1[C@@H](c2ccccc2)[C@]2([C@]([C@@H]1O)(O)c1c(O2)cc(cc1OC)OC)c1ccc(cc1)OC)O,0.18,-0.744727495,train,<rdkit.Chem.rdchem.Mol object at 0x7f52bd197530>
OC(=N)C[N+]12CCC(CC1)[C@H](C2)OC(=O)C1(CCCCCC1)C1=CC=CC1,0.18,-0.744727495,train,<rdkit.Chem.rdchem.Mol object at 0x7f52bd1975a0>
O=C(C[N+]12CCC(CC1)[C@H](C2)OC(=O)C1(CCCCCC1)C1=CC=CC1)[NH+]=c1cco[n-]1,0.18,-0.744727495,train,<rdkit.Chem.rdchem.Mol object at 0x7f52bd197610>
CN[C@H](C(=N[C@H]1CCC[C@@H]2N(C1=O)[C@@H]1CN(CC[C@@H]1C2)CCc1ccc(cc1)C(F)(F)F)O)C,0.18,-0.744727495,train,<rdkit.Chem.rdchem.Mol object at 0x7f52bd1976f0>
CN[C@H](C(=N[C@H]1CCC[C@@H]2N(C1=O)[C@@H]1CN(CC[C@@H]1C2)CC(c1ccccc1)C)O)C,0.18,-0.744727495,train,<rdkit.Chem.rdchem.Mol object at 0x7f52bd197760>
NC[C@@H](C(=N[C@H]1CC(=O)N(C1)S(=O)(=O)N=C(N1[C@@H](C)[C@@H](C1=O)N=C(/C(=N\OC(C(=O)O)(C)C)/c1csc(=N)[nH]1)O)O)O)N=C(c1[nH]cc(c(=O)c1)O)O,0.18,-0.744727495,train,<rdkit.Chem.rdchem.Mol object at 0x7f52bd1977d0>
CC(N)(CC1C=CC=CC=1)C1C=CC=CC=1,0.1795,-0.745935547,train,<rdkit.Chem.rdchem.Mol object at 0x7f52bd197840>
OB1C2=CC=CC=C2NC(=O)N1C1C=CC=CC=1,0.1795,-0.745935547,train,<rdkit.Chem.rdchem.Mol object at 0x7f52bd1978b0>
CC(C)(C)OC(=O)CC(C)NC(=O)C1CC(ON=1)C(O)(C(F)(F)F)C(F)(F)F,0.1795,-0.745935547,train,<rdkit.Chem.rdchem.Mol object at 0x7f52bd197920>
C[N+](C)(CC1C=CC(=CC=1)NC(=O)C1C=CC(Cl)=C(Cl)C=1)C1CCOCC1,0.1795,-0.745935547,train,<rdkit.Chem.rdchem.Mol object at 0x7f52bd197990>
CCOC1C=CC(=CC=1)NC(=O)CCC1C(C)=NC2=NC(C)=NN2C=1C,0.1795,-0.745935547,train,<rdkit.Chem.rdchem.Mol object at 0x7f52bd197a00>
CC1=C(Cl)C=CC(OC2CCN(CC2)C2CCN(CC2)C(=O)NS(=O)(=O)C2=CC=C(C)C=C2)=C1Cl,0.1795,-0.745935547,train,<rdkit.Chem.rdchem.Mol object at 0x7f52bd197a70>
COC1C=CC2N=CC(=O)N(CCN3CC(O)C(CC3)NCC3=CC4OCCOC=4C=N3)C=2C=1,0.1795,-0.745935547,train,<rdkit.Chem.rdchem.Mol object at 0x7f52bd197ae0>
CN(C)CCC1CCN(CC1)C1C=C(C2=CC=CC=C2N=1)C(=O)NCC1CCC(CNC(=O)OC2CCOCC2)CC1,0.1795,-0.745935547,train,<rdkit.Chem.rdchem.Mol object at 0x7f52bd197b50>
CC(=O)NC1=CC(=C(C=C1OC)OC)S(=O)(=O)N(C)C1C=CC=CC=1,0.1795,-0.745935547,test,<rdkit.Chem.rdchem.Mol object at 0x7f52bd197bc0>
CC(C)(C)NC(=O)NCCN1CCC(CO)(CNC(=O)C2C=C(Cl)C=C(Cl)C=2)CC1,0.1795,-0.745935547,train,<rdkit.Chem.rdchem.Mol object at 0x7f52bd197ca0>
O=C([C@](c1cccs1)(N1CCCCC1)C)O[C@H]1C[N+]2(CCCc3ccncc3)CCC1CC2,0.179,-0.747146969,train,<rdkit.Chem.rdchem.Mol object at 0x7f52bd197d10>
OC(=Nc1cnccn1)C[N+]12CCC(CC1)[C@H](C2)OC(=O)[C@](c1ccccc1)(N1CCCCC1)C,0.178,-0.749579998,train,<rdkit.Chem.rdchem.Mol object at 0x7f52bd197d80>
CC(CNCc1c(onc1C(=N[C@@H]1CCC[C@@H](C1)O)O)c1ccc(cc1)C(F)(F)F)C,0.177,-0.752026734,train,<rdkit.Chem.rdchem.Mol object at 0x7f52bd197e60>
COC1=CC2=C(C=C1)OCC(=O)N2CCN1CCC(CC1)NCC1=CC2OCCOC=2C=N1,0.1761,-0.754240644,train,<rdkit.Chem.rdchem.Mol object at 0x7f52bd197f40>
CC(C)OC1C=C(NC2N=C(NC(C)C3C=CC(F)=CN=3)N=C(OC(CO)CO)C=2Cl)NN=1,0.1761,-0.754240644,train,<rdkit.Chem.rdchem.Mol object at 0x7f52bd198040>
OC1C=CC(C(O)CNCCC2C=CC=C(CNCCC3=CC=CC=N3)C=2)=C2SC(=O)NC=12,0.1761,-0.754240644,train,<rdkit.Chem.rdchem.Mol object at 0x7f52bd1980b0>
CC(NC)C(=O)NC(C1CCCCC1)C(=O)N1CCCC1C(=O)NC(C(C1C=CC=CC=1)C1C=CC=CC=1)C(=O)OC,0.1761,-0.754240644,train,<rdkit.Chem.rdchem.Mol object at 0x7f52bd198120>
CC1OCCSC=1C(=O)NC1C=CC=CC=1,0.1758395,-0.75488356,train,<rdkit.Chem.rdchem.Mol object at 0x7f52bd198190>
CCC(=O)N(c1ccccc1)C1CCN(CCc2ccccc2)CC1,0.175,-0.756961951,train,<rdkit.Chem.rdchem.Mol object at 0x7f52bd198200>
COc1ccc(cn1)Nc1ncc(cc1c1nc(C)[nH]c(=N)n1)CN1CCN(CC1)S(=O)(=O)C,0.173,-0.761953897,train,<rdkit.Chem.rdchem.Mol object at 0x7f52bd1982e0>
COC1C=CC(=CC=1OC1CCCC1)C1CC(=O)NC1,0.1728,-0.762456262,train,<rdkit.Chem.rdchem.Mol object at 0x7f52bd198350>
COC1C=CC2=NC=C(F)C(CCN3CCC(CC3)NCC3=CC4OCCOC=4C=N3)=C2N=1,0.1728,-0.762456262,train,<rdkit.Chem.rdchem.Mol object at 0x7f52bd1983c0>
CC1=CC(NC2N=C(NC(C)C3C=CC(F)=CN=3)C(C#N)=NC=2C)=NN1,0.1728,-0.762456262,train,<rdkit.Chem.rdchem.Mol object at 0x7f52bd198430>
COc1cc(ccc1O)c1cc(cnc1N)c1ccc(cc1)S(=O)(=O)C,0.172,-0.764471553,train,<rdkit.Chem.rdchem.Mol object at 0x7f52bd198580>
OC(=N)Cc1ccc(c(c1)Cl)c1ccc(cc1)N1CCOc2c(C1=O)c(N)ncn2,0.172,-0.764471553,train,<rdkit.Chem.rdchem.Mol object at 0x7f52bd1985f0>
CO[C@H]1/C=C/O[C@@]2(C)Oc3c(C2=O)c2c(O)c(/C=N/N4CCN(CC4)C)c(c(c2c(c3C)O)O)N=C(/C(=C\C=C\[C@@H]([C@@H]([C@H]([C@H]([C@H]([C@@H]([C@@H]1C)OC(=O)C)C)O)C)O)C)/C)O,0.172,-0.764471553,test,<rdkit.Chem.rdchem.Mol object at 0x7f52bd198660>
CC(=O)NC(CS)C(O)=O,0.17,-0.769551079,train,<rdkit.Chem.rdchem.Mol object at 0x7f52bd1986d0>
O=C(C1CCCCC1)N1CC(=O)N2CCc3ccccc3C2C1,0.17,-0.769551079,train,<rdkit.Chem.rdchem.Mol object at 0x7f52bd198740>
O=C(O)CCNC(=O)c1ccccc1,0.17,-0.769551079,train,<rdkit.Chem.rdchem.Mol object at 0x7f52bd198820>
CC(C)C[C@H](NC(=O)[C@H](Cc1ccccc1)NC(=O)c1cnccn1)B(O)O,0.17,-0.769551079,train,<rdkit.Chem.rdchem.Mol object at 0x7f52bd198890>
OCCN(CCCOc1cc2ncnc(c2cc1OC)N=c1[nH][nH]c(c1)CC(=Nc1cccc(c1F)F)O)CC,0.17,-0.769551079,train,<rdkit.Chem.rdchem.Mol object at 0x7f52bd198900>
CCc1cc2[C@@H]3CNCCN3C(=O)c2c(c1)C(F)(F)F,0.17,-0.769551079,test,<rdkit.Chem.rdchem.Mol object at 0x7f52bd198970>
CCOc1ccc(nn1)n1ncc(c1C)c1ccc2c(n1)ccc(c2)CCN1CCC[C@H]1C,0.17,-0.769551079,train,<rdkit.Chem.rdchem.Mol object at 0x7f52bd1989e0>
C[C@@H]1NCCN(C1)Cc1ccc(cc1)CC(=O)N1CCC(CC1)Nc1cccc(c1)F,0.17,-0.769551079,train,<rdkit.Chem.rdchem.Mol object at 0x7f52bd198a50>
CN1C(=O)[C@H](C[C@H]1C#Cc1ccccc1)CN1CCCCC1,0.17,-0.769551079,train,<rdkit.Chem.rdchem.Mol object at 0x7f52bd198b30>
COc1cc(ccc1Nc1ncc2n(n1)c(cc2)c1ccccc1N(S(=O)(=O)C)C)N1CCN(CC1)C[C@@H](O)C,0.17,-0.769551079,train,<rdkit.Chem.rdchem.Mol object at 0x7f52bd198c10>
CN1CCSCC1c1nc(C(=NCc2ccc(cc2)F)O)c(c(=O)n1C)O,0.17,-0.769551079,train,<rdkit.Chem.rdchem.Mol object at 0x7f52bd198c80>
OCCN(C(=O)c1cc([C@H](N(c2cc(F)cc(c2)F)C)C)c2c(c1)c(=O)cc(o2)N1CCOCC1)C,0.17,-0.769551079,train,<rdkit.Chem.rdchem.Mol object at 0x7f52bd198d60>
OC1CCN(CC1)C(=O)c1cc([C@H](N(c2cc(F)cc(c2)F)C)C)c2c(c1)c(=O)cc(o2)N1CCOCC1,0.17,-0.769551079,train,<rdkit.Chem.rdchem.Mol object at 0x7f52bd198dd0>
Fc1ccc(c(c1)F)[C@@H]1CN(C[C@H]1C(=O)N1CCC(CC1)c1cc(nn1c1ccc(cc1F)Cl)C)C(C)(C)C,0.17,-0.769551079,train,<rdkit.Chem.rdchem.Mol object at 0x7f52bd198eb0>
C1CCN(C1)[C@H]([C@H](c1ccccc1)N1CCCC1)c1ccccc1,0.17,-0.769551079,train,<rdkit.Chem.rdchem.Mol object at 0x7f52bd198f20>
C1CCN(C1)[C@@H]([C@@H](c1ccccc1)N1CCCC1)c1ccccc1,0.17,-0.769551079,train,<rdkit.Chem.rdchem.Mol object at 0x7f52bd198f90>
OCCN=C(c1cn(c2c1ncc(c2)OC)Cc1ncnc(c1C)OC)O,0.17,-0.769551079,train,<rdkit.Chem.rdchem.Mol object at 0x7f52bd199000>
CN[C@H](C(=N[C@H]1CCC[C@@H]2N(C1=O)[C@@H]1CN(CC[C@@H]1C2)CCc1ccc(cc1)Br)O)C,0.17,-0.769551079,train,<rdkit.Chem.rdchem.Mol object at 0x7f52bd199070>
CC(=O)NCC1=CC(=CC=C1)C(O)=O,0.1696,-0.770574152,train,<rdkit.Chem.rdchem.Mol object at 0x7f52bd1990e0>
O=C1COC2C=CC(F)=CC=2N1CCN1CCC(CC1)NCC1C=CC2OCC(=O)NC=2N=1,0.1696,-0.770574152,train,<rdkit.Chem.rdchem.Mol object at 0x7f52bd199150>
O=C1C=C(C=CN1C1=CC2C=NN(CCN3CCCC3)C=2C=C1)OCC1C=CC=CC=1,0.1696,-0.770574152,train,<rdkit.Chem.rdchem.Mol object at 0x7f52bd1991c0>
O=C1C=C(C=CN1C1=CC2C=NN(CCN3CCCC3)C=2C=C1)C1C=CC=CC=1,0.1696,-0.770574152,train,<rdkit.Chem.rdchem.Mol object at 0x7f52bd199230>
CCCS(=O)(=O)N1N=CC2C=C(Cl)C=CC=2B1O,0.1696,-0.770574152,train,<rdkit.Chem.rdchem.Mol object at 0x7f52bd1992a0>
CCON=C(CC)C1C(=O)CC(CC1=O)C1C(C)=CC(C)=CC=1C,0.169,-0.772113295,train,<rdkit.Chem.rdchem.Mol object at 0x7f52bd199380>
CCC1C=CC=CC=1,0.1676,-0.775725986,train,<rdkit.Chem.rdchem.Mol object at 0x7f52bd1993f0>
CC1(C)NC(=O)N(c2ccc([N+](=O)[O-])c(C(F)(F)F)c2)C1=O,0.167,-0.777283529,train,<rdkit.Chem.rdchem.Mol object at 0x7f52bd199460>
Fc1ccc(cc1)CN=C(c1nc(N(CC(=O)N(C)C)C)c2c(c1O)nccc2)O,0.167,-0.777283529,train,<rdkit.Chem.rdchem.Mol object at 0x7f52bd1994d0>
CN(C)C(=O)NC1=CC(Cl)=C(Cl)C=C1,0.164940834,-0.782671815,train,<rdkit.Chem.rdchem.Mol object at 0x7f52bd199690>
COC1=CN=C(N=C1N(C)C)C1=CC=CC=N1,0.1632,-0.787279846,train,<rdkit.Chem.rdchem.Mol object at 0x7f52bd199700>
C[N+](CCNC(=O)C1N=C(Cl)C(N)=NC=1N)(CCCC1C=CC(=CC=1)OC)CCCC1C=CC(=CC=1)OC,0.1632,-0.787279846,train,<rdkit.Chem.rdchem.Mol object at 0x7f52bd1997e0>
CNCCCN1c2ccccc2CCc2ccccc21,0.163,-0.787812396,train,<rdkit.Chem.rdchem.Mol object at 0x7f52bd199850>
CC(CCC(O)=O)(C1C=CC(O)=CC=1)C1C=CC(O)=CC=1,0.163,-0.787812396,train,<rdkit.Chem.rdchem.Mol object at 0x7f52bd1998c0>
CC1=NC(=NC(OC(=O)N(C)C)=C1C)N(C)C,0.162556167,-0.788996551,train,<rdkit.Chem.rdchem.Mol object at 0x7f52bd199930>
Cc1cc(C)nc(NS(=O)(=O)c2ccc(N)cc2)n1,0.162500003,-0.789146628,train,<rdkit.Chem.rdchem.Mol object at 0x7f52bd1999a0>
COC1C=CC2N=CC=C(C(O)C3CC4CCN3CC4C=C)C=2C=1,0.162499999,-0.789146639,train,<rdkit.Chem.rdchem.Mol object at 0x7f52bd199a10>
CC1(C)CCC(O)C2(C)C1C(O)C(OC(C)=O)C1(C)OC(C)(CC(=O)C12O)C=C,0.16,-0.795880017,train,<rdkit.Chem.rdchem.Mol object at 0x7f52bd199a80>
CCC(=O)C(CC(C)N(C)C)(c1ccccc1)c1ccccc1,0.16,-0.795880017,train,<rdkit.Chem.rdchem.Mol object at 0x7f52bd199af0>
CC(NC(CCC1C=CC=CC=1)C(=O)OCC)C(=O)N1C2CCCCC2CC1C(O)=O,0.16,-0.795880017,train,<rdkit.Chem.rdchem.Mol object at 0x7f52bd199b60>
C(CC1NC2=CC=CC=C2N=1)C1NC2=CC=CC=C2N=1,0.16,-0.795880017,train,<rdkit.Chem.rdchem.Mol object at 0x7f52bd199bd0>
NC1=NC2C=CC(F)=CC=2S1,0.16,-0.795880017,train,<rdkit.Chem.rdchem.Mol object at 0x7f52bd199c40>
COC1=CC(=O)C[C@H]([C@@]21Oc1c(C2=O)c(OC)cc(c1Cl)OC)C,0.16,-0.795880017,train,<rdkit.Chem.rdchem.Mol object at 0x7f52bd199cb0>
COCCOc1cc2[nH]cc(c(=Nc3cc(C)ccc3F)c2cc1N1CCN(CC1)C)C(=N)O,0.16,-0.795880017,train,<rdkit.Chem.rdchem.Mol object at 0x7f52bd199d90>
NC(=O)c1cccc2cn(-c3ccc([C@@H]4CCCNC4)cc3)nc12,0.16,-0.795880017,train,<rdkit.Chem.rdchem.Mol object at 0x7f52bd199e00>
Fc1cc(cc(c1C)c1ccn2c(c1)nnc2C(C)(C)C)C(=NC1CC1)O,0.16,-0.795880017,train,<rdkit.Chem.rdchem.Mol object at 0x7f52bd199e70>
Fc1cnc(nc1)[C@@H](N=c1ccc2c([nH]1)n(cn2)c1n[nH]c(c1)C1CC1)C,0.16,-0.795880017,train,<rdkit.Chem.rdchem.Mol object at 0x7f52bd199ee0>
COCCOc1cc2[nH]cc(c(=Nc3ccc(cc3F)C)c2cc1N1CCN(CC1)C)C(=N)O,0.16,-0.795880017,train,<rdkit.Chem.rdchem.Mol object at 0x7f52bd199f50>
CC12CCC(=O)C(=O)C1CCC1C2CCC2(C)C1CCC2=O,0.16,-0.795880017,train,<rdkit.Chem.rdchem.Mol object at 0x7f52bd199fc0>
COc1ccc(cc1)N(C1CCN(CC1)[C@@H](CCN=C(c1c(C)cc(nc1C)Cl)O)C)Cc1cccc(n1)C#N,0.16,-0.795880017,train,<rdkit.Chem.rdchem.Mol object at 0x7f52bd19a030>
CCOc1cc2[nH]cc(c(=Nc3cccc(c3Cl)Cl)c2cc1N1CCN(CC1)C(=O)CO)C(=N)O,0.16,-0.795880017,train,<rdkit.Chem.rdchem.Mol object at 0x7f52bd19a0a0>
OC(=O)[C@H]1NC[C@H](C1)Sc1cccc(c1)Cl,0.16,-0.795880017,train,<rdkit.Chem.rdchem.Mol object at 0x7f52bd19a110>
Oc1cc(O)nc(c1)C1=NN(C(=O)CN1)S(=O)(=O)N=C(N1[C@@H](C)[C@@H](C1=O)N=C(/C(=N\OC(C(=O)O)(C)C)/c1csc(=N)[nH]1)O)O,0.16,-0.795880017,train,<rdkit.Chem.rdchem.Mol object at 0x7f52bd19a2d0>
O=C(NC1CCN(CCc2c[nH]c3ccccc23)CC1)c1ccccc1,0.158333334,-0.800427645,train,<rdkit.Chem.rdchem.Mol object at 0x7f52bd19a340>
CN1CCN(CC1)N=CC1C2NC(=O)C(C)=CC=CC(C)C(O)C(C)C(O)C(C)C(OC(C)=O)C(C)C(C=COC3(C)OC4=C(C(=C(C=2O)C(O)=C4C)C=1O)C3=O)OC,0.157780501,-0.801946669,train,<rdkit.Chem.rdchem.Mol object at 0x7f52bd19a3b0>
Clc1ccc2c(c1)CCc1cccnc1C2=C1CCNCC1,0.1575,-0.802719442,train,<rdkit.Chem.rdchem.Mol object at 0x7f52bd19a420>
OC(=O)COC1C=CC(Cl)=CC=1CN1CCCN(CC1)S(=O)(=O)CC1C=CC=CC=1,0.157,-0.804100348,train,<rdkit.Chem.rdchem.Mol object at 0x7f52bd19a490>
N#Cc1cccc(c1)C(=N[C@@H]1CCC[C@H](C1)N=C(c1ccccn1)O)O,0.157,-0.804100348,train,<rdkit.Chem.rdchem.Mol object at 0x7f52bd19a500>
CC1=CC=CC(CC)=C1N(COCC)C(=O)CCl,0.15685,-0.804515477,train,<rdkit.Chem.rdchem.Mol object at 0x7f52bd19a570>
CC1=CC(C)=C(C)C=C1,0.15559,-0.808018319,train,<rdkit.Chem.rdchem.Mol object at 0x7f52bd19a5e0>
CC(C)(C)C1C=CC(N)=CC=1,0.155,-0.809668302,train,<rdkit.Chem.rdchem.Mol object at 0x7f52bd19a6c0>
CN1N=NN=C1SCC1CSC2N(C=1C(O)=O)C(=O)C2(NC(=O)C1SC(S1)=C(C(N)=O)C(O)=O)OC,0.155,-0.809668302,train,<rdkit.Chem.rdchem.Mol object at 0x7f52bd19a730>
C#CCOCC(C(=O)N1CC[C@H]2[C@@H](C1)N1[C@H](C2)CCC[C@@H](C1=O)N=C([C@@H](NC)C)O)c1ccccc1,0.155,-0.809668302,train,<rdkit.Chem.rdchem.Mol object at 0x7f52bd19a7a0>
[O-][N+](=O)C1C=CC(O)=CC=1,0.154822479,-0.810165983,train,<rdkit.Chem.rdchem.Mol object at 0x7f52bd19a810>
N[C@H]1CCCC[C@H]1N=c1[nH]nc(c(c1)Nc1ccc(c(n1)C)C)C(=O)N,0.154,-0.812479279,train,<rdkit.Chem.rdchem.Mol object at 0x7f52bd19a880>
CC(C)(C)C(O)C(CC1=CC=C(Cl)C=C1)N1C=NC=N1,0.1532945,-0.814473427,train,<rdkit.Chem.rdchem.Mol object at 0x7f52bd19a8f0>
N#CC1C=C(C=CN=1)C1N=C(NN=1)C1C=CN=CC=1,0.151,-0.821023053,train,<rdkit.Chem.rdchem.Mol object at 0x7f52bd19a9d0>
CCC1=C(C2C(=CC=CC=2N1CC1C=CC=CC=1)OCC(N)=O)C(=O)C(N)=O,0.151,-0.821023053,train,<rdkit.Chem.rdchem.Mol object at 0x7f52bd19aa40>
COC1=CC(OC)=C(C=C1NC(=O)CCC(O)=O)S(=O)(=O)NCC1=CC=CC=C1N1CCC(COC(=O)CCC(O)=O)CC1,0.151,-0.821023053,train,<rdkit.Chem.rdchem.Mol object at 0x7f52bd19aab0>
CC1C=CC(=CN=1)C1C=CC2=C(C=CC3SC4C(=O)NC(C)CNC=4C2=3)N=1,0.151,-0.821023053,train,<rdkit.Chem.rdchem.Mol object at 0x7f52bd19ab20>
CC1(N=C(NC1=O)C1=NC2C=CC=CC=2C=C1C(O)=O)C(C)C,0.150878832,-0.821371688,train,<rdkit.Chem.rdchem.Mol object at 0x7f52bd19ab90>
NC(=N)N1CC2=CC=CC=C2CC1,0.150000005,-0.823908726,train,<rdkit.Chem.rdchem.Mol object at 0x7f52bd19ac00>
CN(C)CCC=C1C2=CC=CC=C2CSC2C=CC=CC=21,0.150000005,-0.823908726,train,<rdkit.Chem.rdchem.Mol object at 0x7f52bd19ac70>
OCC(O)COC(=O)C1C=CC=CC=1NC1=CC=NC2C(=CC=CC1=2)C(F)(F)F,0.150000005,-0.823908726,train,<rdkit.Chem.rdchem.Mol object at 0x7f52bd19ace0>
CC(C)N=C(N)N=C(N)Nc1ccc(Cl)cc1,0.150000005,-0.823908726,train,<rdkit.Chem.rdchem.Mol object at 0x7f52bd19adc0>
CC1OC(OC2CCC3(C)C4CCC5(C)C(CCC5(O)C4CCC3=C2)C2=COC(=O)C=C2)C(O)C(O)C1O,0.150000005,-0.823908726,train,<rdkit.Chem.rdchem.Mol object at 0x7f52bd19ae30>
Cc1ccnc(NS(=O)(=O)c2ccc(N)cc2)n1,0.150000005,-0.823908726,train,<rdkit.Chem.rdchem.Mol object at 0x7f52bd19aea0>
CCCCNc1ccc(C(=O)OCCN(C)C)cc1,0.150000005,-0.823908726,train,<rdkit.Chem.rdchem.Mol object at 0x7f52bd19af10>
CC(CN(C)C)CN1c2ccccc2Sc2ccccc21,0.150000005,-0.823908726,train,<rdkit.Chem.rdchem.Mol object at 0x7f52bd19af80>
COc1cc2c(cc1OC)C1CC(=O)C(CC(C)C)CN1CC2,0.150000005,-0.823908726,train,<rdkit.Chem.rdchem.Mol object at 0x7f52bd19aff0>
[O-][N+](=O)C1=CN=C(S1)N1CCNC1=O,0.150000005,-0.823908726,train,<rdkit.Chem.rdchem.Mol object at 0x7f52bd19b060>
CC1=NC2=CC=CC=C2C(=O)N1C1C=CC=CC=1C,0.150000005,-0.823908726,test,<rdkit.Chem.rdchem.Mol object at 0x7f52bd19b0d0>
CCCCC(C)(O)CC=CC1C(O)CC(=O)C1CCCCCCC(=O)OC,0.150000005,-0.823908726,train,<rdkit.Chem.rdchem.Mol object at 0x7f52bd19b140>
CNC1C(O)C(OC2C(O)C(OC3OC(CN)=CCC3N)C(N)CC2N)OCC1(C)O,0.150000003,-0.823908734,train,<rdkit.Chem.rdchem.Mol object at 0x7f52bd19b1b0>
CN1CCCC1CC1=CNC2=CC=C(CCS(=O)(=O)C3C=CC=CC=3)C=C12,0.150000003,-0.823908734,train,<rdkit.Chem.rdchem.Mol object at 0x7f52bd19b220>
O=C1CN=C(c2ccccc2Cl)c2cc([N+](=O)[O-])ccc2N1,0.15,-0.823908741,test,<rdkit.Chem.rdchem.Mol object at 0x7f52bd19b290>
O=C1Nc2ccc(Cl)cc2C(c2ccccc2Cl)=NC1O,0.15,-0.823908741,test,<rdkit.Chem.rdchem.Mol object at 0x7f52bd19b300>
CN1CCN2c3ncccc3Cc3ccccc3C2C1,0.15,-0.823908741,train,<rdkit.Chem.rdchem.Mol object at 0x7f52bd19b370>
CC12CCC3C(CCC4=CC(=O)C=CC43C)C1CCC(=O)O2,0.15,-0.823908741,train,<rdkit.Chem.rdchem.Mol object at 0x7f52bd19b3e0>
C#CCN(C)[C@H](C)Cc1ccccc1,0.15,-0.823908741,train,<rdkit.Chem.rdchem.Mol object at 0x7f52bd19b450>
CC(C)N1CCC(N(C(=O)Cc2ccccc2)c2ccc(Cl)cc2)CC1,0.15,-0.823908741,train,<rdkit.Chem.rdchem.Mol object at 0x7f52bd19b4c0>
CCOC(=O)Nc1ccc(NCc2ccc(F)cc2)nc1N,0.15,-0.823908741,test,<rdkit.Chem.rdchem.Mol object at 0x7f52bd19b530>
CCN=C(COc1ccc(cc1CN=C([C@@H]1CCCN1C(=O)[C@@H](C1CCCCC1)N)O)Cl)O,0.15,-0.823908741,train,<rdkit.Chem.rdchem.Mol object at 0x7f52bd19b610>
OC[C@H]1CCCN1CCCOc1cc2ncnc(c2cc1OC)N=c1[nH][nH]c(c1)CC(=Nc1cccc(c1F)F)O,0.15,-0.823908741,train,<rdkit.Chem.rdchem.Mol object at 0x7f52bd19b680>
N#Cc1ccc(c(c1CC(=NCc1ccc(=N)[nH]c1)O)F)NCC(c1ccccn1)(F)F,0.15,-0.823908741,train,<rdkit.Chem.rdchem.Mol object at 0x7f52bd19b760>
N#Cc1ccc(c(c1CC(=NCCONC(=N)N)O)F)NCC(c1cccc(c1)F)(F)F,0.15,-0.823908741,train,<rdkit.Chem.rdchem.Mol object at 0x7f52bd19b7d0>
C[C@@H]1CCCN1CCc1ccc2c(c1)ccc(n2)c1cnn(c1C)c1ccccn1,0.15,-0.823908741,train,<rdkit.Chem.rdchem.Mol object at 0x7f52bd19b840>
CC(C(=O)N1CCC(CC1)N=C(Nc1ccc(cc1)C(F)(F)F)O)C,0.15,-0.823908741,train,<rdkit.Chem.rdchem.Mol object at 0x7f52bd19b8b0>
O=C(c1nc(=N[C@H](c2cccnc2)C)[nH]c2c1scc2)N1CCCC1,0.15,-0.823908741,train,<rdkit.Chem.rdchem.Mol object at 0x7f52bd19b990>
OC(=Nc1ncco1)C[N+]12CCC(CC1)[C@H](C2)OC(=O)C1(CCCCCC1)C1=CC=CC1,0.15,-0.823908741,train,<rdkit.Chem.rdchem.Mol object at 0x7f52bd19ba70>
CCN=C(Nc1nc2c(s1)n(C(C)C)c(=O)c(c2)c1cncnc1)O,0.15,-0.823908741,test,<rdkit.Chem.rdchem.Mol object at 0x7f52bd19bae0>
CN(C(=O)c1cc([C@H](Nc2cccc(c2F)Cl)C)c2c(c1)c(=O)cc(o2)N1CCOCC1)C,0.15,-0.823908741,train,<rdkit.Chem.rdchem.Mol object at 0x7f52bd19bb50>
CC([C@]1(C)SC(=N[C@H]2C[C@H]3C[C@@H]2CC3)N=C1O)C,0.15,-0.823908741,train,<rdkit.Chem.rdchem.Mol object at 0x7f52bd19bbc0>
CCCC(C)C1(CC)C(=O)NC(=S)NC1=O,0.149166667,-0.826328216,train,<rdkit.Chem.rdchem.Mol object at 0x7f52bd19bc30>
COC1C(C(O)=O)=C(Cl)C=CC=1Cl,0.148773,-0.827475879,train,<rdkit.Chem.rdchem.Mol object at 0x7f52bd19bca0>
CC(C)Cn1cnc2c(N)nc3ccccc3c21,0.1481,-0.829444941,train,<rdkit.Chem.rdchem.Mol object at 0x7f52bd19bd10>
CC1OC(CN2CCNCC2)=CC=1C(=O)NCC12CC3CC(C1)CC(C2)C3,0.1481,-0.829444941,train,<rdkit.Chem.rdchem.Mol object at 0x7f52bd19bd80>
CNC(=O)C1C=C(C=NC=1)C1=CN=C2NC(=CC2=C1N1C=CC(=N1)C(F)(F)F)C(=O)NCC,0.1481,-0.829444941,train,<rdkit.Chem.rdchem.Mol object at 0x7f52bd19bdf0>
CC(=O)C1C(C(C(=O)OCC)=C(C)N=C1C)C1C=CC=C2C=1OC(C)=CC2=O,0.1481,-0.829444941,test,<rdkit.Chem.rdchem.Mol object at 0x7f52bd19be60>
N#CC1(CCN(CC1)Cc1cc(C(=O)N[C@H]2CCCC[C@@H]2O)c(=O)n2c1cccc2)c1ccccc1,0.148,-0.829738285,train,<rdkit.Chem.rdchem.Mol object at 0x7f52bd19bed0>
CC(N1CCC[C@H]1CN=C(c1cn(C2CCCC2)c(=O)c2c1c1ccccc1n2C)O)C,0.146,-0.835647144,train,<rdkit.Chem.rdchem.Mol object at 0x7f52bd19bf40>
CS(=O)(=O)C1=CC2=C(C=C1)OCC(=O)N2CCN1CCC(CC1)NCC1C=CC2OCC(=O)NC=2N=1,0.1452,-0.838033384,train,<rdkit.Chem.rdchem.Mol object at 0x7f52bd19c040>
CC1=CC(NC2=CN=C(C#N)C(NC(C)C3C=CC(F)=CN=3)=N2)=NN1,0.1452,-0.838033384,train,<rdkit.Chem.rdchem.Mol object at 0x7f52bd19c0b0>
CC1C=CC(N)=CC=1Cl,0.145,-0.838631998,train,<rdkit.Chem.rdchem.Mol object at 0x7f52bd19c120>
Cc1nnc(SCC2=C(C(=O)O)N3C(=O)[C@@H](NC(=O)Cn4cnnn4)[C@H]3SC2)s1,0.145,-0.838631998,test,<rdkit.Chem.rdchem.Mol object at 0x7f52bd19c190>
ONC(=O)C1(CCOCC1)NS(=O)(=O)C1=CC=C(C=C1)OC1=CC=C(F)C=C1,0.145,-0.838631998,train,<rdkit.Chem.rdchem.Mol object at 0x7f52bd19c200>
CC(C)(C)C1C=C(C=CC=1O)C(C)(C)C,0.144,-0.841637508,train,<rdkit.Chem.rdchem.Mol object at 0x7f52bd19c270>
Fc1ccc(c(c1)F)[C@H]1C[C@](C[C@@H]1C(=O)N1CCC(CC1)c1ccnn1c1ccc(c(c1)Cl)F)(C)N(C)C,0.144,-0.841637508,train,<rdkit.Chem.rdchem.Mol object at 0x7f52bd19c350>
NC1C=CC(=CC=1)NC1C=CC=CC=1,0.143351,-0.843599273,train,<rdkit.Chem.rdchem.Mol object at 0x7f52bd19c3c0>
O=C1NC(=O)C(C2=CN3CCN(CC4C=CC=C2C3=4)C(=O)N2CCOCC2)=C1C1=CN=C2C=CC=CN21,0.1423,-0.8467951,train,<rdkit.Chem.rdchem.Mol object at 0x7f52bd19c4a0>
COC1=CC=C(CC=C)C=C1OC,0.141586968,-0.84897672,train,<rdkit.Chem.rdchem.Mol object at 0x7f52bd19c510>
CCCCCC(O)CC(=O)CCC1C=C(OC)C(O)=CC=1,0.141,-0.850780887,train,<rdkit.Chem.rdchem.Mol object at 0x7f52bd19c5f0>
CCCCNc1cc(C(=O)O)cc(S(N)(=O)=O)c1Oc1ccccc1,0.14,-0.853871964,test,<rdkit.Chem.rdchem.Mol object at 0x7f52bd19c660>
CC(C)C1C=C(O)C=CC=1,0.14,-0.853871964,train,<rdkit.Chem.rdchem.Mol object at 0x7f52bd19c6d0>
CC[C@]1(O)C[C@@H]2CN(CCc3c([nH]c4ccccc34)[C@@](C(=O)OC)(c3cc4c(cc3OC)N(C)[C@H]3[C@@](O)(C(=O)OC)[C@H](OC(C)=O)[C@]5(CC)C=CCN6CC[C@]43[C@@H]65)C2)C1,0.14,-0.853871964,test,<rdkit.Chem.rdchem.Mol object at 0x7f52bd19c740>
CCNCc1cc(Nc2ccnc3cc(Cl)ccc23)ccc1O,0.14,-0.853871964,train,<rdkit.Chem.rdchem.Mol object at 0x7f52bd19c7b0>
CC(C)(C)C(NC(=O)OC)C(=O)NC(CC1C=CC=CC=1)C(O)CN(CC1C=CC(=CC=1)C1C=CC=CN=1)NC(=O)C(NC(=O)OC)C(C)(C)C,0.14,-0.853871964,train,<rdkit.Chem.rdchem.Mol object at 0x7f52bd19c820>
CCN=C(Nc1ncc(c(c1)c1scc(n1)C(F)(F)F)c1cncc(c1)c1n[nH]nn1)O,0.14,-0.853871964,train,<rdkit.Chem.rdchem.Mol object at 0x7f52bd19c890>
CCOc1cc2[nH]cc(c(=Nc3ccc(cc3F)F)c2cc1N1CCN(CC1)C(C)C)C(=N)O,0.14,-0.853871964,test,<rdkit.Chem.rdchem.Mol object at 0x7f52bd19c900>
CCN=C(Nc1ccc(cc1)c1nc(N2CCOC[C@@H]2C)c2c(n1)C(C)(C)OC2)O,0.14,-0.853871964,train,<rdkit.Chem.rdchem.Mol object at 0x7f52bd19c970>
CCS(=O)(=O)N1C[C@@H]([C@H](C1)C(=Nc1ccc(cn1)Cl)O)C(=Nc1ccc(cc1F)n1ccccc1=O)O,0.14,-0.853871964,train,<rdkit.Chem.rdchem.Mol object at 0x7f52bd19c9e0>
CCCC1(CCCN1)C(=O)c1ccc(c(c1)Cl)Cl,0.14,-0.853871964,train,<rdkit.Chem.rdchem.Mol object at 0x7f52bd19ca50>
CCN=C(Nc1ccc(cc1)c1nc(N2CCOC[C@@H]2C)c2c(n1)[C@@](C)(CCO)OC2)O,0.14,-0.853871964,train,<rdkit.Chem.rdchem.Mol object at 0x7f52bd19cac0>
Fc1ccc2c(c1c1nc3ccc(nc3c(n1)N1CCOCC1)CN1CCC(CC1)C(O)(C)C)cc[nH]2,0.14,-0.853871964,train,<rdkit.Chem.rdchem.Mol object at 0x7f52bd19cb30>
F[C@H]1CN([C@@H](C1)c1nc(C(=NCc2ccc(cc2)F)O)c(c(=O)n1C)O)C,0.14,-0.853871964,train,<rdkit.Chem.rdchem.Mol object at 0x7f52bd19cba0>
ON=C([C@](S(=O)(=O)C)(CCn1ccc(cc1=O)c1ccccc1)C)O,0.14,-0.853871964,train,<rdkit.Chem.rdchem.Mol object at 0x7f52bd19cc10>
COc1ccc(cc1)N(C1CCN(CC1)[C@@H](CCN=C(c1c(C)cc(nc1C)F)O)C)Cc1cccnc1,0.14,-0.853871964,train,<rdkit.Chem.rdchem.Mol object at 0x7f52bd19cc80>
O=C(c1ccc(c(c1C)F)S(=O)(=O)C)N1CCOc2c(C1)cc(cc2)c1ccc(=N)[nH]c1,0.14,-0.853871964,train,<rdkit.Chem.rdchem.Mol object at 0x7f52bd19cd60>
C[C@@H]1OCCN(C1)c1cc(=O)c2c(o1)c(cc(c2)C(=O)N(C)C)[C@H](Nc1cc(F)cc(c1)F)C,0.14,-0.853871964,train,<rdkit.Chem.rdchem.Mol object at 0x7f52bd19cdd0>
Fc1ccc(c(c1)F)[C@@H]1CN(C[C@H]1C(=O)N1CCC(CC1)c1cc(nn1c1cc(Cl)ccc1F)C)C(C)(C)C,0.14,-0.853871964,train,<rdkit.Chem.rdchem.Mol object at 0x7f52bd19ce40>
CCN=C(Nc1nc2c(s1)n(CC1CCOCC1)c(=O)c(c2)c1cccnc1)O,0.14,-0.853871964,train,<rdkit.Chem.rdchem.Mol object at 0x7f52bd19ceb0>
COCCn1c(C)cc(cc1=O)c1cc2nc(sc2n(c1=O)C(C)C)NC(=NCC)O,0.14,-0.853871964,train,<rdkit.Chem.rdchem.Mol object at 0x7f52bd19cf20>
Fc1cc(F)cc(c1)S(=O)c1ccc(nc1)CNC(=O)c1cc2c(o1)cncc2,0.14,-0.853871964,train,<rdkit.Chem.rdchem.Mol object at 0x7f52bd19d070>
CN(C(=O)c1cc(C(Nc2ccc(c(c2)F)F)C)c2n(c1)c(=O)cc(n2)N1CCOCC1)C,0.14,-0.853871964,train,<rdkit.Chem.rdchem.Mol object at 0x7f52bd19d0e0>
OC[C@H](CON=C(c1ncc2n(c1Nc1ccc(cc1F)I)cnc2)O)C,0.14,-0.853871964,train,<rdkit.Chem.rdchem.Mol object at 0x7f52bd19d150>
N=c1scc([nH]1)/C(=N/OC(C(=O)O)(C)C)/C(=N[C@H]1[C@H](C)N(C1=O)C(=NS(=O)(=O)N1CCN(N(C1=O)C)C(=O)c1[nH]cc(c(=O)c1)O)O)O,0.14,-0.853871964,train,<rdkit.Chem.rdchem.Mol object at 0x7f52bd19d1c0>
COC(=O)C=CC(O)=O,0.1395,-0.855425792,train,<rdkit.Chem.rdchem.Mol object at 0x7f52bd19d2a0>
CCOC(=O)Nc1ccc(NCc2ccc(F)cc2)cc1N,0.1395,-0.855425792,test,<rdkit.Chem.rdchem.Mol object at 0x7f52bd19d310>
CC1C=C(C)C=C(C)C=1S(=O)(=O)NCC1C=CN=CC=1,0.1395,-0.855425792,test,<rdkit.Chem.rdchem.Mol object at 0x7f52bd19d380>
CC1C=CC(NC(=O)C(CCOC)OC2=NC=NC3=C2C=NN3C2=CC=CC=C2OC)=NC=1,0.1395,-0.855425792,train,<rdkit.Chem.rdchem.Mol object at 0x7f52bd19d460>
CC1=NC2(N=C1N)C1C=C(C=CC=1CC12CCC(CC1)OC)C1C=NC=C(Br)C=1,0.1395,-0.855425792,train,<rdkit.Chem.rdchem.Mol object at 0x7f52bd19d4d0>
CC(C)(C)CS(=O)(=O)NCCN1CCN(CC(=O)NC23CC4CC(C2)CC(C3)C4)CC1,0.1395,-0.855425792,train,<rdkit.Chem.rdchem.Mol object at 0x7f52bd19d540>
CC1N=C(NC)SC=1C1=NC(NC2C=CC=C(C=2)N2CCNCC2)=NC=C1C#N,0.1395,-0.855425792,train,<rdkit.Chem.rdchem.Mol object at 0x7f52bd19d5b0>
Nc1ncc(cc1c1ccc(nc1)C(F)(F)F)c1ccc(cc1)S(=O)(=O)C,0.139,-0.8569852,train,<rdkit.Chem.rdchem.Mol object at 0x7f52bd19d620>
Cc1ccc(cn1)CCC[N+]12CCC(CC1)[C@H](C2)OC(=O)[C@](c1ccccc1)(N1CCCCC1)C,0.139,-0.8569852,test,<rdkit.Chem.rdchem.Mol object at 0x7f52bd19d690>
c1ccc2[nH]c(-c3cscn3)nc2c1,0.13836,-0.858989447,train,<rdkit.Chem.rdchem.Mol object at 0x7f52bd19d700>
C(NC1NC=NC2=NC=NC2=1)C1C=CC=CC=1,0.138,-0.860120914,train,<rdkit.Chem.rdchem.Mol object at 0x7f52bd19d770>
CN1C=C(C(=O)C(=C1)C1C=CC=CC=1)C1=CC(=CC=C1)C(F)(F)F,0.137806905,-0.860729021,train,<rdkit.Chem.rdchem.Mol object at 0x7f52bd19d7e0>
CC12CCC(=O)C=C1CCC1C2C(O)CC2(C)C(CCC21)C(=O)CO,0.137,-0.863279433,test,<rdkit.Chem.rdchem.Mol object at 0x7f52bd19d930>
CN1CCCC1CC1=CNC2C=CC(=CC1=2)NC1N=CC=CC=1[N+]([O-])=O,0.1368,-0.863913903,train,<rdkit.Chem.rdchem.Mol object at 0x7f52bd19da80>
COC1C=C(CNCC2C=C(CCNCC(O)C3C=CC(O)=C4NC(=O)SC=34)C=CC=2)C=CC=1,0.1368,-0.863913903,train,<rdkit.Chem.rdchem.Mol object at 0x7f52bd19daf0>
CCCC1=CC=C(N)C=C1,0.136,-0.866461092,train,<rdkit.Chem.rdchem.Mol object at 0x7f52bd19db60>
OCCN=c1cc(nc([nH]1)c1ccccc1)C(=N[C@H](C(=O)N1CCN(CC1)C(=O)OCC)CCC(=O)O)O,0.135,-0.869666232,train,<rdkit.Chem.rdchem.Mol object at 0x7f52bd19dbd0>
CNC(=O)C1NC=NC=1C(=O)NC1C=CC(=CC=1)OC,0.1341,-0.872571222,train,<rdkit.Chem.rdchem.Mol object at 0x7f52bd19dc40>
NC1=NC2(CCN(CC2)C(=O)C2=CN=C(C=C2)C#N)NC2C1=C(F)C=CC=2F,0.1341,-0.872571222,train,<rdkit.Chem.rdchem.Mol object at 0x7f52bd19dcb0>
OC1=CC2=C(C=C1)OCC(=O)N2CCN1CCC(CC1)NCC1C=CC2OCC(=O)NC=2N=1,0.1341,-0.872571222,train,<rdkit.Chem.rdchem.Mol object at 0x7f52bd19dd20>
O=C(NCC1=CC=CC=C1Cl)C1C=CC=NC=1OC1C=CC=CC=1,0.1341,-0.872571222,train,<rdkit.Chem.rdchem.Mol object at 0x7f52bd19dd90>
COC1C=CC(=CC=1)C1NC2=C(OCC3CCNCC3)C(Br)=CN=C2N=1,0.1341,-0.872571222,train,<rdkit.Chem.rdchem.Mol object at 0x7f52bd19de00>
CC(C(N)=O)C1C=CC(=CC=1)OS(=O)(=O)C(F)(F)F,0.1341,-0.872571222,train,<rdkit.Chem.rdchem.Mol object at 0x7f52bd19de70>
N#Cc1ccc(cc1)N1CCN(CC1)Cc1cc(C(=O)O)c(=O)n2c1cccc2,0.134,-0.872895202,train,<rdkit.Chem.rdchem.Mol object at 0x7f52bd19dee0>
CN1CCC(CC1)c1ccc2c(c1)[nH]c(n2)Nc1ccc(cn1)C(F)(F)F,0.134,-0.872895202,train,<rdkit.Chem.rdchem.Mol object at 0x7f52bd19dfc0>
COCN(C(=O)CCl)C1C(CC)=CC=CC=1CC,0.133825,-0.873462748,train,<rdkit.Chem.rdchem.Mol object at 0x7f52bd19e030>
CC(=NCc1ccc(c(c1)Cl)c1ccc(cc1)N1CCOc2c(C1=O)c(N)ncn2)O,0.133,-0.876148359,test,<rdkit.Chem.rdchem.Mol object at 0x7f52bd19e0a0>
CC(=O)NC1=CC(=CC=C1)OCC1=CN=C(Cl)S1,0.1315,-0.881074247,train,<rdkit.Chem.rdchem.Mol object at 0x7f52bd19e180>
CC1C(=CC=CC=1[N+]([O-])=O)[N+]([O-])=O,0.130978,-0.882801645,train,<rdkit.Chem.rdchem.Mol object at 0x7f52bd19e1f0>
CCOC1OC2C=CC(=CC=2C1(C)C)OS(C)(=O)=O,0.130878334,-0.883132244,train,<rdkit.Chem.rdchem.Mol object at 0x7f52bd19e260>
CC1CC2C3CCC4=CC(=O)C=CC4(C)C3(Cl)C(O)CC2(C)C1(OC(=O)CC)C(=O)COC(=O)CC,0.13,-0.886056648,train,<rdkit.Chem.rdchem.Mol object at 0x7f52bd19e2d0>
CC(CC1C=CC=CC=1)N(C)CC1C=CC=CC=1,0.13,-0.886056648,train,<rdkit.Chem.rdchem.Mol object at 0x7f52bd19e3b0>
CN1CCN(CC1)C(C1C=CC=CC=1)C1C=CC(Cl)=CC=1,0.13,-0.886056648,test,<rdkit.Chem.rdchem.Mol object at 0x7f52bd19e420>
NC(CC1C=CC(=CC=1)N(CCCl)CCCl)C(O)=O,0.13,-0.886056648,train,<rdkit.Chem.rdchem.Mol object at 0x7f52bd19e490>
O=C1CN=C(c2ccccc2)c2cc([N+](=O)[O-])ccc2N1,0.13,-0.886056648,test,<rdkit.Chem.rdchem.Mol object at 0x7f52bd19e500>
CC1CCCC(N1CCCC(c1ccccn1)(c1ccccc1)O)C,0.13,-0.886056648,train,<rdkit.Chem.rdchem.Mol object at 0x7f52bd19e570>
CCCN(CCC)S(=O)(=O)c1ccc(C(=O)O)cc1,0.13,-0.886056648,train,<rdkit.Chem.rdchem.Mol object at 0x7f52bd19e5e0>
CN(CC1N=C2C(N=C(N)N=C2N)=NC=1O)C1C=CC(=CC=1)C(=O)NC(CCC(O)=O)C(O)=O,0.13,-0.886056648,train,<rdkit.Chem.rdchem.Mol object at 0x7f52bd19e650>
OCC(COc1cc2Cc3c(c2cc1OC)[nH][nH]c3=NCc1c(Cl)cccc1Cl)O,0.13,-0.886056648,train,<rdkit.Chem.rdchem.Mol object at 0x7f52bd19e730>
C[C@H]1O[C@@H](C)[C@H]2N(C1)c1c(CC32C(=NC(=O)N=C3O)O)cc2c(c1F)o[nH]c2=N,0.13,-0.886056648,train,<rdkit.Chem.rdchem.Mol object at 0x7f52bd19e7a0>
CCN=C(Nc1ccc(cc1)c1nc(N2CCOC[C@@H]2C)c2c(n1)[C@](C)(CCO)OC2)O,0.13,-0.886056648,test,<rdkit.Chem.rdchem.Mol object at 0x7f52bd19e810>
OC(=N)C(c1ccccc1)(c1ccccc1)[C@@H]1CCN(C1)CCc1ccc2c(c1)C(O)CO2,0.13,-0.886056648,test,<rdkit.Chem.rdchem.Mol object at 0x7f52bd19e880>
Fc1ccc(cc1)CN=C(c1nc2n(c(=O)c1O)CCC[C@@H]2N(S(=O)(=O)N(C)C)C)O,0.13,-0.886056648,train,<rdkit.Chem.rdchem.Mol object at 0x7f52bd19e8f0>
OC(=Nc1ccncn1)C[N+]12CCC(CC1)[C@H](C2)OC(=O)[C@](c1ccccc1)(N1CCCCC1)C,0.13,-0.886056648,train,<rdkit.Chem.rdchem.Mol object at 0x7f52bd19e960>
OC(=N[C@@H]1CCN(C[C@@H]1S(=O)(=O)C)c1ncc(s1)C(=O)O)c1[nH]c(c(c1Cl)Cl)C,0.13,-0.886056648,train,<rdkit.Chem.rdchem.Mol object at 0x7f52bd19ea40>
CO[C@H]1CN(CC[C@H]1N=C(c1[nH]c(c(c1Cl)Cl)C)O)c1sc(c(n1)C(=O)N(C)C)C(=O)O,0.13,-0.886056648,train,<rdkit.Chem.rdchem.Mol object at 0x7f52bd19eab0>
CC(CO)(CO)NC1=NC(=NC2N=C(N)SC=21)SCC1C=CC=C(F)C=1F,0.1289,-0.889747083,train,<rdkit.Chem.rdchem.Mol object at 0x7f52bd19eb20>
CN1CCC(CN(C(C)C2=NC3N=CC=CC=3C(=O)N2C2C=CC(=CC=2)OCC)C(=O)CC2C=CC(F)=C(C=2)C(F)(F)F)CC1,0.1289,-0.889747083,train,<rdkit.Chem.rdchem.Mol object at 0x7f52bd19ec00>
CC1C=C(C=CC=1N)C1=CC(C)=C(N)C=C1,0.128103045,-0.892440546,train,<rdkit.Chem.rdchem.Mol object at 0x7f52bd19ece0>
OCCCc1cc(nc(n1)c1ccccc1)C(=O)N[C@H](C(=O)N1CCN(CC1)C(=O)OCC)CCC(=O)O,0.128,-0.89279003,train,<rdkit.Chem.rdchem.Mol object at 0x7f52bd19ed50>
CC(C)(C)C(O)C(OC1=CC=C(Cl)C=C1)N1C=NC=N1,0.126634834,-0.897446816,train,<rdkit.Chem.rdchem.Mol object at 0x7f52bd19edc0>
CC(C)C1C=CC(=CC=1)NC(=O)CN1C=NC2=C1C(=O)N(C)C(=O)N2C,0.1263,-0.898596649,train,<rdkit.Chem.rdchem.Mol object at 0x7f52bd19ee30>
COC1C=C(OC)C(=CC=1S(=O)(=O)N1C(C)CCC2=CC=CC=C12)NC(=O)CSCC(O)=O,0.1263,-0.898596649,train,<rdkit.Chem.rdchem.Mol object at 0x7f52bd19eea0>
CC(=O)NC1=CC(=C(C=C1OC)OC)S(=O)(=O)NCC1=CC=CC=C1N1CCC(CO)CC1,0.1263,-0.898596649,train,<rdkit.Chem.rdchem.Mol object at 0x7f52bd19ef10>
COC1C=CC(=CC=1C#N)C1=CC(=O)NC(N)=N1,0.1263,-0.898596649,train,<rdkit.Chem.rdchem.Mol object at 0x7f52bd19ef80>
CN=C(N1CCN(CC1)Cc1ccnc(c1)N=c1[nH]cc(s1)C#N)O,0.126,-0.899629455,train,<rdkit.Chem.rdchem.Mol object at 0x7f52bd19eff0>
CC12CCC3C4CCC(=O)C=C4CCC3C1CCC2(O)C#C,0.1258,-0.900319359,train,<rdkit.Chem.rdchem.Mol object at 0x7f52bd19f060>
N/N=c1\[nH]ncc2ccccc12,0.125,-0.903089987,train,<rdkit.Chem.rdchem.Mol object at 0x7f52bd19f0d0>
CCN1CCN(C(=O)N[C@@H](C(=O)N[C@@H]2C(=O)N3C(C(=O)O)=C(CSc4nnnn4C)CS[C@H]23)c2ccc(O)cc2)C(=O)C1=O,0.125,-0.903089987,test,<rdkit.Chem.rdchem.Mol object at 0x7f52bd19f140>
CCOC1C=CC2C=CC=CC=2C=1C(=O)NC1C2SC(C)(C)C(C(O)=O)N2C1=O,0.124333334,-0.905412422,train,<rdkit.Chem.rdchem.Mol object at 0x7f52bd19f1b0>
N#Cc1cnn2c1nc(cc2NC1COC1)n1ccc2c1cc(cc2)N=C(O)C,0.124,-0.906578315,train,<rdkit.Chem.rdchem.Mol object at 0x7f52bd19f220>
CC(=O)NC1C=CC=C2C=1C(OC1C=CC(Cl)=CC=1)=C(C)N2CC(O)=O,0.1238,-0.907279355,train,<rdkit.Chem.rdchem.Mol object at 0x7f52bd19f300>
O[C@H]1CCN(C1=O)Cc1ccc(c(c1)Cl)c1ccc(cc1)N1CCOc2c(C1=O)c(N)ncn2,0.123,-0.910094889,train,<rdkit.Chem.rdchem.Mol object at 0x7f52bd19f370>
O=C(O)CCCCON=C(c1cccnc1)c1cccc(C(F)(F)F)c1,0.1225,-0.911863911,test,<rdkit.Chem.rdchem.Mol object at 0x7f52bd19f3e0>
Clc1cc(ccc1c1ccc(cc1)N1CCOc2c(C1=O)c(N)ncn2)CNS(=O)(=O)C,0.122,-0.913640169,train,<rdkit.Chem.rdchem.Mol object at 0x7f52bd19f450>
Fc1cc(F)cc(c1)S(=O)(=O)c1ccc(cc1)CN=C(c1cnc2n(c1)ccn2)O,0.122,-0.913640169,train,<rdkit.Chem.rdchem.Mol object at 0x7f52bd19f4c0>
COCCOc1ccc(cc1)[C@H]1C[C@H](n2c(N1)c(cn2)C(=NCc1ccc(cn1)F)O)C(F)(F)F,0.122,-0.913640169,train,<rdkit.Chem.rdchem.Mol object at 0x7f52bd19f530>
CCNC1N=C(Cl)N=C(NC(C)C)N=1,0.121341667,-0.915990045,train,<rdkit.Chem.rdchem.Mol object at 0x7f52bd19f610>
CN1CCCC(n2nc(Cc3ccc(Cl)cc3)c3ccccc3c2=O)CC1,0.12,-0.920818754,train,<rdkit.Chem.rdchem.Mol object at 0x7f52bd19f680>
OC1=CC2C(CNCCC=2C(Cl)=C1O)C1C=CC(O)=CC=1,0.12,-0.920818754,train,<rdkit.Chem.rdchem.Mol object at 0x7f52bd19f6f0>
CNCCCC12CCC(c3ccccc31)c1ccccc12,0.12,-0.920818754,train,<rdkit.Chem.rdchem.Mol object at 0x7f52bd19f760>
CCOC1=CC2CCN=C(CC3=CC(OCC)=C(C=C3)OCC)C=2C=C1OCC,0.12,-0.920818754,train,<rdkit.Chem.rdchem.Mol object at 0x7f52bd19f8b0>
CCOC(=O)Nc1ccc2c(c1)N(C(=O)CCN1CCOCC1)c1ccccc1S2,0.12,-0.920818754,train,<rdkit.Chem.rdchem.Mol object at 0x7f52bd19f920>
CCOc1ccc(/C=C2\NCCc3cc(OCC)c(OCC)cc32)cc1OCC,0.12,-0.920818754,train,<rdkit.Chem.rdchem.Mol object at 0x7f52bd19f990>
CCc1nnc(n1c1cccc(c1C)C#N)c1ccc(nc1)c1ccccc1,0.12,-0.920818754,train,<rdkit.Chem.rdchem.Mol object at 0x7f52bd19fa00>
Clc1ccc(c(c1)CN=C([C@@H]1CCCN1C(=O)[C@@H](C1CCCCC1)N)O)OCC(=NC1CC1)O,0.12,-0.920818754,train,<rdkit.Chem.rdchem.Mol object at 0x7f52bd19fae0>
OC[C@H](Nc1nc(SCc2ccco2)[nH]c2c1sc(=N)n2)C,0.12,-0.920818754,train,<rdkit.Chem.rdchem.Mol object at 0x7f52bd19fbc0>
O=C1[C@H](CCCCN1CC(=O)N1CCCC1)N=C(N=C(c1ccc(nc1)C(=O)N(C)C)O)Nc1ccc2c(c1)cc(o2)C,0.12,-0.920818754,train,<rdkit.Chem.rdchem.Mol object at 0x7f52bd19fc30>
NC(=N)NOCCN=C(Cn1c(Cl)c[nH]c(=NCC(c2ccccc2)(F)F)c1=O)O,0.12,-0.920818754,train,<rdkit.Chem.rdchem.Mol object at 0x7f52bd19fca0>
Clc1ccc(c(c1)CN=C(Cn1c(C)cnc(c1=O)NCCc1ccccn1)O)OCC(=NC1CCCNC1)O,0.12,-0.920818754,train,<rdkit.Chem.rdchem.Mol object at 0x7f52bd19fd10>
CCNC(=O)CCCC=CCC1C(C=CC(O)CCC2C=CC=CC=2)C(O)CC1O,0.12,-0.920818754,train,<rdkit.Chem.rdchem.Mol object at 0x7f52bd19fd80>
CN1CC(C[C@H]1c1nc(C(=NCc2ccc(cc2)F)O)c(c(=O)n1C)O)(F)F,0.12,-0.920818754,train,<rdkit.Chem.rdchem.Mol object at 0x7f52bd19fdf0>
COc1ccc(cc1)N(C1CCN(CC1)[C@@H](CCN=C(c1c(C)ccnc1Cl)O)C)Cc1cnccc1C,0.12,-0.920818754,test,<rdkit.Chem.rdchem.Mol object at 0x7f52bd19fe60>
Fc1cc(F)cc(c1)N([C@@H](c1cc(cc2c1oc(cc2=O)N1CCOCC1)C(=O)N(C)C)C)C,0.12,-0.920818754,train,<rdkit.Chem.rdchem.Mol object at 0x7f52bd19fed0>
Fc1ccc(c(c1)F)[C@@H]1CNC[C@H]1C(=O)N1CCC(CC1)c1ccnn1c1ccc(c(c1)Cl)F,0.12,-0.920818754,test,<rdkit.Chem.rdchem.Mol object at 0x7f52bd19ff40>
Clc1ccc(cc1)n1nc(nc1C1CCN(CC1)C(=O)[C@@H]1CNC[C@H]1c1ccc(cc1F)F)C,0.12,-0.920818754,train,<rdkit.Chem.rdchem.Mol object at 0x7f52bd1a0040>
O=C(c1cc2c(o1)cncc2)NCc1ccc(cn1)S(=O)(=O)c1cnn(c1)C(C)C,0.12,-0.920818754,train,<rdkit.Chem.rdchem.Mol object at 0x7f52bd1a0200>
OC(=O)C(C1C=CC=CC=1)N1CCC(CN2CCC(CC2)OC2=CC(Cl)=C(Cl)C=C2)CC1,0.119172228,-0.92382494,train,<rdkit.Chem.rdchem.Mol object at 0x7f52bd1a02e0>
OC(=O)c1cn(Cc2ccc(cc2)n2cncc2)c2c(c1=O)c(F)ccc2,0.119,-0.924453039,train,<rdkit.Chem.rdchem.Mol object at 0x7f52bd1a03c0>
OC1C=CC(C(O)CNCCCCCCCCCN2CCC(CC2)OC(=O)NC2=CC=CC=C2C2C=CC=CC=2)=C2C=CC(=O)NC=12,0.1189,-0.924818145,train,<rdkit.Chem.rdchem.Mol object at 0x7f52bd1a04a0>
Cc1c(F)cc(C(=O)NC2CC2)cc1-c1ccc(C(=O)NCC(C)(C)C)cn1,0.1189,-0.924818145,test,<rdkit.Chem.rdchem.Mol object at 0x7f52bd1a0510>
O=C(C1CCCCN1)N1CCN(CC1)C1N=C(NCC2C=CC(Cl)=CC=2Cl)C2C=CC=NC=2N=1,0.1189,-0.924818145,train,<rdkit.Chem.rdchem.Mol object at 0x7f52bd1a05f0>
CC#CC1C=NC=C(C=1)C1=CSC(=C1)C1(C)CC(=O)N(C)C(N)=N1,0.1189,-0.924818145,train,<rdkit.Chem.rdchem.Mol object at 0x7f52bd1a0660>
NC1=NC2C=CC(=CC=2S1)C1C=CN=CC=1,0.1189,-0.924818145,train,<rdkit.Chem.rdchem.Mol object at 0x7f52bd1a06d0>
COC1=NC=C(C=N1)C1=CC=CC(C#N)=C1CCNC(=O)C1=CN=C(C=C1)OCCC(F)(F)F,0.1189,-0.924818145,train,<rdkit.Chem.rdchem.Mol object at 0x7f52bd1a07b0>
CCCN(C1C=NC=NC=1)P(=O)(C1C=CC=CC=1)C1C=CC=CC=1,0.1189,-0.924818145,train,<rdkit.Chem.rdchem.Mol object at 0x7f52bd1a0820>
CC(C)(O)C(=O)Nc1ccc([N+](=O)[O-])c(C(F)(F)F)c1,0.118,-0.928117993,train,<rdkit.Chem.rdchem.Mol object at 0x7f52bd1a0900>
O[C@H]1CCC[C@H](C1)N=C(c1noc(c1CNC1CC1)c1ccc(cc1)C(F)(F)F)O,0.118,-0.928117993,train,<rdkit.Chem.rdchem.Mol object at 0x7f52bd1a0970>
OC(c1cccc(c1Cl)Cl)Cn1c(=N)[nH]c2c1nccc2,0.118,-0.928117993,train,<rdkit.Chem.rdchem.Mol object at 0x7f52bd1a09e0>
CCCSc1ccc2[nH]c(NC(=O)OC)nc2c1,0.11708971,-0.931481269,train,<rdkit.Chem.rdchem.Mol object at 0x7f52bd1a0a50>
OC(=O)c1ccccc1O,0.117,-0.931814138,train,<rdkit.Chem.rdchem.Mol object at 0x7f52bd1a0ac0>
OC(=Nc1ccccn1)C[N+]12CCC(CC1)[C@H](C2)OC(=O)[C@](c1ccccc1)(N1CCCCC1)C,0.117,-0.931814138,train,<rdkit.Chem.rdchem.Mol object at 0x7f52bd1a0b30>
CCC1=NC2C(N)=NC3=CC=CC=C3C=2N1CC(C)C,0.1165,-0.933674075,train,<rdkit.Chem.rdchem.Mol object at 0x7f52bd1a0ba0>
CN1CCN(CCOC2=NNC3N=CN=C(NC4=CC(Cl)=C(C=C4)OCC4=CC=CC=N4)C=32)CC1,0.1165,-0.933674075,train,<rdkit.Chem.rdchem.Mol object at 0x7f52bd1a0c10>
CCNC(=O)C1=CC2C(N1)=NC=C(C1=CC(=CN=C1)C(O)=O)C=2N1C=CC(=N1)C(F)(F)F,0.1165,-0.933674075,train,<rdkit.Chem.rdchem.Mol object at 0x7f52bd1a0c80>
CC(NC1N=C(C=C(NC2=NC=C(C#N)S2)N=1)N1CCOCC1)C1N=CC(F)=CN=1,0.1165,-0.933674075,train,<rdkit.Chem.rdchem.Mol object at 0x7f52bd1a0cf0>
NC1C(Cl)=C(N=C(Cl)C=1Cl)C(O)=O,0.11625,-0.934607038,train,<rdkit.Chem.rdchem.Mol object at 0x7f52bd1a0dd0>
CC(C)(C)C1C=C(O)C=CC=1,0.116,-0.935542011,train,<rdkit.Chem.rdchem.Mol object at 0x7f52bd1a0e40>
COc1cc2nc(N(C)CCCNC(=O)C3CCCO3)nc(N)c2cc1OC,0.115,-0.93930216,train,<rdkit.Chem.rdchem.Mol object at 0x7f52bd1a0eb0>
CCCC1O[C@@H]2C[C@H]3[C@@H]4CCC5=CC(=O)C=C[C@]5(C)[C@H]4[C@@H](O)C[C@]3(C)[C@]2(C(=O)CO)O1,0.115,-0.93930216,train,<rdkit.Chem.rdchem.Mol object at 0x7f52bd1a0f20>
CN1CCN(CC1)c1ccc2c(c1)[nH]c(n2)Nc1ccc(cn1)Br,0.115,-0.93930216,train,<rdkit.Chem.rdchem.Mol object at 0x7f52bd1a0f90>
NC1=NC2=NC(N)=C(C=C2C=N1)C1C(Br)=CC=CC=1Br,0.1141,-0.942714356,train,<rdkit.Chem.rdchem.Mol object at 0x7f52bd1a1000>
CC1=CC(=O)N(CCN2CCC(CC2)NCC2=CC3OCCOC=3C=N2)C2C=C(C=CC1=2)OC,0.1141,-0.942714356,train,<rdkit.Chem.rdchem.Mol object at 0x7f52bd1a1070>
CC1N=C(NC)SC=1C1=NC(NC2C=CC=C(C=2)N2CCNCCC2)=NC=C1C#N,0.1141,-0.942714356,train,<rdkit.Chem.rdchem.Mol object at 0x7f52bd1a10e0>
CC1N=C2C(=CC(=CC2=C2C=1CCN2C1C=CC(O)=CC=1)OC)OC,0.1118,-0.951558196,train,<rdkit.Chem.rdchem.Mol object at 0x7f52bd1a11c0>
CC(O)C1=CC2=C(C=C1)OCC(=O)N2CCN1CCC(CC1)NCC1C=CC2OCC(=O)NC=2N=1,0.1118,-0.951558196,train,<rdkit.Chem.rdchem.Mol object at 0x7f52bd1a1230>
CC(C)OC1C=C(NC2=NC(NC(C)C3N=CC(F)=CN=3)=NC=C2Cl)NN=1,0.1118,-0.951558196,train,<rdkit.Chem.rdchem.Mol object at 0x7f52bd1a1310>
CNC1=C2NC(=NC2=NC=C1Br)C1C=CC(=CC=1)OCCN1CCCCC1,0.1118,-0.951558196,train,<rdkit.Chem.rdchem.Mol object at 0x7f52bd1a1380>
OC1C=CC(=CC=1)C1(OS(=O)(=O)C2=CC=CC=C12)C1C=CC(O)=CC=1,0.111658408,-0.95210857,train,<rdkit.Chem.rdchem.Mol object at 0x7f52bd1a13f0>
NCc1ccccc1n1nc(cc1C(=Nc1ccc(cc1F)c1ccccc1S(=O)(=O)N)O)C(F)(F)F,0.11,-0.958607315,train,<rdkit.Chem.rdchem.Mol object at 0x7f52bd1a15b0>
Clc1ccc(nc1)N=C(c1ccccc1NC(=O)c1ccc(cc1)C(=N)N1CCCCC1)O,0.11,-0.958607315,train,<rdkit.Chem.rdchem.Mol object at 0x7f52bd1a1620>
CCOc1cc2[nH]cc(c(=Nc3ccc(cc3F)F)c2cc1N1CCN(CC1)C)C(=N)O,0.11,-0.958607315,train,<rdkit.Chem.rdchem.Mol object at 0x7f52bd1a1700>
OCc1ccc(c(c1)N(c1ccnc(n1)Nc1cc(cc(c1)N1CCOCC1)N1CCOCC1)C)C,0.11,-0.958607315,train,<rdkit.Chem.rdchem.Mol object at 0x7f52bd1a1770>
CCOc1n[nH]c(c1)N=c1[nH]c2c(cc1F)ncn2[C@H](c1ccc(cn1)F)CO,0.11,-0.958607315,train,<rdkit.Chem.rdchem.Mol object at 0x7f52bd1a17e0>
CCN=C(Nc1ncc(c(c1)c1scc(n1)C(F)(F)F)c1cncc(c1)c1nnc(o1)C)O,0.11,-0.958607315,train,<rdkit.Chem.rdchem.Mol object at 0x7f52bd1a1850>
CCC(N(C(=O)C1CCCCC1)Cc1cc2ccccc2n(c1=O)C)(CCN1CCCCC1)C,0.11,-0.958607315,train,<rdkit.Chem.rdchem.Mol object at 0x7f52bd1a1930>
O=CN([C@](CS(=O)(=O)N1CCC(CC1)CCc1c(C)noc1C)(C[C@@H](c1ncc(cn1)F)C)C)O,0.11,-0.958607315,train,<rdkit.Chem.rdchem.Mol object at 0x7f52bd1a19a0>
[11CH3]N=C([C@@H](Cc1ccccc1F)CN1CCC2(CC1)OCCc1c2sc(c1)F)O,0.11,-0.958607315,train,<rdkit.Chem.rdchem.Mol object at 0x7f52bd1a1a10>
C=CC(=O)Nc1ccc(cc1)S(=O)(=O)N1CCN(CC1)C(=O)C1CC1,0.11,-0.958607315,train,<rdkit.Chem.rdchem.Mol object at 0x7f52bd1a1a80>
OC(=O)[C@H]1NC[C@H](C1)Oc1ccc2c(c1)OCC2,0.11,-0.958607315,test,<rdkit.Chem.rdchem.Mol object at 0x7f52bd1a1bd0>
COc1ccc(cc1)N(C1CCN(CC1)[C@@H](CCN=C(c1c(C)cc(nc1C)C(=O)NC(C)C)O)C)Cc1cnccc1C,0.11,-0.958607315,train,<rdkit.Chem.rdchem.Mol object at 0x7f52bd1a1cb0>
O[C@@H](CN1CCC(CC1)Oc1ccc(c(c1)Cl)Cl)CN=C(c1cnc(cc1C(F)(F)F)O)O,0.11,-0.958607315,train,<rdkit.Chem.rdchem.Mol object at 0x7f52bd1a1e00>
CN1CCc2c(C1=O)sc(n2)COc1ccccc1,0.11,-0.958607315,train,<rdkit.Chem.rdchem.Mol object at 0x7f52bd1a1e70>
Clc1ccc(cc1)n1nc(cc1C1CCN(CC1)C(=O)[C@@H]1CN(C[C@H]1c1ccc(cc1F)F)C(C)(C)C)C,0.11,-0.958607315,train,<rdkit.Chem.rdchem.Mol object at 0x7f52bd1a1ee0>
Fc1ccc(c(c1)F)[C@@H]1CN(C[C@H]1C(=O)N1CCC(CC1)c1nc(n(n1)c1ccc(c(c1)C)Cl)C)C(C)(C)C,0.11,-0.958607315,train,<rdkit.Chem.rdchem.Mol object at 0x7f52bd1a1f50>
CC(C(=O)N1CCC(CC1)N=C(Nc1ccc(cc1)OC(F)(F)F)O)C,0.11,-0.958607315,train,<rdkit.Chem.rdchem.Mol object at 0x7f52bd1a2030>
COC(=O)N1CCN(CC1)C1CCN(CC1)c1cc(C)c2c(c1)nc([nH]2)c1c(NCCc2ncn(c2Cl)C)ccnc1O,0.11,-0.958607315,train,<rdkit.Chem.rdchem.Mol object at 0x7f52bd1a2180>
CCN1CCCC1CNC(=O)C1=C(O)C(Cl)=CC(Cl)=C1OC,0.1095,-0.960585881,train,<rdkit.Chem.rdchem.Mol object at 0x7f52bd1a2260>
O=C(NC12CC3CC(C1)CC(C2)C3)OCCNC1CCCCC1,0.1095,-0.960585881,train,<rdkit.Chem.rdchem.Mol object at 0x7f52bd1a22d0>
NC1N=C2OC(CC2=C(N)C=1C#N)COC1C=CC=CC=1,0.1095,-0.960585881,train,<rdkit.Chem.rdchem.Mol object at 0x7f52bd1a2340>
CC1C=CC(SC2=CC=CC=C2CN(C)C)=C(N)C=1,0.1095,-0.960585881,train,<rdkit.Chem.rdchem.Mol object at 0x7f52bd1a23b0>
CC1N=C(C)C(=NC=1C1C=CC(=CC=1)C1CCC(CC(=O)NS(C)(=O)=O)CC1)C(N)=O,0.1095,-0.960585881,train,<rdkit.Chem.rdchem.Mol object at 0x7f52bd1a2490>
CC(C1=NC2N=CC=CC=2C(=O)N1C1=CC=C(Cl)C=C1)N(CC1CCS(=O)(=O)CC1)C(=O)CC1C=CC(=C(F)C=1)C(F)(F)F,0.1095,-0.960585881,train,<rdkit.Chem.rdchem.Mol object at 0x7f52bd1a2500>
CC(C1CC1)C(O)(CN1C=NC=N1)C1C=CC(Cl)=CC=1,0.109092667,-0.962204443,train,<rdkit.Chem.rdchem.Mol object at 0x7f52bd1a25e0>
CC1C=C(C)C=C(C)C=1O,0.109,-0.962573502,train,<rdkit.Chem.rdchem.Mol object at 0x7f52bd1a2650>
COC(=O)c1ccccc1O,0.107,-0.970616222,train,<rdkit.Chem.rdchem.Mol object at 0x7f52bd1a27a0>
O=C([C@](c1cccs1)(N1CCCCC1)C)O[C@H]1C[N+]2(CCC3CCCCC3)CCC1CC2,0.107,-0.970616222,train,<rdkit.Chem.rdchem.Mol object at 0x7f52bd1a2880>
N#Cc1c[nH]c(=Nc2nccc(c2)CN2CCN(CC2)C(=O)C)s1,0.106,-0.974694135,train,<rdkit.Chem.rdchem.Mol object at 0x7f52bd1a28f0>
O=C(CN1C(=O)C2(CCCC2)NC[C@@]1(C)c1cc(F)cc(c1)F)Nc1ccc2c(c1)C[C@@]1(C2)C(=Nc2c1cccn2)O,0.106,-0.974694135,train,<rdkit.Chem.rdchem.Mol object at 0x7f52bd1a2960>
O=C1N(C[C@H](N1C1CCN(CC1)Cc1ccc(nc1C)Oc1ccc(cc1)C(=O)N)c1ccccc1)C1CCOCC1,0.106,-0.974694135,train,<rdkit.Chem.rdchem.Mol object at 0x7f52bd1a29d0>
CON(C)C(=O)NC1C=C(Cl)C(Cl)=CC=1,0.105853834,-0.975293409,train,<rdkit.Chem.rdchem.Mol object at 0x7f52bd1a2ab0>
O=C1CC2(CCCC2)CC(=O)N1CCCCN1CCN(c2ncccn2)CC1,0.105782797,-0.975584955,train,<rdkit.Chem.rdchem.Mol object at 0x7f52bd1a2b20>
CCOC(=O)C1C=CC(O)=CC=1,0.105746085,-0.975735702,train,<rdkit.Chem.rdchem.Mol object at 0x7f52bd1a2b90>
CC(C)(C)C1C=CC(O)=CC=1,0.105210083,-0.977942639,train,<rdkit.Chem.rdchem.Mol object at 0x7f52bd1a2c00>
NS(=O)(=O)C1C=CC(=CC=1)N1N=C(CC1C1C=CC(F)=CC=1)C1C=CC(Br)=CC=1,0.1051,-0.978397284,train,<rdkit.Chem.rdchem.Mol object at 0x7f52bd1a2c70>
COCCOC1N=C2C(NC(=O)N2CC2C=CC=CC=2)=C(N)N=1,0.1051,-0.978397284,train,<rdkit.Chem.rdchem.Mol object at 0x7f52bd1a2ce0>
CC1=CC=CC=C1S(=O)(=O)NC(=O)N1CCC(CC1)N1CCC(CC1)OC1C=CC(Cl)=C(Cl)C=1,0.1051,-0.978397284,train,<rdkit.Chem.rdchem.Mol object at 0x7f52bd1a2d50>
CC1=C(C=C2C3C=C(Cl)C=CC=3NC2=O)NC(C)=C1C(=O)NCCN(CC)CC,0.1051,-0.978397284,train,<rdkit.Chem.rdchem.Mol object at 0x7f52bd1a2dc0>
CN1CCN2C(C1)C1=CC=CC=C1CC1C=CC=CC2=1,0.105,-0.978810701,train,<rdkit.Chem.rdchem.Mol object at 0x7f52bd1a2e30>
OC(=O)COCCN1CCN(CC1)[C@@H](c1ccc(cc1)Cl)c1ccccc1,0.104,-0.982966661,train,<rdkit.Chem.rdchem.Mol object at 0x7f52bd1a2f80>
Fc1ccc(c(c1)F)[C@H]1C[C@@](C[C@@H]1C(=O)N1CCC(CC1)c1ccnn1c1ccc(c(c1)Cl)F)(C)N(C)C,0.104,-0.982966661,train,<rdkit.Chem.rdchem.Mol object at 0x7f52bd1a2ff0>
CC(C)(C)C(=O)C(OC1C=CC(Cl)=CC=1)N1C=NC=N1,0.10385,-0.983593499,train,<rdkit.Chem.rdchem.Mol object at 0x7f52bd1a3060>
CCCCCCCC,0.10307,-0.986867724,train,<rdkit.Chem.rdchem.Mol object at 0x7f52bd1a30d0>
CCN(CC)CCCC(C)Nc1c2ccc(Cl)cc2nc2ccc(OC)cc12,0.103,-0.987162775,train,<rdkit.Chem.rdchem.Mol object at 0x7f52bd1a3140>
NC(=NC#N)C1SC(NC2C=CC=CC=2)=NC=1N,0.103,-0.987162775,train,<rdkit.Chem.rdchem.Mol object at 0x7f52bd1a31b0>
N#CCNC(=O)C1C=CC(=CC=1)C1C=CN=C(NC2C=CC(=CC=2)N2CCOCC2)N=1,0.103,-0.987162775,train,<rdkit.Chem.rdchem.Mol object at 0x7f52bd1a3220>
COC1C=C2N=CC(C(N)=O)=C(NC3C=CC=C(Cl)C=3Cl)C2=CC=1NCCN(C)C,0.103,-0.987162775,train,<rdkit.Chem.rdchem.Mol object at 0x7f52bd1a3290>
OC[C@H](c1ccc(c(c1)Cl)Cl)N=C(N1CCc2c(C1)nc(nc2)NC1CCOCC1)O,0.103,-0.987162775,train,<rdkit.Chem.rdchem.Mol object at 0x7f52bd1a3370>
COc1cc2c(cc1OC)C(=O)C(CC1CCN(Cc3ccccc3)CC1)C2,0.102518291,-0.989198642,train,<rdkit.Chem.rdchem.Mol object at 0x7f52bd1a33e0>
CC1=NC(=O)N(C(=O)C1Cl)C(C)(C)C,0.102481667,-0.989353821,train,<rdkit.Chem.rdchem.Mol object at 0x7f52bd1a3450>
OC(=O)Cc1c2cccnc2n(c1C)S(=O)(=O)c1ccc(c(c1)F)F,0.102,-0.991399828,train,<rdkit.Chem.rdchem.Mol object at 0x7f52bd1a34c0>
Cc1ncn(c1)c1ccc(cc1)Cn1cc(C(=O)O)c(=O)c2c1cccc2F,0.102,-0.991399828,train,<rdkit.Chem.rdchem.Mol object at 0x7f52bd1a3530>
CC1=CC2=CC=CN=C2C=C1,0.101,-0.995678626,train,<rdkit.Chem.rdchem.Mol object at 0x7f52bd1a35a0>
O=P(C1C=CC=CC=1)(C1C=CC=CC=1)C1C=CC=CC=1,0.101,-0.995678626,train,<rdkit.Chem.rdchem.Mol object at 0x7f52bd1a3610>
OC(=O)c1cn(Cc2ccc(cc2)n2cccn2)c2c(c1=O)c(F)ccc2,0.101,-0.995678626,train,<rdkit.Chem.rdchem.Mol object at 0x7f52bd1a3680>
O=C(N1CCC(CC1)n1c(=O)n(c2c1c1nc(ccc1nc2)c1cccc2c1cn[nH]2)C)[C@@H](O)C,0.101,-0.995678626,train,<rdkit.Chem.rdchem.Mol object at 0x7f52bd1a36f0>
OC(=O)C1=CC2NC(=NC=2C=C1)C(F)(F)F,0.1009,-0.996108834,test,<rdkit.Chem.rdchem.Mol object at 0x7f52bd1a3760>
CC1C=CC(=CC=1)S(=O)(=O)NCCSC1=NN=NN1C1C=CC(=CC=1)C(N)=O,0.1009,-0.996108834,train,<rdkit.Chem.rdchem.Mol object at 0x7f52bd1a3840>
O=C(C1=CC=CO1)N1CC(=O)NC2C=CC(Cl)=CC=2C1C1C=CC=CC=1,0.1009,-0.996108834,train,<rdkit.Chem.rdchem.Mol object at 0x7f52bd1a38b0>
CC1=NC=CN1C1=CC=C(COC2C=C(C=C(F)C=2)C2(CCOCC2)C(N)=O)C=C1,0.1009,-0.996108834,train,<rdkit.Chem.rdchem.Mol object at 0x7f52bd1a3920>
C1CCC2C(=NNC=21)C1N=NNN=1,0.1009,-0.996108834,train,<rdkit.Chem.rdchem.Mol object at 0x7f52bd1a3990>
CC(=O)NC1C=CC(CNC2=NNC3C=CN=C(OC4C=CC=CC=4)C=32)=CC=1,0.1009,-0.996108834,train,<rdkit.Chem.rdchem.Mol object at 0x7f52bd1a3a00>
NC(=N)C1=CC2C(=CC=CC=2C2C=CC=CC=2)S1,0.1009,-0.996108834,train,<rdkit.Chem.rdchem.Mol object at 0x7f52bd1a3a70>
CC(CC1=CC(CC(=O)NC23CC4CC(C2)CC(C3)C4)=CC=C1)NCC(O)C1C=CC(O)=C(CO)C=1,0.1009,-0.996108834,train,<rdkit.Chem.rdchem.Mol object at 0x7f52bd1a3b50>
CN(CCCC(C#N)(C(C)C)C1C=C(OC)C(OC)=C(C=1)OC)CCC1C=CC(OC)=C(C=1)OC,0.1,-1.0,train,<rdkit.Chem.rdchem.Mol object at 0x7f52bd1a3bc0>
O=C1NC(=O)C(c2ccccc2)(c2ccccc2)N1,0.1,-1.0,train,<rdkit.Chem.rdchem.Mol object at 0x7f52bd1a3c30>
CC1=C(CC(=O)OCC(O)=O)C2=CC(=CC=C2N1C(=O)C1C=CC(Cl)=CC=1)OC,0.1,-1.0,train,<rdkit.Chem.rdchem.Mol object at 0x7f52bd1a3ca0>
NC1C(CNC2CCC(O)CC2)=CC(Br)=CC=1Br,0.1,-1.0,train,<rdkit.Chem.rdchem.Mol object at 0x7f52bd1a3d10>
CCN(CC)Cc1cc(Nc2ccnc3cc(Cl)ccc23)ccc1O,0.1,-1.0,test,<rdkit.Chem.rdchem.Mol object at 0x7f52bd1a3d80>
COc1ccc(CCN(C)CCCC(C#N)(c2ccc(OC)c(OC)c2)C(C)C)cc1OC,0.1,-1.0,train,<rdkit.Chem.rdchem.Mol object at 0x7f52bd1a3e60>
OCCN(CCO)c1nc(N2CCCCC2)c2nc(N(CCO)CCO)nc(N3CCCCC3)c2n1,0.1,-1.0,train,<rdkit.Chem.rdchem.Mol object at 0x7f52bd1a3ed0>
C=C(CC)C(=O)c1ccc(OCC(=O)O)c(Cl)c1Cl,0.1,-1.0,train,<rdkit.Chem.rdchem.Mol object at 0x7f52bd1a3f40>
OC(=O)C1C=CC=CC=1NC1=CC(=CC=C1)C(F)(F)F,0.1,-1.0,train,<rdkit.Chem.rdchem.Mol object at 0x7f52bd1a4040>
CC1C(=O)C(OC)=C(OC)C(=O)C=1CCCCCCCCCCO,0.1,-1.0,train,<rdkit.Chem.rdchem.Mol object at 0x7f52bd1a40b0>
CCCCC1=NC2(CCCC2)C(=O)N1Cc1ccc(-c2ccccc2-c2nnn[nH]2)cc1,0.1,-1.0,test,<rdkit.Chem.rdchem.Mol object at 0x7f52bd1a4120>
C1C(CN2C3C=CC=CC=3SC3=CC=CC=C23)C2CCN1CC2,0.1,-1.0,train,<rdkit.Chem.rdchem.Mol object at 0x7f52bd1a4200>
CCN(CC)CCOC(=O)C(Cc1cccc2ccccc12)CC1CCCO1,0.1,-1.0,train,<rdkit.Chem.rdchem.Mol object at 0x7f52bd1a4270>
OC(=O)C1=CC=CN=C1NC1C=C(C=CC=1)C(F)(F)F,0.1,-1.0,train,<rdkit.Chem.rdchem.Mol object at 0x7f52bd1a42e0>
CCCN1CC(CC2C1CC1=CNC3=CC=CC2=C13)CSC,0.1,-1.0,train,<rdkit.Chem.rdchem.Mol object at 0x7f52bd1a4350>
CC(C)NCC(O)COc1cccc2ccccc12,0.1,-1.0,train,<rdkit.Chem.rdchem.Mol object at 0x7f52bd1a43c0>
Cc1nc2n(c(=O)c1CCN1CCC(c3noc4cc(F)ccc34)CC1)CCCC2,0.1,-1.0,train,<rdkit.Chem.rdchem.Mol object at 0x7f52bd1a4430>
COc1cc2nc(N3CCN(C(=O)C4CCCO4)CC3)nc(N)c2cc1OC,0.1,-1.0,train,<rdkit.Chem.rdchem.Mol object at 0x7f52bd1a44a0>
Cc1nnc2n1-c1ccc(Cl)cc1C(c1ccccc1Cl)=NC2,0.1,-1.0,test,<rdkit.Chem.rdchem.Mol object at 0x7f52bd1a4510>
CCOc1ccccc1OCC1CNCCO1,0.1,-1.0,train,<rdkit.Chem.rdchem.Mol object at 0x7f52bd1a4580>
C[C@]12CCC(=O)C=C1CC[C@@H]1[C@@H]2[C@@H](O)C[C@@]2(C)[C@H]1CC[C@]2(O)C(=O)CO,0.1,-1.0,test,<rdkit.Chem.rdchem.Mol object at 0x7f52bd1a45f0>
CC(=O)S[C@@H]1CC2=CC(=O)CC[C@@]2([C@@H]2[C@@H]1[C@@H]1CC[C@]3([C@]1(CC2)C)CCC(=O)O3)C,0.1,-1.0,train,<rdkit.Chem.rdchem.Mol object at 0x7f52bd1a4660>
C=C[C@H]1CN2CCC1C[C@@H]2[C@H](c1ccnc2c1cc(OC)cc2)O,0.1,-1.0,train,<rdkit.Chem.rdchem.Mol object at 0x7f52bd1a46d0>
CC[C@H]1OC(=O)[C@H](C)[C@@H](O[C@H]2C[C@@](C)(OC)[C@@H](O)[C@H](C)O2)[C@H](C)[C@@H](O[C@@H]2O[C@H](C)C[C@H](N(C)C)[C@H]2O)[C@](C)(O)C[C@@H](C)C(=O)[C@H](C)[C@@H](O)[C@]1(C)O,0.1,-1.0,test,<rdkit.Chem.rdchem.Mol object at 0x7f52bd1a4820>
CN(C)CC=C(C1=CN=CC=C1)C1C=CC(Br)=CC=1,0.1,-1.0,train,<rdkit.Chem.rdchem.Mol object at 0x7f52bd1a4890>
CC(C)(C)NC(=O)[C@H]1CC[C@H]2[C@@H]3CC[C@H]4NC(=O)C=C[C@]4(C)[C@H]3CC[C@]12C,0.1,-1.0,train,<rdkit.Chem.rdchem.Mol object at 0x7f52bd1a4900>
O=P(O)(O)C(Sc1ccc(Cl)cc1)P(=O)(O)O,0.1,-1.0,train,<rdkit.Chem.rdchem.Mol object at 0x7f52bd1a4970>
CCOc1cc(Cc2cnc(N)nc2N)cc(OCC)c1-n1cccc1,0.1,-1.0,train,<rdkit.Chem.rdchem.Mol object at 0x7f52bd1a49e0>
N1CCc2c(C1)[nH]c1c2cccc1,0.1,-1.0,train,<rdkit.Chem.rdchem.Mol object at 0x7f52bd1a4a50>
CNCCC(OC1C=CC=C2C=CC=CC2=1)C1=CC=CS1,0.1,-1.0,train,<rdkit.Chem.rdchem.Mol object at 0x7f52bd1a4ac0>
CC(=O)C1(O)CCC2C3CC(C)C4=CC(=O)CCC4(C)C3CCC12C,0.1,-1.0,train,<rdkit.Chem.rdchem.Mol object at 0x7f52bd1a4b30>
O=C1N(CCc2ccccc2)C(=O)CC(=O)N1CCc1ccccc1,0.1,-1.0,train,<rdkit.Chem.rdchem.Mol object at 0x7f52bd1a4ba0>
Fc1cccc(c1CN1CCCN(CC1)S(=O)(=O)c1ccc2c(c1)cccc2)Cl,0.1,-1.0,train,<rdkit.Chem.rdchem.Mol object at 0x7f52bd1a4c80>
CC12CCC3C(CC(=C)C4=CC(=O)C=CC43C)C1CCC2=O,0.1,-1.0,train,<rdkit.Chem.rdchem.Mol object at 0x7f52bd1a4d60>
OC1C=CC(=CC=1)C1C(CCC(O)C2C=CC(F)=CC=2)C(=O)N1C1C=CC(F)=CC=1,0.1,-1.0,train,<rdkit.Chem.rdchem.Mol object at 0x7f52bd1a4dd0>
Cc1ccc(/C(=C\CN2CCCC2)c2ccccn2)cc1,0.1,-1.0,train,<rdkit.Chem.rdchem.Mol object at 0x7f52bd1a4e40>
Clc1ccc(cc1)CC1(O)c2ccccc2C2=NCCN12,0.1,-1.0,train,<rdkit.Chem.rdchem.Mol object at 0x7f52bd1a4eb0>
OC[C@H](c1cnc(cn1)N=C([C@@H](c1ccc(c(c1)Cl)S(=O)(=O)C)CC1CCCC1)O)O,0.1,-1.0,test,<rdkit.Chem.rdchem.Mol object at 0x7f52bd1a4f20>
CC(C)CN(CC(OP(O)(O)=O)C(CC1=CC=CC=C1)NC(=O)OC1COCC1)S(=O)(=O)C1=CC=C(N)C=C1,0.1,-1.0,train,<rdkit.Chem.rdchem.Mol object at 0x7f52bd1a4f90>
COc1ccc(cc1)CC1(O)c2ccccc2C2=NCCN12,0.1,-1.0,train,<rdkit.Chem.rdchem.Mol object at 0x7f52bd1a5000>
CC1CC2C3CC(F)C4=CC(=O)C=CC4(C)C3C(O)CC2(C)C1C(=O)CO,0.1,-1.0,train,<rdkit.Chem.rdchem.Mol object at 0x7f52bd1a5070>
OCc1c(cc(cc1C(C)C)C(C)(C)C)c1ccc(cc1)F,0.1,-1.0,test,<rdkit.Chem.rdchem.Mol object at 0x7f52bd1a50e0>
Clc1ccc(cc1Cl)CC1(O)c2ccccc2C2=NCCN12,0.1,-1.0,test,<rdkit.Chem.rdchem.Mol object at 0x7f52bd1a5150>
OC1(Cc2ccc3c(c2)OCO3)c2ccccc2C2=NCCN12,0.1,-1.0,train,<rdkit.Chem.rdchem.Mol object at 0x7f52bd1a51c0>
COc1cc(cc(c1OC)OC)CC1(O)c2ccccc2C2=NCCN12,0.1,-1.0,train,<rdkit.Chem.rdchem.Mol object at 0x7f52bd1a5230>
OC1(Cc2ccc3c(c2)cccc3)N2CCN=C2c2c1cccc2,0.1,-1.0,train,<rdkit.Chem.rdchem.Mol object at 0x7f52bd1a52a0>
N#CC1(CCN(CC1)Cc1cc(C(=O)O)c(=O)n2c1cccc2)c1ccccc1,0.1,-1.0,train,<rdkit.Chem.rdchem.Mol object at 0x7f52bd1a5380>
C[C@@H](CON=C(c1ncc2n(c1Nc1ccc(cc1F)I)cnc2)O)O,0.1,-1.0,train,<rdkit.Chem.rdchem.Mol object at 0x7f52bd1a53f0>
CSc1ccc(cc1)CC1(O)c2ccccc2C2=NCCN12,0.1,-1.0,train,<rdkit.Chem.rdchem.Mol object at 0x7f52bd1a5460>
COCCOc1cc2[nH]cc(c(=Nc3cccc(c3Cl)Cl)c2cc1N1CCN(CC1)C)C(=N)O,0.1,-1.0,train,<rdkit.Chem.rdchem.Mol object at 0x7f52bd1a5540>
OC(=O)c1ccc(c(c1)C)c1ccc(cn1)N1C(=O)N(C2(C1=O)CCN(CC2)Cc1ncccc1C)c1nccnc1,0.1,-1.0,test,<rdkit.Chem.rdchem.Mol object at 0x7f52bd1a55b0>
OC[C@H]1O[C@H](Oc2ccc(cc2Cl)c2c[nH]c3c(c2)ccn3)[C@H]([C@H]([C@@H]1O)O)O,0.1,-1.0,test,<rdkit.Chem.rdchem.Mol object at 0x7f52bd1a5620>
Fc1ccc(c(c1)F)[C@@H]1CN(C[C@H]1C(=O)N1CCC(CC1)c1cc(nn1c1ccc(cc1Cl)Cl)C)C(C)(C)C,0.1,-1.0,train,<rdkit.Chem.rdchem.Mol object at 0x7f52bd1a5690>
Fc1ccc(c(c1)F)[C@H]1C[C@@](C[C@@H]1C(=O)N1CCC(CC1)c1ccnn1c1ccc(c(c1)Cl)F)(C)N,0.1,-1.0,train,<rdkit.Chem.rdchem.Mol object at 0x7f52bd1a5700>
Fc1ccc(c(c1)F)[C@H]1CN(C[C@@H]1C(=O)N1CCC(CC1)c1nc(nn1c1ccc(c(c1)C)Cl)C)C(C)(C)C,0.1,-1.0,train,<rdkit.Chem.rdchem.Mol object at 0x7f52bd1a5770>
N#Cc1cnn2c1nc(cc2NCCCN(C)C)n1ccc2c1cc(cc2)N=C(O)C,0.1,-1.0,train,<rdkit.Chem.rdchem.Mol object at 0x7f52bd1a57e0>
Fc1cc(F)cc(c1)S(=O)(=O)c1ccc(nc1)CNC(=O)c1cc2c(o1)cncc2,0.1,-1.0,train,<rdkit.Chem.rdchem.Mol object at 0x7f52bd1a5850>
O=C(C1(CCCCCC1)C1=CC=CC1)O[C@H]1C[N+]2(CCC1CC2)CC(=O)[NH+]=c1[n-]nccc1,0.1,-1.0,train,<rdkit.Chem.rdchem.Mol object at 0x7f52bd1a58c0>
Cc1ccc(=[NH+]C(=O)C[N+]23CCC(CC2)[C@H](C3)OC(=O)C2(CCCCCC2)C2=CC=CC2)[n-]n1,0.1,-1.0,train,<rdkit.Chem.rdchem.Mol object at 0x7f52bd1a5930>
CCN=C(Nc1nc2c(s1)n(C(C)C)c(=O)c(c2)c1cncc(c1)C#N)O,0.1,-1.0,train,<rdkit.Chem.rdchem.Mol object at 0x7f52bd1a59a0>
CCN=C(Nc1nc2c(s1)n(C(C)C)c(=O)c(c2)c1ccn2c(c1)ncn2)O,0.1,-1.0,train,<rdkit.Chem.rdchem.Mol object at 0x7f52bd1a5a80>
CCN1CCC[C@H]1CN=C(c1cn(C2CCCC2)c(=O)c2c1c1ccccc1n2C)O,0.1,-1.0,train,<rdkit.Chem.rdchem.Mol object at 0x7f52bd1a5af0>
O=C1c2cc(nn2CCC1(C)C)COc1ccccc1,0.1,-1.0,train,<rdkit.Chem.rdchem.Mol object at 0x7f52bd1a5b60>
CC12C=CC3C(CCC4=CC(=O)CCC4=3)C1CCC2O,0.0999,-1.000434512,train,<rdkit.Chem.rdchem.Mol object at 0x7f52bd1a5bd0>
CC(=CC1C=CC=CC=1)C=C1SC(=S)N(CC(O)=O)C1=O,0.0995,-1.002176919,train,<rdkit.Chem.rdchem.Mol object at 0x7f52bd1a5c40>
COc1ccc(cc1)c1ccc(cc1)S(=O)(=O)N[C@H](C1CCC(CC1)N1C(=NCC1=O)O)C(=O)O,0.099,-1.004364805,train,<rdkit.Chem.rdchem.Mol object at 0x7f52bd1a5cb0>
C1CCN(CC1)[C@H]([C@H](c1ccccc1)N1CCCCC1)c1ccccc1,0.099,-1.004364805,train,<rdkit.Chem.rdchem.Mol object at 0x7f52bd1a5d20>
CCC1C=NN2C=1N=C(C=C2NCC1=C[N+]([O-])=CC=C1)N1CCCCC1CCO,0.0988,-1.005243055,train,<rdkit.Chem.rdchem.Mol object at 0x7f52bd1a5d90>
CN(CCCOCCOCCC1C=CC=CC=1)CCC1C=CC(O)=C2NC(=O)SC=12,0.0988,-1.005243055,train,<rdkit.Chem.rdchem.Mol object at 0x7f52bd1a5e00>
CNC1=C2NC(=NC2=NC=C1Br)C1=CC(N)=CC=C1,0.0988,-1.005243055,test,<rdkit.Chem.rdchem.Mol object at 0x7f52bd1a5e70>
CCCCCOC(=O)C1C=CC=CC=1C(=O)OCCCCC,0.0986,-1.006123085,train,<rdkit.Chem.rdchem.Mol object at 0x7f52bd1a5ee0>
CN1CCC2=CC=CC3C4=C(CC1C2=3)C=CC(O)=C4O,0.098183502,-1.007961484,train,<rdkit.Chem.rdchem.Mol object at 0x7f52bd1a5f50>
O=C1N(C[C@H](N1C1CCN(CC1)Cc1ccc(cc1)Oc1ccc(cc1)C(=O)O)c1ccccc1)C1CCOCC1,0.098,-1.008773924,train,<rdkit.Chem.rdchem.Mol object at 0x7f52bd1a5fc0>
OCCN1CCN(CC1)CC(=Nc1ccc(c2c1c1ccccc1s2)c1cccc2c1oc(cc2=O)N1CCOCC1)O,0.098,-1.008773924,train,<rdkit.Chem.rdchem.Mol object at 0x7f52bd1a6030>
Cc1cccc(n1)Nc1ccc(cc1)c1ccc(nc1)N1CCNCC1,0.098,-1.008773924,train,<rdkit.Chem.rdchem.Mol object at 0x7f52bd1a60a0>
Cc1c(Cn2cc(c3c2cccn3)C(=NCCF)O)ncnc1OC,0.098,-1.008773924,test,<rdkit.Chem.rdchem.Mol object at 0x7f52bd1a6110>
CCSC(=O)N1CCCCCC1,0.097524167,-1.010887751,train,<rdkit.Chem.rdchem.Mol object at 0x7f52bd1a6180>
OC(CCN1CCCCC1)(c1ccccc1)C1CC2C=CC1C2,0.097,-1.013228266,test,<rdkit.Chem.rdchem.Mol object at 0x7f52bd1a61f0>
O=C(NCC12CC3CC(C1)CC(C2)C3)C1C=C(CN2CC3CC2CN3)C=CC=1Cl,0.0968,-1.014124643,train,<rdkit.Chem.rdchem.Mol object at 0x7f52bd1a62d0>
CN(C1C=CN=C(NC2C=C(C=C(C=2)N2CCOCC2)N2CCOCC2)N=1)C1C=C(CO)C=CC=1,0.0968,-1.014124643,train,<rdkit.Chem.rdchem.Mol object at 0x7f52bd1a6340>
CC(C)(C)NC(=O)NCCN1CC(CNC(=O)C2C=C(Cl)C=C(Cl)C=2)CC1,0.0968,-1.014124643,train,<rdkit.Chem.rdchem.Mol object at 0x7f52bd1a63b0>
CC1C=CC(=CC=1[N+]([O-])=O)[N+]([O-])=O,0.096021,-1.017633775,test,<rdkit.Chem.rdchem.Mol object at 0x7f52bd1a6420>
COc1cc2nnc(c(c2cc1N1CCN(CC1)C)Nc1ccc(cc1F)F)C(=N)O,0.096,-1.017728767,train,<rdkit.Chem.rdchem.Mol object at 0x7f52bd1a6490>
CO[C@H]1CN(CC[C@H]1N=C(c1[nH]c(c(c1Cl)Cl)C)O)c1sc(c(n1)c1ncccn1)C(=O)O,0.096,-1.017728767,train,<rdkit.Chem.rdchem.Mol object at 0x7f52bd1a6500>
CCOc1cc2[nH]cc(c(=Nc3cccc(c3Cl)Cl)c2cc1N1CCN(CC1)C(=O)C)C(=N)O,0.096,-1.017728767,train,<rdkit.Chem.rdchem.Mol object at 0x7f52bd1a6570>
Nc1ncnc2c1C(=O)N(CCO2)c1ccc(cc1)c1ccccc1,0.096,-1.017728767,train,<rdkit.Chem.rdchem.Mol object at 0x7f52bd1a65e0>
Fc1ccc(cc1)N1CCc2c(C1=O)ncc(c2)COc1ccccc1,0.096,-1.017728767,train,<rdkit.Chem.rdchem.Mol object at 0x7f52bd1a6650>
N[C@H]1CCCC[C@H]1N=c1[nH]nc(c(c1)Nc1cccc(n1)C)C(=O)N,0.096,-1.017728767,train,<rdkit.Chem.rdchem.Mol object at 0x7f52bd1a66c0>
COCc1noc2c1cc1CC3(C(=NC(=O)N=C3O)O)C3N(c1c2F)CC(OC3C)C,0.096,-1.017728767,train,<rdkit.Chem.rdchem.Mol object at 0x7f52bd1a6730>
CC1CC2C3CCC4=CC(=O)C=CC4(C)C3(F)C(O)CC2(C)C1(O)C(=O)COP(O)(O)=O,0.0956,-1.019542108,train,<rdkit.Chem.rdchem.Mol object at 0x7f52bd1a67a0>
CN(Cc1nccn1c1ccc(c(c1)F)N=C(c1cc(nn1c1ccc2c(c1)c(=N)[nH]o2)C(F)(F)F)O)C,0.095,-1.022276395,train,<rdkit.Chem.rdchem.Mol object at 0x7f52bd1a6810>
N#Cc1ccc(cc1)N1CCN(CC1)Cc1cc(C(=O)N[C@H]2CCCC[C@@H]2O)c(=O)n2c1cccc2,0.095,-1.022276395,train,<rdkit.Chem.rdchem.Mol object at 0x7f52bd1a6880>
Nc1ncnc2c1C(=O)N(CCO2)c1ccc(cc1)c1c(F)cccc1F,0.095,-1.022276395,train,<rdkit.Chem.rdchem.Mol object at 0x7f52bd1a68f0>
OC(=N[C@@H](c1ccc(c(c1)F)Cl)C)N1CCc2c(C1)nc(nc2)NC1CCOCC1,0.095,-1.022276395,train,<rdkit.Chem.rdchem.Mol object at 0x7f52bd1a69d0>
O=C(C=CC1=CC=CC=C1Cl)NC1=CC2=C(C=C1)C(=O)NC2=O,0.0948,-1.023191663,train,<rdkit.Chem.rdchem.Mol object at 0x7f52bd1a6a40>
COC1=CC2=C(C=C1)SCC(=O)N2CCN1CCC(CC1)NCC1=CC2OCCOC=2C=N1,0.0948,-1.023191663,train,<rdkit.Chem.rdchem.Mol object at 0x7f52bd1a6ab0>
CS(=O)(=O)c1ccc(C2=C(c3ccccc3)C(=O)OC2)cc1,0.094710084,-1.023603778,train,<rdkit.Chem.rdchem.Mol object at 0x7f52bd1a6b90>
Cc1nnc2n1-c1sc(Br)cc1C(c1ccccc1Cl)=NC2,0.094,-1.026872146,train,<rdkit.Chem.rdchem.Mol object at 0x7f52bd1a6c00>
O=C(CN1[C@@H](CNC2(C1=O)CCCC2)c1cc(F)cc(c1)F)Nc1ccc2c(c1)C[C@@]1(C2)C(=Nc2c1cccn2)O,0.094,-1.026872146,train,<rdkit.Chem.rdchem.Mol object at 0x7f52bd1a6c70>
C[C@H]1O[C@@H](C)[C@H]2N(C1)c1c(CC32C(=NC(=O)N=C3O)O)cc2c(c1F)onc2C,0.094,-1.026872146,train,<rdkit.Chem.rdchem.Mol object at 0x7f52bd1a6ce0>
COCCO[C@H]1CN(CC[C@H]1N=C(c1[nH]c(c(c1Cl)Cl)C)O)c1ncc(s1)C(=O)O,0.094,-1.026872146,train,<rdkit.Chem.rdchem.Mol object at 0x7f52bd1a6dc0>
COC1C=C(C=CC=1OC)C(=CC(=O)N1CCOCC1)C1C=CC(Cl)=CC=1,0.093379333,-1.029749233,train,<rdkit.Chem.rdchem.Mol object at 0x7f52bd1a6e30>
CCC(=O)N(c1ccccc1)C1(COC)CCN(CCc2cccs2)CC1,0.093,-1.031517051,train,<rdkit.Chem.rdchem.Mol object at 0x7f52bd1a6ea0>
N#Cc1ccc(c(c1)Cl)c1ccc(cc1)N1CCOc2c(C1=O)c(N)ncn2,0.093,-1.031517051,train,<rdkit.Chem.rdchem.Mol object at 0x7f52bd1a6f10>
CCc1nc(N)nc(N)c1-c1ccc(Cl)cc1,0.092802002,-1.032442655,train,<rdkit.Chem.rdchem.Mol object at 0x7f52bd1a6f80>
O=C(C1=CSC2CCCCC=21)N1CCCCC1,0.0928,-1.032452024,train,<rdkit.Chem.rdchem.Mol object at 0x7f52bd1a6ff0>
O=C(NC1=CN=C(Cl)C=C1)C1=CC(F)=C(F)C=C1,0.0928,-1.032452024,train,<rdkit.Chem.rdchem.Mol object at 0x7f52bd1a7060>
O=C1C2=CC=CC=C2C(C(=O)NCC2=CN=C(C=C2)OCC(F)(F)F)N1CCC1=CC=CC=N1,0.0928,-1.032452024,train,<rdkit.Chem.rdchem.Mol object at 0x7f52bd1a70d0>
CN(C)S(=O)(=O)C1=CC2=C(C=C1)OCC(=O)N2CCN1CCC(CC1)NCC1C=CC2OCC(=O)NC=2N=1,0.0928,-1.032452024,train,<rdkit.Chem.rdchem.Mol object at 0x7f52bd1a7140>
CC(C)C(NC(=O)C1=CC=CC=C1)C(=O)C1=CC=C(C=C1)C#N,0.0928,-1.032452024,train,<rdkit.Chem.rdchem.Mol object at 0x7f52bd1a71b0>
COC1C=C(OC)C(=CC=1S(=O)(=O)N(C1C=CC=CC=1)C1C=CC=CC=1)NC(=O)CCC(O)=O,0.0928,-1.032452024,train,<rdkit.Chem.rdchem.Mol object at 0x7f52bd1a7220>
CCN(CCO)C(=O)C1=CC2C=CC=NC=2N1C1C=C(C=CC=1)C(F)(F)F,0.0928,-1.032452024,train,<rdkit.Chem.rdchem.Mol object at 0x7f52bd1a7290>
CC(C)(C)NC(=O)NCCN1CC(C1)NC(=O)C1C=C(Cl)C=C(Cl)C=1,0.0928,-1.032452024,train,<rdkit.Chem.rdchem.Mol object at 0x7f52bd1a7300>
CCOP(=O)(SCCC)SCCC,0.092576501,-1.03349924,test,<rdkit.Chem.rdchem.Mol object at 0x7f52bd1a7370>
N#Cc1c[nH]c(=Nc2nccc(c2)CN2CCN(CC2)C(=N)O)s1,0.092,-1.036212173,train,<rdkit.Chem.rdchem.Mol object at 0x7f52bd1a73e0>
COc1c2occc2cc2ccc(=O)oc12,0.091913002,-1.036623047,train,<rdkit.Chem.rdchem.Mol object at 0x7f52bd1a7450>
CS(=O)(=O)C1C=CC(=C(Cl)C=1COCC(F)(F)F)C(=O)C1C(=O)CCCC1=O,0.0919,-1.036684489,train,<rdkit.Chem.rdchem.Mol object at 0x7f52bd1a74c0>
NC1C(Cl)=C(N=C(F)C=1Cl)OCC(O)=O,0.091656834,-1.037835151,train,<rdkit.Chem.rdchem.Mol object at 0x7f52bd1a7530>
COC1C=C(C(O)=CC=1)C(C)(C)C,0.091626752,-1.037977707,train,<rdkit.Chem.rdchem.Mol object at 0x7f52bd1a75a0>
CN1CC[C@@H](NC(=O)Nc2ccc(C#N)cc2)C[C@@H]1c1nc2ccccc2[nH]1,0.091,-1.040958608,train,<rdkit.Chem.rdchem.Mol object at 0x7f52bd1a7680>
CC(O)(C(=O)NC1C=CC=C(C=1)S(=O)(=O)C1C=CC=CC=1)C(F)(F)F,0.0909,-1.041436117,train,<rdkit.Chem.rdchem.Mol object at 0x7f52bd1a76f0>
OCC(NS(=O)(=O)C1=CC=C(Cl)S1)C(C(F)(F)F)C(F)(F)F,0.0909,-1.041436117,train,<rdkit.Chem.rdchem.Mol object at 0x7f52bd1a7760>
CC1=CC=C(C)C(O)=C1C,0.0908,-1.041914151,train,<rdkit.Chem.rdchem.Mol object at 0x7f52bd1a77d0>
O=C(O)C1N=C(c2ccccc2)c2cc(Cl)ccc2NC1=O,0.090000002,-1.045757481,train,<rdkit.Chem.rdchem.Mol object at 0x7f52bd1a7840>
CN1CCC(CC1)=C1C2=CC=CC=C2CCC2SC=CC=21,0.090000002,-1.045757481,train,<rdkit.Chem.rdchem.Mol object at 0x7f52bd1a7920>
OC(=NN1CC2C(C1)CCC2)NS(=O)(=O)c1ccc(cc1)C,0.09,-1.045757491,train,<rdkit.Chem.rdchem.Mol object at 0x7f52bd1a7990>
CC12CCC3C(CCC4CC(OC(C)=O)C(CC43C)[N+]3(C)CCCCC3)C1CC(C2OC(C)=O)[N+]1(C)CCCCC1,0.09,-1.045757491,train,<rdkit.Chem.rdchem.Mol object at 0x7f52bd1a7a00>
Cc1ccccc1OCC(O)CNCCOc1ccc(C(N)=O)cc1,0.09,-1.045757491,test,<rdkit.Chem.rdchem.Mol object at 0x7f52bd1a7a70>
C#CCNC1CCC2=CC=CC=C21,0.09,-1.045757491,train,<rdkit.Chem.rdchem.Mol object at 0x7f52bd1a7ae0>
COC(=O)[C@H]1[C@@H](OC(=O)c2ccccc2)C[C@@H]2CC[C@H]1N2C,0.09,-1.045757491,train,<rdkit.Chem.rdchem.Mol object at 0x7f52bd1a7b50>
CN1CCN(CC1)CCOc1cc(OC2CCOCC2)c2c(c1)ncnc2Nc1c(Cl)ccc2c1OCO2,0.09,-1.045757491,test,<rdkit.Chem.rdchem.Mol object at 0x7f52bd1a7c30>
OCCON=C(c1ncc2n(c1Nc1ccc(cc1F)I)cnc2)O,0.09,-1.045757491,train,<rdkit.Chem.rdchem.Mol object at 0x7f52bd1a7ca0>
COc1ccc(cc1)N(C1CCN(CC1)[C@@H](CCN=C(c1c(C)cc(nc1C)C#N)O)C)Cc1cccc(n1)C#N,0.09,-1.045757491,train,<rdkit.Chem.rdchem.Mol object at 0x7f52bd1a7d10>
O=C(N1CCN(CC1)c1ccc(cc1)OC(F)(F)F)O[C@@H]1COc2n(C1)cc(n2)N(=O)=O,0.09,-1.045757491,train,<rdkit.Chem.rdchem.Mol object at 0x7f52bd1a7d80>
Cc1ccc(cc1)C1CCN(CC1)Cc1cc(C(=O)O)c(=O)n2c1cccc2,0.09,-1.045757491,train,<rdkit.Chem.rdchem.Mol object at 0x7f52bd1a7df0>
CCCC(OCCCCCCN1C[C@H](O)[C@H]([C@@H]([C@H]1CO)O)O)CCC,0.09,-1.045757491,test,<rdkit.Chem.rdchem.Mol object at 0x7f52bd1a7ed0>
CCC1=CC=CC(CC)=C1N,0.089617,-1.047609599,train,<rdkit.Chem.rdchem.Mol object at 0x7f52bd1a8040>
COc1cc2ncnc(Nc3ccc(F)c(Cl)c3)c2cc1OCCCN1CCOCC1,0.089166668,-1.049797464,train,<rdkit.Chem.rdchem.Mol object at 0x7f52bd1a80b0>
OC(=O)C1=CC=CC=C1C1=CC(C(=O)NCC2(O)CCCCCC2)=C(Cl)C=C1,0.089,-1.050609993,train,<rdkit.Chem.rdchem.Mol object at 0x7f52bd1a8120>
CCOc1cc2[nH]cc(c(=Nc3ccc(cc3F)F)c2cc1N1CCC(CC1)O)C(=N)O,0.089,-1.050609993,train,<rdkit.Chem.rdchem.Mol object at 0x7f52bd1a8190>
COC1C=CC2=NC=C(C#N)C(CCN3CCC(CC3)NCC3=CC4SCOC=4C=N3)=C2C=1,0.089,-1.050609993,train,<rdkit.Chem.rdchem.Mol object at 0x7f52bd1a8200>
CCNC(=O)C1=CC2C(N1)=NC=C(C=2N1C=CC(=N1)C(F)(F)F)C1C=C(C=NC=1)C#N,0.089,-1.050609993,train,<rdkit.Chem.rdchem.Mol object at 0x7f52bd1a8270>
C=CC(=Nc1cc(N=c2[nH]cc(c(n2)c2cn(c3c2cccc3)C)C#N)c(cc1N(CCN(C)C)C)OC)O,0.089,-1.050609993,train,<rdkit.Chem.rdchem.Mol object at 0x7f52bd1a82e0>
OC1C=C2OC(C(CC2=C(O)C=1)OC(=O)C1C=C(O)C(O)=C(O)C=1)C1C=C(O)C(O)=C(O)C=1,0.088000002,-1.055517318,train,<rdkit.Chem.rdchem.Mol object at 0x7f52bd1a83c0>
OC(=O)C[C@@H](c1cccnc1)N=C(Cn1c(C)ccc(c1=O)NCc1ccc2c(n1)NCCC2)O,0.088,-1.055517328,train,<rdkit.Chem.rdchem.Mol object at 0x7f52bd1a8430>
O=C(N1CCC(CC1)n1c(=O)n(c2c1c1nc(ccc1nc2)c1ccc(nc1)C)C)[C@@H](O)C,0.088,-1.055517328,train,<rdkit.Chem.rdchem.Mol object at 0x7f52bd1a84a0>
O=C(NCC12CC3CC(C1)CC(C2)C3)C1C=C(CN2CCNCC2)C=CC=1Cl,0.0872,-1.059483515,test,<rdkit.Chem.rdchem.Mol object at 0x7f52bd1a8510>
O=C(NCC12CC3CC(C1)CC(C2)C3)C1C=C(CC2CCNCC2)C=CC=1Cl,0.0872,-1.059483515,train,<rdkit.Chem.rdchem.Mol object at 0x7f52bd1a8580>
COC1C=C(OC)C(=CC=1S(=O)(=O)NCC1=CC=CC=C1N1CCC(CC1)CC(O)=O)NC(=O)CCC(O)=O,0.0872,-1.059483515,test,<rdkit.Chem.rdchem.Mol object at 0x7f52bd1a85f0>
CCN(CCO)C(=O)C1OC2C=CC=NC=2C=1C1=CC(=CC=C1)C(F)(F)F,0.0872,-1.059483515,train,<rdkit.Chem.rdchem.Mol object at 0x7f52bd1a8660>
CS(=O)(=O)C1=CC=CC=C1C(=O)NCC(O)CN1CCC(CC1)OC1C=CC(Cl)=C(Cl)C=1,0.0872,-1.059483515,train,<rdkit.Chem.rdchem.Mol object at 0x7f52bd1a8740>
CN=C(N1CCN(CC1)Cc1ccnc(c1C)N=c1[nH]cc(s1)C#N)O,0.087,-1.060480747,train,<rdkit.Chem.rdchem.Mol object at 0x7f52bd1a87b0>
O[C@H]1CCCC[C@@H]1NC(=O)c1cc(CN2CCN(CC2)c2ncc3c(c2)cccc3)c2n(c1=O)cccc2,0.087,-1.060480747,train,<rdkit.Chem.rdchem.Mol object at 0x7f52bd1a8820>
Fc1ccc(c(c1)F)[C@@H]1C[C@](C[C@H]1C(=O)N1CCC(CC1)c1cc(nn1c1cc(Cl)ccc1Cl)C)(C)N(C)C,0.087,-1.060480747,train,<rdkit.Chem.rdchem.Mol object at 0x7f52bd1a8890>
Nc1nc(=O)c2c([nH]1)NCC(CNc1ccc(C(=O)N[C@@H](CCC(=O)O)C(=O)O)cc1)N2C=O,0.087,-1.060480747,test,<rdkit.Chem.rdchem.Mol object at 0x7f52bd1a8900>
Cc1cc2c(s1)Nc1ccccc1N=C2N1CCN(C)CC1,0.086666026,-1.062151119,train,<rdkit.Chem.rdchem.Mol object at 0x7f52bd1a8970>
CC1N=C(NC(=O)NS(=O)(=O)C2C=CC=CC=2C(=O)OC)N=C(N=1)OC,0.086665834,-1.062152079,train,<rdkit.Chem.rdchem.Mol object at 0x7f52bd1a89e0>
O=C1N(C[C@H](N1C1CCN(CC1)Cc1ccc(nc1)Sc1ccc(cc1)C(=O)O)c1ccccc1)C1CCOCC1,0.086,-1.065501549,train,<rdkit.Chem.rdchem.Mol object at 0x7f52bd1a8a50>
O=C([C@](c1ccccc1)(N1CCCCC1)C)O[C@H]1C[N+]2(CCCc3ccccc3)CCC1CC2,0.086,-1.065501549,train,<rdkit.Chem.rdchem.Mol object at 0x7f52bd1a8ac0>
Clc1cc(ccc1c1ccc(cc1)N1CCOc2c(C1=O)c(N)ncn2)CN(S(=O)(=O)C)C,0.086,-1.065501549,train,<rdkit.Chem.rdchem.Mol object at 0x7f52bd1a8b30>
Fc1ccc(nc1)NC(=O)c1cc(Oc2cncnc2)cc(n1)C,0.086,-1.065501549,train,<rdkit.Chem.rdchem.Mol object at 0x7f52bd1a8ba0>
O=C(CCS(=O)(=O)C1C=CC(Br)=CC=1)NCC1=CC=CS1,0.0854,-1.068542129,train,<rdkit.Chem.rdchem.Mol object at 0x7f52bd1a8c10>
COC(=O)N(C)c1c(N)nc(-c2nn(Cc3ccccc3F)c3ncccc23)nc1N,0.0854,-1.068542129,train,<rdkit.Chem.rdchem.Mol object at 0x7f52bd1a8c80>
FC1C=C(C=C(F)C=1CN1CCOCC1)C1C=CC=C2N=CC(=NC=12)C1C=NN(C=1)C1CCNCC1,0.0854,-1.068542129,train,<rdkit.Chem.rdchem.Mol object at 0x7f52bd1a8cf0>
CC1=CC(NC2=CN=CC(NC(C)C3N=CC(F)=CN=3)=N2)=NN1,0.0854,-1.068542129,train,<rdkit.Chem.rdchem.Mol object at 0x7f52bd1a8d60>
CN1C(=O)N(CC(C)C)C2SC(CC3=CNC4=CC=CC=C34)=C(C=2C1=O)C(=O)N1CC(O)CC1,0.0854,-1.068542129,train,<rdkit.Chem.rdchem.Mol object at 0x7f52bd1a8dd0>
COC1=CC2=C(C=C1)N=CC(=O)N2CCN1CCC(NCC2C=CC3OCC(=O)NC=3N=2)C(O)C1,0.085309788,-1.069001136,train,<rdkit.Chem.rdchem.Mol object at 0x7f52bd1a8e40>
OCc1ccc(c(c1)N(c1ccnc(n1)Nc1cc(cc(c1)S(=O)(=O)C)N1CCOCC1)C)C,0.085,-1.070581074,test,<rdkit.Chem.rdchem.Mol object at 0x7f52bd1a8eb0>
COc1nc(ccc1n1cnc(c1)C)c1nc2n(n1)CCC[C@H]2c1ccccc1C(F)(F)F,0.085,-1.070581074,test,<rdkit.Chem.rdchem.Mol object at 0x7f52bd1a8f90>
O=C([C@](c1ccccc1)(N1CCCCC1)C)O[C@H]1C[N+]2(CCC=C(C)C)CCC1CC2,0.085,-1.070581074,train,<rdkit.Chem.rdchem.Mol object at 0x7f52bd1a9000>
ON=C([C@](S(=O)(=O)C)(CCn1nnc(c1)c1ccc(cc1F)OC)C)O,0.085,-1.070581074,train,<rdkit.Chem.rdchem.Mol object at 0x7f52bd1a9070>
CCOC(=O)N1CCN(CC1)C(=O)[C@@H](N=C(c1cc(=N[C@H]2COCC2)[nH]c(n1)c1ccccc1)O)CCC(=O)O,0.085,-1.070581074,train,<rdkit.Chem.rdchem.Mol object at 0x7f52bd1a90e0>
Cc1ccc(NC(=O)c2ccc(CN3CCN(C)CC3)cc2)cc1Nc1nccc(-c2cccnc2)n1,0.084699469,-1.072119311,test,<rdkit.Chem.rdchem.Mol object at 0x7f52bd1a91c0>
CCOc1cc2[nH]cc(c(=Nc3ccc(cc3F)F)c2cc1N1CCOCC1)C(=N)O,0.084,-1.075720714,train,<rdkit.Chem.rdchem.Mol object at 0x7f52bd1a9230>
CC1C=CC(=CC=1)S(=O)(=O)N1N=CC2=CC=CC=C2B1O,0.0836,-1.077793723,train,<rdkit.Chem.rdchem.Mol object at 0x7f52bd1a92a0>
ONC(=O)C1COC(=N1)C1C=CC(F)=C(C=1)C(F)(F)F,0.0836,-1.077793723,train,<rdkit.Chem.rdchem.Mol object at 0x7f52bd1a9310>
CCCCC(CN1C=NC=N1)(C#N)C1C=CC(Cl)=CC=1,0.083381167,-1.078932033,train,<rdkit.Chem.rdchem.Mol object at 0x7f52bd1a93f0>
O=C1N(C[C@H](N1C1CCN(CC1)Cc1ccc(nc1)Oc1ccc(cc1)C(=O)O)c1ccccc1)C1CCOCC1,0.082,-1.086186148,train,<rdkit.Chem.rdchem.Mol object at 0x7f52bd1a9460>
O[C@H]1CCCC[C@@H]1NC(=O)c1cc(CN2CCN(CC2)c2ncc3c(c2)scn3)c2n(c1=O)cccc2,0.082,-1.086186148,train,<rdkit.Chem.rdchem.Mol object at 0x7f52bd1a9540>
C[C@H]1O[C@H](C)[C@@H]2N(C1)c1c(CC32C(=NC(=O)N=C3O)O)cc2c(c1F)onc2C,0.082,-1.086186148,train,<rdkit.Chem.rdchem.Mol object at 0x7f52bd1a95b0>
OCCOCCN1CCN(C(c2ccccc2)c2ccc(Cl)cc2)CC1,0.0818,-1.087246696,train,<rdkit.Chem.rdchem.Mol object at 0x7f52bd1a9620>
O=C1C2=CC=CC=C2C(C(=O)NCC2C=CC(=CC=2)OC(F)(F)F)N1CCC1N=CC=CN=1,0.0818,-1.087246696,test,<rdkit.Chem.rdchem.Mol object at 0x7f52bd1a9690>
CCCCCCCCC,0.08128,-1.090016305,train,<rdkit.Chem.rdchem.Mol object at 0x7f52bd1a9700>
O=c1[nH]c2ccccc2n1CCCN1CCC(n2c(=O)[nH]c3cc(Cl)ccc32)CC1,0.081,-1.091514981,test,<rdkit.Chem.rdchem.Mol object at 0x7f52bd1a9770>
OC[C@@H](c1ccc(cn1)F)N=c1ccc2c([nH]1)n(cn2)c1[nH]nc(c1)OC(C)C,0.081,-1.091514981,train,<rdkit.Chem.rdchem.Mol object at 0x7f52bd1a97e0>
N#CC1(CC1)N=C([C@@H]1CCCC[C@H]1C(=O)N1CCN(C[C@H]1C)c1ccc(c(c1)OC)C1CC1)O,0.081,-1.091514981,train,<rdkit.Chem.rdchem.Mol object at 0x7f52bd1a9850>
OCc1c(onc1C(=N[C@@H]1CCC[C@@H](C1)O)O)c1ccc(cc1)C(F)(F)F,0.081,-1.091514981,train,<rdkit.Chem.rdchem.Mol object at 0x7f52bd1a98c0>
CC[C@H](c1ccc(c(c1)Cl)OC)N=C(N1CCc2c(C1)nc(nc2)N[C@H](CO)C)O,0.081,-1.091514981,train,<rdkit.Chem.rdchem.Mol object at 0x7f52bd1a9930>
Cc1ccc(-c2ncc(Cl)cc2-c2ccc(S(C)(=O)=O)cc2)cn1,0.080833333,-1.092409514,train,<rdkit.Chem.rdchem.Mol object at 0x7f52bd1a99a0>
CN1CC(C2=CC(O)=C(Cl)C=C2CC1)C1C=CC=CC=1,0.0801,-1.096367484,train,<rdkit.Chem.rdchem.Mol object at 0x7f52bd1a9a10>
CC(NC)C(=O)NC(C(=O)N1CCCC1C(=O)NC1CCCC2=CC=CC=C21)C(C)(C)C,0.0801,-1.096367484,train,<rdkit.Chem.rdchem.Mol object at 0x7f52bd1a9a80>
[O-][N+](=O)C1C=C(C=CC=1)C(=O)NC1=NC2=CC=CC=C2N1CCCO,0.0801,-1.096367484,train,<rdkit.Chem.rdchem.Mol object at 0x7f52bd1a9af0>
CC1=NC2(N=C1N)C1C=C(C=CC=1CC12CCC(CC1)OC)C1=CN=CC(=C1)C#CC,0.0801,-1.096367484,test,<rdkit.Chem.rdchem.Mol object at 0x7f52bd1a9b60>
Cc1ncc(C[n+]2csc(CCO)c2C)c(N)n1,0.08,-1.096910013,train,<rdkit.Chem.rdchem.Mol object at 0x7f52bd1a9cb0>
O=c1n(CCCN2CCN(c3cccc(Cl)c3)CC2)nc2ccccn12,0.08,-1.096910013,train,<rdkit.Chem.rdchem.Mol object at 0x7f52bd1a9d20>
CC(CC(c1ccccc1)c1ccccc1)NC(C)(C)C,0.08,-1.096910013,train,<rdkit.Chem.rdchem.Mol object at 0x7f52bd1a9d90>
CCC(=O)N(c1ccccc1)C1(COC)CCN(CCn2nnn(CC)c2=O)CC1,0.08,-1.096910013,train,<rdkit.Chem.rdchem.Mol object at 0x7f52bd1a9e00>
ClCCN(c1ccc(cc1)C(=O)N[C@H](C(=O)O)CCC(=O)O)CCCl,0.08,-1.096910013,train,<rdkit.Chem.rdchem.Mol object at 0x7f52bd1a9ee0>
COc1ccc(cn1)[C@@H](N1CCN(C1=O)CCCc1ccc2c(n1)N[C@@H](CC2)C)CC(=O)O,0.08,-1.096910013,train,<rdkit.Chem.rdchem.Mol object at 0x7f52bd1a9f50>
Fc1ccc(cc1)C[C@@H]1CCCN(C1)C[C@@H]1CCCC[C@H]1NC(=Nc1cccc(c1)c1nnnn1C)O,0.08,-1.096910013,train,<rdkit.Chem.rdchem.Mol object at 0x7f52bd1a9fc0>
CN=C(c1ccc(cc1F)Nc1nccc(n1)c1cnc(n1C(C)C)C)O,0.08,-1.096910013,train,<rdkit.Chem.rdchem.Mol object at 0x7f52bd1aa030>
COc1ccc(cc1)N(C1CCN(CC1)[C@@H](CCN=C(c1c(C)cc(nc1C)Cl)O)C)Cc1cnccc1C,0.08,-1.096910013,train,<rdkit.Chem.rdchem.Mol object at 0x7f52bd1aa110>
CN=c1[nH]oc2c1ccc(c2c1ccc2c(c1)cnnc2N1CCOC[C@@H]1C)C,0.08,-1.096910013,train,<rdkit.Chem.rdchem.Mol object at 0x7f52bd1aa180>
Fc1cc(cc(c1)c1ccnc(n1)Nc1ccc(cc1)n1cnc(n1)N1CCOCC1)N1CCOCC1,0.08,-1.096910013,train,<rdkit.Chem.rdchem.Mol object at 0x7f52bd1aa1f0>
Cc1cc([C@H](Nc2ccccc2C(=O)O)C)c2n(c1)c(=O)cc(n2)N1CCOCC1,0.08,-1.096910013,train,<rdkit.Chem.rdchem.Mol object at 0x7f52bd1aa260>
COc1c(cc(cc1NS(=O)(=O)C)C(C)(C)C)N=C(c1ccc(c(c1)N1NNC(=C1)C(=NCC(C)(C)C)O)C)O,0.08,-1.096910013,test,<rdkit.Chem.rdchem.Mol object at 0x7f52bd1aa2d0>
COCCOc1ccc(cc1)N(C1CCN(CC1)[C@@H](CCN=C(c1c(C)cc(nc1C)C#N)O)C)Cc1cnccc1C,0.08,-1.096910013,test,<rdkit.Chem.rdchem.Mol object at 0x7f52bd1aa340>
Fc1ccccc1c1ccc(cc1)N1CCOc2c(C1=O)c(N)ncn2,0.08,-1.096910013,train,<rdkit.Chem.rdchem.Mol object at 0x7f52bd1aa420>
CCN=C(Nc1nc2c(s1)n(C(C)C)c(=O)c(c2)c1cncc(c1)OC)O,0.08,-1.096910013,train,<rdkit.Chem.rdchem.Mol object at 0x7f52bd1aa490>
CCN=C(Nc1nc2c(s1)n(C(C)C)c(=O)c(c2)c1ccc(nc1)c1nnn(n1)C)O,0.08,-1.096910013,train,<rdkit.Chem.rdchem.Mol object at 0x7f52bd1aa500>
COc1cc(F)ccc1Cn1ccc2c3c(ncc21)C(=O)N(O)CC3,0.08,-1.096910013,train,<rdkit.Chem.rdchem.Mol object at 0x7f52bd1aa570>
OCCCNc1ccc2c(c1)nc(n1c2ncn1)c1ccc2c(c1)OCO2,0.08,-1.096910013,train,<rdkit.Chem.rdchem.Mol object at 0x7f52bd1aa5e0>
C[C@H]1[C@H](N=C(/C(=N\OC(C(=O)O)(C)C)/c2csc(=N)[nH]2)O)C(=O)N1C(=NS(=O)(=O)N1C[C@H](CC1=O)N=C(c1cc(=O)c(cn1O)O)O)O,0.08,-1.096910013,train,<rdkit.Chem.rdchem.Mol object at 0x7f52bd1aa650>
CCCCCC(O)C=CC1C(CCCCCCC(O)=O)C(=O)CC1O,0.079999999,-1.096910018,train,<rdkit.Chem.rdchem.Mol object at 0x7f52bd1aa6c0>
CNCCCC1c2ccccc2C=Cc2ccccc21,0.079999999,-1.096910018,test,<rdkit.Chem.rdchem.Mol object at 0x7f52bd1aa730>
CCOC(=O)C1=C(N)SC2CN(CC3C=CC=CC=3)CCC=21,0.079999999,-1.096910018,train,<rdkit.Chem.rdchem.Mol object at 0x7f52bd1aa7a0>
COC1C=CC(=CC=1CNC1CCCNC1C1C=CC=CC=1)OC(F)(F)F,0.079959,-1.097132646,train,<rdkit.Chem.rdchem.Mol object at 0x7f52bd1aa810>
Cc1noc(NS(=O)(=O)c2ccc(N)cc2)c1C,0.079,-1.102372909,test,<rdkit.Chem.rdchem.Mol object at 0x7f52bd1aa880>
CN1CCN(CC1)S(=O)(=O)C1C=CC(=CC=1)C1=CN=C(N)C(=N1)C(=O)NC1C=NC=CC=1CN1CCCC1,0.0784,-1.105683937,test,<rdkit.Chem.rdchem.Mol object at 0x7f52bd1aa960>
CC(OC1C=C(C=NC=1N)C1=CN(N=C1)C1CCNCC1)C1=C(Cl)C=CC(F)=C1Cl,0.0784,-1.105683937,train,<rdkit.Chem.rdchem.Mol object at 0x7f52bd1aa9d0>
CCC(CC)C(CO)NS(=O)(=O)C1=CC=C(Cl)S1,0.0784,-1.105683937,train,<rdkit.Chem.rdchem.Mol object at 0x7f52bd1aaa40>
O=C1NC(=O)SC1=CC1C=CC=C(Cl)C=1N1CCNCC1,0.0784,-1.105683937,train,<rdkit.Chem.rdchem.Mol object at 0x7f52bd1aab90>
CN=c1[nH]cnc(n1)c1cccnc1Oc1ccc(c(c1)C(=Nc1cc(ccc1N(CCCN(C)C)C)C(F)(F)F)O)F,0.078,-1.107905397,train,<rdkit.Chem.rdchem.Mol object at 0x7f52bd1aac00>
CC(C)(C1C=CC(O)=CC=1)C1C=CC(O)=CC=1,0.077162251,-1.112595114,train,<rdkit.Chem.rdchem.Mol object at 0x7f52bd1aad50>
OC(=N)Nc1sc(cc1C(=N[C@H]1CCCNC1)O)c1ccccc1,0.077,-1.113509275,train,<rdkit.Chem.rdchem.Mol object at 0x7f52bd1aadc0>
Cc1ccn(n1)c1ccc(cc1)Cn1cc(C(=O)O)c(=O)c2c1cccc2F,0.077,-1.113509275,train,<rdkit.Chem.rdchem.Mol object at 0x7f52bd1aae30>
OC1(CCN(CCCC(=O)C2C=CC(F)=CC=2)CC1)C1C=CC=C(C=1)C(F)(F)F,0.0768,-1.11463878,train,<rdkit.Chem.rdchem.Mol object at 0x7f52bd1aaf10>
NC1=NC(=NC(N)=C1N1CCOCC1)C1=NN(CC2=CC=CC=C2F)C2N=CC=CC=21,0.0768,-1.11463878,train,<rdkit.Chem.rdchem.Mol object at 0x7f52bd1aaff0>
O=C(NC1CC1)C1C=C(ON=1)C1=CC=CS1,0.0768,-1.11463878,train,<rdkit.Chem.rdchem.Mol object at 0x7f52bd1ab0d0>
CCCNC(=O)C1=CC2C(N1)=NC=C(C1=CC(=CN=C1)C(O)=O)C=2N1C=CC(=N1)C(F)(F)F,0.0768,-1.11463878,train,<rdkit.Chem.rdchem.Mol object at 0x7f52bd1ab140>
CCCOC(=O)C1C=CC(O)=CC=1,0.076393021,-1.116946315,train,<rdkit.Chem.rdchem.Mol object at 0x7f52bd1ab1b0>
O=C(N(C1CCN(CC1)Cc1ccc(cc1)C(F)(F)F)C)Cc1ccc(cc1)n1cnnn1,0.076,-1.119186408,train,<rdkit.Chem.rdchem.Mol object at 0x7f52bd1ab220>
Fc1ccc(c(c1)F)[C@@H]1C[C@](C[C@H]1C(=O)N1CCC(CC1)c1nc(nn1c1ccc(c(c1)C)Cl)C)(C)N,0.076,-1.119186408,train,<rdkit.Chem.rdchem.Mol object at 0x7f52bd1ab290>
CC[C@@H](C(=O)N1CCC(CC1)N=C(Nc1ccc(cc1)OC(F)(F)F)O)C,0.076,-1.119186408,test,<rdkit.Chem.rdchem.Mol object at 0x7f52bd1ab300>
CO[C@H]1CN(CC[C@H]1N=C(c1[nH]c(c(c1Cl)Cl)C)O)c1sc(c(n1)C(=NCCN1CCCC1=O)O)C(=O)O,0.076,-1.119186408,train,<rdkit.Chem.rdchem.Mol object at 0x7f52bd1ab370>
O=S(=O)(C1=CC=CC=C1)C1C=CC(=C(C=1)S(=O)(=O)NC1CCNCC1)C(F)(F)F,0.0752,-1.123782159,train,<rdkit.Chem.rdchem.Mol object at 0x7f52bd1ab450>
CC(=O)NC1=CC2=C(C=C1)OCCN2C1C=C(NC2CC2)N2N=CC(C#N)=C2N=1,0.0752,-1.123782159,train,<rdkit.Chem.rdchem.Mol object at 0x7f52bd1ab530>
COC1C=C(C=CC=1C1C(C(N)=O)C(C)=NC2C1=C(N=CC=2C)OCC)C#N,0.0752,-1.123782159,train,<rdkit.Chem.rdchem.Mol object at 0x7f52bd1ab5a0>
O=C(NC1C=CC=CC=1)C1C=CC=CC=1I,0.07513307,-1.124168865,train,<rdkit.Chem.rdchem.Mol object at 0x7f52bd1ab610>
CCCOC(C(=O)OC1CCN(C)CC1)(c1ccccc1)c1ccccc1,0.075,-1.124938737,train,<rdkit.Chem.rdchem.Mol object at 0x7f52bd1ab6f0>
Cc1ccc(-c2nc3ccc(C)cn3c2CC(=O)N(C)C)cc1,0.075,-1.124938737,train,<rdkit.Chem.rdchem.Mol object at 0x7f52bd1ab760>
C[C@@H](C(C)(C)C)N=C(c1c(C)nn(c1NS(=O)(=O)c1ccc(cc1)C1CC1)C1CCOCC1)O,0.075,-1.124938737,train,<rdkit.Chem.rdchem.Mol object at 0x7f52bd1ab7d0>
C=CC(=Nc1cc(Nc2nccc(n2)c2c[nH]c3c2cccc3)c(cc1N(CCN(C)C)C)OC)O,0.075,-1.124938737,train,<rdkit.Chem.rdchem.Mol object at 0x7f52bd1ab840>
C=CC(=Nc1cc(Nc2ncc(c(n2)c2cn(c3c2cccc3)C)C)c(cc1N(CCN(C)C)C)OC)O,0.075,-1.124938737,train,<rdkit.Chem.rdchem.Mol object at 0x7f52bd1ab920>
OC(=N[C@@H]1CCN(CC21OCCO2)c1ncc(s1)C(=O)O)c1[nH]c(c(c1Cl)Cl)C,0.075,-1.124938737,train,<rdkit.Chem.rdchem.Mol object at 0x7f52bd1ab990>
CN(C)CCC=C1c2ccccc2C=Cc2ccccc21,0.074081037,-1.130292948,train,<rdkit.Chem.rdchem.Mol object at 0x7f52bd1aba70>
CCOC(=O)C(CC(=O)OCC)SP(=S)(OC)OC,0.07375,-1.132237975,train,<rdkit.Chem.rdchem.Mol object at 0x7f52bd1abae0>
COc1ccc(Cc2nccc3cc(OC)c(OC)cc23)cc1OC,0.073,-1.13667714,train,<rdkit.Chem.rdchem.Mol object at 0x7f52bd1abb50>
CCOc1cc2[nH]cc(c(=Nc3cc(F)ccc3F)c2cc1N1CCN(CC1)C)C(=N)O,0.073,-1.13667714,test,<rdkit.Chem.rdchem.Mol object at 0x7f52bd1abbc0>
CC1C=C(O)C=CC=1Cl,0.0723,-1.140861703,train,<rdkit.Chem.rdchem.Mol object at 0x7f52bd1abc30>
CC(C)N1C=NC2C1=NC(NC(CO)CC)=NC=2NCC1C=CC=CC=1,0.072,-1.142667504,train,<rdkit.Chem.rdchem.Mol object at 0x7f52bd1abca0>
CC(=O)C1=CC2C=CC(=CC=2OC1=O)N(CC)CC,0.072,-1.142667504,train,<rdkit.Chem.rdchem.Mol object at 0x7f52bd1abd10>
OC(=O)CNCCNC1C=CC(Cl)=C(C=1)C(=O)NCC12CC3CC(C1)CC(C2)C3,0.072,-1.142667504,train,<rdkit.Chem.rdchem.Mol object at 0x7f52bd1abd80>
O=C1COC2C=CC(Cl)=CC=2N1CCN1CCC(CC1)NCC1C=CC2OCC(=O)NC=2N=1,0.072,-1.142667504,train,<rdkit.Chem.rdchem.Mol object at 0x7f52bd1abdf0>
ON=C([C@](S(=O)(=O)C)(CCc1onc(c1)c1ccc(cc1F)OC)C)O,0.072,-1.142667504,train,<rdkit.Chem.rdchem.Mol object at 0x7f52bd1abe60>
CC(C)(O)C1C=CC(=CC=1)NC1NC2C=C(C=CC=2N=1)C#N,0.072,-1.142667504,train,<rdkit.Chem.rdchem.Mol object at 0x7f52bd1abed0>
CC12CCC(O)CC1CCC1C2CCC2(C)C(CCC21O)C1COC(=O)C=1,0.0715,-1.145693958,train,<rdkit.Chem.rdchem.Mol object at 0x7f52bd1ac040>
CO[C@H]1CN(CC[C@H]1N=C(c1[nH]c(c(c1Cl)Cl)C)O)c1ncc(s1)C(=O)O,0.071,-1.148741651,test,<rdkit.Chem.rdchem.Mol object at 0x7f52bd1ac0b0>
CCOc1cc2[nH]cc(c(=Nc3cccc(c3F)Cl)c2cc1N1CCN(CC1)C)C(=N)O,0.071,-1.148741651,train,<rdkit.Chem.rdchem.Mol object at 0x7f52bd1ac120>
COCn1ccnc1c1nc(sc1C(=O)O)N1CC[C@H]([C@H](C1)OC)N=C(c1[nH]c(c(c1Cl)Cl)C)O,0.071,-1.148741651,test,<rdkit.Chem.rdchem.Mol object at 0x7f52bd1ac190>
Fc1ccc(c(c1)F)[C@@H]1C[C@](C[C@H]1C(=O)N1CCC(CC1)c1cc(nn1c1cc(Cl)ccc1Cl)C)(C)N,0.071,-1.148741651,train,<rdkit.Chem.rdchem.Mol object at 0x7f52bd1ac270>
N#Cc1cnccc1COc1cnc(nc1)N1CCN(C[C@H]1C)c1nnc(o1)C(C)C,0.071,-1.148741651,train,<rdkit.Chem.rdchem.Mol object at 0x7f52bd1ac2e0>
CO[C@H]1CN(CC[C@H]1N=C(c1[nH]c(c(c1Cl)Cl)C)O)c1sc(c(n1)C(=NN1CCOCC1)O)C(=O)O,0.071,-1.148741651,train,<rdkit.Chem.rdchem.Mol object at 0x7f52bd1ac350>
CC12CCC(O)CC1=CCC1C2CC2C1CCC1(OC3CC(C)CNC3C1C)C=2C,0.070775419,-1.150117548,train,<rdkit.Chem.rdchem.Mol object at 0x7f52bd1ac3c0>
COC(=O)C1C=CC(O)=CC=1,0.070561923,-1.151429592,train,<rdkit.Chem.rdchem.Mol object at 0x7f52bd1ac4a0>
O=C(O)COCCN1CCN(C(c2ccccc2)c2ccc(Cl)cc2)CC1,0.07,-1.15490196,train,<rdkit.Chem.rdchem.Mol object at 0x7f52bd1ac580>
CC1(NC(=O)C2CN(C)C3CC4=CNC5=CC=CC(C3C2)=C45)OC2(O)C3CCCN3C(=O)C(CC3C=CC=CC=3)N2C1=O,0.07,-1.15490196,train,<rdkit.Chem.rdchem.Mol object at 0x7f52bd1ac5f0>
Clc1ccc2c(c1)C(c1ccccc1)=NCc1nncn1-2,0.07,-1.15490196,train,<rdkit.Chem.rdchem.Mol object at 0x7f52bd1ac660>
CC1=NN=C2CN=C(C3=CC=CC=C3Cl)C3C=C(CC)SC=3N12,0.07,-1.15490196,train,<rdkit.Chem.rdchem.Mol object at 0x7f52bd1ac6d0>
OCCN1CCN(CCCN2c3ccccc3Sc3ccc(Cl)cc32)CC1,0.07,-1.15490196,train,<rdkit.Chem.rdchem.Mol object at 0x7f52bd1ac7b0>
CC(CN1c2ccccc2Sc2ccccc21)N(C)C,0.07,-1.15490196,train,<rdkit.Chem.rdchem.Mol object at 0x7f52bd1ac820>
CC1C(=CC2=CC=C(C=C2)S(C)=O)C2C=CC(F)=CC=2C=1CC(O)=O,0.07,-1.15490196,train,<rdkit.Chem.rdchem.Mol object at 0x7f52bd1ac890>
Cc1onc(-c2ccccc2)c1C(=O)N[C@@H]1C(=O)N2[C@@H]1SC(C)(C)[C@@H]2C(=O)O,0.07,-1.15490196,train,<rdkit.Chem.rdchem.Mol object at 0x7f52bd1ac970>
Fc1ccc([C@@H]2CCNC[C@H]2COc2ccc3c(c2)OCO3)cc1,0.07,-1.15490196,train,<rdkit.Chem.rdchem.Mol object at 0x7f52bd1aca50>
CC(c1cc2ccccc2s1)N(O)C(N)=O,0.07,-1.15490196,train,<rdkit.Chem.rdchem.Mol object at 0x7f52bd1acac0>
COc1cc(Cc2c[nH]c(=N)[nH]c2=N)c2c(c1OC)OC(C=C2)C1CC1,0.07,-1.15490196,test,<rdkit.Chem.rdchem.Mol object at 0x7f52bd1acba0>
COc1cc2nc([nH]c(=N)c2c(c1OC)c1ccccn1)N1CCc2c(C1)cccc2NS(=O)(=O)C,0.07,-1.15490196,train,<rdkit.Chem.rdchem.Mol object at 0x7f52bd1acc10>
OC(=O)[C@H]1NC[C@H](C1)Oc1cccc(c1)Cl,0.07,-1.15490196,train,<rdkit.Chem.rdchem.Mol object at 0x7f52bd1acc80>
CC(Cc1sc(=N)[nH]c1c1ccc(o1)P(=O)(O)O)C,0.07,-1.15490196,test,<rdkit.Chem.rdchem.Mol object at 0x7f52bd1accf0>
COc1ccc(cn1)[C@H](CC(=O)O)CCC[C@@H](CCc1ccc2c(n1)NCCC2)O,0.07,-1.15490196,train,<rdkit.Chem.rdchem.Mol object at 0x7f52bd1acd60>
CS(=O)(=O)N1CCN(CC1)Cc1cc2c(s1)c(nc(n2)c1cccc2c1cn[nH]2)N1CCOCC1,0.07,-1.15490196,train,<rdkit.Chem.rdchem.Mol object at 0x7f52bd1acdd0>
Nc1nc(cc2c1nc(n2Cc1ccccc1)O)C(F)(F)F,0.07,-1.15490196,train,<rdkit.Chem.rdchem.Mol object at 0x7f52bd1ace40>
OC(=Nc1cc(F)cc(c1)C(F)(F)F)NC1CC2CCC(C1)N2CC1=CC2N(C(C1)CCC2)C(=O)C,0.07,-1.15490196,train,<rdkit.Chem.rdchem.Mol object at 0x7f52bd1aceb0>
CC(CC(=Nc1cccc(c1)N=C(c1ccccc1Br)O)O)C,0.07,-1.15490196,train,<rdkit.Chem.rdchem.Mol object at 0x7f52bd1acf20>
CCS(=O)(=O)Nc1cccc(c1)N=C(c1ccccc1Br)O,0.07,-1.15490196,test,<rdkit.Chem.rdchem.Mol object at 0x7f52bd1acf90>
C=CC(=O)Nc1ccc(cc1)S(=O)(=O)N1CCN(CC1)C(=O)C1CCCC1,0.07,-1.15490196,train,<rdkit.Chem.rdchem.Mol object at 0x7f52bd1ad000>
CN=C(c1cc(F)ccc1CN=C(c1nc(n(c(=O)c1O)C)C(C)(C)C)O)O,0.07,-1.15490196,train,<rdkit.Chem.rdchem.Mol object at 0x7f52bd1ad070>
COc1ccc(cc1)N(C1CCN(CC1)[C@@H](CCN=C(c1c(C)cc(nc1C)Cl)O)C)Cc1cccnc1,0.07,-1.15490196,train,<rdkit.Chem.rdchem.Mol object at 0x7f52bd1ad150>
Cc1ccc2c(c1)oc(n2)C[N+]12CCC(CC1)[C@H](C2)OC(=O)[C@](c1ccccc1)(N1CCCCC1)C,0.07,-1.15490196,train,<rdkit.Chem.rdchem.Mol object at 0x7f52bd1ad1c0>
OC[C@H]1N(CCCCCCOc2cccc(c2)C(F)(F)F)C[C@@H]([C@H]([C@@H]1O)O)O,0.07,-1.15490196,test,<rdkit.Chem.rdchem.Mol object at 0x7f52bd1ad230>
O[C@@H](CN1CCC(CC1)Oc1ccc(c(c1)Cl)Cl)CN=C(c1cn(C)c(=O)cc1C(F)(F)F)O,0.07,-1.15490196,train,<rdkit.Chem.rdchem.Mol object at 0x7f52bd1ad2a0>
CO[C@@H]([C@@H]1CCCN1C(=O)C[C@H]([C@@H](N(C(=O)[C@H](C(C)C)N=C(C(N)(C)C)O)C)[C@H](CC)C)OC)[C@H](C(=N[C@H](c1nccs1)Cc1ccccc1)O)C,0.07,-1.15490196,train,<rdkit.Chem.rdchem.Mol object at 0x7f52bd1ad310>
CN(CC[C@H](n1ncc(c1)NC(=O)c1n[nH]c2c1CCC(C2)(C)C)c1ccccc1)C,0.07,-1.15490196,train,<rdkit.Chem.rdchem.Mol object at 0x7f52bd1ad380>
COCCn1cc(ccc1=O)c1cc2nc(sc2n(c1=O)C(C)C)NC(=NCC)O,0.07,-1.15490196,train,<rdkit.Chem.rdchem.Mol object at 0x7f52bd1ad3f0>
CCN=C(Nc1nc2c(s1)n(C(C)C)c(=O)c(c2)c1ccc(nc1)c1nnnn1C)O,0.07,-1.15490196,train,<rdkit.Chem.rdchem.Mol object at 0x7f52bd1ad4d0>
CC1NC(=O)C2C=C(CN(C)C3=CC=C(S3)C(=O)NC(CCC(O)=O)C(O)=O)C=CC=2N=1,0.07,-1.15490196,train,<rdkit.Chem.rdchem.Mol object at 0x7f52bd1ad5b0>
[O-][N+](=O)C1C=CC=CC=1[N+]([O-])=O,0.069494,-1.15805269,test,<rdkit.Chem.rdchem.Mol object at 0x7f52bd1ad620>
CC(=O)N(CC1=CC=CC=C1OC)C1C=NC=CC=1OC1C=CC=CC=1,0.069,-1.161150909,train,<rdkit.Chem.rdchem.Mol object at 0x7f52bd1ad700>
CC(Oc1n[nH]c(c1)N=c1[nH]c(ncc1Cl)N[C@H](c1ccc(cn1)F)C)C,0.069,-1.161150909,test,<rdkit.Chem.rdchem.Mol object at 0x7f52bd1ad770>
CC1(O)CN(C1)C(=O)C1C2=C(SC=1CC1=CC=CC=C1C(F)(F)F)N(CC(C)C)C(=O)N(C)C2=O,0.069,-1.161150909,train,<rdkit.Chem.rdchem.Mol object at 0x7f52bd1ad7e0>
OC1C=CC(C(O)CNC2CCCC2OCC2C=CC=CC=2)=C2SC(=O)NC=12,0.069,-1.161150909,train,<rdkit.Chem.rdchem.Mol object at 0x7f52bd1ad850>
Fc1cccc(c1)CC[N+]12CCC(CC1)[C@H](C2)OC(=O)[C@](c1ccccc1)(N1CCCCC1)C,0.069,-1.161150909,train,<rdkit.Chem.rdchem.Mol object at 0x7f52bd1ad930>
Cc1ccccc1c1ccc(cc1)N1CCOc2c(C1=O)c(N)ncn2,0.069,-1.161150909,train,<rdkit.Chem.rdchem.Mol object at 0x7f52bd1ad9a0>
NC1SC=C2C=1C(=O)N(N=C2C(=O)NC1CC1)C1C=CC(F)=CC=1,0.069,-1.161150909,train,<rdkit.Chem.rdchem.Mol object at 0x7f52bd1ada10>
Fc1ccc(c(c1)F)[C@@H]1C[C@@](C[C@H]1C(=O)N1CCC(CC1)c1cc(nn1c1ccc(c(c1)Cl)F)C)(C)N,0.069,-1.161150909,train,<rdkit.Chem.rdchem.Mol object at 0x7f52bd1ada80>
CN1CCC(CC1)(COCc1nc(cc(c1)C(F)(F)F)N1CCC2C1C2)c1ccc(cc1)F,0.069,-1.161150909,train,<rdkit.Chem.rdchem.Mol object at 0x7f52bd1adaf0>
CC(C)(C#C)NC(=O)C1C=C(Cl)C=C(Cl)C=1,0.068259334,-1.165837953,test,<rdkit.Chem.rdchem.Mol object at 0x7f52bd1adb60>
Fc1ccc(cc1)CN=C(c1nc(N(C(=O)C(=O)N(C)C)C)c2c(c1O)nccc2)O,0.068,-1.167491087,train,<rdkit.Chem.rdchem.Mol object at 0x7f52bd1adc40>
COC(=O)N1C[C@@H]([C@H](C1)C(=Nc1ccc(cn1)Cl)O)C(=Nc1ccc(cc1F)n1ccccc1=O)O,0.068,-1.167491087,train,<rdkit.Chem.rdchem.Mol object at 0x7f52bd1add20>
N#Cc1cc(Cl)c(c(c1)Cl)C(=Nc1ccnc(c1)N=C([C@H]1C[C@H]1F)O)O,0.068,-1.167491087,train,<rdkit.Chem.rdchem.Mol object at 0x7f52bd1add90>
CC(C)CCOC1C=CC(N)=CC=1,0.0676,-1.170053304,train,<rdkit.Chem.rdchem.Mol object at 0x7f52bd1ade00>
O=C(COC1=CC=CC=C1Cl)C1=CC=CN1,0.0676,-1.170053304,train,<rdkit.Chem.rdchem.Mol object at 0x7f52bd1ade70>
CC(=O)NC1C=CC(=CC=1)C1C=CN=C(NC2C=CC(=CC=2)N2CCOCC2)N=1,0.0676,-1.170053304,train,<rdkit.Chem.rdchem.Mol object at 0x7f52bd1adee0>
CS(=O)(=O)C1C=CC(=CC=1)C1C=C(C=CC=1OCC(O)=O)C(F)(F)F,0.0676,-1.170053304,test,<rdkit.Chem.rdchem.Mol object at 0x7f52bd1adf50>
CN1N=CC2C(=O)NC(=NC1=2)C1C=CC=CC=1,0.0676,-1.170053304,train,<rdkit.Chem.rdchem.Mol object at 0x7f52bd1ae030>
CCC(C)C1OC2(CC3CC(CC=C(C)C(OC4CC(OC)C(OC5CC(OC)C(O)C(C)O5)C(C)O4)C(C)C=CC=C4COC5C(O)C(C)=CC(C(=O)O3)C45O)O2)C=CC1C,0.067000002,-1.173925184,train,<rdkit.Chem.rdchem.Mol object at 0x7f52bd1ae110>
CN=C(CN1CCC(CC1)Oc1cc2c(ncnc2cc1OC)Nc1cccc(c1F)Cl)O,0.067,-1.173925197,train,<rdkit.Chem.rdchem.Mol object at 0x7f52bd1ae180>
N#Cc1cnn2c1nc(cc2NCCCN1CCCC1)n1ccc2c1cc(cc2)N=C(O)C,0.067,-1.173925197,train,<rdkit.Chem.rdchem.Mol object at 0x7f52bd1ae260>
CCCCCCCCCC,0.06697,-1.174119701,train,<rdkit.Chem.rdchem.Mol object at 0x7f52bd1ae2d0>
CC1=NC=CN1C1C=CC(=CC=1)SC1C=C(C=CC=1)C1(CCOCC1)C(N)=O,0.066712068,-1.175795597,train,<rdkit.Chem.rdchem.Mol object at 0x7f52bd1ae340>
CNCCC(Oc1ccc(C(F)(F)F)cc1)c1ccccc1,0.066503133,-1.177157896,train,<rdkit.Chem.rdchem.Mol object at 0x7f52bd1ae3b0>
O=C(NC1=CC=CC=C1Cl)C1=CC=NN1,0.0661,-1.179798541,train,<rdkit.Chem.rdchem.Mol object at 0x7f52bd1ae420>
O=C(C1C2=CC=CC=C2C=C2C=CC=CC2=1)N1CCC(CC1)N1CC(CCC1)C(=O)N1CCOCC1,0.0661,-1.179798541,train,<rdkit.Chem.rdchem.Mol object at 0x7f52bd1ae500>
CCC1NC2N=C(N=C(C=2C=1Cl)N1CC2C(N)C2C1)SC1C=NC2C=CC=[N+]([O-])C=2C=1,0.0661,-1.179798541,train,<rdkit.Chem.rdchem.Mol object at 0x7f52bd1ae570>
CC(C)(C)C(O)(CN1C=NC=N1)CCC1C=CC(Cl)=CC=1,0.066004875,-1.180423987,train,<rdkit.Chem.rdchem.Mol object at 0x7f52bd1ae5e0>
OC(=O)Cc1c2cccnc2n(c1C)S(=O)(=O)c1ccc(c(c1)Cl)Cl,0.066,-1.180456064,train,<rdkit.Chem.rdchem.Mol object at 0x7f52bd1ae650>
N#CC1(CCN(CC1)Cc1cc(C(=O)NC2CCCCC2)c(=O)n2c1cccc2)c1ccccn1,0.066,-1.180456064,train,<rdkit.Chem.rdchem.Mol object at 0x7f52bd1ae6c0>
Fc1cc(ccc1N1CCOCC1)C1ON=C(C1)c1ccc(o1)N(=O)=O,0.066,-1.180456064,train,<rdkit.Chem.rdchem.Mol object at 0x7f52bd1ae730>
O=C1C(=O)C(=C1N1CCC(CC1)NCc1ccc(cc1)C(F)(F)F)NS(=O)(=O)c1c(C)noc1C,0.066,-1.180456064,train,<rdkit.Chem.rdchem.Mol object at 0x7f52bd1ae810>
O=C(C1C=CC=CC=1)C1C=CC=CC=1,0.065430095,-1.184222449,train,<rdkit.Chem.rdchem.Mol object at 0x7f52bd1ae8f0>
Cc1nnc(NS(=O)(=O)c2ccc(N)cc2)s1,0.065,-1.187086643,train,<rdkit.Chem.rdchem.Mol object at 0x7f52bd1ae960>
C1CCN(CC1)[C@@H]([C@@H](c1ccccc1)N1CCCCC1)c1ccccc1,0.065,-1.187086643,train,<rdkit.Chem.rdchem.Mol object at 0x7f52bd1ae9d0>
FC(c1ccc(nc1)Nc1ccnc2c1ccc(n2)c1ncccc1C(F)(F)F)(F)F,0.065,-1.187086643,train,<rdkit.Chem.rdchem.Mol object at 0x7f52bd1aea40>
OC(=O)c1cn(Cc2ccc(cc2)n2cnc3c2cccc3)c2c(c1=O)c(F)ccc2,0.065,-1.187086643,train,<rdkit.Chem.rdchem.Mol object at 0x7f52bd1aeab0>
Fc1ccc(c(c1)F)[C@H]1C[C@](C[C@@H]1C(=O)N1CCC(CC1)c1ccnn1c1ccc(c(c1)Cl)F)(C)N,0.065,-1.187086643,train,<rdkit.Chem.rdchem.Mol object at 0x7f52bd1aeb20>
OCC(N=C(c1c[nH]c2c1nc(cn2)c1nn(c2c1ccc(c2)F)CCCS(=O)(=O)C)O)(C)C,0.065,-1.187086643,train,<rdkit.Chem.rdchem.Mol object at 0x7f52bd1aec00>
Clc1cccc(c1)C(=N[C@@H]1CCC[C@H](C1)N=C(c1ccccn1)O)O,0.065,-1.187086643,train,<rdkit.Chem.rdchem.Mol object at 0x7f52bd1aec70>
CN[C@H](C(=N[C@H]1CCC[C@@H]2N(C1=O)[C@@H]1CN(CC[C@@H]1C2)CCc1ccc(c(c1)Cl)Cl)O)C,0.065,-1.187086643,train,<rdkit.Chem.rdchem.Mol object at 0x7f52bd1aece0>
CC1C=CC(=CC=1N1C(=O)C(Br)=C(C=C1C)OCC1C=CC(F)=CC=1F)C(=O)NC,0.0647,-1.189095719,train,<rdkit.Chem.rdchem.Mol object at 0x7f52bd1aed50>
CC1=NC(N=C1N)(C1CC1)C1C=C(C=CC=1)C1C=NC=C(Cl)C=1,0.0647,-1.189095719,train,<rdkit.Chem.rdchem.Mol object at 0x7f52bd1aedc0>
CC1CCC2=CC=CC=C2N1S(=O)(=O)C1C=C(NC(=O)CCC2=NNN=N2)C(=CC=1OC)OC,0.0647,-1.189095719,train,<rdkit.Chem.rdchem.Mol object at 0x7f52bd1aee30>
N#CC1C=CC=C(C=1)C(=O)NCC(O)CN1CCC(CC1)OC1C=CC(Cl)=C(Cl)C=1,0.0647,-1.189095719,train,<rdkit.Chem.rdchem.Mol object at 0x7f52bd1aeea0>
CN(C)C(=O)C1C=CC(=CC=1S(=O)(=O)NC(=O)NC1N=C(C=C(N=1)OC)OC)NC=O,0.064149833,-1.19280447,train,<rdkit.Chem.rdchem.Mol object at 0x7f52bd1aef80>
Cc1ccc2c(c1)c(c1ccnc3c1cccc3S(=O)(=O)C)c(n2CC(=O)O)C,0.064,-1.193820026,train,<rdkit.Chem.rdchem.Mol object at 0x7f52bd1af060>
Cc1ccc(c(c1)C(=O)N1CC2CN(C(C1)C2)c1ncc2c(n1)cccc2)n1nccn1,0.064,-1.193820026,train,<rdkit.Chem.rdchem.Mol object at 0x7f52bd1af0d0>
Fc1ccc(c(c1)F)[C@@H]1C[C@](C[C@H]1C(=O)N1CCC(CC1)c1cc(nn1c1ccc(c(c1)Cl)F)C)(C)N(C)C,0.064,-1.193820026,train,<rdkit.Chem.rdchem.Mol object at 0x7f52bd1af1b0>
CC1CN(C(CO1)C1C=CC=CC=1)C1C=CC2OCC(=O)NC=2N=1,0.0633,-1.19859629,train,<rdkit.Chem.rdchem.Mol object at 0x7f52bd1af290>
CS(=O)(=O)C1=CN=C(C=C1)C1=NN=C(C=CC2=NN=C(O2)C2C=CC(=CC=2)C#N)N1C1=CC=CC=C1Cl,0.0633,-1.19859629,train,<rdkit.Chem.rdchem.Mol object at 0x7f52bd1af300>
CN(C)CCC=C1c2ccccc2CCc2ccccc21,0.063,-1.200659451,train,<rdkit.Chem.rdchem.Mol object at 0x7f52bd1af370>
N#Cc1ccc(c(c1CC(=NCCONC(=N)N)O)F)NCC(c1ccccc1)(F)F,0.063,-1.200659451,train,<rdkit.Chem.rdchem.Mol object at 0x7f52bd1af3e0>
CCN=C(Nc1ncc(c(c1)c1scc(n1)C(F)(F)F)c1cncc(c1)c1onc(n1)C)O,0.063,-1.200659451,test,<rdkit.Chem.rdchem.Mol object at 0x7f52bd1af4c0>
O=C(c1ccc(cc1)OCc1ccccn1)Nc1cc(ccc1C)c1[nH]cnc1C,0.063,-1.200659451,train,<rdkit.Chem.rdchem.Mol object at 0x7f52bd1af530>
CC1OC(C)C2N(C1)c1c(CC32C(=NC(=O)N=C3O)O)cc2c(c1F)onc2C,0.063,-1.200659451,train,<rdkit.Chem.rdchem.Mol object at 0x7f52bd1af5a0>
CC12CCC(CC1CCC1C2CCC2(C)C(CCC21O)C1COC(=O)C=1)OC1CC(O)C(OC2CC(O)C(OC3CC(O)C(O)C(C)O3)C(C)O2)C(C)O1,0.062333333,-1.205279651,train,<rdkit.Chem.rdchem.Mol object at 0x7f52bd1af610>
COC1C=CC2CC3C4C(=CC=CC=4CCN3C)C=2C=1O,0.062,-1.207608311,train,<rdkit.Chem.rdchem.Mol object at 0x7f52bd1af680>
CCCCC1=NC2C(N)=NC3=CC=CC=C3C=2N1CC(C)C,0.062,-1.207608311,train,<rdkit.Chem.rdchem.Mol object at 0x7f52bd1af6f0>
COC1C=CC(=CC=1C)C1(N=C(N)C(C)=N1)C1C=C(C=CC=1)C1C=NC=NC=1,0.062,-1.207608311,train,<rdkit.Chem.rdchem.Mol object at 0x7f52bd1af760>
N#CC1C(Cl)=CC=CC=1Cl,0.061703333,-1.209691376,train,<rdkit.Chem.rdchem.Mol object at 0x7f52bd1af840>
CCN1CC(C)(C)OC(=O)C1CC(=O)Nc1ccc(cc1)C(C)C,0.061,-1.214670165,train,<rdkit.Chem.rdchem.Mol object at 0x7f52bd1af8b0>
COC1=CC=CC(C(=O)NN(C(=O)C2C=C(C)C=C(C)C=2)C(C)(C)C)=C1C,0.060865667,-1.215627614,test,<rdkit.Chem.rdchem.Mol object at 0x7f52bd1af990>
N#CC(CCN1CCC(C(N)=O)(N2CCCCC2)CC1)(c1ccccc1)c1ccccc1,0.060833333,-1.215858388,train,<rdkit.Chem.rdchem.Mol object at 0x7f52bd1afa00>
CC1=CC(C)=NC(NC(=O)NS(=O)(=O)C2C=CC=CC=2C(=O)OC2COC2)=N1,0.0608065,-1.216049994,train,<rdkit.Chem.rdchem.Mol object at 0x7f52bd1afa70>
CN(C)C(=O)C1CC(O)CN1C1(C(=O)N(C2=CC=C(Cl)C=C12)S(=O)(=O)C1C=CC(=CC=1OC)OC)C1=CC=CC=C1OC,0.0608,-1.216096421,train,<rdkit.Chem.rdchem.Mol object at 0x7f52bd1afb50>
NC(=O)CN1C2C=C(F)C=CC=2C(CCN2CCN(CC2)C2=NC=CC3SC=CC=32)=CC1=O,0.0607,-1.216811309,train,<rdkit.Chem.rdchem.Mol object at 0x7f52bd1afbc0>
O=C(C1C=CC=CC=1)N1CC(=O)NC2C=CC(Cl)=CC=2C1C1C=CC=CC=1,0.0606,-1.217527376,train,<rdkit.Chem.rdchem.Mol object at 0x7f52bd1afca0>
COC1=CN=C(N=C1NC1CCCC1)C1=CC=CC=N1,0.0606,-1.217527376,train,<rdkit.Chem.rdchem.Mol object at 0x7f52bd1afd10>
CCCN(CCNCCC1C=CC(O)=C2NC(=O)SC=12)C(=O)CCOCCC1C=CC=CC=1,0.0606,-1.217527376,train,<rdkit.Chem.rdchem.Mol object at 0x7f52bd1afdf0>
CC(C)(F)CC(NC(C1C=CC(=CC=1)C1C=CC(=CC=1)S(C)(=O)=O)C(F)(F)F)C(=O)NC1(CC1)C#N,0.0606,-1.217527376,train,<rdkit.Chem.rdchem.Mol object at 0x7f52bd1afe60>
CC(C)(C)NC(=O)NCCN1CC(CNC(=O)C2C=C(Cl)C=C(Cl)C=2)OCC1,0.0606,-1.217527376,train,<rdkit.Chem.rdchem.Mol object at 0x7f52bd1afed0>
CN(C)c1nc(N(C)C)nc(N(C)C)n1,0.06,-1.22184875,train,<rdkit.Chem.rdchem.Mol object at 0x7f52bd1b0040>
NS(=O)(=O)c1cc2c(cc1C(F)(F)F)NC(Cc1ccccc1)NS2(=O)=O,0.06,-1.22184875,test,<rdkit.Chem.rdchem.Mol object at 0x7f52bd1b00b0>
CC1=NS(=O)(=O)c2cc(Cl)ccc2N1,0.06,-1.22184875,test,<rdkit.Chem.rdchem.Mol object at 0x7f52bd1b0120>
CC12CCC(=O)C=C1C=CC1C2CCC2(C)C1CCC2(O)CCC(O)=O,0.06,-1.22184875,train,<rdkit.Chem.rdchem.Mol object at 0x7f52bd1b0190>
COc1ncnc(NS(=O)(=O)c2ccc(N)cc2)c1OC,0.06,-1.22184875,train,<rdkit.Chem.rdchem.Mol object at 0x7f52bd1b0270>
CN1CCN(CCCCN2C(=O)N(CC2=O)N=CC2=CC=C(O2)C2C=CC(Cl)=CC=2)CC1,0.06,-1.22184875,train,<rdkit.Chem.rdchem.Mol object at 0x7f52bd1b0350>
CC1=C(C=CC=C1C)C(C)C1=CN=CN1,0.06,-1.22184875,train,<rdkit.Chem.rdchem.Mol object at 0x7f52bd1b03c0>
CC1C(=CC2=CC=C(C=C2)SC)C2C=CC(F)=CC=2C=1CC(O)=O,0.06,-1.22184875,train,<rdkit.Chem.rdchem.Mol object at 0x7f52bd1b0430>
CCC[C@@H]1C[C@@H](C(=O)N[C@@H]([C@H]2O[C@H](SC)[C@H](O)[C@@H](O)[C@H]2O)[C@H](C)Cl)N(C)C1,0.06,-1.22184875,test,<rdkit.Chem.rdchem.Mol object at 0x7f52bd1b0510>
CN1CC(=O)N2C(CC3=C(NC4C=CC=CC3=4)C2C2=CC=C3OCOC3=C2)C1=O,0.06,-1.22184875,train,<rdkit.Chem.rdchem.Mol object at 0x7f52bd1b0580>
CN1CC(O)C(CC1)C1=C2OC(=CC(=O)C2=C(O)C=C1O)C1C=CC=CC=1Cl,0.06,-1.22184875,train,<rdkit.Chem.rdchem.Mol object at 0x7f52bd1b05f0>
OC(=O)C[C@@H](c1cncnc1)CCCCCCc1ccc2c(n1)NCCC2,0.06,-1.22184875,train,<rdkit.Chem.rdchem.Mol object at 0x7f52bd1b0660>
OCC1CCN(CC1)CCCOc1cc2ncnc(c2cc1OC)N=c1[nH][nH]c(c1)CC(=Nc1cccc(c1)F)O,0.06,-1.22184875,train,<rdkit.Chem.rdchem.Mol object at 0x7f52bd1b06d0>
COc1c(OC)cc2c(c1c1ccc(cc1)F)c(N)cc(n2)N1CCCN(CC1)C(=O)N1CCOCC1,0.06,-1.22184875,train,<rdkit.Chem.rdchem.Mol object at 0x7f52bd1b0740>
COc1ccc(cn1)c1ncnc(c1)N1C[C@@H]([C@H](C1)c1cc(F)c(cc1F)F)N,0.06,-1.22184875,train,<rdkit.Chem.rdchem.Mol object at 0x7f52bd1b07b0>
CCOc1cc2[nH]cc(c(=Nc3ccc(cc3F)C)c2cc1N1CCN(CC1)C)C(=N)O,0.06,-1.22184875,train,<rdkit.Chem.rdchem.Mol object at 0x7f52bd1b0820>
CCOc1cc2[nH]cc(c(=Nc3cc(C)ccc3F)c2cc1N1CCN(CC1)C)C(=N)O,0.06,-1.22184875,train,<rdkit.Chem.rdchem.Mol object at 0x7f52bd1b0890>
N#Cc1ccccc1N1CCN(CC1)C(=O)COCc1ccccc1,0.06,-1.22184875,train,<rdkit.Chem.rdchem.Mol object at 0x7f52bd1b0900>
CN(c1cccc2c1c[nH]n2)c1ccnc(n1)Nc1cc(cc(c1)N1CCOCC1)N1CCOCC1,0.06,-1.22184875,train,<rdkit.Chem.rdchem.Mol object at 0x7f52bd1b0970>
Fc1ccc(c(c1)C(=N)O)CN=C(c1nc(n(c(=O)c1O)C)C(C)(C)C)O,0.06,-1.22184875,train,<rdkit.Chem.rdchem.Mol object at 0x7f52bd1b0a50>
Cc1ccc(nn1)N1CC(C1)COc1ccc(cc1)c1noc(n1)C,0.06,-1.22184875,train,<rdkit.Chem.rdchem.Mol object at 0x7f52bd1b0ac0>
NCc1csc(n1)N=C(c1cc(nn1Cc1ccccc1)C(C)(C)C)O,0.06,-1.22184875,train,<rdkit.Chem.rdchem.Mol object at 0x7f52bd1b0b30>
N#Cc1cc(C)c(c(n1)C)C(=NCC[C@H](N1CCC(CC1)N(c1ccccc1)Cc1cnccc1C)C)O,0.06,-1.22184875,train,<rdkit.Chem.rdchem.Mol object at 0x7f52bd1b0ba0>
OC[C@H]1O[C@H](Oc2ccc(cc2Cl)n2ccc3c2ccc(c3)NS(=O)(=O)C)[C@H]([C@H]([C@@H]1O)O)O,0.06,-1.22184875,train,<rdkit.Chem.rdchem.Mol object at 0x7f52bd1b0c10>
CC(Oc1n[nH]c(c1)n1cnc2c1[nH]c(=N[C@H](c1ccc(cn1)F)C)cc2)C,0.06,-1.22184875,train,<rdkit.Chem.rdchem.Mol object at 0x7f52bd1b0c80>
O=C(C1(CCCCCC1)c1cccs1)O[C@H]1C[N+]2(CCCc3ccncc3)CCC1CC2,0.06,-1.22184875,train,<rdkit.Chem.rdchem.Mol object at 0x7f52bd1b0dd0>
Cn1ccc(n1)CCC[N+]12CCC(CC1)[C@H](C2)OC(=O)C1(CCCCCC1)C1=CC=CC1,0.06,-1.22184875,train,<rdkit.Chem.rdchem.Mol object at 0x7f52bd1b0e40>
OC(=Nc1ncccc1F)C[N+]12CCC(CC1)[C@H](C2)OC(=O)C1(CCCCCC1)C1=CC=CC1,0.06,-1.22184875,train,<rdkit.Chem.rdchem.Mol object at 0x7f52bd1b0eb0>
FCCN=C(c1cn(c2c1ncc(c2)C)Cc1ncnc(c1C)OC)O,0.06,-1.22184875,train,<rdkit.Chem.rdchem.Mol object at 0x7f52bd1b0f20>
FC(c1ccc(o1)COc1cnc(nc1)N1CCN(CC1)S(=O)(=O)C[C@@]1(C)N=C(N=C1O)O)(F)F,0.06,-1.22184875,train,<rdkit.Chem.rdchem.Mol object at 0x7f52bd1b1000>
OC(=Nc1nncs1)C[N+]12CCC(CC1)[C@H](C2)OC(=O)C1(CCCCCC1)C1=CC=CC1,0.06,-1.22184875,train,<rdkit.Chem.rdchem.Mol object at 0x7f52bd1b1070>
CCN=C(Nc1nc2c(s1)n(CCC(C)C)c(=O)c(c2)c1cccnc1)O,0.06,-1.22184875,train,<rdkit.Chem.rdchem.Mol object at 0x7f52bd1b10e0>
CC(=O)N1CCN(CC1)c1ccc(cc1)CN(S(=O)(=O)Cc1ccccc1)C1CCC1,0.06,-1.22184875,train,<rdkit.Chem.rdchem.Mol object at 0x7f52bd1b1150>
O=S1CCC(CC1)[C@H](n1ncc(c1)NC(=O)c1n[nH]c2c1CCC(C2)(C)C)c1ccccc1,0.06,-1.22184875,test,<rdkit.Chem.rdchem.Mol object at 0x7f52bd1b11c0>
CCCCC1C=CC(N)=CC=1,0.0599,-1.222573178,train,<rdkit.Chem.rdchem.Mol object at 0x7f52bd1b1230>
COC1=CC=CC=C1CCNCC1C=C(CCNCC(O)C2C=CC(O)=C3NC(=O)SC=23)C=CC=1,0.0594,-1.226213555,train,<rdkit.Chem.rdchem.Mol object at 0x7f52bd1b1310>
CC(NC1N=C(C=C(NC2=NC=C(C#N)S2)N=1)N1CCOCC1)C1C=CC(F)=CN=1,0.0594,-1.226213555,train,<rdkit.Chem.rdchem.Mol object at 0x7f52bd1b1380>
COC1C=CC=C(OC)C=1C(=O)NC1=CC(=NO1)C(C)(CC)CC,0.059233333,-1.227433829,train,<rdkit.Chem.rdchem.Mol object at 0x7f52bd1b13f0>
CCN=C(Nc1ncc(c(c1)c1scc(n1)C(F)(F)F)c1cncc(c1)C#N)O,0.059,-1.229147988,train,<rdkit.Chem.rdchem.Mol object at 0x7f52bd1b1460>
N#Cc1cccc(c1Cl)c1ccc(cc1)N1CCOc2c(C1=O)c(N)ncn2,0.059,-1.229147988,train,<rdkit.Chem.rdchem.Mol object at 0x7f52bd1b1540>
NS(=O)(=O)c1cc(C(=O)O)cc(N2CCCC2)c1Oc1ccccc1,0.058666667,-1.231608588,train,<rdkit.Chem.rdchem.Mol object at 0x7f52bd1b15b0>
CC12CCC3C4C=CC(O)=CC=4CC=C3C1CCC2=O,0.0583,-1.234331445,train,<rdkit.Chem.rdchem.Mol object at 0x7f52bd1b1690>
OC1C=CC(=CC=1)NC1C=CC=CC=1,0.0582,-1.235077015,train,<rdkit.Chem.rdchem.Mol object at 0x7f52bd1b1700>
OC[C@H](n1cnc2c1[nH]c(=Nc1[nH]nc(c1)OC(C)C)c(c2)F)c1ccc(cn1)F,0.058,-1.236572006,train,<rdkit.Chem.rdchem.Mol object at 0x7f52bd1b17e0>
COCCOC(=NC1CCC(CC1)[C@H](C(=O)O)NS(=O)(=O)c1ccc(cc1)c1ccc(cc1)OC)O,0.058,-1.236572006,train,<rdkit.Chem.rdchem.Mol object at 0x7f52bd1b1850>
CN1CCN(CC1)c1ccc2c(c1)c(=Nc1ccc(c(c1)Cl)Cl)c(c[nH]2)C(=N)O,0.058,-1.236572006,train,<rdkit.Chem.rdchem.Mol object at 0x7f52bd1b18c0>
CCOC(=O)N1CCC(CC1)N1CCC[C@H](C1)N=C(c1ccccc1C)O,0.058,-1.236572006,train,<rdkit.Chem.rdchem.Mol object at 0x7f52bd1b1930>
OC1=NC(=Nc2cccc(c2)C(F)(F)F)S/C/1=C\c1cccnc1,0.058,-1.236572006,train,<rdkit.Chem.rdchem.Mol object at 0x7f52bd1b1a10>
OC1C=CC(=CC=1)S(=O)(=O)C1C=CC(O)=CC=1,0.0576,-1.239577517,train,<rdkit.Chem.rdchem.Mol object at 0x7f52bd1b1a80>
CC1(CCCCC1)C(=O)NC1C=CC(O)=C(Cl)C=1Cl,0.057532334,-1.240088011,train,<rdkit.Chem.rdchem.Mol object at 0x7f52bd1b1af0>
FC1C=CC(=CC=1)C1(CN2C=NC=N2)OC1C1C=CC=CC=1Cl,0.0575,-1.240332155,test,<rdkit.Chem.rdchem.Mol object at 0x7f52bd1b1b60>
CN[C@H](C(=N[C@H](C(=O)N1CC[C@@H]2[C@H]1CN(CC2)CCc1ccccc1)C1CCCCC1)O)C,0.057,-1.244125144,train,<rdkit.Chem.rdchem.Mol object at 0x7f52bd1b1bd0>
OC[C@@H]([C@@H](CO)O)Nc1cc(NCc2ccccc2)n2c(n1)c(cn2)C(C)C,0.057,-1.244125144,train,<rdkit.Chem.rdchem.Mol object at 0x7f52bd1b1c40>
CO[C@H]1CN(CC[C@H]1N=C(c1[nH]c(c(c1Cl)Cl)C)O)c1sc(c(n1)CN1CCOCC1)C(=O)O,0.057,-1.244125144,test,<rdkit.Chem.rdchem.Mol object at 0x7f52bd1b1d90>
COc1ccc(cc1)NC(=O)[C@H](N=c1nc(O)c2c([nH]1)n(nc2)C1CCCC1)C,0.057,-1.244125144,train,<rdkit.Chem.rdchem.Mol object at 0x7f52bd1b1e00>
COc1ccc(cc1)NC(=O)[C@@H](N=c1nc(O)c2c([nH]1)n(nc2)C1CCCC1)C,0.057,-1.244125144,test,<rdkit.Chem.rdchem.Mol object at 0x7f52bd1b1e70>
COc1ccc(cc1)NC(=O)[C@@H](N=c1nc(O)c2c([nH]1)n(nc2)c1ccccc1Cl)C,0.057,-1.244125144,train,<rdkit.Chem.rdchem.Mol object at 0x7f52bd1b1ee0>
NC1=NC2=CC=CC=C2SC2=CC=CC(F)=C21,0.0568,-1.245651664,train,<rdkit.Chem.rdchem.Mol object at 0x7f52bd1b1f50>
CCC1=CC(=C(C=C1)OCC(O)=O)C1C=CC(=CC=1)S(C)(=O)=O,0.0568,-1.245651664,train,<rdkit.Chem.rdchem.Mol object at 0x7f52bd1b1fc0>
CCCC1C=C(C=C(OC)C=1OC)C1=NC(CO1)C(=O)NO,0.0568,-1.245651664,train,<rdkit.Chem.rdchem.Mol object at 0x7f52bd1b2030>
CC1=NC=C(N=C1C1C=CC(=CC=1)C1CCC(CC(O)=O)CC1)C(N)=O,0.0568,-1.245651664,test,<rdkit.Chem.rdchem.Mol object at 0x7f52bd1b20a0>
COc1cc2c(cc1OC)[nH]cc(c2=Nc1ccc(cc1F)F)C(=N)O,0.056,-1.251811973,train,<rdkit.Chem.rdchem.Mol object at 0x7f52bd1b2110>
O=C([C@](c1ccccc1)(N1CCCCC1)C)O[C@H]1C[N+]2(CCCOc3ccccc3)CCC1CC2,0.056,-1.251811973,train,<rdkit.Chem.rdchem.Mol object at 0x7f52bd1b22d0>
OC(=O)Cc1ccc(c(c1)Cl)c1ccc(cc1)N1CCOc2c(C1=O)c(N)ncn2,0.056,-1.251811973,test,<rdkit.Chem.rdchem.Mol object at 0x7f52bd1b2340>
O=C(c1ccc(cc1)OCc1ccccn1)Nc1cc(ccc1C)c1cn(c(n1)C)C,0.056,-1.251811973,train,<rdkit.Chem.rdchem.Mol object at 0x7f52bd1b23b0>
N#Cc1cnn2c1nc(cc2NCCN1CCCC1)n1ccc2c1cc(cc2)N=C(O)C,0.056,-1.251811973,train,<rdkit.Chem.rdchem.Mol object at 0x7f52bd1b2420>
CN(C1C=CN=C(NC2=CC(=CC(=C2)N2CCOCC2)N2CCCOCC2)N=1)C1C=C(CO)C=CC=1C,0.0556,-1.254925208,train,<rdkit.Chem.rdchem.Mol object at 0x7f52bd1b2500>
OC1=CC2OC=C(C(=O)C=2C=C1)C1C=CC(O)=CC=1,0.0553,-1.257274869,test,<rdkit.Chem.rdchem.Mol object at 0x7f52bd1b2570>
CN1NC(=O)C(=O)N=C1SCC1CSC2C(NC(=O)C(=NOC)C3=CSC(N)=N3)C(=O)N2C=1C(O)=O,0.055,-1.259637311,train,<rdkit.Chem.rdchem.Mol object at 0x7f52bd1b25e0>
OC[C@H](Nc1nc(SCc2ccccc2)[nH]c2c1sc(=N)n2)C,0.055,-1.259637311,train,<rdkit.Chem.rdchem.Mol object at 0x7f52bd1b26c0>
CNC(=O)c1ccc(cc1)Oc1ccc(c(n1)C)CN1CCC(CC1)N1C(=O)N(C[C@H]1c1ccccc1)C1CCOCC1,0.055,-1.259637311,train,<rdkit.Chem.rdchem.Mol object at 0x7f52bd1b2730>
Clc1cccc(c1)[C@@H]1CN(C(=O)N1C1CCN(CC1)Cc1ccc(nc1)Oc1ccc(cc1)C(=O)O)C1CCOCC1,0.055,-1.259637311,train,<rdkit.Chem.rdchem.Mol object at 0x7f52bd1b27a0>
CC1C=CC(=CC=1)N(C)C,0.054982,-1.259779467,train,<rdkit.Chem.rdchem.Mol object at 0x7f52bd1b2810>
CS(=O)(=O)NN1CC(C2C=CC(=CC=2)OC)N(CCC2C=CC(=CC=2)OC)C1=O,0.054949158,-1.260038956,train,<rdkit.Chem.rdchem.Mol object at 0x7f52bd1b2880>
CCOC(=O)NC1C=C2NCCC(=NC2=C(N)N=1)C1C=CC=CC=1,0.0544,-1.2644011,test,<rdkit.Chem.rdchem.Mol object at 0x7f52bd1b28f0>
COC1C=C2N=CC(C(N)=O)=C(NC3C=C(F)C=CC=3F)C2=CC=1OC,0.0544,-1.2644011,train,<rdkit.Chem.rdchem.Mol object at 0x7f52bd1b2960>
CC1N=C(C(F)F)C(=NC=1C1=CC=C(C=C1)C1CCC(CC(O)=O)CC1)C(N)=O,0.0544,-1.2644011,train,<rdkit.Chem.rdchem.Mol object at 0x7f52bd1b2a40>
COC1C=C2C(NC3C=CC=C(Cl)C=3Cl)=C(C=NC2=CC=1NCCN(C)C)C(N)=O,0.0544,-1.2644011,test,<rdkit.Chem.rdchem.Mol object at 0x7f52bd1b2ab0>
CCN(CCNCCC1C=CC(O)=C2NC(=O)SC=12)C(=O)CCOCCC1C=CC=CC=1,0.0544,-1.2644011,test,<rdkit.Chem.rdchem.Mol object at 0x7f52bd1b2b20>
CC1C2=CC=CC=C2OC=1CN(C)C(=O)C=CC1C=NC2NC(=O)CCC=2C=1,0.0544,-1.2644011,train,<rdkit.Chem.rdchem.Mol object at 0x7f52bd1b2b90>
NC1=CC(=NC2=C(C=NN21)C#N)C1C=CC(F)=CC=1,0.0544,-1.2644011,test,<rdkit.Chem.rdchem.Mol object at 0x7f52bd1b2c00>
COC1C=C(OC)C(=CC=1S(=O)(=O)N1C(C)CCC2=CC=CC=C12)NC(=O)CC1=CC(F)=NC=C1,0.0544,-1.2644011,train,<rdkit.Chem.rdchem.Mol object at 0x7f52bd1b2c70>
COC1C=CC(NC(=O)C2=CC=C(CS(C)=O)C3=CC=CC=C23)=C(N=1)C(=O)NCC1CCOCC1,0.0544,-1.2644011,train,<rdkit.Chem.rdchem.Mol object at 0x7f52bd1b2ce0>
COC1=CC=CC2C(=O)NC(=NC=21)C1C=CC(=CC=1)C(F)(F)F,0.0544,-1.2644011,train,<rdkit.Chem.rdchem.Mol object at 0x7f52bd1b2d50>
CC(CC1CC(=O)C(C(CCC)=NOCC)C(=O)C1)SCC,0.05412,-1.266642212,train,<rdkit.Chem.rdchem.Mol object at 0x7f52bd1b2dc0>
C#Cc1cccc(Nc2ncnc3cc(OCCOC)c(OCCOC)cc23)c1,0.054092513,-1.266862839,train,<rdkit.Chem.rdchem.Mol object at 0x7f52bd1b2e30>
Cc1onc(-c2c(F)cccc2Cl)c1C(=O)N[C@@H]1C(=O)N2[C@@H]1SC(C)(C)[C@@H]2C(=O)O,0.054,-1.26760624,train,<rdkit.Chem.rdchem.Mol object at 0x7f52bd1b2ea0>
CC1C=C(C(C)NC2C=CC=CC=2)C2=NC(=CC(=O)N2C=1)N1CCOCC1,0.0532,-1.274088368,train,<rdkit.Chem.rdchem.Mol object at 0x7f52bd1b3060>
N#CCC(C1CCCC1)N1C=C(C=N1)C1N=CN=C2NC=CC=12,0.0532,-1.274088368,train,<rdkit.Chem.rdchem.Mol object at 0x7f52bd1b30d0>
COC1COC2(OC1)CN(CC[C@H]2N=C(c1[nH]c(c(c1Cl)Cl)C)O)c1ncc(s1)C(=O)O,0.053,-1.27572413,train,<rdkit.Chem.rdchem.Mol object at 0x7f52bd1b31b0>
N#Cc1cc(F)c([nH]c1=N[C@H](c1ccc(cn1)F)C)N=c1[nH][nH]c(c1)C,0.053,-1.27572413,train,<rdkit.Chem.rdchem.Mol object at 0x7f52bd1b3220>
O=C(N1CCOCC1)CN=C(c1cccc(c1)c1ccc2c(c1)sc1c2nc[nH]c1=N)O,0.053,-1.27572413,test,<rdkit.Chem.rdchem.Mol object at 0x7f52bd1b3290>
NC1C=C(Cl)C=C(Cl)C=1,0.0522,-1.282329497,test,<rdkit.Chem.rdchem.Mol object at 0x7f52bd1b3300>
OC[C@H](Nc1nc(SCc2cccc(c2F)F)[nH]c2c1ncc(=N)n2)C,0.052,-1.283996656,train,<rdkit.Chem.rdchem.Mol object at 0x7f52bd1b33e0>
OCc1ccc(c(c1)N(c1ccnc(n1)Nc1cc(nc(c1)N1CCOCC1)N1CCOCC1)C)C,0.052,-1.283996656,train,<rdkit.Chem.rdchem.Mol object at 0x7f52bd1b3450>
Fc1ccc(cc1)CNC(=O)c1nc(C2CC(=O)N(C2)CC(=O)N(C)C)c2c(c1O)nccc2,0.052,-1.283996656,test,<rdkit.Chem.rdchem.Mol object at 0x7f52bd1b34c0>
Fc1cccc(c1)[C@@H]1CN(C(=O)N1C1CCN(CC1)Cc1ccc(nc1C)Oc1ccc(cc1)C(=O)O)C1CCOCC1,0.052,-1.283996656,train,<rdkit.Chem.rdchem.Mol object at 0x7f52bd1b35a0>
CC1OC(C)C2N(C1)c1c(CC32C(=NC(=O)N=C3O)O)cc2c(c1F)onc2C1CC1,0.052,-1.283996656,train,<rdkit.Chem.rdchem.Mol object at 0x7f52bd1b3680>
COC[C@H]1CN(CC[C@H]1N=C(c1[nH]c(c(c1Cl)Cl)C)O)c1ncc(s1)C(=O)O,0.052,-1.283996656,train,<rdkit.Chem.rdchem.Mol object at 0x7f52bd1b36f0>
OCc1cc(C(O)CNCCCCCCOCCCCc2ccccc2)ccc1O,0.05141984,-1.288869275,train,<rdkit.Chem.rdchem.Mol object at 0x7f52bd1b3760>
O=C1NC(NC2=CC=CC=C21)C1C=CC(Br)=CC=1,0.051,-1.292429824,train,<rdkit.Chem.rdchem.Mol object at 0x7f52bd1b37d0>
CN(C)S(=O)(=O)N1C(=C(Cl)N=C1C#N)C1C=CC(C)=CC=1,0.051,-1.292429824,train,<rdkit.Chem.rdchem.Mol object at 0x7f52bd1b3840>
CC(C)(C)OC1C=CC(=CC=1)C(=O)NC1=CC2N=C(CO)SC=2C=C1,0.051,-1.292429824,train,<rdkit.Chem.rdchem.Mol object at 0x7f52bd1b38b0>
O[C@@H](C[C@H](CC(=O)O)O)CCc1c(C(C)C)c(nn1c1ccc(cc1)F)C(=O)NCc1ccc(cc1)C,0.051,-1.292429824,train,<rdkit.Chem.rdchem.Mol object at 0x7f52bd1b3920>
COC1=CC=CC=C1C(C#N)NC(=O)C1CCCCC1C(=O)N1CCN(CC2C=CC(F)=CC=2)CC1,0.051,-1.292429824,train,<rdkit.Chem.rdchem.Mol object at 0x7f52bd1b3990>
COc1cc(ccc1F)N=C(c1ccccn1)O,0.051,-1.292429824,train,<rdkit.Chem.rdchem.Mol object at 0x7f52bd1b3a00>
CC1C=CC(=CC=1)S(=O)(=O)N1N=CC2OC(C)=CC=2B1O,0.051,-1.292429824,train,<rdkit.Chem.rdchem.Mol object at 0x7f52bd1b3a70>
OCC(CO)NC1=NC(=NC2N=C(NC3CC3)SC1=2)SCC1C=CC=C(F)C=1F,0.051,-1.292429824,train,<rdkit.Chem.rdchem.Mol object at 0x7f52bd1b3ae0>
OC(=O)c1cn(Cc2ccc(cc2)n2cccn2)c2c(c1=O)c(F)ccc2F,0.051,-1.292429824,test,<rdkit.Chem.rdchem.Mol object at 0x7f52bd1b3b50>
O=C(c1ccc(cc1)OCc1ccccn1)Nc1cc(ccc1C)c1nccn1C,0.051,-1.292429824,train,<rdkit.Chem.rdchem.Mol object at 0x7f52bd1b3bc0>
O=C(c1ccc(cc1)OCc1ccccn1)Nc1cc(ccc1C)c1cnc[nH]1,0.051,-1.292429824,train,<rdkit.Chem.rdchem.Mol object at 0x7f52bd1b3c30>
CN1CCN(CC1)c1ncc2c(c1)nc([nH]2)Nc1cc(C2CC2)c(c(n1)C)F,0.051,-1.292429824,train,<rdkit.Chem.rdchem.Mol object at 0x7f52bd1b3ca0>
C[C@@H]1O[C@@H](C)[C@H]2N(C1)c1c(CC32C(=NC(=O)N=C3O)O)cc2c(c1F)onc2C,0.051,-1.292429824,train,<rdkit.Chem.rdchem.Mol object at 0x7f52bd1b3d10>
O=C1NC(=NC2=C1OC1C=CC(Br)=CC=12)C1CCCN1,0.051,-1.292429824,train,<rdkit.Chem.rdchem.Mol object at 0x7f52bd1b3df0>
COC1C=C(CCC(=O)CC(=O)CCC2C=C(OC)C(O)=CC=2)C=CC=1O,0.0501,-1.300162274,train,<rdkit.Chem.rdchem.Mol object at 0x7f52bd1b3ed0>
CNCCCCOC1C=CC=CC=1CC1C=CC=CC=1,0.050000001,-1.301029987,train,<rdkit.Chem.rdchem.Mol object at 0x7f52bd1b4040>
CC(C)(OC1C=CC(=CC=1)C1CC1(Cl)Cl)C(O)=O,0.050000001,-1.301029987,train,<rdkit.Chem.rdchem.Mol object at 0x7f52bd1b40b0>
CC1ON=C(C=1C(=O)NC1C2SC(C)(C)C(C(O)=O)N2C1=O)C1=CC=CC=C1Cl,0.050000001,-1.301029987,train,<rdkit.Chem.rdchem.Mol object at 0x7f52bd1b4120>
CC(=O)OCC(=O)C1(O)CCC2C3CCC4=CC(=O)CCC4(C)C3C(=O)CC12C,0.050000001,-1.301029987,train,<rdkit.Chem.rdchem.Mol object at 0x7f52bd1b4190>
FC1C=CC(=CC=1)C(C1C=CC(F)=CC=1)N1CCN(CC=CC2C=CC=CC=2)CC1,0.050000001,-1.301029987,train,<rdkit.Chem.rdchem.Mol object at 0x7f52bd1b4270>
CC(C)C(OC(=O)CC)OP(=O)(CC(=O)N1CC(CC1C(O)=O)C1CCCCC1)CCCCC1C=CC=CC=1,0.050000001,-1.301029987,train,<rdkit.Chem.rdchem.Mol object at 0x7f52bd1b42e0>
Clc1ccc(COC(Cn2ccnc2)c2ccc(Cl)cc2Cl)c(Cl)c1,0.050000001,-1.301029987,train,<rdkit.Chem.rdchem.Mol object at 0x7f52bd1b4350>
COC12CC(CN(C)C1CC1=CN(C)C3=CC=CC2=C13)COC(=O)C1C=NC=C(Br)C=1,0.050000001,-1.301029987,train,<rdkit.Chem.rdchem.Mol object at 0x7f52bd1b43c0>
CN1CCN(CCCN2C3C=CC=CC=3SC3C=CC=CC2=3)CC1,0.050000001,-1.301029987,train,<rdkit.Chem.rdchem.Mol object at 0x7f52bd1b44a0>
Fc1ccccc1C1=NCC(=S)N(CC(F)(F)F)c2ccc(Cl)cc21,0.050000001,-1.301029987,train,<rdkit.Chem.rdchem.Mol object at 0x7f52bd1b4510>
CC(C)CC(N(C)C)C1(c2ccc(Cl)cc2)CCC1,0.050000001,-1.301029987,train,<rdkit.Chem.rdchem.Mol object at 0x7f52bd1b4580>
COC1N=C(C=C(NS(=O)(=O)C2C=CC(N)=CC=2)N=1)OC,0.050000001,-1.301029987,train,<rdkit.Chem.rdchem.Mol object at 0x7f52bd1b45f0>
O=c1[nH]c2ccccc2n1C1CCN(CCCC(c2ccc(F)cc2)c2ccc(F)cc2)CC1,0.050000001,-1.301029987,train,<rdkit.Chem.rdchem.Mol object at 0x7f52bd1b46d0>
OCCN1CCN(CCC=C2C3C=CC=CC=3SC3C=CC(=CC=32)C(F)(F)F)CC1,0.050000001,-1.301029987,train,<rdkit.Chem.rdchem.Mol object at 0x7f52bd1b4740>
CC(CC1C2C=CC=CC=2CCC2C=CC=CC=21)CN(C)C,0.050000001,-1.301029987,train,<rdkit.Chem.rdchem.Mol object at 0x7f52bd1b47b0>
CC(C)=CCC1C(=O)N(C2C=CC=CC=2)N(C2C=CC=CC=2)C1=O,0.050000001,-1.301029987,train,<rdkit.Chem.rdchem.Mol object at 0x7f52bd1b4820>
CN1C2C=CC=CC=2C(NCCCCCCC(O)=O)C2=CC=C(Cl)C=C2S1(=O)=O,0.050000001,-1.301029987,train,<rdkit.Chem.rdchem.Mol object at 0x7f52bd1b4970>
CC12CCC3C(CCC4CC(=O)OCC43C)C1CCC2(C)O,0.050000001,-1.301029987,train,<rdkit.Chem.rdchem.Mol object at 0x7f52bd1b49e0>
CC1=NC(C)=C(C(C1C(=O)OCC)C1=CC=CC=C1C=CC(=O)OC(C)(C)C)C(=O)OCC,0.050000001,-1.301029987,train,<rdkit.Chem.rdchem.Mol object at 0x7f52bd1b4ac0>
CC(OC1OCCN(CC2NNC(=O)N=2)C1C1=CC=C(F)C=C1)C1C=C(C=C(C=1)C(F)(F)F)C(F)(F)F,0.050000001,-1.301029991,train,<rdkit.Chem.rdchem.Mol object at 0x7f52bd1b4b30>
CN1C2CC(CC1CC2)OC(C1C=CC=CC=1)C1C=CC=CC=1,0.05,-1.301029996,test,<rdkit.Chem.rdchem.Mol object at 0x7f52bd1b4ba0>
CCCCN1CCCCC1C(=O)Nc1c(C)cccc1C,0.05,-1.301029996,test,<rdkit.Chem.rdchem.Mol object at 0x7f52bd1b4c10>
Cc1ccccc1N1C(=O)c2cc(S(N)(=O)=O)c(Cl)cc2NC1C,0.05,-1.301029996,train,<rdkit.Chem.rdchem.Mol object at 0x7f52bd1b4c80>
COC(=O)C1=C(C)NC(C)=C(C(=O)OCCN(C)Cc2ccccc2)C1c1cccc([N+](=O)[O-])c1,0.05,-1.301029996,train,<rdkit.Chem.rdchem.Mol object at 0x7f52bd1b4cf0>
COC(=O)C1=C(C)NC(C)=C(C(=O)OC)C1c1ccccc1[N+](=O)[O-],0.05,-1.301029996,test,<rdkit.Chem.rdchem.Mol object at 0x7f52bd1b4d60>
CCCCNC(=O)NS(=O)(=O)c1ccc(C)cc1,0.05,-1.301029996,train,<rdkit.Chem.rdchem.Mol object at 0x7f52bd1b4f20>
CN(C)CCCN1c2ccccc2Sc2ccc(C(F)(F)F)cc21,0.05,-1.301029996,train,<rdkit.Chem.rdchem.Mol object at 0x7f52bd1b4f90>
CCOC(=O)C1(c2ccccc2)CCN(CCc2ccc(N)cc2)CC1,0.05,-1.301029996,train,<rdkit.Chem.rdchem.Mol object at 0x7f52bd1b5070>
O=C1CN=C(c2ccccc2Cl)c2cc(Cl)ccc2N1,0.05,-1.301029996,train,<rdkit.Chem.rdchem.Mol object at 0x7f52bd1b50e0>
OC[C@H]1Oc2ccc(cc2O[C@@H]1c1ccc(c(c1)OC)O)[C@H]1Oc2cc(O)cc(c2C(=O)[C@@H]1O)O,0.05,-1.301029996,train,<rdkit.Chem.rdchem.Mol object at 0x7f52bd1b51c0>
CC[C@@H](C(=O)O[C@H]1C[C@@H](C)C=C2[C@H]1[C@@H](CC[C@@H]1C[C@@H](O)CC(=O)O1)[C@H](C=C2)C)C,0.05,-1.301029996,train,<rdkit.Chem.rdchem.Mol object at 0x7f52bd1b52a0>
CCC(C(=O)O[C@H]1C[C@@H](C)C=C2[C@H]1[C@@H](CC[C@@H]1C[C@@H](O)CC(=O)O1)[C@H](C=C2)C)(C)C,0.05,-1.301029996,train,<rdkit.Chem.rdchem.Mol object at 0x7f52bd1b5310>
CCCCC(=O)N(Cc1ccc(-c2ccccc2-c2nnn[nH]2)cc1)[C@H](C(=O)O)C(C)C,0.05,-1.301029996,train,<rdkit.Chem.rdchem.Mol object at 0x7f52bd1b5380>
O=C(Nc1ncc([N+](=O)[O-])s1)c1ccccc1O,0.05,-1.301029996,train,<rdkit.Chem.rdchem.Mol object at 0x7f52bd1b53f0>
OC[C@@H]1Oc2ccc(cc2O[C@H]1c1ccc(c(c1)OC)O)[C@H]1Oc2cc(O)cc(c2C(=O)[C@@H]1O)O,0.05,-1.301029996,train,<rdkit.Chem.rdchem.Mol object at 0x7f52bd1b5460>
O=S(=O)(c1ccc2c(c1)cccc2)N1CCC(=CC1)c1ccccc1,0.05,-1.301029996,train,<rdkit.Chem.rdchem.Mol object at 0x7f52bd1b54d0>
N#Cc1c(cccc1Cl)Oc1ccc(cc1)S(=O)(=O)N(Cc1ccccc1)C,0.05,-1.301029996,train,<rdkit.Chem.rdchem.Mol object at 0x7f52bd1b55b0>
CC(=O)O[C@H]1C[C@]2([C@H](/C/1=C(/C(=O)O)\CCC=C(C)C)C[C@H]([C@@H]1[C@]2(C)CC[C@@H]2[C@]1(C)CC[C@H]([C@H]2C)O)O)C,0.05,-1.301029996,train,<rdkit.Chem.rdchem.Mol object at 0x7f52bd1b5620>
CO/N=C(\C(=O)N[C@@H]1C(=O)N2C(C(=O)O)=C(CSc3nc(=O)c(O)nn3C)CS[C@H]12)c1csc(N)n1,0.05,-1.301029996,test,<rdkit.Chem.rdchem.Mol object at 0x7f52bd1b5700>
N#C/C(=C\c1ccc2c(c1)CCO2)/S(=O)(=O)c1ccc(cc1Cl)Cl,0.05,-1.301029996,train,<rdkit.Chem.rdchem.Mol object at 0x7f52bd1b5770>
CCc1nccn1c1ccc(c(c1)F)N=C(c1cc(nn1c1ccc2c(c1)c(=N)[nH]o2)C(F)(F)F)O,0.05,-1.301029996,train,<rdkit.Chem.rdchem.Mol object at 0x7f52bd1b5850>
OCCN(CCCOc1cc2ncnc(c2cc1OC)N=c1[nH][nH]c(c1)CC(=Nc1cccc(c1)F)O)CC,0.05,-1.301029996,train,<rdkit.Chem.rdchem.Mol object at 0x7f52bd1b58c0>
OC[C@H]1CCCN1CCCOc1cc2ncnc(c2cc1OC)N=c1[nH][nH]c(c1)CC(=Nc1cccc(c1)F)O,0.05,-1.301029996,train,<rdkit.Chem.rdchem.Mol object at 0x7f52bd1b5930>
COc1ccc(cc1F)[C@@H](N1CCN(C1=O)CCCc1ccc2c(n1)NCCC2)CC(=O)O,0.05,-1.301029996,train,<rdkit.Chem.rdchem.Mol object at 0x7f52bd1b59a0>
COc1cc2nc[nH]c(=Nc3cccc(c3F)Cl)c2cc1CN1CCC[C@H]1C(=N)O,0.05,-1.301029996,train,<rdkit.Chem.rdchem.Mol object at 0x7f52bd1b5af0>
COc1cc2nc[nH]c(=Nc3cccc(c3F)Cl)c2cc1CN([C@H](C(=N)O)C)C,0.05,-1.301029996,train,<rdkit.Chem.rdchem.Mol object at 0x7f52bd1b5bd0>
CC(Cn1c2ccc(cc2c2c1c1CCc3c(c1c1c2CNC1=O)cn(n3)C)Nc1ncccn1)C,0.05,-1.301029996,train,<rdkit.Chem.rdchem.Mol object at 0x7f52bd1b5cb0>
Cc1ccc(cc1c1ccc2c(c1)c[nH]c(=NCCN1CCOCC1)n2)C(=Nc1cccc(c1)C(F)(F)F)O,0.05,-1.301029996,train,<rdkit.Chem.rdchem.Mol object at 0x7f52bd1b5d20>
Fc1ccccc1c1cc(NCOc2cccnc2)n2c(n1)c(Br)cn2,0.05,-1.301029996,train,<rdkit.Chem.rdchem.Mol object at 0x7f52bd1b5e70>
OC(=NC1CCN(CC1)CC1CCN(CC1)C(=O)C)Nc1cc(cc(c1)C(F)(F)F)C(F)(F)F,0.05,-1.301029996,train,<rdkit.Chem.rdchem.Mol object at 0x7f52bd1b5ee0>
OC(=Nc1ccccc1CN1CCNCC1)OCC(c1ccccc1)Oc1cccc2c1cc(s2)C(=N)N,0.05,-1.301029996,train,<rdkit.Chem.rdchem.Mol object at 0x7f52bd1b5f50>
OC(=Nc1c(C)n[nH]c1C)OCC(c1ccccc1)Oc1cccc2c1cc(s2)C(=N)N,0.05,-1.301029996,train,<rdkit.Chem.rdchem.Mol object at 0x7f52bd1b5fc0>
CNCc1n(C)nc(c1N=C(OCC(c1ccccc1)Oc1cccc2c1cc(s2)C(=N)N)O)C,0.05,-1.301029996,train,<rdkit.Chem.rdchem.Mol object at 0x7f52bd1b6030>
CCOC(=Nc1cccc(c1)N=C(c1ccccc1Br)O)O,0.05,-1.301029996,train,<rdkit.Chem.rdchem.Mol object at 0x7f52bd1b6110>
CC[C@H]1CN2CCc3c([C@H]2C[C@@H]1C[C@@H]1NCCc2c1[nH]c1c2cccc1)[nH]c1c3cccc1,0.05,-1.301029996,train,<rdkit.Chem.rdchem.Mol object at 0x7f52bd1b6180>
CCC(C(=Nc1cccc(c1)N=C(c1ccccc1Br)O)O)(C)C,0.05,-1.301029996,train,<rdkit.Chem.rdchem.Mol object at 0x7f52bd1b61f0>
OC[C@H]1O[C@H](Oc2ccc(cc2Cl)n2ccc3c2ncc(c3)C#N)[C@H]([C@H]([C@@H]1O)O)O,0.05,-1.301029996,train,<rdkit.Chem.rdchem.Mol object at 0x7f52bd1b6260>
Clc1ccn(=O)c(c1)C1OC2(c3c1cccc3)CCN(CC2)S(=O)(=O)c1ccc(cn1)C(F)(F)F,0.05,-1.301029996,train,<rdkit.Chem.rdchem.Mol object at 0x7f52bd1b62d0>
OC(=O)[C@H]1NC[C@H](C1)Oc1ccc(c(c1)F)Cl,0.05,-1.301029996,train,<rdkit.Chem.rdchem.Mol object at 0x7f52bd1b6340>
CN1C[C@@H](C[C@H]1c1nc(C(=NCc2ccc(cc2)F)O)c(c(=O)n1C)O)OCc1ccccc1,0.05,-1.301029996,train,<rdkit.Chem.rdchem.Mol object at 0x7f52bd1b63b0>
OCCN1CC2OC(C1)CN(C2)c1ccc(c(c1)OC)Nc1ncc(c(n1)c1cnc2n1cccc2)Cl,0.05,-1.301029996,train,<rdkit.Chem.rdchem.Mol object at 0x7f52bd1b6420>
COc1ccc(cc1)N(C1CCN(CC1)[C@@H](CCN=C(c1c(C)ccnc1C)O)C)Cc1cnccc1C,0.05,-1.301029996,train,<rdkit.Chem.rdchem.Mol object at 0x7f52bd1b6490>
OC[C@H]1O[C@H](Oc2ccc(cc2F)n2ccc3c2ccc(c3)N(=O)=O)[C@H]([C@H]([C@@H]1O)O)O,0.05,-1.301029996,train,<rdkit.Chem.rdchem.Mol object at 0x7f52bd1b6500>
OC[C@H]1O[C@H](Oc2ccc(cc2)N2CCc3c2ccc(c3)N(=O)=O)[C@H]([C@H]([C@@H]1O)O)O,0.05,-1.301029996,train,<rdkit.Chem.rdchem.Mol object at 0x7f52bd1b6570>
OC(=Nc1ccc(c(c1)Cl)Cl)N1CCN(CC1)C[C@@H]1CCCN(C1)C1CC1,0.05,-1.301029996,train,<rdkit.Chem.rdchem.Mol object at 0x7f52bd1b65e0>
O=C(C1(CCCCCC1)c1cccs1)O[C@H]1CN2CCC1CC2,0.05,-1.301029996,train,<rdkit.Chem.rdchem.Mol object at 0x7f52bd1b6650>
O=C(C1(CCCCCC1)c1ccccc1)O[C@H]1CN2CCC1CC2,0.05,-1.301029996,train,<rdkit.Chem.rdchem.Mol object at 0x7f52bd1b66c0>
ClC[C@@H]1CN(c2c1c1cccc3c1c(c2)OC(=N3)O)C(=O)c1cc2c([nH]1)ccc(c2)NC(=O)c1cc2c([nH]1)cccc2,0.05,-1.301029996,test,<rdkit.Chem.rdchem.Mol object at 0x7f52bd1b6730>
Fc1ccc(c(c1)F)[C@@H]1CN(C[C@H]1C(=O)N1CCC(CC1)c1cc(nn1c1ccc(c(c1)Cl)C)C)C(C)(C)C,0.05,-1.301029996,train,<rdkit.Chem.rdchem.Mol object at 0x7f52bd1b67a0>
ClC[C@@H]1CN(c2c1c1cccc3c1c(c2)on(c3=O)C)C(=O)c1cc2c([nH]1)ccc(c2)NC(=O)c1cc2c([nH]1)cccc2,0.05,-1.301029996,train,<rdkit.Chem.rdchem.Mol object at 0x7f52bd1b6880>
CC1=NC(C=C2C3=CC(F)=CC=C3NC2=O)=C(C)C1C(=O)NCCN(CC)CC,0.05,-1.301029996,train,<rdkit.Chem.rdchem.Mol object at 0x7f52bd1b6a40>
CCN=C(Nc1nc2c(s1)n(C(C)C)c(=O)c(c2)c1ccc(nc1)OC)O,0.05,-1.301029996,train,<rdkit.Chem.rdchem.Mol object at 0x7f52bd1b6b20>
COc1ncnc(c1C)Cn1cc(c2c1cc(C)cn2)C(=NCC(F)F)O,0.05,-1.301029996,train,<rdkit.Chem.rdchem.Mol object at 0x7f52bd1b6c00>
CCCc1nc(C)c2c(=O)[nH]c(-c3cc(S(=O)(=O)N4CCN(CC)CC4)ccc3OCC)nn12,0.05,-1.301029996,test,<rdkit.Chem.rdchem.Mol object at 0x7f52bd1b6c70>
OC(=O)C=CC1C=CC=CC=1,0.0499,-1.301899454,test,<rdkit.Chem.rdchem.Mol object at 0x7f52bd1b6ce0>
CC1=NC(N=C1N)(C1CC1)C1C=C(C=CC=1)C1=CN=CC(=C1)C#CC,0.0499,-1.301899454,train,<rdkit.Chem.rdchem.Mol object at 0x7f52bd1b6e30>
CC(C)C(NC(=O)C1=CC=CC=C1)C(=O)C1=CC=C(F)C=C1,0.0499,-1.301899454,train,<rdkit.Chem.rdchem.Mol object at 0x7f52bd1b6ea0>
NC1=CC(=NC2=C(C=NN21)C#N)C1C=CC=CC=1,0.0499,-1.301899454,train,<rdkit.Chem.rdchem.Mol object at 0x7f52bd1b6f10>
CS(=O)CC1=CC=C(C2=CC=CC=C21)C(=O)NC1C=CC(=NC=1C(=O)NCC1CCC1)OCCOCCO,0.0499,-1.301899454,train,<rdkit.Chem.rdchem.Mol object at 0x7f52bd1b6ff0>
OC(=O)c1cc(CN2CCN(CC2)c2ccc(cc2)C(F)(F)F)c2n(c1=O)cccc2,0.049,-1.30980392,train,<rdkit.Chem.rdchem.Mol object at 0x7f52bd1b7140>
CN1CCN(CC1)c1cc2c(cc1OC(C)C)[nH]cc(c2=Nc1cccc(c1F)Cl)C(=N)O,0.049,-1.30980392,train,<rdkit.Chem.rdchem.Mol object at 0x7f52bd1b71b0>
CCOc1cc2[nH]cc(c(=Nc3cccc(c3Cl)Cl)c2cc1N1CCCN(CC1)C(C)C)C(=N)O,0.049,-1.30980392,train,<rdkit.Chem.rdchem.Mol object at 0x7f52bd1b7220>
OC(=NC1CCN(CC1)C(=O)C1CC1)Nc1ccc(cc1)C(F)(F)F,0.049,-1.30980392,train,<rdkit.Chem.rdchem.Mol object at 0x7f52bd1b7290>
CN[C@H](C(=N[C@H]1CCC[C@@H]2N(C1=O)[C@@H]1CN(CC[C@@H]1C2)C(c1ccccc1)c1ccccc1)O)C,0.049,-1.30980392,train,<rdkit.Chem.rdchem.Mol object at 0x7f52bd1b7300>
COc1cc2nc(N3CCN(C(=O)c4ccco4)CC3)nc(N)c2cc1OC,0.048989795,-1.309894379,train,<rdkit.Chem.rdchem.Mol object at 0x7f52bd1b73e0>
CC1=NC(N=C1N)(C1C=C(C=CC=1)C1=CN=CC=C1)C1C=CC(F)=CC=1,0.0488,-1.311580178,test,<rdkit.Chem.rdchem.Mol object at 0x7f52bd1b7450>
COC1=CN=C(N=C1N1CCCCC1)C1=CC=CC=N1,0.0488,-1.311580178,train,<rdkit.Chem.rdchem.Mol object at 0x7f52bd1b74c0>
CCS(=O)(=O)C1=CC(F)=C(C=C1)C1C=C(Cl)C=CC=1OCC(O)=O,0.0488,-1.311580178,train,<rdkit.Chem.rdchem.Mol object at 0x7f52bd1b7530>
NC1=CC(=NC2=C(C=NN21)C#N)C1=CC=CS1,0.0488,-1.311580178,train,<rdkit.Chem.rdchem.Mol object at 0x7f52bd1b7610>
COC1C=C(OC)C(=CC=1S(=O)(=O)N(C1C=CC(C)=CC=1)C1C=CC(C)=CC=1)NC(=O)CCC(O)=O,0.0488,-1.311580178,train,<rdkit.Chem.rdchem.Mol object at 0x7f52bd1b7680>
CC(NC(=O)C1CCCCN1)C1=CC=C(C=C1)NC1N=C2C=CC(=CC2=CN=1)C1C=CN=CC=1,0.0488,-1.311580178,train,<rdkit.Chem.rdchem.Mol object at 0x7f52bd1b76f0>
COC(=O)C(=COC)C1=CC=CC=C1OC1=CC(=NC=N1)OC1=CC=CC=C1C#N,0.048272334,-1.316301707,train,<rdkit.Chem.rdchem.Mol object at 0x7f52bd1b7760>
N#Cc1ccc(c(c1CC(=NCCONC(=N)N)O)F)NCC(c1cccc(c1)Cl)(F)F,0.048,-1.318758763,test,<rdkit.Chem.rdchem.Mol object at 0x7f52bd1b77d0>
OCCN1CCN(CC1)c1cc2c(cc1OCC)[nH]cc(c2=Nc1cccc(c1Cl)Cl)C(=N)O,0.048,-1.318758763,train,<rdkit.Chem.rdchem.Mol object at 0x7f52bd1b7840>
O=C(C1CC1)Nc1ccc(cc1)N(C(=O)Cn1nnc2c1cccc2)Cc1cscc1,0.048,-1.318758763,train,<rdkit.Chem.rdchem.Mol object at 0x7f52bd1b78b0>
O[C@H]1CCC[C@H](C1)N=C(c1noc(c1CN[C@H](C(F)(F)F)C)c1ccc(cc1)C(F)(F)F)O,0.048,-1.318758763,test,<rdkit.Chem.rdchem.Mol object at 0x7f52bd1b7920>
ON=C([C@](S(=O)(=O)C)(CCn1ncc(c1)c1ccccc1)C)O,0.048,-1.318758763,train,<rdkit.Chem.rdchem.Mol object at 0x7f52bd1b7990>
CCOC1C=CC(=CC=1)N1C(=NC2N=CC=CC=2C1=O)C(C)N(CC1=CN=CC=C1)C(=O)CC1C=CC(=CC=1)OC(F)(F)F,0.0477,-1.321481621,train,<rdkit.Chem.rdchem.Mol object at 0x7f52bd1b7a00>
O=C1C2=CC=CC=C2C(C(=O)NCC2C=CC(=CC=2)OC(F)(F)F)N1CCC1=NC=C(F)C=N1,0.0477,-1.321481621,train,<rdkit.Chem.rdchem.Mol object at 0x7f52bd1b7a70>
NC1N=CN=C2C=1C(COC1C=CC=C(Cl)C=1)=NN2C1CCOCC1,0.0477,-1.321481621,train,<rdkit.Chem.rdchem.Mol object at 0x7f52bd1b7ae0>
O=C1C2=CC=CC=C2C(C(=O)NCC2=CC(=C(F)C=C2)C(F)(F)F)N1CCC1N=CC(F)=CN=1,0.0477,-1.321481621,train,<rdkit.Chem.rdchem.Mol object at 0x7f52bd1b7b50>
NC1NC(=O)C(Cl)=C(N=1)C1C=CC=CC=1,0.0477,-1.321481621,train,<rdkit.Chem.rdchem.Mol object at 0x7f52bd1b7c30>
COP(=S)(OC)SCN1C(=O)C2C=CC=CC=2C1=O,0.047696965,-1.321509255,train,<rdkit.Chem.rdchem.Mol object at 0x7f52bd1b7ca0>
COc1cc2ncnc(c2cc1OC1CCN(CC1)CC(=N)O)Nc1cccc(c1F)Cl,0.047,-1.327902142,train,<rdkit.Chem.rdchem.Mol object at 0x7f52bd1b7d10>
OCCS(=O)(=O)c1cccc(c1)C#Cc1cc(Cl)ccc1OCC(=O)O,0.047,-1.327902142,train,<rdkit.Chem.rdchem.Mol object at 0x7f52bd1b7d80>
Fc1cccc(c1)COc1ccc2c(n1)CCN=C2O,0.047,-1.327902142,train,<rdkit.Chem.rdchem.Mol object at 0x7f52bd1b7df0>
N#Cc1c(ccn2c1nnc2CC(F)(F)F)N1CCC(CC1)c1cccc(c1OC)F,0.047,-1.327902142,train,<rdkit.Chem.rdchem.Mol object at 0x7f52bd1b7e60>
CN(C)C(=O)C(CCN1CCC(O)(c2ccc(Cl)cc2)CC1)(c1ccccc1)c1ccccc1,0.04698936,-1.328000466,train,<rdkit.Chem.rdchem.Mol object at 0x7f52bd1b7f40>
CC(C)C(=O)Nc1ccc([N+](=O)[O-])c(C(F)(F)F)c1,0.046935716,-1.328496553,train,<rdkit.Chem.rdchem.Mol object at 0x7f52bd1b8040>
COC1C=C(C(C)C)C(=CC=1I)OC1=CN=C(N)N=C1N,0.0467,-1.330683119,train,<rdkit.Chem.rdchem.Mol object at 0x7f52bd1b80b0>
O=C(NCC12CC3CC(C1)CC(C2)C3)C1C=C(CN2CC3CNCC(C2)O3)C=CC=1Cl,0.0467,-1.330683119,train,<rdkit.Chem.rdchem.Mol object at 0x7f52bd1b8120>
COC1C=C(C=CN=1)C1(N=C(N)C2C(F)=CC=CC1=2)C1C=C(C=CC=1)C1C=NC=NC=1,0.0467,-1.330683119,train,<rdkit.Chem.rdchem.Mol object at 0x7f52bd1b8190>
Cc1ccc(C(=O)N(CCCN)C(c2nc3snc(C)c3c(=O)n2Cc2ccccc2)C(C)C)cc1,0.046,-1.337242168,train,<rdkit.Chem.rdchem.Mol object at 0x7f52bd1b8270>
CC(=O)N1C2CCCC1C=C(C2)CN1CCC(CC1)N=c1ccc2c([nH]1)ccc(c2)C(F)(F)F,0.046,-1.337242168,train,<rdkit.Chem.rdchem.Mol object at 0x7f52bd1b82e0>
CN1CCN(CC1)c1ccc2c(c1)c(=Nc1cccc(c1Cl)Cl)c(c[nH]2)C(=N)O,0.046,-1.337242168,test,<rdkit.Chem.rdchem.Mol object at 0x7f52bd1b8350>
CCOc1cc2[nH]cc(c(=Nc3ccc(cc3F)F)c2cc1N1CCN(CC1)CC)C(=N)O,0.046,-1.337242168,train,<rdkit.Chem.rdchem.Mol object at 0x7f52bd1b83c0>
OC(=O)c1ccc(c(c1)C)c1ccc(cc1)N1C(=O)N(C2(C1=O)CCN(CC2)Cc1ncccc1C)c1nccnc1,0.046,-1.337242168,train,<rdkit.Chem.rdchem.Mol object at 0x7f52bd1b8430>
OC(=O)c1cc(ccc1N1CC[C@@H](C1)OCc1ccccn1)C(F)(F)F,0.046,-1.337242168,train,<rdkit.Chem.rdchem.Mol object at 0x7f52bd1b8510>
OCCNCCNC1C=CC2C(=CC=CC=2N=1)NC(=O)CC12CC3CC(C1)CC(C2)C3,0.0457,-1.3400838,train,<rdkit.Chem.rdchem.Mol object at 0x7f52bd1b8580>
C1CC1NC1C=CC2=NN=C(C3C=CC=CC=3)N2N=1,0.0457,-1.3400838,train,<rdkit.Chem.rdchem.Mol object at 0x7f52bd1b85f0>
NC1=NC(C2C=CC=C(F)C=21)(C1=CC(=NC=C1)C(F)(F)F)C1C=C(C=CC=1)C1C=NC=NC=1,0.0457,-1.3400838,train,<rdkit.Chem.rdchem.Mol object at 0x7f52bd1b86d0>
CCC1=CC(=C(O)C=C1)C(C)(C)C,0.0454,-1.342944147,train,<rdkit.Chem.rdchem.Mol object at 0x7f52bd1b87b0>
C1CC2=CC=CC3=CC=CC1=C23,0.045329087,-1.343623028,train,<rdkit.Chem.rdchem.Mol object at 0x7f52bd1b8820>
Cc1cc(C2CCCCC2)n(O)c(=O)c1,0.045,-1.346787486,train,<rdkit.Chem.rdchem.Mol object at 0x7f52bd1b8890>
COc1cc(NCc2ccc3nc(N)nc(N)c3c2C)cc(OC)c1OC,0.045,-1.346787486,train,<rdkit.Chem.rdchem.Mol object at 0x7f52bd1b8900>
OC1C=CC(=CC=1)C(=O)OC1C=CC=CC=1,0.045,-1.346787486,train,<rdkit.Chem.rdchem.Mol object at 0x7f52bd1b8970>
CC(=O)N1C2CCCC1C=C(C2)CN1CCC(CC1)N=c1ccc2c([nH]1)ccc(c2)OC(F)(F)F,0.045,-1.346787486,train,<rdkit.Chem.rdchem.Mol object at 0x7f52bd1b89e0>
CC(=O)N1C2CCCC1C=C(C2)CN1CCC(CC1)N=c1ccc2c([nH]1)nc(cc2C(F)(F)F)C(F)(F)F,0.045,-1.346787486,train,<rdkit.Chem.rdchem.Mol object at 0x7f52bd1b8a50>
COc1cc2[nH]cc(c(=Nc3cccc(c3Cl)Cl)c2cc1N1CCN(CC1)C)C(=N)O,0.045,-1.346787486,train,<rdkit.Chem.rdchem.Mol object at 0x7f52bd1b8ac0>
COc1cc2c(cc1OC)nnc(c2Nc1ccc(cc1F)F)C(=N)O,0.045,-1.346787486,train,<rdkit.Chem.rdchem.Mol object at 0x7f52bd1b8b30>
CC1=NN(C2CCCCC2)C(N)=C1C1C=CC=CC=1,0.0447,-1.349692477,train,<rdkit.Chem.rdchem.Mol object at 0x7f52bd1b8c80>
O=C(C1CCN(CC1)C1=NN=C(S1)N1C=CC=C1)N1CCN(CC2=CC3OCOC=3C=C2)CC1,0.0447,-1.349692477,train,<rdkit.Chem.rdchem.Mol object at 0x7f52bd1b8cf0>
CC(C)(C)CCN1CC(F)C(CC1)CNC(=O)C1C=C(Cl)C=C(Cl)C=1,0.0447,-1.349692477,train,<rdkit.Chem.rdchem.Mol object at 0x7f52bd1b8d60>
O=C1C2=CC=CC=C2C(C(=O)NCC2C=CC=C(C=2)OC(F)(F)F)N1CCC1=NC=C(F)C=N1,0.0447,-1.349692477,train,<rdkit.Chem.rdchem.Mol object at 0x7f52bd1b8dd0>
COC1=CC=CC=C1CCNCC1C=CC(CCNCC(O)C2C=CC(O)=C3NC(=O)SC=23)=CC=1,0.0447,-1.349692477,train,<rdkit.Chem.rdchem.Mol object at 0x7f52bd1b8e40>
CC(C)S(=O)(=O)N(C)C1=CC(=CC(NCC2CC2C)=N1)C(=O)NC(CC1=CC=CC=C1)C(N)CF,0.0447,-1.349692477,train,<rdkit.Chem.rdchem.Mol object at 0x7f52bd1b8eb0>
OC[C@@H](c1ccc(cc1)F)Nc1ncc(c(n1)N=c1[nH][nH]c(c1)C1CC1)Cl,0.044,-1.356547324,train,<rdkit.Chem.rdchem.Mol object at 0x7f52bd1b8f20>
Fc1ccc(cc1)CN=C(c1nc(N(C(=O)C)C)c2c(c1O)nccc2)O,0.044,-1.356547324,train,<rdkit.Chem.rdchem.Mol object at 0x7f52bd1b8f90>
CCN=C(Nc1ncc(c(c1)c1scc(n1)C(F)(F)F)c1cncc(c1)c1nnc(o1)O)O,0.044,-1.356547324,train,<rdkit.Chem.rdchem.Mol object at 0x7f52bd1b9000>
Clc1ccc2c(c1)ccc(=NC1CCN(CC1)CC1=CC3N(C(C1)CCC3)C(=O)C)[nH]2,0.044,-1.356547324,train,<rdkit.Chem.rdchem.Mol object at 0x7f52bd1b9070>
CN1CCN(CC1)c1cc2c(cc1F)[nH]cc(c2=Nc1cccc(c1Cl)Cl)C(=N)O,0.044,-1.356547324,train,<rdkit.Chem.rdchem.Mol object at 0x7f52bd1b90e0>
OC(=Nc1ccccc1c1ccccc1)N1CCN2[C@@H](C1)C(=O)N(C2=O)[C@H]1C[C@@H]1c1ccccc1,0.044,-1.356547324,train,<rdkit.Chem.rdchem.Mol object at 0x7f52bd1b9150>
O=C([C@](c1ccccc1)(N1CCCCC1)C)O[C@H]1C[N+]2(CCCc3ccc4c(c3)scn4)CCC1CC2,0.044,-1.356547324,train,<rdkit.Chem.rdchem.Mol object at 0x7f52bd1b91c0>
CC(=O)NC1=CC(=C(C=C1OC)OC)S(=O)(=O)N1C(C)CC2=CC=CC=C12,0.0437,-1.359518563,train,<rdkit.Chem.rdchem.Mol object at 0x7f52bd1b92a0>
CC1=NC=CN1C1SC(NC2C=NC=CN=2)=NC=1C1C=C(C=CC=1)C#N,0.0437,-1.359518563,train,<rdkit.Chem.rdchem.Mol object at 0x7f52bd1b9310>
CC1C=C(C=C(C)C=1OC)C1(N=C(N)C(C)=N1)C1C=C(C=CC=1)C1C=NC=NC=1,0.0437,-1.359518563,train,<rdkit.Chem.rdchem.Mol object at 0x7f52bd1b9380>
COC1=CC(O)=C(C=C1NC(=O)CCC(O)=O)S(=O)(=O)N1C(C)CCC2=CC=CC=C12,0.0437,-1.359518563,train,<rdkit.Chem.rdchem.Mol object at 0x7f52bd1b93f0>
COC1C=C(C=CC=1)C1=CC2C(NC3CNCCC3)=NC=C(C(N)=O)C=2S1,0.0437,-1.359518563,train,<rdkit.Chem.rdchem.Mol object at 0x7f52bd1b9460>
O=NN(C1C=CC=CC=1)C1C=CC=CC=1,0.043681076,-1.359706677,train,<rdkit.Chem.rdchem.Mol object at 0x7f52bd1b94d0>
ClC1(Cl)C2(Cl)C3C=CC(Cl)C3C1(Cl)C(Cl)=C2Cl,0.043327944,-1.363231924,train,<rdkit.Chem.rdchem.Mol object at 0x7f52bd1b9540>
CCc1cc2c(cc1CC)CC(NC[C@H](O)c1ccc(O)c3[nH]c(=O)ccc13)C2,0.043,-1.366531544,test,<rdkit.Chem.rdchem.Mol object at 0x7f52bd1b95b0>
Fc1ccc(c(c1)F)[C@@H]1C[C@](C[C@H]1C(=O)N1CCC(CC1)c1cc(nn1c1ccc(c(c1)Cl)F)C)(C)N,0.043,-1.366531544,train,<rdkit.Chem.rdchem.Mol object at 0x7f52bd1b9620>
Cc1cccc(c1)[C@@H]1CN(C(=O)N1C1CCN(CC1)Cc1ccc(nc1C)Oc1ccc(cc1)C(=O)O)C1CCOCC1,0.043,-1.366531544,test,<rdkit.Chem.rdchem.Mol object at 0x7f52bd1b9700>
Fc1ccc(cc1)CN=C(c1cnn2c1N[C@H](C[C@H]2C(F)F)c1ccc(cn1)C)O,0.043,-1.366531544,train,<rdkit.Chem.rdchem.Mol object at 0x7f52bd1b97e0>
CCN(CC)C1C=CC=CC=1,0.042869,-1.367856647,train,<rdkit.Chem.rdchem.Mol object at 0x7f52bd1b98c0>
O=C(CCS(=O)(=O)C1C=CC(Br)=CC=1)NCC1C=CC(F)=CC=1,0.0428,-1.368556231,train,<rdkit.Chem.rdchem.Mol object at 0x7f52bd1b9930>
CCN(CCO)C(=O)C1C=C2C=CC=NN2C=1C1=CC(=CC=C1)C(F)(F)F,0.0428,-1.368556231,train,<rdkit.Chem.rdchem.Mol object at 0x7f52bd1b9a10>
OC1C=CC(CC2C=CC=CC=2O)=CC=1,0.0426,-1.370590401,train,<rdkit.Chem.rdchem.Mol object at 0x7f52bd1b9a80>
CCCc1nn(C)c2c(=O)[nH]c(-c3cc(S(=O)(=O)N4CCN(C)CC4)ccc3OCC)nc12,0.042284749,-1.373816243,test,<rdkit.Chem.rdchem.Mol object at 0x7f52bd1b9af0>
CCC(C)C(=O)OC1CC(C)C=C2C=CC(C)C(CCC(O)CC(O)CC(O)=O)C21,0.04225,-1.374173292,train,<rdkit.Chem.rdchem.Mol object at 0x7f52bd1b9b60>
CN1CCN(CC1)c1ccc(cc1)Nc1ncc(cn1)N=C(c1cc(ccc1C)N=C(c1ccc2c(c1)OC(O2)(F)F)O)O,0.042,-1.37675071,train,<rdkit.Chem.rdchem.Mol object at 0x7f52bd1b9bd0>
CO[C@H]1CN(CC[C@H]1N=C(c1[nH]c(c(c1Cl)Cl)C)O)c1sc(c(n1)c1ccncn1)C(=O)O,0.042,-1.37675071,test,<rdkit.Chem.rdchem.Mol object at 0x7f52bd1b9c40>
Clc1cccc(c1)n1nc(cc1N=C(c1cnn2c1nccc2)O)C,0.042,-1.37675071,train,<rdkit.Chem.rdchem.Mol object at 0x7f52bd1b9d20>
OC(=O)C[C@@H]1O[C@@H](c2cccc(c2)Cl)[C@H](N(C1=O)CC1CC1)c1ccc(cc1)Cl,0.042,-1.37675071,train,<rdkit.Chem.rdchem.Mol object at 0x7f52bd1b9d90>
OC[C@@H](n1ccc(cc1=O)c1ccnc(n1)NC1CCOCC1)c1ccc(c(c1)F)Cl,0.042,-1.37675071,train,<rdkit.Chem.rdchem.Mol object at 0x7f52bd1b9e00>
COCCOc1ccc(c(c1)C)c1ccc(nc1)COc1ncccc1C(=O)N,0.042,-1.37675071,train,<rdkit.Chem.rdchem.Mol object at 0x7f52bd1b9e70>
CC1OC(C)C2N(C1)c1c(CC32C(=NC(=O)N=C3O)O)cc2c(c1F)onc2C(C)(C)C,0.042,-1.37675071,train,<rdkit.Chem.rdchem.Mol object at 0x7f52bd1b9ee0>
CCOC1=CC=CC=C1C(=O)NCC1=CC=CO1,0.0418,-1.378823718,train,<rdkit.Chem.rdchem.Mol object at 0x7f52bd1b9f50>
CCOC1C=C2N=CC(C(N)=O)=C(NC3C=CC=C(Cl)C=3Cl)C2=CC=1NCCN(C)C,0.0418,-1.378823718,train,<rdkit.Chem.rdchem.Mol object at 0x7f52bd1ba030>
CC1ON=C(C=1C(=O)N(C)C1C=CC(Cl)=CC=1)C1C=CC=CC=1,0.0418,-1.378823718,test,<rdkit.Chem.rdchem.Mol object at 0x7f52bd1ba0a0>
CC(C)C(NC(=O)C1=CC=CC=C1)C(=O)C1=CC=C(C=C1)[N+]([O-])=O,0.0418,-1.378823718,train,<rdkit.Chem.rdchem.Mol object at 0x7f52bd1ba180>
CCN(C(=O)C1=CC=C(O1)C1C=CC(Cl)=CC=1)C1C=CC(=CC=1)N1CCNCC1,0.0418,-1.378823718,train,<rdkit.Chem.rdchem.Mol object at 0x7f52bd1ba1f0>
O=P(O)(O)OC(Cn1cncn1)(Cn1cncn1)c1ccc(F)cc1F,0.041666667,-1.380211243,test,<rdkit.Chem.rdchem.Mol object at 0x7f52bd1ba2d0>
CCCCOC(=O)C1C=CC(O)=CC=1,0.04157192,-1.381199917,train,<rdkit.Chem.rdchem.Mol object at 0x7f52bd1ba340>
CC(C)C1C=CC=C(C(C)C)C=1N1C(=O)C2C=C(O)C=CC=2C1=O,0.0415,-1.381951903,train,<rdkit.Chem.rdchem.Mol object at 0x7f52bd1ba3b0>
C1CC=CCCC=CCCC=C1,0.041432,-1.382664102,train,<rdkit.Chem.rdchem.Mol object at 0x7f52bd1ba420>
CC(OC1=CC=C(CNC(=O)C2=CC=CN=C2OC2C=C3OCOC3=CC=2)C(F)=C1)C(O)=O,0.0414,-1.382999659,train,<rdkit.Chem.rdchem.Mol object at 0x7f52bd1ba490>
OC(=O)COC1C=CC(Cl)=CC=1Cl,0.041025,-1.38695141,train,<rdkit.Chem.rdchem.Mol object at 0x7f52bd1ba500>
OC1C=CC=CC=1CC1C=CC=CC=1O,0.041,-1.387216143,train,<rdkit.Chem.rdchem.Mol object at 0x7f52bd1ba570>
N#Cc1c[nH]c(=Nc2nccc(c2)CN2CCN(CC2)C(=O)N(C)C)s1,0.041,-1.387216143,train,<rdkit.Chem.rdchem.Mol object at 0x7f52bd1ba5e0>
O=C(N[C@@H]1CC[C@@H](c2cccc(F)c2F)CN(CC(F)(F)F)C1=O)N1CCC(n2c(=O)[nH]c3ncccc32)CC1,0.041,-1.387216143,test,<rdkit.Chem.rdchem.Mol object at 0x7f52bd1ba650>
O=C(N1CCC(CC1)n1c(O)nc2c1cccn2)O[C@@H]1CC[C@H]([C@@H](c2c1nccc2)O)c1cccc(c1F)F,0.041,-1.387216143,train,<rdkit.Chem.rdchem.Mol object at 0x7f52bd1ba730>
O=C1[C@@H]2[C@@H]3C=C[C@H]([C@@H]2C(=O)N1c1ccc(cc1Cl)N=C(c1ccccn1)O)C3,0.041,-1.387216143,train,<rdkit.Chem.rdchem.Mol object at 0x7f52bd1ba7a0>
Nc1ncnc2c1C(=O)N(CCO2)c1ccc(cc1)c1c(C)cccc1Cl,0.041,-1.387216143,train,<rdkit.Chem.rdchem.Mol object at 0x7f52bd1ba810>
OCCCCNc1cc(nc2n1ncc2C#N)n1ccc2c1cc(cc2)N=C(O)C,0.041,-1.387216143,train,<rdkit.Chem.rdchem.Mol object at 0x7f52bd1ba880>
N#Cc1ccc(cc1)C1=N[C@@H](CC(=N)O)c2c(c3c1c(C)c(s3)C)c(no2)C,0.041,-1.387216143,train,<rdkit.Chem.rdchem.Mol object at 0x7f52bd1ba8f0>
N#Cc1cnccc1COc1cnc(nc1)N1CCN(C[C@H]1C)c1nnc(o1)C(F)(F)F,0.041,-1.387216143,train,<rdkit.Chem.rdchem.Mol object at 0x7f52bd1ba960>
COC1=CC(CCC2NC3C=C(Br)C=NC=3N=2)=NC=C1,0.0409,-1.388276692,train,<rdkit.Chem.rdchem.Mol object at 0x7f52bd1ba9d0>
COC1=CC=CC=C1S(=O)(=O)NC(=O)N1CCC(CC1)N1CCC(CC1)OC1=CC(Cl)=C(Cl)C=C1,0.0409,-1.388276692,train,<rdkit.Chem.rdchem.Mol object at 0x7f52bd1baa40>
CC(C)(C)S(=O)(=O)NC1CCC(CC1)C(=O)NC1C=CC(=CN=1)C(F)(F)F,0.0409,-1.388276692,train,<rdkit.Chem.rdchem.Mol object at 0x7f52bd1baab0>
CC1C=CC(CO)=CC=1N(C(C)C)C1C=CN=C(NC2C=C(C=C(C=2)N2CCOCC2)S(C)(=O)=O)N=1,0.0409,-1.388276692,test,<rdkit.Chem.rdchem.Mol object at 0x7f52bd1bab20>
O[Si]1(CCN(CCCC(=O)C2=CC=C(F)C=C2)CC1)C1C=C(C=CC=1)C(F)(F)F,0.0409,-1.388276692,train,<rdkit.Chem.rdchem.Mol object at 0x7f52bd1bab90>
OCC1C=CC(=CN=1)C1C=CC=C2OCC(CC=12)NC(=O)C1=CN=C(C=C1)OCCOCC(F)(F)F,0.0409,-1.388276692,train,<rdkit.Chem.rdchem.Mol object at 0x7f52bd1bac00>
CC(C)COC1C=CC(=CC=1C#N)C1=CC(=O)NC(N)=N1,0.0409,-1.388276692,train,<rdkit.Chem.rdchem.Mol object at 0x7f52bd1bac70>
CCCCC(O)(CN1C=NC=N1)C1=CC=C(Cl)C=C1Cl,0.040833334,-1.388985164,train,<rdkit.Chem.rdchem.Mol object at 0x7f52bd1bace0>
CC12CCC3C(CCC4C=C(O)C=CC=43)C1CCC2=O,0.0404,-1.393618635,train,<rdkit.Chem.rdchem.Mol object at 0x7f52bd1badc0>
NS(=O)(=O)C1=CC(C2NN=NN=2)=C(C=C1Cl)NCC1=CC=CS1,0.04,-1.397940009,train,<rdkit.Chem.rdchem.Mol object at 0x7f52bd1baea0>
CC(C(O)=O)C1C=CC(CC2CCCC2=O)=CC=1,0.04,-1.397940009,test,<rdkit.Chem.rdchem.Mol object at 0x7f52bd1baf10>
CC(CC1OCC(CC2OC2C(C)C(C)O)C(O)C1O)=CC(=O)OCCCCCCCCC(O)=O,0.04,-1.397940009,test,<rdkit.Chem.rdchem.Mol object at 0x7f52bd1baf80>
CC12CCC3C(C1CCC2(O)C#C)C(C)CC1CC(=O)CCC=13,0.04,-1.397940009,train,<rdkit.Chem.rdchem.Mol object at 0x7f52bd1bb0d0>
CN(C)CCN(C)N1C=C(C2=CC=CC=C12)C1C=CC=CC=1,0.04,-1.397940009,train,<rdkit.Chem.rdchem.Mol object at 0x7f52bd1bb140>
CC(C)(C)N1CCC(CC1)(C1C=CC=CC=1)C1C=CC=CC=1,0.04,-1.397940009,train,<rdkit.Chem.rdchem.Mol object at 0x7f52bd1bb1b0>
CC(CC(=Nc1cccc(c1)N=C(c1ccccc1C)O)O)C,0.04,-1.397940009,train,<rdkit.Chem.rdchem.Mol object at 0x7f52bd1bb220>
COC1=CN=C(N=C1N(C)C1C=CC=CC=1)C1=CC=CC=N1,0.04,-1.397940009,train,<rdkit.Chem.rdchem.Mol object at 0x7f52bd1bb290>
O=C(CCS(=O)(=O)C1C=CC(Br)=CC=1)NCCC1C=CC=CC=1,0.04,-1.397940009,train,<rdkit.Chem.rdchem.Mol object at 0x7f52bd1bb300>
CC12CCC3C4CCCC=C4CCC3C1CCC2(O)C#C,0.04,-1.397940009,train,<rdkit.Chem.rdchem.Mol object at 0x7f52bd1bb370>
CN(CCC[C@]1(CN(N=C1C(=O)C)c1cc(C)ccc1F)c1ccccc1)C,0.04,-1.397940009,train,<rdkit.Chem.rdchem.Mol object at 0x7f52bd1bb4c0>
COC[C@H]1CCCN1C(=O)c1cc(C)cc(c1)C(=N[C@H]([C@@H]([C@@H]1NC[C@@H](C1)Oc1ccccc1)O)Cc1cc(F)cc(c1)F)O,0.04,-1.397940009,train,<rdkit.Chem.rdchem.Mol object at 0x7f52bd1bb530>
C1CCN(CC1)CCOc1ccc(cc1)Oc1nc2c(o1)cccc2,0.04,-1.397940009,train,<rdkit.Chem.rdchem.Mol object at 0x7f52bd1bb5a0>
CN1CCC(CC1)C(=N[C@H](c1ncc([nH]1)c1ccc2c(c1)cccc2)CCCCCC(=O)C)O,0.04,-1.397940009,train,<rdkit.Chem.rdchem.Mol object at 0x7f52bd1bb610>
OC(=N)CN1CCN(CC1)Cc1onc(n1)c1cn(c2c1cccc2Cl)CC1CCOCC1,0.04,-1.397940009,train,<rdkit.Chem.rdchem.Mol object at 0x7f52bd1bb680>
FC(Oc1cccc(c1)N=C(c1ccccn1)O)F,0.04,-1.397940009,train,<rdkit.Chem.rdchem.Mol object at 0x7f52bd1bb6f0>
OCC(N=C(c1c[nH]c2c1nc(cn2)c1ccc(c(c1)OC)OC)O)C,0.04,-1.397940009,train,<rdkit.Chem.rdchem.Mol object at 0x7f52bd1bb760>
CN(C(C)C)C(=O)C(CC1=CC=C(CN2C(C)CCCC2C)C=C1)NC(=O)CC(NS(=O)(=O)C1=CC2C=CC(=CC=2C=C1)OC)C1=CC2OCOC=2C=C1,0.04,-1.397940009,train,<rdkit.Chem.rdchem.Mol object at 0x7f52bd1bb7d0>
OC(=O)c1cc(CN2CCc3c(C2c2ccncc2)cccc3)c2n(c1=O)cccc2,0.04,-1.397940009,train,<rdkit.Chem.rdchem.Mol object at 0x7f52bd1bb840>
CCN1CC(CC1=O)c1nc(C(=O)NCc2ccc(cc2S(=O)(=O)C)F)c(c2c1cccn2)O,0.04,-1.397940009,test,<rdkit.Chem.rdchem.Mol object at 0x7f52bd1bb8b0>
COc1nc(CN=C(c2cc(ncc2c2nccs2)c2cncc(c2)C)O)ccc1OC,0.04,-1.397940009,train,<rdkit.Chem.rdchem.Mol object at 0x7f52bd1bb920>
CC(NCc1n(C)nc(c1N=C(OCC(c1ccccc1)Oc1cccc2c1cc(s2)C(=N)N)O)C)C,0.04,-1.397940009,train,<rdkit.Chem.rdchem.Mol object at 0x7f52bd1bb990>
O=C(Nc1cc(nn1C)C)OCC(c1ccccc1)Oc1cccc2c1cc(s2)C(=N)N,0.04,-1.397940009,train,<rdkit.Chem.rdchem.Mol object at 0x7f52bd1bba00>
OCC(N=C(c1nn(c2c1C[C@@H]1[C@H]2C1)c1ccc(cc1F)F)O)(C)C,0.04,-1.397940009,train,<rdkit.Chem.rdchem.Mol object at 0x7f52bd1bbae0>
C=CC(=O)Nc1ccc(cc1)S(=O)(=O)N1CCNCC1,0.04,-1.397940009,train,<rdkit.Chem.rdchem.Mol object at 0x7f52bd1bbb50>
OC[C@H]1O[C@H](Oc2ccc(cc2Cl)n2ccc3c2ccc(c3)OC)[C@H]([C@H]([C@@H]1O)O)O,0.04,-1.397940009,test,<rdkit.Chem.rdchem.Mol object at 0x7f52bd1bbbc0>
OC[C@H]1O[C@H](Oc2ccc(cc2Cl)n2ccc3c2ncc(c3)Cl)[C@H]([C@H]([C@@H]1O)O)O,0.04,-1.397940009,train,<rdkit.Chem.rdchem.Mol object at 0x7f52bd1bbc30>
O[C@@H](CN1CCC(CC1)Oc1ccc(c(c1Cl)C)Cl)CN=C(c1cnc(cc1C(F)(F)F)O)O,0.04,-1.397940009,train,<rdkit.Chem.rdchem.Mol object at 0x7f52bd1bbca0>
O[C@@H](CN1CCC(CC1)Oc1ccc(cc1C)Cl)CN=C(c1c[nH]nc1C(F)(F)F)O,0.04,-1.397940009,train,<rdkit.Chem.rdchem.Mol object at 0x7f52bd1bbd10>
COCCN=c1[nH]c2c(n1c1cc[nH]c(=N)n1)cc(cc2)C#CC1(O)CCCCC1,0.04,-1.397940009,train,<rdkit.Chem.rdchem.Mol object at 0x7f52bd1bbd80>
Fc1ccc(c(c1)F)[C@@H]1CN(C[C@H]1C(=O)N1CCC(CC1)c1cc(nn1c1ccc(c(c1)C)Cl)C)C(C)(C)C,0.04,-1.397940009,train,<rdkit.Chem.rdchem.Mol object at 0x7f52bd1bbdf0>
Cc1ccc2c(c1)n(C)nc2c1cnc2c(n1)c(c[nH]2)C(=NC1(C)CNCC1)O,0.04,-1.397940009,test,<rdkit.Chem.rdchem.Mol object at 0x7f52bd1bbe60>
O[C@@H](CN1CCC(CC1)Oc1ccc(c(c1)Cl)Cl)CN=C(c1c[nH]nc1C1CC1)O,0.04,-1.397940009,train,<rdkit.Chem.rdchem.Mol object at 0x7f52bd1bbf40>
O=C(C1(CCCCCC1)C1=CC=CC1)O[C@H]1C[N+]2(CCOc3ccccc3)CCC1CC2,0.04,-1.397940009,train,<rdkit.Chem.rdchem.Mol object at 0x7f52bd1bc040>
O=C(C1(CCCCCC1)C1=CC=CC1)O[C@H]1C[N+]2(CCCc3nc4c(o3)cccc4)CCC1CC2,0.04,-1.397940009,train,<rdkit.Chem.rdchem.Mol object at 0x7f52bd1bc120>
OC(=Nc1ccccn1)C[N+]12CCC(CC1)[C@H](C2)OC(=O)C1(CCCCCC1)C1=CC=CC1,0.04,-1.397940009,train,<rdkit.Chem.rdchem.Mol object at 0x7f52bd1bc190>
OC(=Nc1cccnc1)C[N+]12CCC(CC1)[C@H](C2)OC(=O)C1(CCCCCC1)C1=CC=CC1,0.04,-1.397940009,test,<rdkit.Chem.rdchem.Mol object at 0x7f52bd1bc200>
Clc1ccc(=[NH+]C(=O)C[N+]23CCC(CC2)[C@H](C3)OC(=O)C2(CCCCCC2)C2=CC=CC2)[n-]n1,0.04,-1.397940009,train,<rdkit.Chem.rdchem.Mol object at 0x7f52bd1bc270>
OC(=Nc1cnc(cn1)C)C[N+]12CCC(CC1)[C@H](C2)OC(=O)C1(CCCCCC1)C1=CC=CC1,0.04,-1.397940009,test,<rdkit.Chem.rdchem.Mol object at 0x7f52bd1bc2e0>
CCN=C(Nc1nc2c(s1)n(C(C)C)c(=O)c(c2)c1ccc(nc1)C#N)O,0.04,-1.397940009,train,<rdkit.Chem.rdchem.Mol object at 0x7f52bd1bc350>
Fc1cc(ccc1c1c(F)cccc1F)N1CCOc2c(C1=O)c(N)ncn2,0.04,-1.397940009,train,<rdkit.Chem.rdchem.Mol object at 0x7f52bd1bc3c0>
OC[C@@H](Cn1c(nn(c1=O)S(=O)(=O)N=C(N1[C@@H](C)[C@@H](C1=O)N=C(/C(=N\OC(C(=O)O)(C)C)/c1csc(=N)[nH]1)O)O)c1[nH]cc(c(=O)c1)O)O,0.04,-1.397940009,train,<rdkit.Chem.rdchem.Mol object at 0x7f52bd1bc430>
CC1=CC(=CC=C1SC)OP(=O)(NC(C)C)OCC,0.03995,-1.398483216,train,<rdkit.Chem.rdchem.Mol object at 0x7f52bd1bc510>
C(C(C1CCCCC1)C1CCCCC1)C1CCCCN1,0.039496835,-1.403437701,test,<rdkit.Chem.rdchem.Mol object at 0x7f52bd1bc580>
CC1C=CC(=CC=1)C1=CSC2N=CNC(=O)C1=2,0.0391,-1.407823243,train,<rdkit.Chem.rdchem.Mol object at 0x7f52bd1bc5f0>
CC1C=CC(=CC=1C(=O)NC1C=NC(N)=C(Cl)C=1)NC(=O)C1=CC(=CC=C1)C(C)(C)C#N,0.0391,-1.407823243,train,<rdkit.Chem.rdchem.Mol object at 0x7f52bd1bc660>
CC1=CN=C(N1)C1C=C(C=CC=1Cl)NC(=O)C1C=CC(=NC=1C)C(F)(F)F,0.0391,-1.407823243,train,<rdkit.Chem.rdchem.Mol object at 0x7f52bd1bc740>
CN(C)CCCN1c2ccccc2Sc2ccc(Cl)cc21,0.039,-1.408935393,train,<rdkit.Chem.rdchem.Mol object at 0x7f52bd1bc7b0>
Cc1ncc2n1-c1ccc(Cl)cc1C(c1ccccc1F)=NC2,0.039,-1.408935393,train,<rdkit.Chem.rdchem.Mol object at 0x7f52bd1bc820>
CO[C@H]1CN(CC[C@H]1N=C(c1[nH]c(c(c1Cl)Cl)C)O)c1sc(c(n1)c1cnccn1)C(=O)O,0.039,-1.408935393,test,<rdkit.Chem.rdchem.Mol object at 0x7f52bd1bc890>
OC(=O)c1cn(Cc2ccc(cc2)n2ccc3c2cccn3)c2c(c1=O)c(F)ccc2,0.039,-1.408935393,train,<rdkit.Chem.rdchem.Mol object at 0x7f52bd1bc900>
C[C@H]1OCCN(C1)c1ccc2c(n1)ccnc2Nc1ccc(c(c1)c1ncc([nH]1)c1ccccc1)Cl,0.039,-1.408935393,train,<rdkit.Chem.rdchem.Mol object at 0x7f52bd1bc970>
CNCCN(c1cc(OC)c(cc1N=C(C=C)O)Nc1nccc(n1)c1cn(c2c1cccc2)C)C,0.039,-1.408935393,train,<rdkit.Chem.rdchem.Mol object at 0x7f52bd1bca50>
Fc1cccc(c1)C(=N[C@@H]1CCC[C@H](C1)N=C(c1cccc(c1)Cl)O)O,0.039,-1.408935393,train,<rdkit.Chem.rdchem.Mol object at 0x7f52bd1bcac0>
CN[C@H](C(=N[C@H]1CCC[C@@H]2N(C1=O)[C@@H]1CN(CC[C@@H]1C2)C(=O)C(c1ccccc1)c1ccccc1)O)C,0.039,-1.408935393,test,<rdkit.Chem.rdchem.Mol object at 0x7f52bd1bcb30>
Fc1ccc(cc1)CN=C(c1cnn2c1N[C@H](C[C@H]2C(F)(F)F)c1ccc(cn1)C)O,0.039,-1.408935393,test,<rdkit.Chem.rdchem.Mol object at 0x7f52bd1bcba0>
CCCCC(COC(=O)CCCCC(=O)OCC(CCCC)CC)CC,0.03861402,-1.413254983,train,<rdkit.Chem.rdchem.Mol object at 0x7f52bd1bcc10>
CC(C)(C)OC(=O)NC(C(O)C(=O)OC1CC2(O)C(OC(=O)C3C=CC=CC=3)C3C4(COC4CC(O)C3(C)C(=O)C(O)C(=C1C)C2(C)C)OC(C)=O)C1C=CC=CC=1,0.038333333,-1.416423418,train,<rdkit.Chem.rdchem.Mol object at 0x7f52bd1bccf0>
NC(=O)C1=CC(=C(C=C1)OC1=CC=CC2C=CC=NC=21)[N+]([O-])=O,0.0383,-1.416801226,train,<rdkit.Chem.rdchem.Mol object at 0x7f52bd1bcdd0>
COC1C=CC(=CN=1)C1=CC2SC(N)=NC=2C=C1,0.0383,-1.416801226,test,<rdkit.Chem.rdchem.Mol object at 0x7f52bd1bce40>
OC(=O)COC1C=CC(Cl)=CC=1CN1CCN(CC1)S(=O)(=O)C1C=CC=CC=1,0.0383,-1.416801226,train,<rdkit.Chem.rdchem.Mol object at 0x7f52bd1bceb0>
CC1=NC2(N=C1N)C1C=C(C=CC=1CC12CCC(CC1)OC)C1C=C(C=NC=1)C#CCC,0.0383,-1.416801226,train,<rdkit.Chem.rdchem.Mol object at 0x7f52bd1bcf20>
CN1CCN(CCOC2C=CC(=CC=2)C2NC3C(N=2)=NC=C(Br)C=3NC)CC1,0.0383,-1.416801226,train,<rdkit.Chem.rdchem.Mol object at 0x7f52bd1bcf90>
CCOC(=O)C1=C(COCCN)NC(C)=C(C(=O)OC)C1c1ccccc1Cl,0.038,-1.420216403,train,<rdkit.Chem.rdchem.Mol object at 0x7f52bd1bd000>
Cc1ccsc1C(=CCCN1CCC[C@@H](C(=O)O)C1)c1sccc1C,0.038,-1.420216403,test,<rdkit.Chem.rdchem.Mol object at 0x7f52bd1bd070>
CC(C)c1nc(N(C)S(C)(=O)=O)nc(-c2ccc(F)cc2)c1/C=C/[C@@H](O)C[C@@H](O)CC(=O)O,0.038,-1.420216403,train,<rdkit.Chem.rdchem.Mol object at 0x7f52bd1bd0e0>
Nc1ncc(cc1c1ccc(cc1)C(F)(F)F)c1ccc(cc1)S(=O)(=O)C,0.038,-1.420216403,train,<rdkit.Chem.rdchem.Mol object at 0x7f52bd1bd1c0>
[N-]=[N+]=N[C@H]1CN(CC[C@H]1N=C(c1[nH]c(c(c1Cl)Cl)C)O)c1ncc(s1)C(=O)O,0.038,-1.420216403,train,<rdkit.Chem.rdchem.Mol object at 0x7f52bd1bd2a0>
Clc1ccc(cc1)CN(C1CCN(CC1)C1=C(C(=O)C1=O)NS(=O)(=O)c1c(C)noc1C)C,0.038,-1.420216403,train,<rdkit.Chem.rdchem.Mol object at 0x7f52bd1bd310>
Oc1nccc(c1c1nc2c([nH]1)c(C)cc(c2)N1CCOCC1)NCCc1ncn(c1Cl)C,0.038,-1.420216403,test,<rdkit.Chem.rdchem.Mol object at 0x7f52bd1bd380>
O=C1CCc2cc(OCCCCc3nnnn3C3CCCCC3)ccc2N1,0.0375,-1.425968732,train,<rdkit.Chem.rdchem.Mol object at 0x7f52bd1bd3f0>
Clc1ccccc1CN1CCc2sccc2C1,0.0375,-1.425968732,test,<rdkit.Chem.rdchem.Mol object at 0x7f52bd1bd460>
OC(C1=CC=CC=C1Cl)(C1C=CC(Cl)=CC=1)C1C=NC=NC=1,0.037451667,-1.426528853,train,<rdkit.Chem.rdchem.Mol object at 0x7f52bd1bd4d0>
CC(C)NC1=NC(Cl)=NC(NC(C)C)=N1,0.0374185,-1.426913626,train,<rdkit.Chem.rdchem.Mol object at 0x7f52bd1bd540>
COC1C=CC(CC(=O)NC2NC3=CC=CC=C3N=2)=CC=1,0.0374,-1.427128398,train,<rdkit.Chem.rdchem.Mol object at 0x7f52bd1bd5b0>
CC1=C(OC2C=CC(Cl)=CC=2)C2C(=CC=CC=2NS(C)(=O)=O)N1CC(O)=O,0.0374,-1.427128398,train,<rdkit.Chem.rdchem.Mol object at 0x7f52bd1bd620>
CCCN(C1C=CON=1)P(=O)(C1C=CC=CC=1)C1C=CC=CC=1,0.0374,-1.427128398,train,<rdkit.Chem.rdchem.Mol object at 0x7f52bd1bd690>
OCC1C=CC(=CN=1)C1C=CC=C2OCC(CC=12)NC(=O)C1=CN=C(C=C1)OCC(F)(F)F,0.0374,-1.427128398,train,<rdkit.Chem.rdchem.Mol object at 0x7f52bd1bd700>
CC(C)COC1C=CC(=CC=1)C1=CC(=O)NC(N)=N1,0.0374,-1.427128398,train,<rdkit.Chem.rdchem.Mol object at 0x7f52bd1bd770>
COCCCOc1ccnc(C[S+]([O-])c2nc3ccccc3[nH]2)c1C,0.037,-1.431798276,test,<rdkit.Chem.rdchem.Mol object at 0x7f52bd1bd7e0>
Cc1ccc(O)c([C@H](CCN(C(C)C)C(C)C)c2ccccc2)c1,0.037,-1.431798276,test,<rdkit.Chem.rdchem.Mol object at 0x7f52bd1bd850>
OC(=Nc1cccc(c1)C(=O)C)N[C@@H]1CCCC[C@H]1CN1CCC[C@H](C1)Cc1ccc(cc1)F,0.037,-1.431798276,train,<rdkit.Chem.rdchem.Mol object at 0x7f52bd1bd8c0>
Cc1ccc(cc1NC(=O)c1ccc(cc1)OCc1ccccn1)N=C(c1cccc(c1)N1CCOCC1)O,0.037,-1.431798276,train,<rdkit.Chem.rdchem.Mol object at 0x7f52bd1bd930>
COc1cc(F)c2c(c1)[nH]c(=NC1CCN(CC1)CC1=CC3N(C(C1)CCC3)C(=O)C)cc2,0.037,-1.431798276,train,<rdkit.Chem.rdchem.Mol object at 0x7f52bd1bd9a0>
CCCCOC(=O)N1CCN(CC1)C(=O)[C@@H](N=C(c1cc(cc(n1)c1ccccc1)N1CCC(CC1)C(=O)N1CCCC1)O)CCC(=O)O,0.037,-1.431798276,train,<rdkit.Chem.rdchem.Mol object at 0x7f52bd1bda10>
OC(=O)[C@@](CCc1ccc(c(c1)F)c1nc2c(s1)nc(cc2)C1(CC1)c1ccccc1)(N)C,0.037,-1.431798276,train,<rdkit.Chem.rdchem.Mol object at 0x7f52bd1bda80>
CN1CCN(CC1)C(=Nc1cccc(c1)c1ccc2c(c1)sc1c2nc[nH]c1=N)O,0.037,-1.431798276,train,<rdkit.Chem.rdchem.Mol object at 0x7f52bd1bdaf0>
CC[C@@H](C(=O)N1CCC(CC1)N=C(Nc1ccc(cc1)C(F)(F)F)O)C,0.037,-1.431798276,train,<rdkit.Chem.rdchem.Mol object at 0x7f52bd1bdbd0>
COc1ccc(cc1)C12N(CCN1C(=O)c1c2cccc1)C(=O)c1ccc(c(c1)F)F,0.037,-1.431798276,train,<rdkit.Chem.rdchem.Mol object at 0x7f52bd1bdc40>
CO[C@H]1CN(CC[C@H]1N=C(c1[nH]c(c(c1Cl)Cl)C)O)c1sc(c(n1)c1cncc(n1)OCCN(C)C)C(=O)O,0.037,-1.431798276,train,<rdkit.Chem.rdchem.Mol object at 0x7f52bd1bdcb0>
CCC(=O)NC1C=C(Cl)C(Cl)=CC=1,0.0369,-1.432973634,train,<rdkit.Chem.rdchem.Mol object at 0x7f52bd1bdd20>
CON=C(C1=NOCCO1)C1C=CC=CC=1OC1=NC=NC(OC2=CC=CC=C2Cl)=C1F,0.036700167,-1.435331965,train,<rdkit.Chem.rdchem.Mol object at 0x7f52bd1bdd90>
CN(CCCC(=O)NC)C(=O)C1=CC2=C(C=C1)N(C)C1CCC(CC=12)C1CCOCC1,0.0366,-1.436518915,train,<rdkit.Chem.rdchem.Mol object at 0x7f52bd1bde00>
O=C1C=C(N=C2N1C=CN2CC1C=CC=C(Cl)C=1Cl)N1CCOCC1,0.0366,-1.436518915,train,<rdkit.Chem.rdchem.Mol object at 0x7f52bd1bde70>
COC1N=CC(=CN=1)C1C=CC=C2OCC(CC=12)NC(=O)C1C=CC(COCC(F)(F)F)=NC=1,0.0366,-1.436518915,train,<rdkit.Chem.rdchem.Mol object at 0x7f52bd1bdee0>
NC1NC(=O)C(C#N)=C(N=1)C1C=CC=CC=1,0.0366,-1.436518915,train,<rdkit.Chem.rdchem.Mol object at 0x7f52bd1bdf50>
CCCCCCCCCCCC(=O)OC,0.03637394,-1.43920966,train,<rdkit.Chem.rdchem.Mol object at 0x7f52bd1be030>
CC(O)(CS(=O)(=O)c1ccc(F)cc1)C(=O)Nc1ccc(C#N)c(C(F)(F)F)c1,0.03615,-1.441891698,train,<rdkit.Chem.rdchem.Mol object at 0x7f52bd1be0a0>
CC1=CC(NC2N=C(OC(C)C3C=CC(F)=CN=3)C(C#N)=NC=2C)=NN1,0.036067437,-1.44288472,train,<rdkit.Chem.rdchem.Mol object at 0x7f52bd1be110>
CN1CCN(CC1)CC(=Nc1ccc(c2c1c1ccccc1s2)c1cccc2c1oc(cc2=O)N1CCOCC1)O,0.036,-1.443697499,train,<rdkit.Chem.rdchem.Mol object at 0x7f52bd1be180>
CN1CCN(CC1)c1ccc(cc1)Nc1ncc(cn1)N=C(c1cc(ccc1C)N=C(c1cc(F)cc(c1)C(F)(F)F)O)O,0.036,-1.443697499,train,<rdkit.Chem.rdchem.Mol object at 0x7f52bd1be260>
CO[C@H]1CN(CC[C@H]1N=C(c1[nH]c(c(c1Cl)Cl)C)O)c1nc(c(s1)C(=O)O)c1nc(OC)cc(n1)OC,0.036,-1.443697499,test,<rdkit.Chem.rdchem.Mol object at 0x7f52bd1be2d0>
COc1cc2[nH]cc(c(=Nc3ccc(c(c3)Cl)Cl)c2cc1N1CCN(CC1)C)C(=N)O,0.036,-1.443697499,train,<rdkit.Chem.rdchem.Mol object at 0x7f52bd1be3b0>
c1cnc(nc1)Nc1sc2c(n1)c1c[nH]nc1CC2,0.036,-1.443697499,train,<rdkit.Chem.rdchem.Mol object at 0x7f52bd1be420>
Clc1ccccc1c1ccc(cc1)N1CCOc2c(C1=O)c(N)ncn2,0.036,-1.443697499,test,<rdkit.Chem.rdchem.Mol object at 0x7f52bd1be490>
Clc1cccc(c1)[C@@H]1CN(C(=O)N1C1CCN(CC1)Cc1cnc(nc1)Sc1ccc(cc1)C(=O)O)C1CCOCC1,0.036,-1.443697499,train,<rdkit.Chem.rdchem.Mol object at 0x7f52bd1be500>
Fc1ccc(cc1)n1ccc2n(c1=O)cc(n2)COc1ccccc1,0.036,-1.443697499,train,<rdkit.Chem.rdchem.Mol object at 0x7f52bd1be570>
C=CC(=Nc1cc(Nc2ncc(c(n2)c2c[nH]c3c2cccc3)Cl)c(cc1N(CCN(C)C)C)OC)O,0.036,-1.443697499,train,<rdkit.Chem.rdchem.Mol object at 0x7f52bd1be5e0>
CO[C@H]1CN(CC[C@H]1N=C(c1[nH]c(c(c1Cl)Cl)C)O)c1sc(c(n1)C(=NC1COC(OC1)(C)C)O)C(=O)O,0.036,-1.443697499,train,<rdkit.Chem.rdchem.Mol object at 0x7f52bd1be650>
CN1CCN(CC1)C1=NC2=CC=CC=C2NC2C=CC(=CC=21)OS(=O)(=O)C(F)(F)F,0.0358,-1.446116973,train,<rdkit.Chem.rdchem.Mol object at 0x7f52bd1be6c0>
CC1C=CC(F)=C(C=1)NC1C2=CC(OC)=C(C=C2N=CC=1C(N)=O)OC,0.0358,-1.446116973,train,<rdkit.Chem.rdchem.Mol object at 0x7f52bd1be730>
O=C1CCC2C=C(C=CC=2N1)C1=CN=CC2=CC=CC=C21,0.0358,-1.446116973,train,<rdkit.Chem.rdchem.Mol object at 0x7f52bd1be7a0>
O=C1C2=CC=CC=C2C(C(=O)NCC2C=CC(=CC=2)OC(F)(F)F)N1CCC1=CC=CC=N1,0.0358,-1.446116973,train,<rdkit.Chem.rdchem.Mol object at 0x7f52bd1be810>
CC(O)C(NC(=O)C1=CC=C(C=C1)C#CC1=CC=C(CN2CCOCC2)C=C1)C(=O)NO,0.0358,-1.446116973,train,<rdkit.Chem.rdchem.Mol object at 0x7f52bd1be880>
CC(NC1=NC=C(Cl)C(NC2C=C(NN=2)C2CC2)=N1)C1C=CC(F)=CN=1,0.0358,-1.446116973,train,<rdkit.Chem.rdchem.Mol object at 0x7f52bd1be8f0>
CC(C)OC1C=C(NN=1)NC1N=C(NC(C)C2C=CC(F)=CC=2)N=C(NC(CO)CO)C=1Cl,0.0358,-1.446116973,train,<rdkit.Chem.rdchem.Mol object at 0x7f52bd1be9d0>
O=C1C2=CC=CC=C2C(C(=O)NCC2C=CC(=CC=2)OC(F)(F)F)N1CC1CCCO1,0.0358,-1.446116973,test,<rdkit.Chem.rdchem.Mol object at 0x7f52bd1bea40>
CCC12CCC3C4CCC(=O)C=C4CCC3C1CCC2(O)C#C,0.035528017,-1.449429031,train,<rdkit.Chem.rdchem.Mol object at 0x7f52bd1beab0>
CC(NC(CCC1C=CC=CC=1)C(=O)OCC)C(=O)N1CC2C=CC=CC=2CC1C(O)=O,0.035411862,-1.450851232,train,<rdkit.Chem.rdchem.Mol object at 0x7f52bd1beb20>
OC1C=C(O)C=CC=1C(=O)C1=CC=C(O)C=C1O,0.0354,-1.450996738,train,<rdkit.Chem.rdchem.Mol object at 0x7f52bd1beb90>
OC(=O)C1C=CC=CC=1C(=O)OCC1C=CC=CC=1,0.035199068,-1.453468842,train,<rdkit.Chem.rdchem.Mol object at 0x7f52bd1bec00>
CCN(CC)CC#CCOC(=O)C(O)(c1ccccc1)C1CCCCC1,0.035191097,-1.453567191,test,<rdkit.Chem.rdchem.Mol object at 0x7f52bd1bec70>
CN1C(=O)CN=C(c2ccccc2)c2cc(Cl)ccc21,0.035,-1.455931956,test,<rdkit.Chem.rdchem.Mol object at 0x7f52bd1bece0>
c1ccc(nc1)Nc1scc(n1)c1c[nH]nc1,0.035,-1.455931956,train,<rdkit.Chem.rdchem.Mol object at 0x7f52bd1bee30>
COc1ccc(cc1)c1ccc(cc1)S(=O)(=O)N[C@@H](C(=O)O)C1CCC2(CC1)OCCCO2,0.035,-1.455931956,train,<rdkit.Chem.rdchem.Mol object at 0x7f52bd1beea0>
N#Cc1ccc(cc1)c1ccc(o1)C1=NOC(N1c1ccc(cc1)N1CCNCC1)c1ccccc1c1cncnc1,0.035,-1.455931956,train,<rdkit.Chem.rdchem.Mol object at 0x7f52bd1bef10>
CC1=C(SC2C=CC(Cl)=CC=2)C2C(=CC=CC=2N1CC(O)=O)S(C)(=O)=O,0.035,-1.455931956,train,<rdkit.Chem.rdchem.Mol object at 0x7f52bd1bef80>
Clc1cccc(c1)CC[N+]12CCC(CC1)[C@H](C2)OC(=O)[C@](c1ccccc1)(N1CCCCC1)C,0.035,-1.455931956,train,<rdkit.Chem.rdchem.Mol object at 0x7f52bd1beff0>
NC(=O)C1C=NC=C(N=1)C1C=CC(=CC=1)C1CCC(CC(O)=O)CC1,0.035,-1.455931956,test,<rdkit.Chem.rdchem.Mol object at 0x7f52bd1bf0d0>
CC1C(Cl)=C(C=CC=1Cl)OC1CCN(CC1)C1CCN(CC1)C(=O)C1=CC(=CC=C1)S(C)(=O)=O,0.035,-1.455931956,train,<rdkit.Chem.rdchem.Mol object at 0x7f52bd1bf1b0>
CN1CCc2c(C1)sc(n2)C#Cc1ccccc1,0.035,-1.455931956,train,<rdkit.Chem.rdchem.Mol object at 0x7f52bd1bf220>
CCCCOP(=O)(OCCCC)OCCCC,0.034804985,-1.458358549,train,<rdkit.Chem.rdchem.Mol object at 0x7f52bd1bf300>
CCCCCCCC1CCC(=O)O1,0.0345,-1.462180905,test,<rdkit.Chem.rdchem.Mol object at 0x7f52bd1bf370>
NC1N=CN=C2N=C(C=C(C2=1)C1=CC(Br)=CC=C1)C1=CN=C(C=C1)N1CCOCC1,0.0343,-1.46470588,train,<rdkit.Chem.rdchem.Mol object at 0x7f52bd1bf3e0>
C=CC(=O)N1CCCC(n2nc(-c3ccc(Oc4ccccc4)cc3)c3c(N)ncnc32)C1,0.0343,-1.46470588,train,<rdkit.Chem.rdchem.Mol object at 0x7f52bd1bf4c0>
CC1=CC(=NC(C)=C1OC)C1(N=C(N)C2C(F)=CC=CC1=2)C1C=C(C=CC=1)C1C=NC=NC=1,0.0343,-1.46470588,train,<rdkit.Chem.rdchem.Mol object at 0x7f52bd1bf530>
CC1C=C(C#CC)N=C(NC2C=CC=CC=2)N=1,0.034187021,-1.466138748,train,<rdkit.Chem.rdchem.Mol object at 0x7f52bd1bf5a0>
COc1ccc2c(c1)N(C[C@H](C)CN(C)C)c1ccccc1S2,0.034,-1.468521083,train,<rdkit.Chem.rdchem.Mol object at 0x7f52bd1bf610>
CCOc1cc2[nH]cc(c(=Nc3ccc(c(c3)Cl)F)c2cc1N1CCN(CC1)C)C(=N)O,0.034,-1.468521083,train,<rdkit.Chem.rdchem.Mol object at 0x7f52bd1bf680>
CCc1ccc(cc1)/C=C/C(=NC1=NCCS1)O,0.034,-1.468521083,train,<rdkit.Chem.rdchem.Mol object at 0x7f52bd1bf6f0>
CCc1cccc(n1)NC(=O)c1cc(Oc2cncnc2)cc(n1)C,0.034,-1.468521083,train,<rdkit.Chem.rdchem.Mol object at 0x7f52bd1bf760>
COCc1nc(sc1C(=O)O)N1CC[C@H]([C@H](C1)OC)N=C(c1[nH]c(c(c1Cl)Cl)C)O,0.034,-1.468521083,train,<rdkit.Chem.rdchem.Mol object at 0x7f52bd1bf7d0>
CC1CCCCC1C(=O)N1CC(C1)c1onc(n1)c1cccc(c1)F,0.034,-1.468521083,train,<rdkit.Chem.rdchem.Mol object at 0x7f52bd1bf840>
COC[C@H]1C[C@@H]1c1cc(nc(n1)c1ccccc1)C(=O)N[C@H](C(=O)N1CCN(CC1)C(=O)OCC)CCC(=O)O,0.034,-1.468521083,train,<rdkit.Chem.rdchem.Mol object at 0x7f52bd1bf8b0>
Nc1nc2ccc(OC(F)(F)F)cc2s1,0.033882149,-1.470029056,test,<rdkit.Chem.rdchem.Mol object at 0x7f52bd1bf920>
CC1C(O)=C(C(=O)OC)C(C)=CC=1O,0.0335,-1.474955193,train,<rdkit.Chem.rdchem.Mol object at 0x7f52bd1bf990>
CN(C)CCC1CCN(CC1)C1C=C(C2=CC=CC=C2N=1)C(=O)NCC1CCC(CNC(=O)OC(C)(C)C)CC1,0.0335,-1.474955193,test,<rdkit.Chem.rdchem.Mol object at 0x7f52bd1bfa00>
CCC1C=CC(=CC=1)C(=O)NN(C(=O)C1C=C(C)C=C(C)C=1)C(C)(C)C,0.033297501,-1.477588366,train,<rdkit.Chem.rdchem.Mol object at 0x7f52bd1bfa70>
Cc1onc(-c2c(Cl)cccc2Cl)c1C(=O)N[C@@H]1C(=O)N2[C@@H]1SC(C)(C)[C@@H]2C(=O)O,0.033,-1.48148606,train,<rdkit.Chem.rdchem.Mol object at 0x7f52bd1bfae0>
CCOC(=O)[C@H](CCc1ccccc1)N[C@H]1CCc2ccccc2N(CC(=O)O)C1=O,0.033,-1.48148606,train,<rdkit.Chem.rdchem.Mol object at 0x7f52bd1bfb50>
NC(=N)Nc1ncc(c2c1cc(cc2)S(=O)(=O)NC(C(=O)O)(C)C)Cl,0.033,-1.48148606,train,<rdkit.Chem.rdchem.Mol object at 0x7f52bd1bfbc0>
COc1c(C)cnc(c1C)Cn1cc(c2c1nc(=N)[nH]c2Cl)C#CCC(O)(C)C,0.033,-1.48148606,test,<rdkit.Chem.rdchem.Mol object at 0x7f52bd1bfc30>
Fc1ccc(cc1)CN=C(c1nc(N(C(=O)C(=O)N2CCCC2)C)c2c(c1O)nccc2)O,0.033,-1.48148606,train,<rdkit.Chem.rdchem.Mol object at 0x7f52bd1bfca0>
OC(=O)c1cn(Cc2ccc3c(c2)cccc3)c2c(c1=O)c(F)ccc2,0.033,-1.48148606,train,<rdkit.Chem.rdchem.Mol object at 0x7f52bd1bfdf0>
O=C(N([C@@H](C(=NC(C)(C)C)O)c1cccnc1)c1ccc(cc1)C(C)(C)C)c1ccco1,0.033,-1.48148606,train,<rdkit.Chem.rdchem.Mol object at 0x7f52bd1bfe60>
OC(=O)COc1ccc(cc1C#Cc1cncc(c1)S(=O)(=O)N(C)C)Cl,0.033,-1.48148606,test,<rdkit.Chem.rdchem.Mol object at 0x7f52bd1c0040>
O=C(c1ccc(cc1)OCc1ccccn1)Nc1cc(ccc1C)c1ncc(s1)CN1CCOCC1,0.033,-1.48148606,train,<rdkit.Chem.rdchem.Mol object at 0x7f52bd1c00b0>
O=N(=O)c1ccc(o1)C1=NOC(C1)c1ccc(nc1)N1CCOCC1,0.033,-1.48148606,train,<rdkit.Chem.rdchem.Mol object at 0x7f52bd1c0120>
OC[C@H](Cn1ncc2c(c1=O)c(cnc2)Nc1ccc(cc1F)I)O,0.033,-1.48148606,test,<rdkit.Chem.rdchem.Mol object at 0x7f52bd1c0190>
CN(CCN=C(c1cc(C(Nc2cccc(c2F)Cl)C)c2n(c1)c(=O)cc(n2)N1CCOCC1)O)C,0.033,-1.48148606,test,<rdkit.Chem.rdchem.Mol object at 0x7f52bd1c0200>
COC(=O)N1CCN(CC1)C1CCN(CC1)c1cc(C)c2c(c1)nc([nH]2)c1c(NCCn2ncc(c2)Cl)ccnc1O,0.033,-1.48148606,train,<rdkit.Chem.rdchem.Mol object at 0x7f52bd1c0270>
CN1CCN(CC1)C1=CC=CC=C1C=C1SCCN(C1=O)C1C=C(Cl)C(Cl)=CC=1,0.0329,-1.482804102,train,<rdkit.Chem.rdchem.Mol object at 0x7f52bd1c02e0>
CN1CCN(CC1)C1CCN(CC1)C1=CC(OC)=C(C=C1)NC1N=C(NC2=CC=CC=C2S(=O)(=O)C(C)C)C(Cl)=CN=1,0.0328,-1.484126156,train,<rdkit.Chem.rdchem.Mol object at 0x7f52bd1c0350>
CN(CC(=O)NC1CC1)C(=O)C1=CC2=C(C=C1)N(C)C1CCC(CC=12)C1CCOCC1,0.0328,-1.484126156,train,<rdkit.Chem.rdchem.Mol object at 0x7f52bd1c03c0>
NC(=O)C1=CC(=NN1C1C=C(C=CC=1)C1C=C(C=CC=1C(F)(F)F)C(F)(F)F)C(N)=O,0.0328,-1.484126156,train,<rdkit.Chem.rdchem.Mol object at 0x7f52bd1c0430>
OC(=O)CC1=CC(=CC=C1)N1CCC(CN2CCC(CC2)OC2=CC(Cl)=C(Cl)C=C2)CC1,0.0328,-1.484126156,train,<rdkit.Chem.rdchem.Mol object at 0x7f52bd1c04a0>
CCCCOC(=O)C1=CC=CC=C1C(=O)OCCCC,0.032308788,-1.490679337,train,<rdkit.Chem.rdchem.Mol object at 0x7f52bd1c0580>
CC1=CC(=CC(C)=C1)C1=NN=C(O1)SCC(=O)N1CCN(CC1)C(=O)C1=CC=CO1,0.0321,-1.493494968,train,<rdkit.Chem.rdchem.Mol object at 0x7f52bd1c05f0>
NS(=O)(=O)C1=CC=C(CCNC2C=CC3=NN=C(C4C=CC=CC=4)N3N=2)C=C1,0.0321,-1.493494968,train,<rdkit.Chem.rdchem.Mol object at 0x7f52bd1c0660>
CC(=O)N1CCN(CC1)C1=NC2C(=O)N(CC=2C(NC(C)(C)CC2C=CC(Cl)=CC=2)=N1)C(C)C,0.0321,-1.493494968,test,<rdkit.Chem.rdchem.Mol object at 0x7f52bd1c06d0>
O=C1C2=CC=CC=C2C(C(=O)NCC2=CC(OC(F)(F)F)=C(F)C=C2)N1CCC1N=CC(F)=CN=1,0.0321,-1.493494968,train,<rdkit.Chem.rdchem.Mol object at 0x7f52bd1c0740>
CC12CC3C=NN(C=3C=C1CCC2(O)CCC1C=CC(F)=CC=1C(N)=O)C1C=CC(F)=CC=1,0.0321,-1.493494968,test,<rdkit.Chem.rdchem.Mol object at 0x7f52bd1c0890>
COc1cc(OC)cc(c1)C(=Nc1ccc(c(c1)C(=Nc1cnc(nc1)Nc1ccc(cc1)N1CCN(CC1)C)O)C)O,0.032,-1.494850022,train,<rdkit.Chem.rdchem.Mol object at 0x7f52bd1c09e0>
FC(C1(CC1)Cc1cnc([nH]1)CC(c1ccc(cc1)n1cccn1)(O)C)(F)F,0.032,-1.494850022,train,<rdkit.Chem.rdchem.Mol object at 0x7f52bd1c0a50>
CO[C@H]1CN(CC[C@H]1N=C(c1[nH]c(c(c1Cl)Cl)C)O)c1sc(c(n1)c1ncnn1C)C(=O)O,0.032,-1.494850022,test,<rdkit.Chem.rdchem.Mol object at 0x7f52bd1c0ac0>
OC(=N[C@@H](c1ccc(cn1)OCC(F)(F)F)C)Cc1ccc(cc1)c1nccnc1C,0.032,-1.494850022,test,<rdkit.Chem.rdchem.Mol object at 0x7f52bd1c0b30>
COc1cc2[nH]cc(c(=Nc3ccc(cc3Cl)Cl)c2cc1N1CCN(CC1)C)C(=N)O,0.032,-1.494850022,test,<rdkit.Chem.rdchem.Mol object at 0x7f52bd1c0ba0>
CCOc1ccc(c(c1)[C@H](C(=O)N1CCC[C@@H]1c1cc(ccc1S(=O)(=O)C(C)C)N=C(OC)O)Nc1ccc2c(c1)ccnc2N)F,0.032,-1.494850022,train,<rdkit.Chem.rdchem.Mol object at 0x7f52bd1c0c10>
O=C(c1ccc(cc1)OCc1ccccn1)Nc1cc(ccc1C)c1cnc([nH]1)C,0.032,-1.494850022,train,<rdkit.Chem.rdchem.Mol object at 0x7f52bd1c0c80>
C=CC(=Nc1cc(Nc2ncc(c(n2)c2cnn3c2cccc3)Cl)c(cc1N(CCN(C)C)C)OC)O,0.032,-1.494850022,train,<rdkit.Chem.rdchem.Mol object at 0x7f52bd1c0cf0>
CO[C@H]1CN(CC[C@H]1N=C(c1[nH]c(c(c1Cl)Cl)C)O)c1sc(c(n1)C(=NCC1(C)OCCO1)O)C(=O)O,0.032,-1.494850022,test,<rdkit.Chem.rdchem.Mol object at 0x7f52bd1c0d60>
O=C(NC1C=CC=CC=1C1C=CC(Cl)=CC=1)C1C=CC=NC=1Cl,0.031669001,-1.499365643,train,<rdkit.Chem.rdchem.Mol object at 0x7f52bd1c0dd0>
CC(C)CC1=C(C2C(=CC=CC=2N1CC1C=CC=CC=1)OCC(O)=O)C(=O)C(N)=O,0.0313,-1.504455662,train,<rdkit.Chem.rdchem.Mol object at 0x7f52bd1c0eb0>
OC1C=CC(CCNCCN(C2CCCCC2)C(=O)CCNCCC2=CC(Cl)=C(Cl)C=C2)=C2OCC(=O)NC2=1,0.0313,-1.504455662,train,<rdkit.Chem.rdchem.Mol object at 0x7f52bd1c0f20>
O=C(CC1CCN(CC2=CN(C=C2)C2C=CC(=CC=2)C(F)(F)F)CC1)NC(C1=CC=C(F)C=C1)C1=CN=CC=C1,0.0313,-1.504455662,train,<rdkit.Chem.rdchem.Mol object at 0x7f52bd1c0f90>
OC1C=CC(=CC=1)C1(OC(=O)C2C=CC=CC1=2)C1C=CC(O)=CC=1,0.031160052,-1.506401826,train,<rdkit.Chem.rdchem.Mol object at 0x7f52bd1c10e0>
ClC(Cl)C(C1=CC=C(Cl)C=C1)C1=CC=C(Cl)C=C1,0.031146,-1.506597721,train,<rdkit.Chem.rdchem.Mol object at 0x7f52bd1c1150>
Fc1ccc(cc1)C[C@@H]1CCCN(C1)C[C@@H]1CCCC[C@H]1N=C(Nc1nc(c(s1)C(=O)C)C)O,0.031,-1.508638306,train,<rdkit.Chem.rdchem.Mol object at 0x7f52bd1c11c0>
c1cnc(nc1)Nc1sc2c(n1)c1c[nH]nc1CCC2,0.031,-1.508638306,train,<rdkit.Chem.rdchem.Mol object at 0x7f52bd1c1230>
CN(CCN([C@H]1COc2ccccc2c2n(C1)c1cc(ccc1c2C1CCCCC1)C(=O)O)C)C,0.031,-1.508638306,train,<rdkit.Chem.rdchem.Mol object at 0x7f52bd1c12a0>
COc1cc2c(cc1OC)nnc(c2Nc1cc(C)ccc1F)C(=N)O,0.031,-1.508638306,train,<rdkit.Chem.rdchem.Mol object at 0x7f52bd1c1310>
OC(=O)CCc1ccc(cc1)C#Cc1cc(Cl)nc(c1)Cl,0.031,-1.508638306,train,<rdkit.Chem.rdchem.Mol object at 0x7f52bd1c1380>
Nc1ncc(cc1c1ccc(c(c1)C(F)(F)F)C)c1ccc(cc1)S(=O)(=O)C,0.031,-1.508638306,train,<rdkit.Chem.rdchem.Mol object at 0x7f52bd1c13f0>
CCO[C@H]1CN(CC[C@H]1N=C(c1[nH]c(c(c1Cl)Cl)C)O)c1ncc(s1)C(=O)O,0.031,-1.508638306,train,<rdkit.Chem.rdchem.Mol object at 0x7f52bd1c14d0>
COC1=CC(=NC(=N1)SC1=CC=CC(Cl)=C1C(O)=O)OC,0.030867834,-1.510493851,train,<rdkit.Chem.rdchem.Mol object at 0x7f52bd1c15b0>
O=C(NC1C=CC(Cl)=CC=1)NC(=O)C1C(F)=CC=CC=1F,0.0308,-1.511449283,train,<rdkit.Chem.rdchem.Mol object at 0x7f52bd1c1620>
C1=CC=CC=C1C1=NNC2=CC=CC=C21,0.0307,-1.512861625,train,<rdkit.Chem.rdchem.Mol object at 0x7f52bd1c1690>
OC1C2N=CC=CC=2C=CC=1C(=O)NCC1C=CC=CC=1,0.0307,-1.512861625,train,<rdkit.Chem.rdchem.Mol object at 0x7f52bd1c1700>
O=C1C=C(N=C2N1C=CN2CC1=CC=CC2=CC=CC=C12)N1CCOCC1,0.0307,-1.512861625,train,<rdkit.Chem.rdchem.Mol object at 0x7f52bd1c1770>
O=C(NS(=O)(=O)C1=CC=CC=C1Cl)N1CCC(CC1)N1CCC(CC1)OC1C=CC(Cl)=C(Cl)C=1,0.0307,-1.512861625,train,<rdkit.Chem.rdchem.Mol object at 0x7f52bd1c17e0>
CC(C)(C)SCSP(=S)(OCC)OCC,0.0306,-1.514278574,train,<rdkit.Chem.rdchem.Mol object at 0x7f52bd1c1850>
NC1C=C2C(=CC=1)C(=O)C1C=CC=CC=1C2=O,0.0305,-1.515700161,train,<rdkit.Chem.rdchem.Mol object at 0x7f52bd1c18c0>
CN(C)C1C=CC(=CC=1)N=NC1C=CC=CC=1C(O)=O,0.0304,-1.517126416,train,<rdkit.Chem.rdchem.Mol object at 0x7f52bd1c1930>
CC(=O)C1(O)CC2C(C(C1)OC1CC(N)C(O)C(C)O1)=C(O)C1=C(C(=O)C3=CC=CC(OC)=C3C1=O)C=2O,0.03,-1.522878745,train,<rdkit.Chem.rdchem.Mol object at 0x7f52bd1c1a80>
O=C1CN=C(c2ccccc2)c2cc(Cl)ccc2N1,0.03,-1.522878745,train,<rdkit.Chem.rdchem.Mol object at 0x7f52bd1c1af0>
CCN(CC)CCN1C(=O)CN=C(c2ccccc2F)c2cc(Cl)ccc21,0.03,-1.522878745,train,<rdkit.Chem.rdchem.Mol object at 0x7f52bd1c1bd0>
COC1C(CC=C(C)CCC(=O)OCCN2CCOCC2)=C(O)C2=C(COC2=O)C=1C,0.03,-1.522878745,train,<rdkit.Chem.rdchem.Mol object at 0x7f52bd1c1c40>
O=C1c2ccccc2C(=O)C1c1ccccc1,0.03,-1.522878745,train,<rdkit.Chem.rdchem.Mol object at 0x7f52bd1c1cb0>
O=C1CN=C(c2ccccc2)c2cc(Cl)ccc2N1CC1CC1,0.03,-1.522878745,train,<rdkit.Chem.rdchem.Mol object at 0x7f52bd1c1d20>
CC(CCC(O)=O)C1CCC2C3C(CCC21C)C1(C)CCC(O)CC1CC3O,0.03,-1.522878745,train,<rdkit.Chem.rdchem.Mol object at 0x7f52bd1c1d90>
NC1C=CC(=CC=1)S(=O)(=O)NC1=CC=C(Cl)N=N1,0.03,-1.522878745,test,<rdkit.Chem.rdchem.Mol object at 0x7f52bd1c1e70>
CCC1=NN=C(NS(=O)(=O)C2C=CC(N)=CC=2)S1,0.03,-1.522878745,train,<rdkit.Chem.rdchem.Mol object at 0x7f52bd1c1ee0>
CC(CC1C=CC=CC=1)NCCC(C1C=CC=CC=1)C1C=CC=CC=1,0.03,-1.522878745,test,<rdkit.Chem.rdchem.Mol object at 0x7f52bd1c1f50>
CCCCCc1cc(O)c2c(c1)OC(C)(C)[C@@H]1CCC(C)=C[C@@H]21,0.03,-1.522878745,train,<rdkit.Chem.rdchem.Mol object at 0x7f52bd1c1fc0>
CC(C)(C)NC(=O)[C@H]1CC[C@H]2[C@@H]3CC=C4C=C(C(=O)O)CC[C@]4(C)[C@H]3CC[C@]12C,0.03,-1.522878745,test,<rdkit.Chem.rdchem.Mol object at 0x7f52bd1c20a0>
CCCC(=Nc1cccc(c1)N=C(c1ccccc1Br)O)O,0.03,-1.522878745,train,<rdkit.Chem.rdchem.Mol object at 0x7f52bd1c2110>
COc1ncc(cn1)[C@H](CC(=O)O)CCCCCCc1ccc2c(n1)NCCC2,0.03,-1.522878745,train,<rdkit.Chem.rdchem.Mol object at 0x7f52bd1c21f0>
ON=C(CCCC1CCN(CC1)S(=O)(=O)c1cccc2c1cccc2)O,0.03,-1.522878745,train,<rdkit.Chem.rdchem.Mol object at 0x7f52bd1c2260>
CC12CCC(=O)C=C1C1CC1C1C2CCC2(C)C1C1CC1C21CCC(=O)O1,0.03,-1.522878745,train,<rdkit.Chem.rdchem.Mol object at 0x7f52bd1c22d0>
NC(=O)NC(=O)C(NC1C=CC2CCCC=2C=1)C1C=CC=CC=1,0.03,-1.522878745,train,<rdkit.Chem.rdchem.Mol object at 0x7f52bd1c2340>
OC(=NCc1ccc(c(c1)C(F)(F)F)N1[C@@H]2CCC[C@H]1CC2)Nc1cccc2c1cn[nH]2,0.03,-1.522878745,train,<rdkit.Chem.rdchem.Mol object at 0x7f52bd1c23b0>
CC1C=CC2C(=CC=CC=2N=1)OCCN1CCC(CC2C=CC=C(C=2)NS(C)(=O)=O)CC1,0.03,-1.522878745,train,<rdkit.Chem.rdchem.Mol object at 0x7f52bd1c2420>
OC[C@@H](Cn1cnc2c(c1=O)c(Nc1ccc(cc1F)I)c(c(=O)n2C)F)O,0.03,-1.522878745,train,<rdkit.Chem.rdchem.Mol object at 0x7f52bd1c2490>
CC1=NC(C)=C(N=C1C(N)=O)C1=CC=C(C=C1)C1CCC(CCO)CC1,0.03,-1.522878745,train,<rdkit.Chem.rdchem.Mol object at 0x7f52bd1c2570>
OC(=NC1CCN(CC1)CCC1CCS(=O)(=O)C1)Nc1cc(cc(c1)C(F)(F)F)C(F)(F)F,0.03,-1.522878745,test,<rdkit.Chem.rdchem.Mol object at 0x7f52bd1c25e0>
COc1cc2c(cc1OC)nc(nc2N1CCc2c(C1)cc(c(c2)OC)OC)N1CCCN(CC1)C(=O)N1CC(C(C1)O)O,0.03,-1.522878745,train,<rdkit.Chem.rdchem.Mol object at 0x7f52bd1c2650>
Fc1ccc(c(c1)S(=O)(=O)C)CNC(=O)c1nc(C2CC(=O)N(C2)C)c2c(c1O)nccc2,0.03,-1.522878745,train,<rdkit.Chem.rdchem.Mol object at 0x7f52bd1c26c0>
CC(C)N1CCN(CC2=CN=C(O2)C2C=C(C=C3NN=CC=23)C2C=CC=C3NC=CC=23)CC1,0.03,-1.522878745,train,<rdkit.Chem.rdchem.Mol object at 0x7f52bd1c2730>
CCCCNc1cccc(c1)N=C(c1ccccc1Br)O,0.03,-1.522878745,train,<rdkit.Chem.rdchem.Mol object at 0x7f52bd1c2810>
CCC12CCC3C4CCC(C=C4CCC3C1CCC2(O)C#C)=NO,0.03,-1.522878745,train,<rdkit.Chem.rdchem.Mol object at 0x7f52bd1c2960>
CC(C)(C)OC(=O)NCC1CCC(CNC(=O)C2=CC(=NC3=CC=CC=C23)N2CCC(CCN3CC(O)C3)CC2)CC1,0.03,-1.522878745,train,<rdkit.Chem.rdchem.Mol object at 0x7f52bd1c2a40>
OC[C@H]1O[C@H](Oc2ccc(cc2)N2CCc3c2cccc3)[C@H]([C@H]([C@@H]1O)O)O,0.03,-1.522878745,train,<rdkit.Chem.rdchem.Mol object at 0x7f52bd1c2ab0>
CCN=C(Nc1ccc(cc1)c1nc2CCN(Cc2c(n1)N1CCOC[C@@H]1C)c1nccnc1)O,0.03,-1.522878745,train,<rdkit.Chem.rdchem.Mol object at 0x7f52bd1c2b20>
CCN=C(Nc1ccc(cc1)c1nc2CN(CCc2c(n1)N1CCOC[C@@H]1C)c1snc(n1)C)O,0.03,-1.522878745,train,<rdkit.Chem.rdchem.Mol object at 0x7f52bd1c2b90>
CCOc1cc2nccc(c2cc1OC)Oc1cnc(c(c1)OC)CC(=Nc1n[nH]c(c1C)CC)O,0.03,-1.522878745,train,<rdkit.Chem.rdchem.Mol object at 0x7f52bd1c2c00>
CN(CC[C@H](n1ncc(c1)NC(=O)c1n[nH]c2c1ccc(c2)c1c[nH]nc1)c1ccccc1)C,0.03,-1.522878745,train,<rdkit.Chem.rdchem.Mol object at 0x7f52bd1c2c70>
CN1CCN(CC1)C[C@H](C1CCCCC1)N=C(C[C@H]1CNC(=O)c2n1cc(c2)c1cccc(c1)Cl)O,0.03,-1.522878745,train,<rdkit.Chem.rdchem.Mol object at 0x7f52bd1c2ce0>
C=CCN=C(Nc1nc2c(s1)n(CCC(C)C)c(=O)c(c2)c1cccnc1)O,0.03,-1.522878745,train,<rdkit.Chem.rdchem.Mol object at 0x7f52bd1c2d50>
O=C(C1(CCCCCC1)C1=CC=CC1)O[C@H]1C[N+]2(CCOCc3ccccc3)CCC1CC2,0.03,-1.522878745,train,<rdkit.Chem.rdchem.Mol object at 0x7f52bd1c2dc0>
Cc1o[n-]c(=[NH+]C(=O)C[N+]23CCC(CC2)[C@H](C3)OC(=O)C2(CCCCCC2)C2=CC=CC2)c1,0.03,-1.522878745,train,<rdkit.Chem.rdchem.Mol object at 0x7f52bd1c2ea0>
CC1OC(C)C2N(C1)c1c(CC32C(=NC(=O)N=C3O)O)cc2c(c1Cl)onc2C,0.03,-1.522878745,test,<rdkit.Chem.rdchem.Mol object at 0x7f52bd1c2f10>
OC[C@@H](Nc1ncc2c(n1)CN(CC2)C(=N[C@@H](c1ccc(c(c1)Cl)Cl)C)O)C,0.03,-1.522878745,train,<rdkit.Chem.rdchem.Mol object at 0x7f52bd1c2ff0>
O=C(c1n[nH]c2c1C[C@H]1[C@@](C2)(C1(F)F)C)Nc1cnn(c1)[C@@H]([C@H]1CCCCS1(=O)=O)c1ccccc1,0.03,-1.522878745,train,<rdkit.Chem.rdchem.Mol object at 0x7f52bd1c3060>
OC(=N[C@@H]1CCN(CC21OCCCO2)c1ncc(s1)C(=O)O)c1[nH]c(c(c1Cl)Cl)C,0.03,-1.522878745,train,<rdkit.Chem.rdchem.Mol object at 0x7f52bd1c30d0>
O=C(c1n[nH]c2c1C[C@@H]1C[C@@]1(C2)C)Nc1cnn(c1)[C@H](c1ccccc1)C1CCS(=O)(=O)CC1,0.03,-1.522878745,train,<rdkit.Chem.rdchem.Mol object at 0x7f52bd1c3140>
CN1CCN(C2=Nc3cc(Cl)ccc3Nc3ccccc32)CC1,0.03,-1.522878745,train,<rdkit.Chem.rdchem.Mol object at 0x7f52bd1c31b0>
CN1CCCC1c1nc(O)c(c(n1)C(=NCc1ccc(cc1)F)O)O,0.03,-1.522878745,train,<rdkit.Chem.rdchem.Mol object at 0x7f52bd1c3220>
O=C(NC1=CC(Cl)=NC=C1)NC1C=CC=CC=1,0.029775,-1.52614823,train,<rdkit.Chem.rdchem.Mol object at 0x7f52bd1c3300>
OC1C(Cl)=C(Cl)C(Cl)=C(Cl)C=1Cl,0.0297065,-1.527148513,train,<rdkit.Chem.rdchem.Mol object at 0x7f52bd1c3370>
O=C(CN1CCCCCC1)N1C2=CC=CC=C2SC2=CC=CC=C12,0.0293,-1.53313238,train,<rdkit.Chem.rdchem.Mol object at 0x7f52bd1c33e0>
CC1NC(=C(Cl)C=1Cl)C(=O)NC1CCN(CC1)C1=NC=C(S1)C(O)=O,0.0293,-1.53313238,train,<rdkit.Chem.rdchem.Mol object at 0x7f52bd1c3450>
CC1=CC=C(CCNC(=O)C2=CC3N=C(CO)SC=3C=C2)C=C1,0.0293,-1.53313238,train,<rdkit.Chem.rdchem.Mol object at 0x7f52bd1c34c0>
NC1=NC(C2C=CC=C(F)C=21)(C1=CC(C2C=NC=NC=2)=C(F)C=C1)C1=CC(=NC=C1)C(F)(F)F,0.0293,-1.53313238,train,<rdkit.Chem.rdchem.Mol object at 0x7f52bd1c3530>
N#CC1C=CC(F)=C(C=1)C1C=C(C=CC=1OCC(O)=O)C(F)(F)F,0.0293,-1.53313238,train,<rdkit.Chem.rdchem.Mol object at 0x7f52bd1c35a0>
COC1C=C(OC)C(=CC=1S(=O)(=O)N1C(C)CCC2=CC=CC=C12)NC(=O)CSC1C=CN=CC=1,0.0293,-1.53313238,train,<rdkit.Chem.rdchem.Mol object at 0x7f52bd1c3610>
COC1C=CC(=CC=1)C1NC2C(N=1)=NC=C(Br)C=2NCCCNC(=O)C1(CN)CC1,0.0293,-1.53313238,train,<rdkit.Chem.rdchem.Mol object at 0x7f52bd1c3680>
C[Si](CN1C=NC=N1)(C1C=CC(F)=CC=1)C1C=CC(F)=CC=1,0.02925,-1.53387413,train,<rdkit.Chem.rdchem.Mol object at 0x7f52bd1c36f0>
OC(=O)COc1ccc(cc1C#Cc1cccnc1)Cl,0.029,-1.537602002,train,<rdkit.Chem.rdchem.Mol object at 0x7f52bd1c37d0>
OC(=Nc1ncc(s1)c1cc(nn1c1c(Cl)cccc1Cl)C(F)F)C(C)C,0.029,-1.537602002,train,<rdkit.Chem.rdchem.Mol object at 0x7f52bd1c3840>
OC(=Nc1cncc(n1)Cl)C[N+]12CCC(CC1)[C@H](C2)OC(=O)[C@](c1cccs1)(N1CCCCC1)C,0.029,-1.537602002,train,<rdkit.Chem.rdchem.Mol object at 0x7f52bd1c38b0>
C=CC(=O)Nc1cc(Nc2nccc(-c3cn(C)c4ccccc34)n2)c(OC)cc1N(C)CCN(C)C,0.029,-1.537602002,train,<rdkit.Chem.rdchem.Mol object at 0x7f52bd1c3920>
CO[C@H]1CN(CC[C@H]1N=C(c1[nH]c(c(c1Cl)Cl)C)O)c1nc(c(s1)C(=O)O)CO,0.029,-1.537602002,train,<rdkit.Chem.rdchem.Mol object at 0x7f52bd1c3990>
N#Cc1ccc(cc1)CN1CCN(CC1)C1=C(C(=O)C1=O)NS(=O)(=O)c1c(C)noc1C,0.029,-1.537602002,train,<rdkit.Chem.rdchem.Mol object at 0x7f52bd1c3a00>
O=C(NC1=CN=NS1)NC1C=CC=CC=1,0.028395834,-1.546745379,train,<rdkit.Chem.rdchem.Mol object at 0x7f52bd1c3ae0>
C#CCN1C2C=C(C(F)=CC=2OCC1=O)N1C(=O)C2CCCCC=2C1=O,0.028345334,-1.547518429,train,<rdkit.Chem.rdchem.Mol object at 0x7f52bd1c3b50>
OC(=O)C1C2=NC=C(Cl)C=C2C=CC=1Cl,0.028332334,-1.547717655,train,<rdkit.Chem.rdchem.Mol object at 0x7f52bd1c3bc0>
O=C(NCCC1=CC=CC=C1Cl)C1C=C(C=CC=1Cl)N1N=CC(=O)NC1=O,0.028,-1.552841969,test,<rdkit.Chem.rdchem.Mol object at 0x7f52bd1c3d10>
Cc1nnc(o1)c1cn2c(c1C(C)C)c(=Nc1cnc3c(c1)cc([nH]3)C)nc[nH]2,0.028,-1.552841969,train,<rdkit.Chem.rdchem.Mol object at 0x7f52bd1c3d80>
CCc1cnc(c(=O)n1CC(=N[C@H](c1cccc(c1)F)CC(=O)O)O)NCc1ccc2c(n1)NCCC2,0.028,-1.552841969,train,<rdkit.Chem.rdchem.Mol object at 0x7f52bd1c3df0>
Clc1ccc(c(c1)Cl)Cn1cc(c2c1c(cc(c2)F)c1nnc(o1)NS(=O)(=O)c1ccc(c(c1)Cl)Cl)C,0.028,-1.552841969,train,<rdkit.Chem.rdchem.Mol object at 0x7f52bd1c3e60>
COCCNC1=NC2C=CSC=2C(NCC2=CC=CC=C2F)=N1,0.028,-1.552841969,train,<rdkit.Chem.rdchem.Mol object at 0x7f52bd1c3ed0>
CC(C)N(CCNCCC1C=CC(O)=C2NC(=O)SC=12)C(=O)CCOCCC1C=CC=CC=1,0.028,-1.552841969,train,<rdkit.Chem.rdchem.Mol object at 0x7f52bd1c3f40>
CC(=O)NC1=CC(=C(C=C1OC)OC)S(=O)(=O)N1C(C)CCC2=CC=CC=C12,0.028,-1.552841969,train,<rdkit.Chem.rdchem.Mol object at 0x7f52bd1c4040>
CC1=NC=C(N=C1C1C=CC(=CC=1)C1CCC(CC(O)=O)CC1)C(N)=S,0.028,-1.552841969,train,<rdkit.Chem.rdchem.Mol object at 0x7f52bd1c40b0>
NC(=O)C1C=NC=C(N=1)C1=CC=C(C=C1)C1CCC(CCO)CC1,0.028,-1.552841969,train,<rdkit.Chem.rdchem.Mol object at 0x7f52bd1c4120>
C[C@H]1O[C@@H](C)[C@H]2N(C1)c1c(CC32C(=NC(=O)N=C3O)O)cc2c(c1F)onc2C(F)F,0.028,-1.552841969,train,<rdkit.Chem.rdchem.Mol object at 0x7f52bd1c4190>
Fc1cc(F)cc(c1)S(=O)(=O)c1ccc(cc1)CNC(=O)c1cc2c([nH]1)ccnc2,0.028,-1.552841969,train,<rdkit.Chem.rdchem.Mol object at 0x7f52bd1c4200>
CO[C@H]1CN(CC[C@H]1N=C(c1[nH]c(c(c1Cl)Cl)C)O)c1sc(c(n1)C(=NCC1OCCO1)O)C(=O)O,0.028,-1.552841969,train,<rdkit.Chem.rdchem.Mol object at 0x7f52bd1c4270>
CC(C)(C)NC(=O)NCCN1CC(CCC1)NC(=O)C1C=C(Cl)C=C(Cl)C=1,0.028,-1.552841969,test,<rdkit.Chem.rdchem.Mol object at 0x7f52bd1c42e0>
N#Cc1ccnc(c1)O[C@@H]1CC[C@H](N(C1)C(=O)c1ccccc1c1ncccn1)C,0.028,-1.552841969,train,<rdkit.Chem.rdchem.Mol object at 0x7f52bd1c4350>
C(CN1CCCC1)OC1C=CC(=CC=1)NC1N=C2C=CC(=CC2=CN=1)C1C=CN=CC=1,0.028,-1.552841969,train,<rdkit.Chem.rdchem.Mol object at 0x7f52bd1c43c0>
OC(=NCc1ccc(cc1)S(=O)(=O)c1ccc(nc1)N1CCOCC1)c1cnc2n(c1)ccn2,0.028,-1.552841969,train,<rdkit.Chem.rdchem.Mol object at 0x7f52bd1c4430>
Clc1ccc(cc1)c1ccc(o1)c1nccn1c1ccc(cc1)N1CCNCC1,0.028,-1.552841969,train,<rdkit.Chem.rdchem.Mol object at 0x7f52bd1c44a0>
CS(=O)(=O)NC1=CC=C(C=C1OC1C=CC=CC=1)[N+]([O-])=O,0.0275,-1.560667306,train,<rdkit.Chem.rdchem.Mol object at 0x7f52bd1c4510>
OC(=O)CCN1C2=CC=CC=C2C2CC(CCC1=2)NS(=O)(=O)C1C=CC(F)=CC=1,0.0274,-1.562249437,train,<rdkit.Chem.rdchem.Mol object at 0x7f52bd1c4580>
[O-][N+](=O)C1C=C(C=CC=1O)[N+]([O-])=O,0.027226,-1.56501616,test,<rdkit.Chem.rdchem.Mol object at 0x7f52bd1c4660>
CC1C=CC(O)=C(C=1)C(C)(C)C,0.0272,-1.565431096,test,<rdkit.Chem.rdchem.Mol object at 0x7f52bd1c46d0>
CN(CCN(C1COc2ccccc2c2n(C1)c1cc(ccc1c2C1CCCCC1)C(=O)O)C)C,0.027,-1.568636236,train,<rdkit.Chem.rdchem.Mol object at 0x7f52bd1c47b0>
CO[C@H](CN=C(c1nc(sc1C(=O)O)N1CC[C@H]([C@H](C1)OC)N=C(c1[nH]c(c(c1Cl)Cl)C)O)O)C,0.027,-1.568636236,train,<rdkit.Chem.rdchem.Mol object at 0x7f52bd1c4890>
O=C1N=CC=C2C1C=C(c1ccccc1)C(=N2)c1ccc(cc1)CN1CCC(CC1)c1[nH]nc(n1)c1ccccn1,0.027,-1.568636236,train,<rdkit.Chem.rdchem.Mol object at 0x7f52bd1c4970>
CC(=O)N1C2CCCC1C=C(C2)CN1CCC(CC1)N=c1ccc2c([nH]1)cc(cc2)C(F)(F)F,0.027,-1.568636236,train,<rdkit.Chem.rdchem.Mol object at 0x7f52bd1c49e0>
Fc1ccc(c2c1[C@@]1(CC[C@@H]3[C@H]([C@@H]1CO2)C[C@H](S(=O)(=O)N3)C)S(=O)(=O)c1ccc(cc1)C(F)(F)F)F,0.027,-1.568636236,train,<rdkit.Chem.rdchem.Mol object at 0x7f52bd1c4ac0>
COc1cc(ccc1n1cnc(c1)C)c1nn2c(n1)[C@@H](CCC2)c1ccc(cc1C)F,0.027,-1.568636236,train,<rdkit.Chem.rdchem.Mol object at 0x7f52bd1c4b30>
CN1CCC2(CC1)CN=C(c1c2[nH]c(c1)c1ccnc(c1)N=C(c1cccc(c1)OC(F)(F)F)O)O,0.027,-1.568636236,test,<rdkit.Chem.rdchem.Mol object at 0x7f52bd1c4ba0>
Cc1ccc(cc1)S(=O)(=O)Nc1n(nc(c1C(=N[C@H](C(C)(C)C)C)O)C)c1ccccc1,0.027,-1.568636236,train,<rdkit.Chem.rdchem.Mol object at 0x7f52bd1c4c10>
O1CCN(CC1)c1ccc(cc1)N=c1[nH]c(cn2c1ncc2)c1ccc2c(c1)n[nH]c2,0.027,-1.568636236,test,<rdkit.Chem.rdchem.Mol object at 0x7f52bd1c4c80>
N#CCc1ccccc1C#Cc1ccc(c(c1)F)CCC(=O)O,0.027,-1.568636236,train,<rdkit.Chem.rdchem.Mol object at 0x7f52bd1c4cf0>
C=CC(=Nc1cc(Nc2ncc(c(n2)c2cnn3c2cccc3)Cl)c(cc1N1CC[C@H](C1)N(C)C)OC)O,0.027,-1.568636236,train,<rdkit.Chem.rdchem.Mol object at 0x7f52bd1c4d60>
CO[C@H]1CN(CC[C@H]1N=C(c1[nH]c(c(c1Cl)Cl)C)O)c1sc(c(n1)c1cncc(n1)NCCN1CCN(CC1)C)C(=O)O,0.027,-1.568636236,train,<rdkit.Chem.rdchem.Mol object at 0x7f52bd1c4dd0>
CN=C([C@]12C[C@@H]2[C@H]([C@@H]([C@@H]1O)O)n1cnc2c1nc(C#Cc1ccc(s1)Br)nc2NC)O,0.027,-1.568636236,train,<rdkit.Chem.rdchem.Mol object at 0x7f52bd1c4eb0>
Fc1ccc(cc1)CN=C(c1cnn2c1N[C@H](C[C@H]2C(F)(F)F)c1ccc(cc1)OC1COC1)O,0.027,-1.568636236,train,<rdkit.Chem.rdchem.Mol object at 0x7f52bd1c4f90>
CNC(=O)C1NC=NC=1C(=O)NC1C=CC(Cl)=CC=1,0.0268,-1.571865206,train,<rdkit.Chem.rdchem.Mol object at 0x7f52bd1c5000>
O=C(NCC12CC3CC(C1)CC(C2)C3)C1C=C(C=CC=1Cl)N1CCNCC1,0.0268,-1.571865206,train,<rdkit.Chem.rdchem.Mol object at 0x7f52bd1c50e0>
O=C(NCC1=CC(F)=CC=C1)NC1CCN(CC2=CN(C=C2)C2C=CC(=CC=2)C(F)(F)F)CC1,0.0268,-1.571865206,train,<rdkit.Chem.rdchem.Mol object at 0x7f52bd1c5150>
CC1C2=C(SC=1C)N(CC(=O)NCC1=CC=CO1)C(=O)N(C1C=CC(F)=CC=1)C2=O,0.0268,-1.571865206,train,<rdkit.Chem.rdchem.Mol object at 0x7f52bd1c51c0>
O=C(C1=CC=C(O1)C1C=CC(Cl)=CC=1)N(CC1=CC=CC=N1)C1C=CC(=CC=1)N1CCNCC1,0.0268,-1.571865206,train,<rdkit.Chem.rdchem.Mol object at 0x7f52bd1c52a0>
O=C(NC1C=CC(=CC=1)N1CCNCC1)C1=CC=C(O1)C1C=CC(Cl)=CC=1,0.0268,-1.571865206,train,<rdkit.Chem.rdchem.Mol object at 0x7f52bd1c5380>
NC(=O)C1=CN=CC(=C1)C1C=CC(=CC=1)C1CCC(CC(O)=O)CC1,0.0268,-1.571865206,train,<rdkit.Chem.rdchem.Mol object at 0x7f52bd1c53f0>
CNC1=C2NC(=NC2=NC=C1Br)C1C=CN=C(N)C=1,0.0268,-1.571865206,train,<rdkit.Chem.rdchem.Mol object at 0x7f52bd1c5460>
CC1=NC(=O)NC(C1C(=O)OCC1C=CC=CC=1)C1=CC=CS1,0.0268,-1.571865206,train,<rdkit.Chem.rdchem.Mol object at 0x7f52bd1c5540>
COc1cc(NS(C)(=O)=O)ccc1Nc1c2ccccc2nc2ccccc12,0.02675,-1.572676214,test,<rdkit.Chem.rdchem.Mol object at 0x7f52bd1c55b0>
OC1C=CC(=CC=1)C1(C(=O)NC2=CC=CC=C12)C1C=CC(O)=CC=1,0.0266,-1.575118363,test,<rdkit.Chem.rdchem.Mol object at 0x7f52bd1c5690>
CC(=C)C(=O)OCCC(F)(F)C(F)(F)C(F)(F)C(F)(F)C(F)(F)C(F)(F)F,0.026535,-1.576180908,train,<rdkit.Chem.rdchem.Mol object at 0x7f52bd1c5700>
CN1CCN(CCCN2c3ccccc3Sc3ccc(Cl)cc32)CC1,0.02635,-1.57921938,train,<rdkit.Chem.rdchem.Mol object at 0x7f52bd1c57e0>
C1C(CC2=CC=CC=C21)N1CCN(CC1)C1C=CC=C2OCCOC=12,0.0262,-1.581698709,train,<rdkit.Chem.rdchem.Mol object at 0x7f52bd1c5850>
CC1CN(CC2C=C(Cl)C=CC=2OCC(O)=O)CCN1C(=O)CC1C=CC=CC=1,0.0262,-1.581698709,train,<rdkit.Chem.rdchem.Mol object at 0x7f52bd1c58c0>
CC(=O)NC1=CC2=C(CCCN2C2C=C(NC3CC3)N3N=CC(C#N)=C3N=2)C=C1,0.0262,-1.581698709,test,<rdkit.Chem.rdchem.Mol object at 0x7f52bd1c5af0>
CC(=O)NCCCNC1C(Br)=CN=C2N=C(NC2=1)C1C=CC(=CC=1)OC,0.0262,-1.581698709,train,<rdkit.Chem.rdchem.Mol object at 0x7f52bd1c5bd0>
CC1N=C(C(C)C)C(=NC=1C1=CC=C(C=C1)C1CCC(CC(O)=O)CC1)C(N)=O,0.0262,-1.581698709,train,<rdkit.Chem.rdchem.Mol object at 0x7f52bd1c5c40>
Brc1cccc(c1)CC[N+]12CCC(CC1)[C@H](C2)OC(=O)[C@](c1ccccc1)(N1CCCCC1)C,0.026,-1.585026652,train,<rdkit.Chem.rdchem.Mol object at 0x7f52bd1c5d90>
OC(c1ccc(cc1Cl)C(F)(F)F)Cn1c(=N)[nH]c2c1nc(cc2)OC1COCC1,0.026,-1.585026652,train,<rdkit.Chem.rdchem.Mol object at 0x7f52bd1c5e70>
OCc1c(c2ccc(nc2)OC)c2c(n1C)ccc(c2)S(=O)(=O)C,0.026,-1.585026652,train,<rdkit.Chem.rdchem.Mol object at 0x7f52bd1c5ee0>
C1C2=CC=C3C=CC=C4C=CC(C2=C34)=C2C=CC=CC2=1,0.02581,-1.588211995,train,<rdkit.Chem.rdchem.Mol object at 0x7f52bd1c5f50>
CCCOC(=O)C1=CC(O)=C(O)C(O)=C1,0.0258,-1.588380294,train,<rdkit.Chem.rdchem.Mol object at 0x7f52bd1c5fc0>
CC1C=C(C=CC=1C1C=C(C=CC=1CCC(O)=O)C(F)(F)F)S(=O)(=O)CC,0.0256,-1.591760035,train,<rdkit.Chem.rdchem.Mol object at 0x7f52bd1c6030>
C1=C2C=CC=CC2=CC2C=CC=CC=21,0.025196022,-1.598668021,train,<rdkit.Chem.rdchem.Mol object at 0x7f52bd1c6110>
CC(C)CC1=C(C2C(=CC=CC=2N1CC1C=CC=CC=1)OCC(=O)NS(C)(=O)=O)C(=O)C(N)=O,0.0251,-1.600326279,train,<rdkit.Chem.rdchem.Mol object at 0x7f52bd1c6180>
CC1C=CC(=CC=1C(=O)NC1C=NC=C(C=1)OC)NC(=O)C1=CC(=CC=C1)C(C)(C)C#N,0.0251,-1.600326279,train,<rdkit.Chem.rdchem.Mol object at 0x7f52bd1c61f0>
O=C1C=NN(C2=CC(=C(Cl)C=C2)C(=O)NCCC2C=CC=CC=2)C(=O)N1,0.0251,-1.600326279,train,<rdkit.Chem.rdchem.Mol object at 0x7f52bd1c6260>
CC(=O)NC1=CC2=C(CCN2C2C=C(NC3CC3)N3N=CC(C#N)=C3N=2)C=C1,0.0251,-1.600326279,test,<rdkit.Chem.rdchem.Mol object at 0x7f52bd1c6340>
CC(=O)NC1C=NC2C=CN(C3C=C(NC4CC4)N4N=CC(C#N)=C4N=3)C=2C=1,0.0251,-1.600326279,train,<rdkit.Chem.rdchem.Mol object at 0x7f52bd1c63b0>
CN1CCC(=C2c3ccccc3C=Cc3ccccc32)CC1,0.025,-1.602059991,train,<rdkit.Chem.rdchem.Mol object at 0x7f52bd1c6420>
CN(C)CCOC1C=CC(=CC=1)C(=C(CCCl)C1C=CC=CC=1)C1C=CC=CC=1,0.025,-1.602059991,train,<rdkit.Chem.rdchem.Mol object at 0x7f52bd1c6490>
CC(=O)O[C@H]1C(=O)[C@@]2(C)[C@H]([C@H](OC(=O)c3ccccc3)[C@]3(O)C[C@H](OC(=O)[C@H](O)[C@@H](NC(=O)c4ccccc4)c4ccccc4)C(C)=C1C3(C)C)[C@]1(OC(C)=O)CO[C@@H]1C[C@@H]2O,0.025,-1.602059991,train,<rdkit.Chem.rdchem.Mol object at 0x7f52bd1c6500>
O[C@@H]([C@H](C(=N[C@@H]1CCCc2c1ccc(c2)CN1CCCCC1)O)O)CS(=O)(=O)c1ccc2c(c1)cccc2,0.025,-1.602059991,test,<rdkit.Chem.rdchem.Mol object at 0x7f52bd1c6570>
OC(=O)C[C@@H](c1ccc2c(c1)OCO2)N=C(Cn1c(cnc(c1=O)NCc1ccc2c(n1)NCCC2)C1CC1)O,0.025,-1.602059991,train,<rdkit.Chem.rdchem.Mol object at 0x7f52bd1c65e0>
COC[C@@H](N=C(c1nc(sc1C(=O)O)N1CC[C@H]([C@H](C1)OC)N=C(c1[nH]c(c(c1Cl)Cl)C)O)O)C,0.025,-1.602059991,train,<rdkit.Chem.rdchem.Mol object at 0x7f52bd1c6650>
OC(=O)C[C@@H](c1cccc(c1)F)N=C(Cn1c(cnc(c1=O)NCc1ccc2c(n1)NCCC2)C1CC1)O,0.025,-1.602059991,train,<rdkit.Chem.rdchem.Mol object at 0x7f52bd1c66c0>
COc1cnc2c(c1)nccc2NCc1nnc2n1nc(cc2)c1snc(c1)C,0.025,-1.602059991,train,<rdkit.Chem.rdchem.Mol object at 0x7f52bd1c6730>
OC(=Nc1ccccc1)C[N+]12CCC(CC1)[C@H](C2)OC(=O)[C@](c1cccs1)(N1CCCCC1)C,0.025,-1.602059991,train,<rdkit.Chem.rdchem.Mol object at 0x7f52bd1c6810>
F[C@@H]1C[C@@H]1C(=Nc1nccc(c1)N=C(c1c(Cl)cccc1Cl)O)O,0.025,-1.602059991,train,<rdkit.Chem.rdchem.Mol object at 0x7f52bd1c6880>
CC[C@H](c1ccc(c(c1)Cl)Cl)N=C(N1CCc2c(C1)nc(nc2)N[C@H](CO)C)O,0.025,-1.602059991,train,<rdkit.Chem.rdchem.Mol object at 0x7f52bd1c68f0>
N#Cc1cnn2c1nc(cc2NC1CC1)n1ccc2c1cc(cc2)N(C(=O)C)C,0.025,-1.602059991,train,<rdkit.Chem.rdchem.Mol object at 0x7f52bd1c6960>
Clc1ccc(cc1)C(C(=O)N1CCN(CC1)c1ccc(cc1)C(F)(F)F)c1cccnc1,0.025,-1.602059991,test,<rdkit.Chem.rdchem.Mol object at 0x7f52bd1c69d0>
C=CC(=Nc1cc(Nc2ncc(c(n2)c2cnn3c2cccc3)Cl)c(cc1N1CC(C1)N(C)C)OC)O,0.025,-1.602059991,train,<rdkit.Chem.rdchem.Mol object at 0x7f52bd1c6a40>
OC1=CC2=C(CC3=CC=CC=C23)C=C1,0.024876092,-1.604217846,train,<rdkit.Chem.rdchem.Mol object at 0x7f52bd1c6ab0>
COP(=S)(OC1C=CC(=CC=1)[N+]([O-])=O)OC,0.0247875,-1.605767273,train,<rdkit.Chem.rdchem.Mol object at 0x7f52bd1c6b90>
COc1cc2nc(N3CCN(C(=O)C4COc5ccccc5O4)CC3)nc(N)c2cc1OC,0.024666667,-1.607889538,test,<rdkit.Chem.rdchem.Mol object at 0x7f52bd1c6c00>
CN1CC(C=C2C1CC1=C(Br)NC3=CC=CC2=C13)C(=O)NC1(OC2(O)C3CCCN3C(=O)C(CC(C)C)N2C1=O)C(C)C,0.02459336,-1.609182141,train,<rdkit.Chem.rdchem.Mol object at 0x7f52bd1c6c70>
CC(=O)C1=CN(CC2C=CC=CC=2)C(=O)N(CC2C=CC(F)=CC=2)C1=O,0.0245,-1.610833916,train,<rdkit.Chem.rdchem.Mol object at 0x7f52bd1c6ce0>
CC(C)C(=O)NC1=NC(=CC2=CC=CC=C21)C1=CC=CC=N1,0.0245,-1.610833916,train,<rdkit.Chem.rdchem.Mol object at 0x7f52bd1c6d50>
OC1=CC2OC=C(C(=O)C=2C(O)=C1)C1C=CC(O)=CC=1,0.02425796,-1.615145733,test,<rdkit.Chem.rdchem.Mol object at 0x7f52bd1c6dc0>
C1=CC2C=CC=C3C=CC4=CC=CC1=C4C=23,0.024151943,-1.61704792,train,<rdkit.Chem.rdchem.Mol object at 0x7f52bd1c6e30>
FC(F)C(F)(F)OCC(CN1C=NC=N1)C1C=CC(Cl)=CC=1Cl,0.024139667,-1.617268734,train,<rdkit.Chem.rdchem.Mol object at 0x7f52bd1c6ea0>
CC(NCCC(C1C=CC=CC=1)C1C=CC=CC=1)C1C=CC=CC=1,0.024083189,-1.618285999,train,<rdkit.Chem.rdchem.Mol object at 0x7f52bd1c6f10>
COC1C=CC(=CC=1)C1=NC(=NO1)C1=CC=CC=N1,0.024,-1.619788758,train,<rdkit.Chem.rdchem.Mol object at 0x7f52bd1c70d0>
CCCSC1=NC(NCCCC)=C2N=NN(C3CC(CO)C(O)C3O)C2=N1,0.024,-1.619788758,train,<rdkit.Chem.rdchem.Mol object at 0x7f52bd1c7140>
Cc1ccc(c(c1)C(=O)N1CCCN(CC1)c1ncc2c(n1)cccc2)n1nccn1,0.024,-1.619788758,train,<rdkit.Chem.rdchem.Mol object at 0x7f52bd1c71b0>
COCCOC(=O)N(C1CCCC(C1)C(C(=O)O)NS(=O)(=O)c1ccc(cc1)c1ccc(cc1)OC)C,0.024,-1.619788758,train,<rdkit.Chem.rdchem.Mol object at 0x7f52bd1c7220>
N#Cc1ccc(c(c1CC(=NCCONC(=N)N)O)F)NCC(c1ccc(cn1)C)(F)F,0.024,-1.619788758,train,<rdkit.Chem.rdchem.Mol object at 0x7f52bd1c7300>
O=C([C@](c1ccccc1)(N1CCCCC1)C)O[C@H]1C[N+]2(CCC1CC2)Cc1onc(n1)c1ccccc1,0.024,-1.619788758,train,<rdkit.Chem.rdchem.Mol object at 0x7f52bd1c73e0>
CCc1nc(ccc1CN1CCC(CC1)N1[C@@H](CN(C1=O)C1CCOCC1)c1ccccc1)Oc1ccc(cc1)C(=O)O,0.024,-1.619788758,train,<rdkit.Chem.rdchem.Mol object at 0x7f52bd1c7450>
COC1=CC(OC)=C(C=C1NC(=O)CCC(O)=O)S(=O)(=O)N1C2=CC=CC=C2OC2=CC=CC=C12,0.024,-1.619788758,train,<rdkit.Chem.rdchem.Mol object at 0x7f52bd1c74c0>
CC1C=CC(F)=C(CCNC(=O)C2C=CC(COCC(F)(F)F)=NC=2)C=1C1=CN=C(C=N1)OC,0.024,-1.619788758,train,<rdkit.Chem.rdchem.Mol object at 0x7f52bd1c7530>
O=C(N1CCc2c(C1)sc(n2)C#Cc1ccccc1)N1CCCC1,0.024,-1.619788758,train,<rdkit.Chem.rdchem.Mol object at 0x7f52bd1c75a0>
Fc1ccc(nc1)N=C(C[N+]12CCC(CC1)[C@H](C2)OC(=O)C1(CCCCCC1)C1=CC=CC1)O,0.024,-1.619788758,train,<rdkit.Chem.rdchem.Mol object at 0x7f52bd1c7610>
O=C1NC(=NC2CCSCC=21)C1C=CC(=CC=1)C(F)(F)F,0.024,-1.619788758,train,<rdkit.Chem.rdchem.Mol object at 0x7f52bd1c7680>
CC1C2C(=NC=NC=2SC=1C)SCC(=O)N1CCN(CC1)C(=O)C1=CC=CO1,0.0234,-1.630784143,train,<rdkit.Chem.rdchem.Mol object at 0x7f52bd1c7760>
OC(C(CC1C=CC=CC=1)NC(=O)C1=CC2=CC(Cl)=CC=C2N1)C(=O)N1CC(O)C(O)C1,0.0234,-1.630784143,train,<rdkit.Chem.rdchem.Mol object at 0x7f52bd1c77d0>
COC1C=C2C3=C(C=NC2=CC=1C1C(C)=NOC=1C)NC(=O)N3C(C)C1=CC=CC=N1,0.0234,-1.630784143,train,<rdkit.Chem.rdchem.Mol object at 0x7f52bd1c7840>
CCS(=O)(=O)C1=CC(Cl)=C(C=C1)C1C=C(C=CC=1OCC(O)=O)C(F)(F)F,0.0234,-1.630784143,train,<rdkit.Chem.rdchem.Mol object at 0x7f52bd1c78b0>
O=P(C1C=CC=CC=1)(C1C=CC=CC=1)N(CC1=CC=CC=N1)C1=CN=CC=C1,0.0234,-1.630784143,train,<rdkit.Chem.rdchem.Mol object at 0x7f52bd1c7920>
NC1CN(CC1)C1C(Cl)=CC=CC=1C=C1SC(=O)NC1=O,0.0234,-1.630784143,train,<rdkit.Chem.rdchem.Mol object at 0x7f52bd1c7990>
CSC1=NC(C)(C(=O)N1NC1C=CC=CC=1)C1C=CC=CC=1,0.023393667,-1.630901706,train,<rdkit.Chem.rdchem.Mol object at 0x7f52bd1c7a00>
CCCCCCCCOC(=O)C1C=CC=CC=1C(=O)OCCCCCCCC,0.023297024,-1.632699562,train,<rdkit.Chem.rdchem.Mol object at 0x7f52bd1c7a70>
CC(=O)C1(OC(C)=O)C(=C)CC2C3C=C(C)C4=CC(=O)CCC4(C)C3CCC12C,0.0232,-1.634512015,train,<rdkit.Chem.rdchem.Mol object at 0x7f52bd1c7ae0>
COc1ccc(cc1)CCN1CCC(CC1)N=c1[nH]c2c(n1Cc1ccc(cc1)F)cccc2,0.023,-1.638272164,train,<rdkit.Chem.rdchem.Mol object at 0x7f52bd1c7c30>
CC(=O)CC(C1C(O)C2C=CC=CC=2OC1=O)C1C=CC=CC=1,0.023,-1.638272164,train,<rdkit.Chem.rdchem.Mol object at 0x7f52bd1c7ca0>
COCCOC(=O)N(C1CCC(CC1)[C@H](C(=O)O)NS(=O)(=O)c1ccc(cc1)c1ccc(cc1)OC)C,0.023,-1.638272164,train,<rdkit.Chem.rdchem.Mol object at 0x7f52bd1c7d10>
O=C(C1(CCCCCC1)C1=CC=CC1)O[C@H]1C[N+]2(CCC1CC2)Cc1nc2c(o1)cccc2,0.023,-1.638272164,train,<rdkit.Chem.rdchem.Mol object at 0x7f52bd1c7ed0>
C=CC(=Nc1cc(Nc2ncc(c(n2)c2cn(c3c2cccc3)C)Cl)c(cc1N(CCN(C)C)C)OC)O,0.023,-1.638272164,test,<rdkit.Chem.rdchem.Mol object at 0x7f52bd1c7f40>
C[C@H]1CN(CC[C@H]1N=C(c1[nH]c(c(c1Cl)Cl)C)O)c1ncc(s1)C(=O)O,0.023,-1.638272164,train,<rdkit.Chem.rdchem.Mol object at 0x7f52bd1c8040>
ClC1C=CC(Cl)=CC=1,0.02291,-1.639974911,train,<rdkit.Chem.rdchem.Mol object at 0x7f52bd1c80b0>
CC(O)(C(=O)NC1C=CC(=CC=1)S(=O)(=O)N(C)C1C=CC=CC=1)C(F)(F)F,0.0229,-1.640164518,train,<rdkit.Chem.rdchem.Mol object at 0x7f52bd1c8190>
COCCC#CC1=CC(=CC=C1)C1(N=C(N)N2CC(F)(F)CN=C12)C1=CC=C(C=C1)OC(F)F,0.0229,-1.640164518,train,<rdkit.Chem.rdchem.Mol object at 0x7f52bd1c8200>
CC1N=C(N=C(NC(=O)NS(=O)(=O)C2C=CC=CC=2OCCCl)N=1)OC,0.022508,-1.647663094,train,<rdkit.Chem.rdchem.Mol object at 0x7f52bd1c82e0>
CC(C)(C)COC1C=CC(=CC=1C#N)N1C=C(C=N1)C(O)=O,0.0224,-1.649751982,train,<rdkit.Chem.rdchem.Mol object at 0x7f52bd1c8350>
CN(C)C1C=CC(=CC=1)S(=O)(=O)NC(=O)N1CCC(CC1)N1CCC(CC1)OC1C=CC(Cl)=C(C)C=1Cl,0.0224,-1.649751982,train,<rdkit.Chem.rdchem.Mol object at 0x7f52bd1c83c0>
NC1CN(CCC1)C1C(Cl)=CC=CC=1C=C1SC(=O)NC1=O,0.0224,-1.649751982,train,<rdkit.Chem.rdchem.Mol object at 0x7f52bd1c8430>
OC(c1cc(C(F)(F)F)nc2c(C(F)(F)F)cccc12)C1CCCCN1,0.022345768,-1.650804724,test,<rdkit.Chem.rdchem.Mol object at 0x7f52bd1c84a0>
Cc1onc(-c2ccccc2)c1-c1ccc(S(N)(=O)=O)cc1,0.022135944,-1.65490196,test,<rdkit.Chem.rdchem.Mol object at 0x7f52bd1c8580>
Cc1cc(C)c(c(c1)C)NS(=O)(=O)c1ccc(cc1)N=C(c1ccco1)O,0.022,-1.657577319,train,<rdkit.Chem.rdchem.Mol object at 0x7f52bd1c85f0>
CCCCc1ncc(/C=C(\Cc2cccs2)C(=O)O)n1Cc1ccc(C(=O)O)cc1,0.022,-1.657577319,test,<rdkit.Chem.rdchem.Mol object at 0x7f52bd1c8660>
Fc1ccc(cc1)CN=C(c1nc(N(C(=O)C(=O)N2CCCCC2)C)c2c(c1O)nccc2)O,0.022,-1.657577319,train,<rdkit.Chem.rdchem.Mol object at 0x7f52bd1c86d0>
COc1cc(ccc1Cl)N=C(c1ccccn1)O,0.022,-1.657577319,train,<rdkit.Chem.rdchem.Mol object at 0x7f52bd1c87b0>
Fc1ccc(cc1)CNC(=O)c1nc(C2CC(=O)N(C2)C(C)C)c2c(c1O)nccc2,0.022,-1.657577319,train,<rdkit.Chem.rdchem.Mol object at 0x7f52bd1c8890>
OC(=O)C[C@H]1CCc2c1[nH]c1c2cc(cc1)OCc1ccc(c(c1)C(F)(F)F)C1CCCC1,0.022,-1.657577319,train,<rdkit.Chem.rdchem.Mol object at 0x7f52bd1c8900>
COc1ncnc(c1)N1C(=O)N(C(=O)C21CCN(CC2)Cc1ncccc1C)c1ccc(nc1)c1ccc(cc1)C(=O)O,0.022,-1.657577319,train,<rdkit.Chem.rdchem.Mol object at 0x7f52bd1c8970>
ON=C([C@](S(=O)(=O)C)(CCc1ccc(cc1)c1ccccc1)C)O,0.022,-1.657577319,train,<rdkit.Chem.rdchem.Mol object at 0x7f52bd1c89e0>
COc1cc2c(cc1OC)nnc(c2Nc1cccc(c1F)Cl)C(=N)O,0.022,-1.657577319,train,<rdkit.Chem.rdchem.Mol object at 0x7f52bd1c8a50>
FC(c1ccc(c(c1)Cl)c1ccc(cc1)N1CCOc2c(C1=O)c(N)ncn2)F,0.022,-1.657577319,train,<rdkit.Chem.rdchem.Mol object at 0x7f52bd1c8ac0>
F[C@@H]1CN([C@@H](C1)c1nc(C(=NCc2ccc(c(c2)Cl)C)O)c(c(=O)n1C)O)C(=O)C,0.022,-1.657577319,train,<rdkit.Chem.rdchem.Mol object at 0x7f52bd1c8b30>
O=C([C@](c1cccs1)(N1CCCCC1)C)O[C@H]1C[N+]2(CCC1CC2)Cc1noc(n1)c1ccccc1,0.022,-1.657577319,train,<rdkit.Chem.rdchem.Mol object at 0x7f52bd1c8ba0>
CO[C@H]1CN(CC[C@H]1N=C(c1[nH]c(c(c1Cl)Cl)C)O)c1scc(n1)C(=O)O,0.022,-1.657577319,test,<rdkit.Chem.rdchem.Mol object at 0x7f52bd1c8cf0>
OC1=C(Oc2ccccc2Cl)C(=NC(C1)c1ccccc1)O,0.022,-1.657577319,train,<rdkit.Chem.rdchem.Mol object at 0x7f52bd1c8d60>
OC1C[C@@H]2CC[C@@H](C1)N2c1ccc(cc1)c1n[nH]c2c1cc(cc2)C(=N[C@@H](c1ccccn1)C1CC1)O,0.022,-1.657577319,train,<rdkit.Chem.rdchem.Mol object at 0x7f52bd1c8dd0>
CC1C=CC(=CC=1)S(=O)(=O)CCC(=O)NC1C=C(Cl)C=CC=1OC,0.0219,-1.659555885,train,<rdkit.Chem.rdchem.Mol object at 0x7f52bd1c8e40>
CC(NC(=O)C1=CC2=CC=CC=C2N1)C1C=CC=CC=1,0.0219,-1.659555885,train,<rdkit.Chem.rdchem.Mol object at 0x7f52bd1c8eb0>
CN(C)C(=O)C(O)C(CC1=CC=CC=C1)NC(=O)C1=CC2C=C(Cl)C=CC=2N1,0.0219,-1.659555885,train,<rdkit.Chem.rdchem.Mol object at 0x7f52bd1c8f20>
NC1C=C(C=C(C=1)C(=O)NC1C=C(C=CC=1)C1N=NNN=1)C(F)(F)F,0.0219,-1.659555885,train,<rdkit.Chem.rdchem.Mol object at 0x7f52bd1c8f90>
CCCN(CCOC1C(Cl)=CC(Cl)=CC=1Cl)C(=O)N1C=CN=C1,0.021728334,-1.662973582,train,<rdkit.Chem.rdchem.Mol object at 0x7f52bd1c9150>
CC(=C)C1CC2C(=CC=C3C(=O)C4C(COC5C=C(OC)C(=CC=54)OC)OC=23)O1,0.021486667,-1.667830947,train,<rdkit.Chem.rdchem.Mol object at 0x7f52bd1c9230>
CCCCC1C(=O)N(c2ccccc2)N(c2ccccc2)C1=O,0.021,-1.677780705,train,<rdkit.Chem.rdchem.Mol object at 0x7f52bd1c92a0>
COCC(N=C(c1nc(sc1C(=O)O)N1CC[C@H]([C@H](C1)OC)N=C(c1[nH]c(c(c1Cl)Cl)C)O)O)COC,0.021,-1.677780705,train,<rdkit.Chem.rdchem.Mol object at 0x7f52bd1c9380>
CN1CCN(CC1)c1nc(C(=NCc2ccc(cc2)F)O)c(c2c1cccn2)O,0.021,-1.677780705,train,<rdkit.Chem.rdchem.Mol object at 0x7f52bd1c93f0>
O=C([C@](c1cccs1)(N1CCCCC1)C)O[C@H]1C[N+]2(CCCCc3ccccc3)CCC1CC2,0.021,-1.677780705,train,<rdkit.Chem.rdchem.Mol object at 0x7f52bd1c9460>
Fc1ccc(cc1)O[C@H]1CCN(C1)c1ccc(cc1C(=O)O)C(F)(F)F,0.021,-1.677780705,train,<rdkit.Chem.rdchem.Mol object at 0x7f52bd1c94d0>
Fc1ccc(cc1)N1CCc2c(C1=O)ccc(n2)COc1ccccc1,0.021,-1.677780705,train,<rdkit.Chem.rdchem.Mol object at 0x7f52bd1c9540>
CC1C=CC(=CC=1)S(=O)(=O)NC1=CC2OC(C)=NC=2C=C1,0.0209,-1.679853714,train,<rdkit.Chem.rdchem.Mol object at 0x7f52bd1c95b0>
CC(=O)NC1CC2CCCC(C1)N2C(=O)NC1C=CC(Cl)=C(C=1)C(F)(F)F,0.0209,-1.679853714,train,<rdkit.Chem.rdchem.Mol object at 0x7f52bd1c9620>
CC1=CC2C=C(C)C3=NN=C(SCC(=O)N4CCN(CC4)C(=O)C4=CC=CO4)N3C=2C=C1C,0.0209,-1.679853714,test,<rdkit.Chem.rdchem.Mol object at 0x7f52bd1c9690>
COC1=CC2N=CN=C(NC3C=CC=C4OCOC=34)C=2C(=C1)OC1CCN(C)CC1,0.0209,-1.679853714,train,<rdkit.Chem.rdchem.Mol object at 0x7f52bd1c9700>
CC1N=CSC=1C(=O)N(CC1=CC(=O)NC2C(F)=CC=CC=21)C1=CC(Cl)=CC=C1,0.0209,-1.679853714,train,<rdkit.Chem.rdchem.Mol object at 0x7f52bd1c97e0>
COC1C=C2N=CC(C(N)=O)=C(NC3C=CC=C(Cl)C=3Cl)C2=CC=1NCCN1CCCCC1,0.0209,-1.679853714,train,<rdkit.Chem.rdchem.Mol object at 0x7f52bd1c9850>
CC1=NC2(N=C1N)C1C=C(C=CC=1CC12CCC(CC1)OC)C1C=C(C=C(Cl)C=1)C#N,0.0209,-1.679853714,train,<rdkit.Chem.rdchem.Mol object at 0x7f52bd1c98c0>
CC1=CC2C=CN(C3C=C(NC4CC4)N4N=CC(C#N)=C4N=3)C=2C=C1NC(C)=O,0.0209,-1.679853714,train,<rdkit.Chem.rdchem.Mol object at 0x7f52bd1c9930>
CC1=CC(=NC(=N1)C(C)C)OP(=S)(OCC)OCC,0.02065,-1.685079944,train,<rdkit.Chem.rdchem.Mol object at 0x7f52bd1c9af0>
CCOP(=S)(OP(=S)(OCC)OCC)OCC,0.0206,-1.68613278,train,<rdkit.Chem.rdchem.Mol object at 0x7f52bd1c9b60>
CC1CN(CCN1C(=O)COC1C=CC(Cl)=CC=1NC(N)=O)CC1C=CC(F)=CC=1,0.0205,-1.688246139,train,<rdkit.Chem.rdchem.Mol object at 0x7f52bd1c9bd0>
CCCN(C1=CN=CC=C1)P(=O)(C1C=CC=CC=1)C1C=CC=CC=1,0.0205,-1.688246139,train,<rdkit.Chem.rdchem.Mol object at 0x7f52bd1c9c40>
CCC12CCC3C4CCC(=O)C=C4CCC3C1C=CC2(O)C#C,0.020333334,-1.691791416,train,<rdkit.Chem.rdchem.Mol object at 0x7f52bd1c9cb0>
CC(C)C1=C(C(=C(C2C=CC(F)=CC=2)N1CCC(O)CC(O)CC(O)=O)C1C=CC=CC=1)C(=O)NC1C=CC=CC=1,0.02,-1.698970004,train,<rdkit.Chem.rdchem.Mol object at 0x7f52bd1c9e00>
COc1ccccc1OCCNCC(O)COc1cccc2[nH]c3ccccc3c12,0.02,-1.698970004,test,<rdkit.Chem.rdchem.Mol object at 0x7f52bd1c9e70>
COC1=CC(N)=C(Cl)C=C1C(=O)NC1CCN(CC1OC)CCCOC1C=CC(F)=CC=1,0.02,-1.698970004,train,<rdkit.Chem.rdchem.Mol object at 0x7f52bd1c9ee0>
CC(C)(C)C1C=CC(=CC=1)C(=O)CCCN1CCC(CC1)OC(C1C=CC=CC=1)C1C=CC=CC=1,0.02,-1.698970004,train,<rdkit.Chem.rdchem.Mol object at 0x7f52bd1c9fc0>
C#CC1(O)CCC2C3CCc4cc(OC)ccc4C3CCC21C,0.02,-1.698970004,train,<rdkit.Chem.rdchem.Mol object at 0x7f52bd1ca030>
COc1ccnc(C[S+]([O-])c2nc3ccc(OC(F)F)cc3[nH]2)c1OC,0.02,-1.698970004,test,<rdkit.Chem.rdchem.Mol object at 0x7f52bd1ca0a0>
OC(c1ccc(cc1)C(C)(C)C)CCCN1CCC(CC1)C(c1ccccc1)(c1ccccc1)O,0.02,-1.698970004,train,<rdkit.Chem.rdchem.Mol object at 0x7f52bd1ca110>
CC(C(O)=O)C1=CC=C(S1)C(=O)C1C=CC=CC=1,0.02,-1.698970004,train,<rdkit.Chem.rdchem.Mol object at 0x7f52bd1ca180>
CC(C)Nc1cccnc1N1CCN(C(=O)c2cc3cc(NS(C)(=O)=O)ccc3[nH]2)CC1,0.02,-1.698970004,train,<rdkit.Chem.rdchem.Mol object at 0x7f52bd1ca1f0>
C[C@]12CC[C@H]3[C@@H](CCC4=CC(=O)CC[C@@]43C)[C@@H]1CC[C@@H]2O,0.02,-1.698970004,train,<rdkit.Chem.rdchem.Mol object at 0x7f52bd1ca260>
CN1C[C@H](C(=O)N[C@]2(C)O[C@@]3(O)[C@@H]4CCCN4C(=O)[C@H](Cc4ccccc4)N3C2=O)C=C2c3cccc4[nH]cc(c34)C[C@H]21,0.02,-1.698970004,test,<rdkit.Chem.rdchem.Mol object at 0x7f52bd1ca2d0>
OCCN1CCN(CCC=C2C3C=CC=CC=3SC3C=CC(Cl)=CC=32)CC1,0.02,-1.698970004,train,<rdkit.Chem.rdchem.Mol object at 0x7f52bd1ca340>
CNCC[C@@H](Oc1ccccc1C)c1ccccc1,0.02,-1.698970004,test,<rdkit.Chem.rdchem.Mol object at 0x7f52bd1ca3b0>
CC(C)(C(=O)O)c1ccc(C(=O)CCCN2CCC(OC(c3ccccc3)c3ccccc3)CC2)cc1,0.02,-1.698970004,test,<rdkit.Chem.rdchem.Mol object at 0x7f52bd1ca420>
CN(c1nccc(=O)[nH]1)C1CCN(c2nc3ccccc3n2Cc2ccc(F)cc2)CC1,0.02,-1.698970004,test,<rdkit.Chem.rdchem.Mol object at 0x7f52bd1ca490>
CCOc1cc(CC(=O)N[C@@H](CC(C)C)c2ccccc2N2CCCCC2)ccc1C(=O)O,0.02,-1.698970004,test,<rdkit.Chem.rdchem.Mol object at 0x7f52bd1ca500>
OC(CNCC(O)C1CCC2=CC(F)=CC=C2O1)C1CCC2C=C(F)C=CC=2O1,0.02,-1.698970004,train,<rdkit.Chem.rdchem.Mol object at 0x7f52bd1ca570>
O=C(O[C@H]1CN2CCC1CC2)N1CCc2ccccc2[C@@H]1c1ccccc1,0.02,-1.698970004,train,<rdkit.Chem.rdchem.Mol object at 0x7f52bd1ca650>
NS(=O)(=O)c1ccc(S(=O)(=O)Nc2cccc3c(Cl)c[nH]c23)cc1,0.02,-1.698970004,train,<rdkit.Chem.rdchem.Mol object at 0x7f52bd1ca6c0>
CC(C)(C)NC(=O)[C@@H]1C[C@@H]2CCCC[C@@H]2CN1C[C@@H](O)[C@H](Cc1ccccc1)NC(=O)[C@H](CC(N)=O)NC(=O)c1ccc2ccccc2n1,0.02,-1.698970004,test,<rdkit.Chem.rdchem.Mol object at 0x7f52bd1ca730>
CC[C@H](n1ncn(c1=O)c1ccc(cc1)N1CCN(CC1)c1ccc(cc1)OC[C@@H]1CO[C@@](C1)(Cn1cncn1)c1ccc(cc1F)F)[C@@H](O)C,0.02,-1.698970004,test,<rdkit.Chem.rdchem.Mol object at 0x7f52bd1ca810>
OC(=O)CC(O)CC(O)C=CC1=C(C2=CC=CC=C2N=C1C1CC1)C1C=CC(F)=CC=1,0.02,-1.698970004,train,<rdkit.Chem.rdchem.Mol object at 0x7f52bd1ca880>
CON=C(Nc1ccc(cc1)c1sc2c(c1CN(Cc1ccccc1)C)c(=O)n(c(=O)n2Cc1c(F)cccc1F)c1ccccc1)O,0.02,-1.698970004,train,<rdkit.Chem.rdchem.Mol object at 0x7f52bd1ca8f0>
ONC(=O)C1(CS(=O)(=O)C2C=CC(=CC=2)OC2=CC=C(Cl)C=C2)CCOCC1,0.02,-1.698970004,train,<rdkit.Chem.rdchem.Mol object at 0x7f52bd1ca960>
C#CC1(O)CCC2C3CCC4=CCCCC4C3C(=C)CC21CC,0.02,-1.698970004,test,<rdkit.Chem.rdchem.Mol object at 0x7f52bd1caa40>
CCN(CC)C(=O)C(=CC1C=C(O)C(O)=C(C=1)[N+]([O-])=O)C#N,0.02,-1.698970004,train,<rdkit.Chem.rdchem.Mol object at 0x7f52bd1caab0>
CC(CN(S(=O)(=O)c1ccc2c(c1)OCO2)C[C@H]([C@@H](N=C(O[C@H]1CO[C@@H]2[C@H]1CCO2)O)Cc1ccc(cc1)OCc1csc(n1)C)O)C,0.02,-1.698970004,train,<rdkit.Chem.rdchem.Mol object at 0x7f52bd1cab20>
OC(=NCc1ccc(cc1)C(F)(F)F)Nc1cccc2c1ccnc2,0.02,-1.698970004,train,<rdkit.Chem.rdchem.Mol object at 0x7f52bd1cab90>
O[C@@H](CN1CCC(CC1)Oc1ccc(c(c1)Cl)Cl)CN=C(c1cnc(c2c1cccc2)O)O,0.02,-1.698970004,train,<rdkit.Chem.rdchem.Mol object at 0x7f52bd1cac00>
CCc1nn(c2c1CCn1c2nnc1c1cccs1)C1CCCC1,0.02,-1.698970004,train,<rdkit.Chem.rdchem.Mol object at 0x7f52bd1cac70>
OCC1CCN(CC1)CCCOc1cc2ncnc(c2cc1OC)Nc1ncc(s1)CC(=Nc1cccc(c1)F)O,0.02,-1.698970004,train,<rdkit.Chem.rdchem.Mol object at 0x7f52bd1cace0>
OC(=O)C[C@H](N1CCN(C1=O)CCCc1ccc2c(n1)NCCC2)c1ccc2c(c1)OCC2,0.02,-1.698970004,train,<rdkit.Chem.rdchem.Mol object at 0x7f52bd1cad50>
NC1CCC(CC1)CN=C([C@@H]1CCCN1C(=O)[C@@H](C(C1CCCCC1)C1CCCCC1)N)O,0.02,-1.698970004,train,<rdkit.Chem.rdchem.Mol object at 0x7f52bd1cadc0>
O[C@H](COc1ccc(cc1)NS(=O)(=O)C)CNCCc1ccc(c(c1)Cl)Cl,0.02,-1.698970004,train,<rdkit.Chem.rdchem.Mol object at 0x7f52bd1cae30>
NCc1cc(OC)ccc1n1nc(cc1C(=Nc1ccc(cc1F)c1ccccc1S(=O)(=O)C)O)C(F)(F)F,0.02,-1.698970004,train,<rdkit.Chem.rdchem.Mol object at 0x7f52bd1caea0>
Fc1cc(ccc1N=C(c1cc(nn1c1ccc2c(c1)c(=N)[nH]o2)C(F)(F)F)O)n1ccnc1C,0.02,-1.698970004,train,<rdkit.Chem.rdchem.Mol object at 0x7f52bd1caf10>
CN(CC(=O)N1CCn2c3cc(ccc3c(c2c2c(C1)cc(F)cc2)C1CCCCC1)C(=O)O)C,0.02,-1.698970004,train,<rdkit.Chem.rdchem.Mol object at 0x7f52bd1caff0>
ON=C(CCCC1CCN(CC1)S(=O)(=O)c1ccc2c(c1)cccc2)O,0.02,-1.698970004,test,<rdkit.Chem.rdchem.Mol object at 0x7f52bd1cb060>
CO[C@H]1CN(CC[C@H]1N=C(c1[nH]c(c(c1Cl)Cl)C)O)c1sc(c(n1)C(=NC)O)C(=O)O,0.02,-1.698970004,train,<rdkit.Chem.rdchem.Mol object at 0x7f52bd1cb0d0>
F[C@H]1C[C@H](N(C1)C(=O)Cc1ccc(c(c1)Cl)NC(=Nc1ccccc1C)O)COc1ccc(cc1)C(=O)O,0.02,-1.698970004,train,<rdkit.Chem.rdchem.Mol object at 0x7f52bd1cb140>
CCOc1cc2[nH]cc(c(=Nc3cccc(c3Cl)Cl)c2cc1N1CCN(CC1)C)C(=N)O,0.02,-1.698970004,train,<rdkit.Chem.rdchem.Mol object at 0x7f52bd1cb1b0>
CN1CCC(CC1)(COCc1nc(cc(c1)C(F)(F)F)C1CC1)c1ccc(cc1)F,0.02,-1.698970004,train,<rdkit.Chem.rdchem.Mol object at 0x7f52bd1cb220>
O=C(N(c1scc(n1)C)C)CSc1ccc(nn1)c1ccccc1,0.02,-1.698970004,train,<rdkit.Chem.rdchem.Mol object at 0x7f52bd1cb290>
CCCNC(=O)c1c(sc2c1CCOC2)NC(=O)C12CC3CC2CC(C1)C3,0.02,-1.698970004,train,<rdkit.Chem.rdchem.Mol object at 0x7f52bd1cb300>
CCS(=O)(=O)N1CCCc2c1cc(cc2)N=C(c1ccccc1Br)O,0.02,-1.698970004,train,<rdkit.Chem.rdchem.Mol object at 0x7f52bd1cb370>
Clc1ccc2c(c1)CCN(C2)Cc1cc(C(=O)O)c(=O)n2c1cccc2,0.02,-1.698970004,train,<rdkit.Chem.rdchem.Mol object at 0x7f52bd1cb3e0>
CCCN(C(=O)c1cc(OCC2(CONC(=N)N)CC2)cc(c1)C)Cc1ccoc1,0.02,-1.698970004,train,<rdkit.Chem.rdchem.Mol object at 0x7f52bd1cb450>
Cc1ccc(cc1NC(=O)c1ccc(cc1)OCc1cscn1)N=C(c1cccc(c1)N1CCOCC1)O,0.02,-1.698970004,train,<rdkit.Chem.rdchem.Mol object at 0x7f52bd1cb4c0>
COc1ccc(cc1)N(C1CCN(CC1)[C@@H](CCN=C(c1c(C)cc(nc1C)C#N)O)C)Cc1cnccc1C,0.02,-1.698970004,train,<rdkit.Chem.rdchem.Mol object at 0x7f52bd1cb530>
Clc1cc(OCc2[nH]nc(c2)O)cc(c1)Cl,0.02,-1.698970004,train,<rdkit.Chem.rdchem.Mol object at 0x7f52bd1cb5a0>
CC(O)(C(=O)NC(C)C1N=CC(=CC=1F)C1C=C(Cl)C=C(F)C=1C1N=C(C)ON=1)C(F)(F)F,0.02,-1.698970004,train,<rdkit.Chem.rdchem.Mol object at 0x7f52bd1cb610>
O=S(=O)(NC1=NC=NS1)C1C=C(F)C(=CC=1F)OC1C=CC(Cl)=CC=1C1=CC=NN1C1CNC1,0.02,-1.698970004,train,<rdkit.Chem.rdchem.Mol object at 0x7f52bd1cb680>
COc1nc(ccc1n1cnc(c1)C)c1nn(c(=Nc2cc(ccc2F)C(F)(F)F)[nH]1)C,0.02,-1.698970004,train,<rdkit.Chem.rdchem.Mol object at 0x7f52bd1cb6f0>
CCCC(=O)N(c1cccc(c1)N=C(c1ccccc1Br)O)C,0.02,-1.698970004,train,<rdkit.Chem.rdchem.Mol object at 0x7f52bd1cb760>
C=CC(=O)Nc1ccc(cc1)S(=O)(=O)N1CCN(CC1)C(=O)C12CC3CC(C2)CC(C1)C3,0.02,-1.698970004,train,<rdkit.Chem.rdchem.Mol object at 0x7f52bd1cb7d0>
OC(=O)Cn1c(C)c(c2c1ccc(c2)F)CC1=NN(C(=O)CC1)Cc1ccc(cc1F)F,0.02,-1.698970004,train,<rdkit.Chem.rdchem.Mol object at 0x7f52bd1cb840>
OC(=O)Cn1c(C)c(c2c1cccc2)Cc1ccc(=O)n(n1)Cc1ccccc1,0.02,-1.698970004,test,<rdkit.Chem.rdchem.Mol object at 0x7f52bd1cb8b0>
OC(=O)Cn1c(C)c(c2c1ccc(c2)F)CC1=NN(C(=O)CC1)Cc1ccccc1,0.02,-1.698970004,train,<rdkit.Chem.rdchem.Mol object at 0x7f52bd1cb920>
OC(=O)Cn1c(C)c(c2c1ccc(c2)Cl)Cc1ccc(=O)n(n1)Cc1ccccc1,0.02,-1.698970004,train,<rdkit.Chem.rdchem.Mol object at 0x7f52bd1cb990>
OC(=O)Cn1c(C)c(c2c1ccc(c2)F)Cc1ccc(=O)n(n1)Cc1ccc(cc1)C(F)(F)F,0.02,-1.698970004,train,<rdkit.Chem.rdchem.Mol object at 0x7f52bd1cba00>
C=CC(=Nc1cccc(c1)S(=O)(=O)N1CCN(CC1)C(=O)OCc1ccccc1)O,0.02,-1.698970004,train,<rdkit.Chem.rdchem.Mol object at 0x7f52bd1cba70>
CCN=C(Nc1ccc(cc1)c1nc(N2CCOCC2)c2c(n1)C(C)(C)OC2=O)O,0.02,-1.698970004,train,<rdkit.Chem.rdchem.Mol object at 0x7f52bd1cbae0>
OC[C@H]1O[C@H](Oc2ccc(cc2F)n2ccc3c2cccc3)[C@H]([C@H]([C@@H]1O)O)O,0.02,-1.698970004,train,<rdkit.Chem.rdchem.Mol object at 0x7f52bd1cbbc0>
OC[C@H]1O[C@H](Oc2ccc(cc2Cl)n2ccc3c2cccc3)[C@H]([C@H]([C@@H]1O)O)O,0.02,-1.698970004,train,<rdkit.Chem.rdchem.Mol object at 0x7f52bd1cbc30>
ONC(=O)CC1C=CC(=CC=1)OC1C=CC=CC=1,0.02,-1.698970004,train,<rdkit.Chem.rdchem.Mol object at 0x7f52bd1cbca0>
COC1C=C(OC)C(Cl)=C(C=1Cl)N1CC2=CN=C(NCCCCN(CC)CC)N=C2N(CC2=CC(=CC=C2)NC(=O)C=C)C1=O,0.02,-1.698970004,train,<rdkit.Chem.rdchem.Mol object at 0x7f52bd1cbd10>
CCCN=C(c1cc(F)ccc1CN=C(c1nc(n(c(=O)c1O)C)C(C)(C)C)O)O,0.02,-1.698970004,train,<rdkit.Chem.rdchem.Mol object at 0x7f52bd1cbd80>
OC[C@@H]1CCCN(C1)C(=O)c1ccc(cc1)C#Cc1ccc(cc1)OC,0.02,-1.698970004,train,<rdkit.Chem.rdchem.Mol object at 0x7f52bd1cbdf0>
O=C([C@](c1ccccc1)(N1CCCCC1)C)O[C@H]1C[N+]2(CCC1CC2)Cc1noc(c1)c1ccccc1,0.02,-1.698970004,train,<rdkit.Chem.rdchem.Mol object at 0x7f52bd1cbe60>
O=C([C@](c1ccccc1)(N1CCCCC1)C)O[C@H]1C[N+]2(CCCCc3ccccc3)CCC1CC2,0.02,-1.698970004,train,<rdkit.Chem.rdchem.Mol object at 0x7f52bd1cbed0>
Fc1ccc2c(c1)c(Cc1ccc(=O)n(n1)Cc1cc(F)c(cc1F)F)c(n2CC(=O)O)C,0.02,-1.698970004,train,<rdkit.Chem.rdchem.Mol object at 0x7f52bd1cbf40>
OC(=O)Cn1c(C)c(c2c1ccc(c2)F)Cc1ccc(=O)n(n1)Cc1ccncc1,0.02,-1.698970004,train,<rdkit.Chem.rdchem.Mol object at 0x7f52bd1cc040>
OC(=O)Cn1c(C)c(c2c1ccc(c2)F)Cc1ccc(=O)n(n1)Cc1ccc(cc1)C(C(F)(F)F)(C(F)(F)F)O,0.02,-1.698970004,train,<rdkit.Chem.rdchem.Mol object at 0x7f52bd1cc120>
Fc1ccc2c(c1)c(Cc1ccc(=O)n(n1)Cc1ccncc1F)c(n2CC(=O)O)C,0.02,-1.698970004,train,<rdkit.Chem.rdchem.Mol object at 0x7f52bd1cc190>
Fc1ccc(c(c1)F)Cn1nc(ccc1=O)Cc1c2cc(F)cc(c2n(c1C)CC(=O)O)F,0.02,-1.698970004,train,<rdkit.Chem.rdchem.Mol object at 0x7f52bd1cc200>
OC(=O)Cn1c(C)c(c2c1cccc2)Cc1ccc(=O)n(n1)Cc1ccc(cc1F)F,0.02,-1.698970004,train,<rdkit.Chem.rdchem.Mol object at 0x7f52bd1cc270>
CCN=C(Nc1ccc(cc1)c1nc2CN(CCc2c(n1)N1CCOC[C@@H]1C)c1ncccn1)O,0.02,-1.698970004,train,<rdkit.Chem.rdchem.Mol object at 0x7f52bd1cc2e0>
CCN=C(Nc1ccc(cc1)c1nc2CCN(Cc2c(n1)N1CCOC[C@@H]1C)c1ncccn1)O,0.02,-1.698970004,train,<rdkit.Chem.rdchem.Mol object at 0x7f52bd1cc350>
CCN=C(Nc1ccc(cc1)c1nc2CN(CCc2c(n1)N1CCOCC1)c1ncccn1)O,0.02,-1.698970004,train,<rdkit.Chem.rdchem.Mol object at 0x7f52bd1cc3c0>
OC(=O)CN1c2ccc(cc2[C@@]2(C1=O)N(C)C(=O)N(C2=O)Cc1cc(Cl)ccc1F)Cl,0.02,-1.698970004,train,<rdkit.Chem.rdchem.Mol object at 0x7f52bd1cc4a0>
O=C1C2=CC=CC=C2C(C(=O)NCC2C=CC(=CC=2)OC(F)(F)F)N1C1CCC(F)(F)CC1,0.02,-1.698970004,train,<rdkit.Chem.rdchem.Mol object at 0x7f52bd1cc510>
Fc1ccc(c(c1)F)[C@@H]1CN(C[C@H]1C(=O)N1CCC(CC1)c1cc(nn1c1ccc(c(c1)Cl)Cl)C)C(C)(C)C,0.02,-1.698970004,train,<rdkit.Chem.rdchem.Mol object at 0x7f52bd1cc580>
OC(=O)CC1C=CC(=CC=1)N1CCC(CN2CCC(CC2)OC2=CC(Cl)=C(Cl)C=C2)CC1,0.02,-1.698970004,train,<rdkit.Chem.rdchem.Mol object at 0x7f52bd1cc5f0>
OC(=N[C@@H]1CCN(CC21OCC(CO2)(C)C)c1ncc(s1)C(=O)O)c1[nH]c(c(c1Cl)Cl)C,0.02,-1.698970004,train,<rdkit.Chem.rdchem.Mol object at 0x7f52bd1cc6d0>
CC1C=CC=C2N=C(CN3N=C(C4=C(N)N=CN=C34)C3=CC(F)=C(O)C=C3)N(C(=O)C=12)C1=CC=CC=C1C,0.02,-1.698970004,train,<rdkit.Chem.rdchem.Mol object at 0x7f52bd1cc740>
CCOC(=O)N1CCC(=C2c3ccc(Cl)cc3CCc3cccnc32)CC1,0.01984,-1.702458332,train,<rdkit.Chem.rdchem.Mol object at 0x7f52bd1cc820>
OC1C=C(O)C(=CC=1)C(=O)C1C=CC(O)=CC=1,0.0196,-1.707743929,train,<rdkit.Chem.rdchem.Mol object at 0x7f52bd1cc890>
CC(CO)NC1=NC(=NC2N=C(N)SC=21)SCC1C=CC=C(F)C=1F,0.0196,-1.707743929,train,<rdkit.Chem.rdchem.Mol object at 0x7f52bd1cc900>
CC(C)(C)C1=CC=CC(=C1O)C(C)(C)C,0.019534,-1.709208817,train,<rdkit.Chem.rdchem.Mol object at 0x7f52bd1cc970>
OS(=O)(=O)C(F)(F)C(F)(F)C(F)(F)C(F)(F)F,0.019331968,-1.713723932,train,<rdkit.Chem.rdchem.Mol object at 0x7f52bd1cc9e0>
CC(C)(C)C(O)C(=CC1C=CC(Cl)=CC=1Cl)N1C=NC=N1,0.019244667,-1.715689611,train,<rdkit.Chem.rdchem.Mol object at 0x7f52bd1cca50>
CC(C)OC1=CC(=CC=C1)NC(=O)C1C=CC=CC=1C(F)(F)F,0.0191365,-1.71813749,train,<rdkit.Chem.rdchem.Mol object at 0x7f52bd1ccac0>
OC(=O)C1=CN(CC2C=CC=CC=2)C2=CC=CC=C21,0.0191,-1.718966633,train,<rdkit.Chem.rdchem.Mol object at 0x7f52bd1ccb30>
O=C(NC1N=NNN=1)C1=CC(OC2C=CC=CC=2)=C2C=CC=CN2C1=O,0.0191,-1.718966633,test,<rdkit.Chem.rdchem.Mol object at 0x7f52bd1ccba0>
CNC1=C2NC(=NC2=NC=C1Cl)C1=CC=C(C=C1)OCCN1CCOCC1,0.0191,-1.718966633,train,<rdkit.Chem.rdchem.Mol object at 0x7f52bd1ccc10>
CC(=O)NC1=CC2=C(C=NN2C2C=C(NC3CC3)N3N=CC(C#N)=C3N=2)C=C1,0.0191,-1.718966633,train,<rdkit.Chem.rdchem.Mol object at 0x7f52bd1ccd60>
CC1CN(CC2=NN=C(O2)C2C=C(C=C3NN=CC=23)C2C=CC=C3NC=CC=23)CC(C)O1,0.0191,-1.718966633,train,<rdkit.Chem.rdchem.Mol object at 0x7f52bd1ccdd0>
CCCSC(=O)N(CCC)CCC,0.01906,-1.719877104,test,<rdkit.Chem.rdchem.Mol object at 0x7f52bd1cce40>
CCOc1ccccc1OC(c1ccccc1)C1OCCNC1,0.019,-1.721246399,test,<rdkit.Chem.rdchem.Mol object at 0x7f52bd1ccf20>
CO[C@H]1CN(CC[C@H]1N=C(c1[nH]c(c(c1Cl)Cl)C)O)c1sc(c(n1)C(=O)C)C(=O)O,0.019,-1.721246399,train,<rdkit.Chem.rdchem.Mol object at 0x7f52bd1ccf90>
CN1CCN(CC1)c1ccc(cc1)Nc1ncc(cn1)N=C(c1cc(ccc1C)N=C(c1cccc(c1C)C(F)(F)F)O)O,0.019,-1.721246399,train,<rdkit.Chem.rdchem.Mol object at 0x7f52bd1cd000>
CO[C@H]1CN(CC[C@H]1N=C(c1[nH]c(c(c1Cl)Cl)C)O)c1sc(c(n1)c1ncn(c1)C)C(=O)O,0.019,-1.721246399,train,<rdkit.Chem.rdchem.Mol object at 0x7f52bd1cd070>
C=C[C@@H]1C[C@]1(N=C([C@@H]1C[C@@H]2CN1C(=O)[C@@H](N[C@@H](CCCCCCc1c3CN(C(=O)O2)Cc3ccc1)C(F)(F)F)C(C)C)O)C(=NS(=O)(=O)C1CC1)O,0.019,-1.721246399,train,<rdkit.Chem.rdchem.Mol object at 0x7f52bd1cd0e0>
Fc1ccc(cc1)CC[N+]12CCC(CC1)[C@H](C2)OC(=O)[C@](c1ccccc1)(N1CCCCC1)C,0.019,-1.721246399,train,<rdkit.Chem.rdchem.Mol object at 0x7f52bd1cd150>
CCOc1cc2[nH]cc(c(=Nc3cccc(c3Cl)Cl)c2cc1N1CCN(CC1)CC)C(=N)O,0.019,-1.721246399,train,<rdkit.Chem.rdchem.Mol object at 0x7f52bd1cd1c0>
CCOc1cc2[nH]cc(c(=Nc3cccc(c3Cl)Cl)c2cc1N1CCCN(CC1)C)C(=N)O,0.019,-1.721246399,train,<rdkit.Chem.rdchem.Mol object at 0x7f52bd1cd230>
Fc1ccc(c2c1[C@@]1(CCC[C@H]([C@@H]1CO2)CNS(=O)(=O)C)S(=O)(=O)c1ccc(cc1)C(F)(F)F)F,0.019,-1.721246399,train,<rdkit.Chem.rdchem.Mol object at 0x7f52bd1cd2a0>
CC[C@@H]1C[C@@H]2[C@H](NS1(=O)=O)CC[C@@]1([C@H]2COc2c1c(F)ccc2F)S(=O)(=O)c1ccc(cc1)C(F)(F)F,0.019,-1.721246399,train,<rdkit.Chem.rdchem.Mol object at 0x7f52bd1cd310>
Fc1ccc(cc1)OCCC[N+]12CCC(CC1)[C@H](C2)OC(=O)[C@](c1cccs1)(N1CCCCC1)C,0.019,-1.721246399,train,<rdkit.Chem.rdchem.Mol object at 0x7f52bd1cd3f0>
OCc1ccc2c(c1)n(cc2)c1cc(NC2CC2)n2c(n1)c(C#N)cn2,0.019,-1.721246399,train,<rdkit.Chem.rdchem.Mol object at 0x7f52bd1cd460>
Cc1ccc(nc1)N=C(C[N+]12CCC(CC1)[C@H](C2)OC(=O)C1(CCCCCC1)C1=CC=CC1)O,0.019,-1.721246399,train,<rdkit.Chem.rdchem.Mol object at 0x7f52bd1cd4d0>
COCCOc1ccc(cc1)[C@H]1C[C@H](n2c(N1)c(cn2)C(=NCc1ccc(cc1)F)O)C(F)(F)F,0.019,-1.721246399,train,<rdkit.Chem.rdchem.Mol object at 0x7f52bd1cd540>
CC1C=CC(=CC=1)C(=O)C1C=CC=CC=1,0.0188,-1.725842151,test,<rdkit.Chem.rdchem.Mol object at 0x7f52bd1cd5b0>
CC1=CN=C(N1)C1=CN=C(NCCNC2C=CC(=CN=2)C#N)N=C1C1C=CC(Cl)=CC=1Cl,0.0187,-1.728158393,train,<rdkit.Chem.rdchem.Mol object at 0x7f52bd1cd620>
O=C1C=NN(C2=CC(=C(Cl)C=C2)C(=O)NCC23CC4CC(C2)CC(C3)C4)C(=O)N1,0.0187,-1.728158393,test,<rdkit.Chem.rdchem.Mol object at 0x7f52bd1cd690>
CCC1(O)C2C=C3C4=NC5C=CC=CC=5C=C4CN3C(=O)C=2COC1=O,0.0185,-1.732828272,train,<rdkit.Chem.rdchem.Mol object at 0x7f52bd1cd700>
OC1=CC=C(C(=O)C2C=CC=CC=2)C(O)=C1O,0.0185,-1.732828272,test,<rdkit.Chem.rdchem.Mol object at 0x7f52bd1cd770>
O=C1C2=C(OC(=O)CC2=O)C2C=CC=CC=2N1C1C=CC=CC=1,0.0183,-1.73754891,train,<rdkit.Chem.rdchem.Mol object at 0x7f52bd1cd850>
OC(CNC(=O)C1=CC(=O)NC2=CC=CC=C12)CN1CCC(CC1)OC1C=CC(Cl)=C(Cl)C=1,0.0183,-1.73754891,train,<rdkit.Chem.rdchem.Mol object at 0x7f52bd1cd8c0>
CCC(C)(C1C=CC(O)=CC=1)C1C=CC(O)=CC=1,0.018230068,-1.739211711,train,<rdkit.Chem.rdchem.Mol object at 0x7f52bd1cd930>
Cc1c(OCC(F)(F)F)ccnc1C[S+]([O-])c1nc2ccccc2[nH]1,0.018220867,-1.739430958,test,<rdkit.Chem.rdchem.Mol object at 0x7f52bd1cd9a0>
CC12CCC3C(CCC4C=C(O)C=CC=43)C1CCC2(O)C#C,0.018,-1.744727495,train,<rdkit.Chem.rdchem.Mol object at 0x7f52bd1cda10>
CO[C@H]1CN(CC[C@H]1N=C(c1[nH]c(c(c1Cl)Cl)C)O)c1nc(c(s1)C(=O)O)C,0.018,-1.744727495,train,<rdkit.Chem.rdchem.Mol object at 0x7f52bd1cda80>
Fc1ccc(cc1)CN=C(c1nc(N(C(=O)C(=O)N)C)c2c(c1O)nccc2)O,0.018,-1.744727495,train,<rdkit.Chem.rdchem.Mol object at 0x7f52bd1cdaf0>
COc1cccc2c1nccc2c1c2cc(C)ccc2n(c1C)CC(=O)O,0.018,-1.744727495,train,<rdkit.Chem.rdchem.Mol object at 0x7f52bd1cdb60>
OC(=O)c1cn(Cc2ccc(cc2)n2ccc3c2ccnc3)c2c(c1=O)c(F)ccc2,0.018,-1.744727495,train,<rdkit.Chem.rdchem.Mol object at 0x7f52bd1cdcb0>
N#Cc1cnccc1COc1cnc(nc1)N1CCN(C[C@H]1C)c1onc(n1)C(C)C,0.018,-1.744727495,train,<rdkit.Chem.rdchem.Mol object at 0x7f52bd1cdd20>
N#Cc1ccc(cc1C(F)(F)F)O[C@H]1C(=O)N(CC1(C)C)[C@H](c1nnc(o1)c1ccccc1)C,0.018,-1.744727495,train,<rdkit.Chem.rdchem.Mol object at 0x7f52bd1cdd90>
N#Cc1cnn2c1nc(cc2NC1CC1)n1ccc2c1cc(cc2)CS(=O)(=O)C,0.018,-1.744727495,train,<rdkit.Chem.rdchem.Mol object at 0x7f52bd1cde00>
O=C(c1ccc(cc1)OCc1ccccn1)Nc1cc(ccc1C)c1c(C)nn(c1C)C,0.018,-1.744727495,train,<rdkit.Chem.rdchem.Mol object at 0x7f52bd1cde70>
O=C(c1ccc(cc1)OCc1ccccn1)Nc1cc(ccc1C)c1ccncc1,0.018,-1.744727495,train,<rdkit.Chem.rdchem.Mol object at 0x7f52bd1cdee0>
Cc1ccnc(c1)N=C(C[N+]12CCC(CC1)[C@H](C2)OC(=O)C1(CCCCCC1)C1=CC=CC1)O,0.018,-1.744727495,train,<rdkit.Chem.rdchem.Mol object at 0x7f52bd1cdf50>
OC(=N)C[C@@H]1N=C(c2ccccc2)c2c(c3c1onc3C)sc(c2C)C,0.018,-1.744727495,train,<rdkit.Chem.rdchem.Mol object at 0x7f52bd1cdfc0>
OC(=N[C@@H](c1ccc(c(c1)Cl)Cl)C)N1CCc2c(C1)nc(nc2)Nc1cnn(c1)C,0.018,-1.744727495,train,<rdkit.Chem.rdchem.Mol object at 0x7f52bd1ce030>
COC1(OC)CN(CC[C@H]1N=C(c1[nH]c(c(c1Cl)Cl)C)O)c1ncc(s1)C(=O)O,0.018,-1.744727495,train,<rdkit.Chem.rdchem.Mol object at 0x7f52bd1ce0a0>
COc1ccc(cc1)CN1CCN(CC1)C1=C(C(=O)C1=O)NS(=O)(=O)c1c(C)noc1C,0.018,-1.744727495,train,<rdkit.Chem.rdchem.Mol object at 0x7f52bd1ce110>
Fc1ccc(cc1)CN=C(c1cnn2c1N[C@H](C[C@H]2C(F)(F)F)c1ccc(cc1)N1CCOCC1)O,0.018,-1.744727495,test,<rdkit.Chem.rdchem.Mol object at 0x7f52bd1ce180>
CN1C(=CC=C1C#N)C1=CC2=C(C=C1)NC(=S)OC2(C)C,0.0179,-1.747146969,train,<rdkit.Chem.rdchem.Mol object at 0x7f52bd1ce1f0>
CC1=NN=C(O1)C1C=CC(=NN=1)N1CCC(CC1)OC1C=C(F)C=CC=1Cl,0.0179,-1.747146969,train,<rdkit.Chem.rdchem.Mol object at 0x7f52bd1ce260>
CCNC(=O)NC1NC2C=C(C=CC=2N=1)C1=CN=CC=C1,0.0179,-1.747146969,train,<rdkit.Chem.rdchem.Mol object at 0x7f52bd1ce2d0>
NC1SC=C2C=1C(=O)N(N=C2C(=O)NC1CC1)C1C=CC(Cl)=CC=1,0.0179,-1.747146969,train,<rdkit.Chem.rdchem.Mol object at 0x7f52bd1ce340>
COC1C=C2N=CN=C(NC3C=CC(F)=C(Cl)C=3)C2=CC=1NC(=O)C=CCN1CCCCC1,0.0179,-1.747146969,test,<rdkit.Chem.rdchem.Mol object at 0x7f52bd1ce3b0>
OC1=CC=CC2C(C(=O)NCC3C=CC(=CC=3)OC(F)(F)F)N(CCC3=NC=C(F)C=N3)C(=O)C=21,0.0179,-1.747146969,train,<rdkit.Chem.rdchem.Mol object at 0x7f52bd1ce420>
COCCC(=O)NC1C=CC(=CC=1)NC1N=C2C=CC(=CC2=CN=1)C1C=CN=CC=1,0.0179,-1.747146969,train,<rdkit.Chem.rdchem.Mol object at 0x7f52bd1ce490>
CNC1=NC(C)=C(S1)C1=NC(NC2=CC(=CC=C2)N2CCCN(CC2)C(C)=O)=NC=C1C#N,0.0179,-1.747146969,train,<rdkit.Chem.rdchem.Mol object at 0x7f52bd1ce500>
CC(=O)NC1C=CC2=C(C=1)C(=CN2CCO)C1C=C(NC2CC2)N2N=CC(C#N)=C2N=1,0.0179,-1.747146969,train,<rdkit.Chem.rdchem.Mol object at 0x7f52bd1ce570>
CN1C=CC(NC2=CC(=NC3=C(C=NN23)C#N)C2C=CC(=CC=2)OC)=N1,0.0179,-1.747146969,train,<rdkit.Chem.rdchem.Mol object at 0x7f52bd1ce5e0>
CC1=CN(C2CN(CC3C=CC=C(C=3)OC3C=CC(=CC=3)OC)CCC2)C(=O)NC1=O,0.0179,-1.747146969,train,<rdkit.Chem.rdchem.Mol object at 0x7f52bd1ce650>
C=CCC1C=C2OCOC2=CC=1,0.017891099,-1.747362981,train,<rdkit.Chem.rdchem.Mol object at 0x7f52bd1ce6c0>
COc1ccccc1Oc1c(NS(=O)(=O)c2ccc(C(C)(C)C)cc2)nc(-c2ncccn2)nc1OCCO,0.017846568,-1.748445282,test,<rdkit.Chem.rdchem.Mol object at 0x7f52bd1ce730>
Cc1ccc(-c2cc(C(F)(F)F)nn2-c2ccc(S(N)(=O)=O)cc2)cc1,0.017832554,-1.74878644,train,<rdkit.Chem.rdchem.Mol object at 0x7f52bd1ce7a0>
CC1C=CN2N=C(N=C2N=1)S(=O)(=O)NC1C(F)=CC=CC=1F,0.0175445,-1.755859004,train,<rdkit.Chem.rdchem.Mol object at 0x7f52bd1ce810>
OC(=O)CCC(=O)C1C=CC(=CC=1)C1C=CC=CC=1,0.0175,-1.756961951,train,<rdkit.Chem.rdchem.Mol object at 0x7f52bd1ce880>
CCCCCC(=O)OC1(C(C)=O)CCC2C3CCC4=CC(=O)CCC4(C)C3CCC21C,0.0175,-1.756961951,train,<rdkit.Chem.rdchem.Mol object at 0x7f52bd1ce8f0>
CC1C=C(CC(O)=O)N(C)C=1C(=O)C1C=CC(Cl)=CC=1,0.0175,-1.756961951,train,<rdkit.Chem.rdchem.Mol object at 0x7f52bd1ce960>
C=C(CC(=O)C1C=CC(=CC=1)C1=CC=CC=C1Cl)C(O)=O,0.0175,-1.756961951,train,<rdkit.Chem.rdchem.Mol object at 0x7f52bd1ce9d0>
CCC(C)(C)NCC(O)COc1ccccc1C(=O)CCc1ccccc1,0.0175,-1.756961951,train,<rdkit.Chem.rdchem.Mol object at 0x7f52bd1cea40>
CN(C)C1=CC=CC=C1S(=O)(=O)NC(=O)N1CCC(CC1)N1CCC(CC1)OC1=CC(Cl)=C(Cl)C=C1,0.0175,-1.756961951,train,<rdkit.Chem.rdchem.Mol object at 0x7f52bd1ceab0>
CC1C=C(C)N=C(NC2C=CC=CC=2)N=1,0.0174555,-1.758067707,train,<rdkit.Chem.rdchem.Mol object at 0x7f52bd1ceb20>
CC(C)C(NC(=O)C1=CC=C(C=C1)OCCCCC)C(O)=O,0.0171,-1.76700389,test,<rdkit.Chem.rdchem.Mol object at 0x7f52bd1cec00>
O=C(NC1=CC(=C(Cl)C=C1)C(=O)NC1=CN=CC=C1)C1=CC(Cl)=CC=C1,0.0171,-1.76700389,train,<rdkit.Chem.rdchem.Mol object at 0x7f52bd1cec70>
COCCNC(=O)C1C=CC(=CC=1)NC1N=C2C=CC(=CC2=CN=1)C1C=CN=CC=1,0.0171,-1.76700389,train,<rdkit.Chem.rdchem.Mol object at 0x7f52bd1ced50>
CCN(CC1C=C(C=CC=1C1C=C(CC(O)=O)C=CC=1OC)C(F)(F)F)C(=O)NCC1C=CC=CC=1,0.0171,-1.76700389,train,<rdkit.Chem.rdchem.Mol object at 0x7f52bd1cedc0>
CCCCC1=NC2C(N)=NC3=CC=CC=C3C=2N1CC1C=CC=CC=1,0.0171,-1.76700389,train,<rdkit.Chem.rdchem.Mol object at 0x7f52bd1cee30>
CN(C1CCCCC1)C(=O)C1C=NN(C=1NS(=O)(=O)C1C=CC(C)=CC=1)C1C=CC=CC=1,0.0171,-1.76700389,train,<rdkit.Chem.rdchem.Mol object at 0x7f52bd1ceea0>
NC1C=CC(=CC=1)N=NC1C=CC=CC=1,0.017099882,-1.767006887,train,<rdkit.Chem.rdchem.Mol object at 0x7f52bd1cef10>
O=C1C(CC[S+]([O-])c2ccccc2)C(=O)N(c2ccccc2)N1c1ccccc1,0.017,-1.769551079,train,<rdkit.Chem.rdchem.Mol object at 0x7f52bd1cef80>
OC1C=C(Cl)C(NC2=CC=CC=C2CC(O)=O)=C(Cl)C=1,0.017,-1.769551079,train,<rdkit.Chem.rdchem.Mol object at 0x7f52bd1cf060>
N#Cc1cccc2c1nccc2c1c2cc(C)ccc2n(c1C)CC(=O)O,0.017,-1.769551079,train,<rdkit.Chem.rdchem.Mol object at 0x7f52bd1cf0d0>
Fc1ccc(cc1)CN=C(c1nc(N(CCN(C(=O)C)C)C)c2c(c1O)nccc2)O,0.017,-1.769551079,train,<rdkit.Chem.rdchem.Mol object at 0x7f52bd1cf140>
COCCN1CCN(CC1)c1cc2c(cc1OCC)[nH]cc(c2=Nc1cccc(c1Cl)Cl)C(=N)O,0.017,-1.769551079,train,<rdkit.Chem.rdchem.Mol object at 0x7f52bd1cf300>
OC(=Nc1ccc(cc1)S(=O)(=O)N(c1ccccc1Cl)C)c1ccncn1,0.017,-1.769551079,train,<rdkit.Chem.rdchem.Mol object at 0x7f52bd1cf3e0>
CCOc1cc2nnc(c(c2cc1N1CCN(CC1)C)Nc1cccc(c1Cl)Cl)C(=N)O,0.017,-1.769551079,train,<rdkit.Chem.rdchem.Mol object at 0x7f52bd1cf450>
OC(=O)COc1ccc(cc1C#Cc1cc(ccc1C)S(=O)(=O)C)Cl,0.017,-1.769551079,test,<rdkit.Chem.rdchem.Mol object at 0x7f52bd1cf4c0>
OC(=Nc1nccc(c1)c1cc2c([nH]1)C1(CCNC1)CN=C2O)c1cccc(c1)OC(F)(F)F,0.017,-1.769551079,train,<rdkit.Chem.rdchem.Mol object at 0x7f52bd1cf530>
CC1=CN(C2CN(CCC2)C(CC(C)(C)C)C2=CC(OC3=CC(Br)=CC=C3)=C(C=C2)C(O)=O)C(=O)NC1=O,0.016856156,-1.773241454,train,<rdkit.Chem.rdchem.Mol object at 0x7f52bd1cf5a0>
OC(=O)C(F)(F)C(F)(F)C(F)(F)C(F)(F)C(F)(F)F,0.016760879,-1.775703222,train,<rdkit.Chem.rdchem.Mol object at 0x7f52bd1cf610>
O=C(NC1CC1)C1=CN(C2N=CC=CC=2C1=O)C1C=C(C=CC=1)C#CC1=CN=CC=C1,0.0167,-1.777283529,train,<rdkit.Chem.rdchem.Mol object at 0x7f52bd1cf680>
CC1=C(CC(O)=O)C2C=C(F)C=CC=2N1CC1=NC2=CC=CC=C2S1,0.0167,-1.777283529,train,<rdkit.Chem.rdchem.Mol object at 0x7f52bd1cf760>
CC(C)(O)CCCC(C)C1CCC2C(CCCC21C)=CC=C1CC(O)CC(O)C1=C,0.016666667,-1.778151242,train,<rdkit.Chem.rdchem.Mol object at 0x7f52bd1cf7d0>
COC(=O)C1=C(Cl)C(Cl)=C(C(Cl)=C1Cl)C(=O)OC,0.016662011,-1.778272583,train,<rdkit.Chem.rdchem.Mol object at 0x7f52bd1cf840>
CC(C)(CC)C1C=C(O)C(=CC=1O)C(C)(C)CC,0.0166,-1.779891912,train,<rdkit.Chem.rdchem.Mol object at 0x7f52bd1cf8b0>
COC(=O)C(C1=CC=CC=C1Cl)N1CC2C=CSC=2CC1,0.016492422,-1.782715548,test,<rdkit.Chem.rdchem.Mol object at 0x7f52bd1cf920>
COC(=O)C1C=CC=CC=1S(=O)(=O)NC(=O)NC1N=C(NC)N=C(N=1)OCC,0.01645775,-1.783629532,train,<rdkit.Chem.rdchem.Mol object at 0x7f52bd1cf990>
CN1C=CC(NC2=CC(=NC3=C(C=NN23)C#N)N2C=CC3C=CC(=CC2=3)NC(C)=O)=N1,0.0163,-1.787812396,train,<rdkit.Chem.rdchem.Mol object at 0x7f52bd1cfa00>
CN(CC1=CSC(=N1)C(C)C)C(=O)NC(C(C)C)C(=O)NC(CC(O)C(CC1=CC=CC=C1)NC(=O)OCC1=CN=CS1)CC1=CC=CC=C1,0.01625,-1.789146635,test,<rdkit.Chem.rdchem.Mol object at 0x7f52bd1cfa70>
O=C(c1ccccc1)c1ccc2n1CCC2C(=O)O,0.016,-1.795880017,train,<rdkit.Chem.rdchem.Mol object at 0x7f52bd1cfbc0>
CC1=C(C=C(C)N1CC1C=CC=CC=1)C(=O)CN1C=C(C=CC1=O)C(F)(F)F,0.016,-1.795880017,train,<rdkit.Chem.rdchem.Mol object at 0x7f52bd1cfc30>
CC1C=CC(=CC=1C(=O)NC1C=NC(N)=C(Cl)C=1)NC(=O)C1=CC(=CC=C1)C(F)(F)F,0.016,-1.795880017,train,<rdkit.Chem.rdchem.Mol object at 0x7f52bd1cfca0>
CCOc1cc2nnc(c(c2cc1N1CCN(CC1)C)Nc1ccc(cc1F)C)C(=N)O,0.016,-1.795880017,train,<rdkit.Chem.rdchem.Mol object at 0x7f52bd1cfd10>
CC1=NOC=C1C(=O)NC1C=CC(=C(N)N=1)C1=CC=CC=C1OC(F)(F)F,0.016,-1.795880017,train,<rdkit.Chem.rdchem.Mol object at 0x7f52bd1cfd80>
OC(=O)c1ccc(cc1)c1ccc(cc1)N1C(=O)N(C2(C1=O)CCN(CC2)Cc1ncccc1C)c1ccncn1,0.016,-1.795880017,train,<rdkit.Chem.rdchem.Mol object at 0x7f52bd1cfed0>
Clc1ccc(cc1)c1oc2c(c1)Cc1c(N(C2=O)Cc2ccccc2c2cncnc2)ccc(c1)N1CCNCC1,0.016,-1.795880017,train,<rdkit.Chem.rdchem.Mol object at 0x7f52bd1cff40>
Fc1ccc(cc1)c1nc(c(o1)Sc1ccc(cn1)Cl)c1ccc(nc1)C(O)(C)C,0.016,-1.795880017,train,<rdkit.Chem.rdchem.Mol object at 0x7f52bd1d0040>
O=C([C@](c1ccccc1)(N1CCCCC1)C)O[C@H]1C[N+]2(CCOCc3ccccc3)CCC1CC2,0.016,-1.795880017,train,<rdkit.Chem.rdchem.Mol object at 0x7f52bd1d00b0>
CN=c1ccn2c([nH]1)c(cn2)C(=O)Nc1cc(nn1c1cccc(c1)Cl)C,0.016,-1.795880017,train,<rdkit.Chem.rdchem.Mol object at 0x7f52bd1d0120>
ON=C([C@](S(=O)(=O)C)(CCc1noc(c1)c1ccccc1)C)O,0.016,-1.795880017,train,<rdkit.Chem.rdchem.Mol object at 0x7f52bd1d0190>
CC(=O)NC1=CC2C(=CN(CCC(=O)OC)C=2C=C1)C1C=C(NC2CC2)N2N=CC(C#N)=C2N=1,0.016,-1.795880017,test,<rdkit.Chem.rdchem.Mol object at 0x7f52bd1d0200>
N#CC1C=NN2C=1N=C(C=C2NC1CC1)C1=CC=CS1,0.016,-1.795880017,train,<rdkit.Chem.rdchem.Mol object at 0x7f52bd1d0270>
CC(NC)C(=O)NC(C(=O)N1CCC2CCC(NC(=O)C3=CC=CC4=CC=CC=C43)C12)C(C)(C)C,0.016,-1.795880017,train,<rdkit.Chem.rdchem.Mol object at 0x7f52bd1d02e0>
O=C(NC1=CC=CC2C=CC=NC=21)C1CCC(CC1)N1C(=O)C2C(C3CC2CC3)C1=O,0.016,-1.795880017,train,<rdkit.Chem.rdchem.Mol object at 0x7f52bd1d0350>
CC1CCN(CC1)C1=C(C(=O)C1=O)NS(=O)(=O)c1c(C)onc1C,0.016,-1.795880017,train,<rdkit.Chem.rdchem.Mol object at 0x7f52bd1d03c0>
COCCC(=O)NC(C)C1C=CC(=CC=1)NC1N=C2C=CC(=CC2=CN=1)C1C=CN=CC=1,0.015948981,-1.797267055,train,<rdkit.Chem.rdchem.Mol object at 0x7f52bd1d0430>
COC1=CC=CC2=C1C(NS(=O)(=O)C1=CC=C(Cl)S1)=NN2CC1C=C(CNC(=O)C2COCCN2)C=CC=1,0.015798734,-1.801377709,test,<rdkit.Chem.rdchem.Mol object at 0x7f52bd1d04a0>
COC1N=C(NC(C)C)N=C(NC(C)C)N=1,0.0157,-1.804100348,train,<rdkit.Chem.rdchem.Mol object at 0x7f52bd1d0510>
C1C2C=CC=CC=2C2C=CC=CC=21,0.015668899,-1.804961519,train,<rdkit.Chem.rdchem.Mol object at 0x7f52bd1d0580>
C1=CC=CC2=CC=CC=C21,0.015597924,-1.8069332,train,<rdkit.Chem.rdchem.Mol object at 0x7f52bd1d0660>
CCS(=O)(=O)C1=CC(=C(C=C1)C1C=C(Cl)C=CC=1OCC(O)=O)C(F)(F)F,0.0153,-1.815308569,test,<rdkit.Chem.rdchem.Mol object at 0x7f52bd1d07b0>
OC1C(Cl)=CC(Cl)=CC=1Cl,0.015123,-1.820362048,train,<rdkit.Chem.rdchem.Mol object at 0x7f52bd1d0820>
ClC1(Cl)C2(Cl)C3(Cl)C4(Cl)C2(Cl)C2(Cl)C(Cl)(C3(Cl)C12Cl)C4(Cl)Cl,0.015083026,-1.821511535,train,<rdkit.Chem.rdchem.Mol object at 0x7f52bd1d0900>
Cc1cnc(C(=O)NCCc2ccc(S(=O)(=O)NC(=O)NC3CCCCC3)cc2)cn1,0.015,-1.823908741,test,<rdkit.Chem.rdchem.Mol object at 0x7f52bd1d0970>
CC1CC2C3CCC4=CC(=O)C=CC4(C)C3(Cl)C(O)CC2(C)C1(O)C(=O)CCl,0.015,-1.823908741,train,<rdkit.Chem.rdchem.Mol object at 0x7f52bd1d09e0>
CCN1CCC2(COC3C=C4CCN(C(=O)C5C=CC(=CC=5)C5=CC=C(C=C5C)C5=NN=C(C)O5)C4=CC2=3)CC1,0.015,-1.823908741,train,<rdkit.Chem.rdchem.Mol object at 0x7f52bd1d0a50>
COc1cccc(c1)N=c1c(c[nH]c2c1cc(cc2C)S(=O)(=O)c1cccc(c1)C(=O)N(C)C)C(=N)O,0.015,-1.823908741,train,<rdkit.Chem.rdchem.Mol object at 0x7f52bd1d0ac0>
COc1ccc(cc1)c1ccc(cc1)S(=O)(=O)N[C@@H](C(=O)O)C1CCC(CC1)N(C(=O)C)Cc1ccccc1,0.015,-1.823908741,train,<rdkit.Chem.rdchem.Mol object at 0x7f52bd1d0b30>
CCOC(=O)c1cc(C#N)c(nc1C)N1CC(C1)N=C(NS(=O)(=O)c1ccccc1)O,0.015,-1.823908741,train,<rdkit.Chem.rdchem.Mol object at 0x7f52bd1d0ba0>
CCOC(=O)c1cnc(c(c1)Cl)N1CCN(CC1)C(=NS(=O)(=O)c1ccc(s1)Cl)O,0.015,-1.823908741,train,<rdkit.Chem.rdchem.Mol object at 0x7f52bd1d0c10>
COc1cc(Nc2ncc(F)c(Nc3ccc4c(n3)N(COP(=O)(O)O)C(=O)C(C)(C)O4)n2)cc(OC)c1OC,0.015,-1.823908741,train,<rdkit.Chem.rdchem.Mol object at 0x7f52bd1d0c80>
FC(CC1(c2ccc(cc2)F)N(CC(F)(F)F)C(=Nc2c1c(F)c(cc2)F)O)F,0.015,-1.823908741,train,<rdkit.Chem.rdchem.Mol object at 0x7f52bd1d0cf0>
C[C@@H]1CCN(CCN1C(=O)c1ccccc1n1nccn1)c1nc(N)c2c(n1)scc2C,0.015,-1.823908741,train,<rdkit.Chem.rdchem.Mol object at 0x7f52bd1d0dd0>
OCCON=C(c1ccn2c(c1Nc1ccc(cc1F)I)cnc2)O,0.015,-1.823908741,train,<rdkit.Chem.rdchem.Mol object at 0x7f52bd1d0e40>
OC(=O)C[C@@H](c1cccc(c1)F)N=C(Cn1c(C)c(Cl)nc(c1=O)NCc1ccc2c(n1)NCCC2)O,0.015,-1.823908741,train,<rdkit.Chem.rdchem.Mol object at 0x7f52bd1d0eb0>
OC(=O)Cc1ccc(c(c1)Cl)c1ccc(cc1)c1nc(C(=N)O)c(nc1C)C,0.015,-1.823908741,train,<rdkit.Chem.rdchem.Mol object at 0x7f52bd1d0f90>
Cc1ccc(cc1)OCC[N+]12CCC(CC1)[C@H](C2)OC(=O)[C@](c1ccccc1)(N1CCCCC1)C,0.015,-1.823908741,train,<rdkit.Chem.rdchem.Mol object at 0x7f52bd1d1070>
Clc1ccc(c(c1)c1nn(cc1N=C(c1cnn2c1[nH]c(=N)cc2)O)C)Cl,0.015,-1.823908741,train,<rdkit.Chem.rdchem.Mol object at 0x7f52bd1d10e0>
CO[C@H]1CN(CC[C@H]1N=C(c1[nH]c(c(c1Cl)Cl)C)O)c1nc(c(s1)C(=O)O)c1onc(n1)C,0.015,-1.823908741,train,<rdkit.Chem.rdchem.Mol object at 0x7f52bd1d1150>
Cc1cc(Oc2cncc(c2)F)cc(n1)C(=O)Nc1ccc(cn1)F,0.015,-1.823908741,train,<rdkit.Chem.rdchem.Mol object at 0x7f52bd1d11c0>
CCCN=c1cc(nc([nH]1)c1ccccc1)C(=N[C@H](C(=O)N1CCN(CC1)C(=O)OCC)CCC(=O)O)O,0.015,-1.823908741,train,<rdkit.Chem.rdchem.Mol object at 0x7f52bd1d1230>
CCOC(=O)c1cc(C#N)c(nc1C(F)(F)F)N1CCN(C(C1)CCC(=O)O)C(=NS(=O)(=O)c1ccc(s1)Cl)O,0.015,-1.823908741,train,<rdkit.Chem.rdchem.Mol object at 0x7f52bd1d12a0>
CCOC(=O)c1cnc(c(c1)Cl)N1CC(C1)N=C(NS(=O)(=O)c1ccccc1)O,0.015,-1.823908741,train,<rdkit.Chem.rdchem.Mol object at 0x7f52bd1d1310>
O=N(=O)c1ccc(o1)C1=NOC(C1)c1ccc(cc1)N1CCSCC1,0.015,-1.823908741,train,<rdkit.Chem.rdchem.Mol object at 0x7f52bd1d1380>
Clc1ccc(cc1)C12N(CCN1C(=O)c1c2cccc1)C(=O)c1ccc(c(c1)F)F,0.015,-1.823908741,train,<rdkit.Chem.rdchem.Mol object at 0x7f52bd1d13f0>
OC(=Nc1cncc(n1)Cl)C[N+]12CCC(CC1)[C@H](C2)OC(=O)C1(CCCCCC1)C1=CC=CC1,0.015,-1.823908741,train,<rdkit.Chem.rdchem.Mol object at 0x7f52bd1d1460>
CS[C@H]1CN(CC[C@H]1N=C(c1[nH]c(c(c1Cl)Cl)C)O)c1ncc(s1)C(=O)O,0.015,-1.823908741,train,<rdkit.Chem.rdchem.Mol object at 0x7f52bd1d14d0>
COC(=O)N1CCN(CC1)C1CCN(CC1)c1cc(C)c2c(c1)nc([nH]2)c1c(NC[C@H](c2cccc(c2)Cl)O)ccnc1O,0.015,-1.823908741,train,<rdkit.Chem.rdchem.Mol object at 0x7f52bd1d1540>
CC(=O)C1=CC2C=CC(O)=CC=2OC1=O,0.0149,-1.826813732,train,<rdkit.Chem.rdchem.Mol object at 0x7f52bd1d15b0>
OC1(C(=O)NC2C=C(C=CC1=2)C(F)(F)F)C1C=C(Cl)C=CC=1O,0.0149,-1.826813732,train,<rdkit.Chem.rdchem.Mol object at 0x7f52bd1d1620>
CCC(CO)NC1=NC(=NC2N=C(N)SC=21)SCC1C=CC=C(F)C=1F,0.0149,-1.826813732,train,<rdkit.Chem.rdchem.Mol object at 0x7f52bd1d1690>
CC1C=CC(=CC=1NC(=O)C1=CC=C(C=C1)OCC1=CC=CC=N1)NC(=O)C1=CC(=NC=C1)N1CCOCC1,0.0149,-1.826813732,train,<rdkit.Chem.rdchem.Mol object at 0x7f52bd1d1700>
NC1=NC(C2C=CC=C(F)C=21)(C1C=C(C=CC=1)C1C=NC=NC=1)C1=CC(=NC=C1)C1CC1,0.0149,-1.826813732,train,<rdkit.Chem.rdchem.Mol object at 0x7f52bd1d1770>
CC1C=NC=C(C=1)C(=O)NC1CCN(CC2=CC(OCC)=C(C(=C2)OCC)C2C=CC(F)=CC=2)CC1,0.0149,-1.826813732,train,<rdkit.Chem.rdchem.Mol object at 0x7f52bd1d17e0>
CC(=O)NC(C)C1=CC=C(C=C1)NC1N=C2C=CC(=CC2=CN=1)C1C=CN=CC=1,0.0149,-1.826813732,train,<rdkit.Chem.rdchem.Mol object at 0x7f52bd1d1850>
CNC1=C2NC(=NC2=NC=C1Br)C1=CC=C(C=C1)OCCN1CCOCC1,0.0149,-1.826813732,train,<rdkit.Chem.rdchem.Mol object at 0x7f52bd1d18c0>
CC(OC1C=CC(=CC=1)OC1=NC=C(Cl)C=C1F)C(=O)OCC#C,0.0148,-1.829738285,train,<rdkit.Chem.rdchem.Mol object at 0x7f52bd1d1930>
COC1C=CC(=CC=1CNC1=NNC2C=CN=C(OC3C=CC=CC=3)C1=2)OC,0.0142,-1.847711656,train,<rdkit.Chem.rdchem.Mol object at 0x7f52bd1d1a80>
ClC1(Cl)C2(Cl)C3C4CC(C5OC54)C3C1(Cl)C(Cl)=C2Cl,0.014167609,-1.848703451,train,<rdkit.Chem.rdchem.Mol object at 0x7f52bd1d1af0>
CC(C1C=CC(O)=CC=1)(C1C=CC(O)=CC=1)C1C=CC(O)=CC=1,0.0141,-1.850780887,train,<rdkit.Chem.rdchem.Mol object at 0x7f52bd1d1b60>
C1=CC=C2C3=C(C=CC=C31)C1C=CC=CC=12,0.01409298,-1.850997164,train,<rdkit.Chem.rdchem.Mol object at 0x7f52bd1d1bd0>
CCCCc1nc(Cl)c(CO)n1Cc1ccc(-c2ccccc2-c2nnn[nH]2)cc1,0.014,-1.853871964,test,<rdkit.Chem.rdchem.Mol object at 0x7f52bd1d1c40>
N[C@H]1CCCC[C@H]1Nc1ncc(c(=Nc2cccc(c2)n2nccn2)[nH]1)C(=N)O,0.014,-1.853871964,test,<rdkit.Chem.rdchem.Mol object at 0x7f52bd1d1d20>
CN1CCN(CC1)c1cc2c(cc1OC(C)C)[nH]cc(c2=Nc1cccc(c1Cl)Cl)C(=N)O,0.014,-1.853871964,train,<rdkit.Chem.rdchem.Mol object at 0x7f52bd1d1d90>
CCOc1cc2[nH]cc(c(=Nc3ccc(cc3F)F)c2cc1N1CCN(CC1)C1CC1)C(=N)O,0.014,-1.853871964,train,<rdkit.Chem.rdchem.Mol object at 0x7f52bd1d1e00>
COC(=N[C@H](C(=O)N1C[C@H](C[C@H]1c1ncc([nH]1)c1ccc(cc1)c1ccc(cc1)c1ccc2c(c1)[nH]c(n2)[C@@H]1C[C@@H](CN1C(=O)[C@H](C(C)C)N=C(OC)O)C)C)C(C)C)O,0.014,-1.853871964,train,<rdkit.Chem.rdchem.Mol object at 0x7f52bd1d1e70>
OC(=NCCc1cccnc1)c1cccc(c1)c1ccc2c(c1)sc1c2nc[nH]c1=N,0.014,-1.853871964,test,<rdkit.Chem.rdchem.Mol object at 0x7f52bd1d2030>
O=c1oc2cc(C)c(c(c2c(c1)c1ccccc1)C)c1ccc(cc1)CN1CCOCC1,0.014,-1.853871964,train,<rdkit.Chem.rdchem.Mol object at 0x7f52bd1d20a0>
CCOc1ccc(c(c1)C)N1CCN([C@H](C1)C)c1noc(n1)C1(CCC1)N=C(O)C,0.014,-1.853871964,train,<rdkit.Chem.rdchem.Mol object at 0x7f52bd1d2110>
[O-][N+](=O)C1=CC2=C(C=C1)N=C(C1C=CC=CC=1)N2OCC(O)=O,0.0139,-1.8569852,train,<rdkit.Chem.rdchem.Mol object at 0x7f52bd1d2180>
CNC(=O)C1=CC(=C(Br)N1)C(=O)C1=CC=C(Cl)C=C1,0.0139,-1.8569852,train,<rdkit.Chem.rdchem.Mol object at 0x7f52bd1d21f0>
NC1N=C(N=C(N)C=1CC1C=CC(Cl)=CC=1Cl)C1=CC=CC=N1,0.0139,-1.8569852,train,<rdkit.Chem.rdchem.Mol object at 0x7f52bd1d2260>
COC1C=C(C=CC=1)C(=O)N1C(CSC1C1=CC=CC=C1Cl)C(O)=O,0.0139,-1.8569852,train,<rdkit.Chem.rdchem.Mol object at 0x7f52bd1d22d0>
COC1C=C(C=CC=1OCCN1CCCC1)N1C=NC2C=C(SC=2C1=O)C1C=CC(Cl)=CC=1,0.0139,-1.8569852,train,<rdkit.Chem.rdchem.Mol object at 0x7f52bd1d2340>
CC(C)(C)OC(=O)NCC1CCC(CNC(=O)C2=CC(=NC3=CC=CC=C23)C2C=C(CN)C=CC=2)CC1,0.0139,-1.8569852,train,<rdkit.Chem.rdchem.Mol object at 0x7f52bd1d2420>
OCCC1C=CC(=CC=1)NC(=O)C1=CC2C=C(Cl)C=CC=2N1,0.0139,-1.8569852,train,<rdkit.Chem.rdchem.Mol object at 0x7f52bd1d2490>
CC1C=NC=CC=1C1=CC2=CN=C(NC3C=CC(=CC=3)C(=O)NCCOC)N=C2C=C1,0.0139,-1.8569852,train,<rdkit.Chem.rdchem.Mol object at 0x7f52bd1d26c0>
CN(C)c1ccc(C(=C2C=CC(=[N+](C)C)C=C2)c2ccc(N(C)C)cc2)cc1,0.013843087,-1.858767067,train,<rdkit.Chem.rdchem.Mol object at 0x7f52bd1d2730>
CC1C=CC=C2N=C(CN3C=NC4=C(N)N=CN=C34)N(C(=O)C=12)C1=CC=CC=C1C,0.0136,-1.866461092,train,<rdkit.Chem.rdchem.Mol object at 0x7f52bd1d2810>
CN1C=C(C2C=C(NC3CC3)N3N=CC(C#N)=C3N=2)C2C=C(C=CC1=2)NC(C)=O,0.0136,-1.866461092,train,<rdkit.Chem.rdchem.Mol object at 0x7f52bd1d28f0>
CNC1CCC(C2C=CC=CC=21)C1=CC(Cl)=C(Cl)C=C1,0.013509256,-1.869368565,train,<rdkit.Chem.rdchem.Mol object at 0x7f52bd1d2960>
CC1NN=C2NC3C=CC(=CC=3C(=NC2=1)C1=CC=CC=C1Cl)[N+]([O-])=O,0.0135,-1.869666232,train,<rdkit.Chem.rdchem.Mol object at 0x7f52bd1d29d0>
OC1C=C(O)C=C2OC(C3C=C(O)C(O)=CC=3)C(=O)C(=O)C=12,0.013466667,-1.870739895,train,<rdkit.Chem.rdchem.Mol object at 0x7f52bd1d2a40>
ClC1(Cl)C2(Cl)C3C4CC(C=C4)C3C1(Cl)C(Cl)=C2Cl,0.013397898,-1.872963349,train,<rdkit.Chem.rdchem.Mol object at 0x7f52bd1d2ab0>
CC(C)(C)C1=CC=C(C=C1)OC1CCCCC1OS(=O)OCC#C,0.0133,-1.876148359,train,<rdkit.Chem.rdchem.Mol object at 0x7f52bd1d2b20>
COc1cccc2c1c(NS(=O)(=O)c1ccc(Cl)s1)nn2Cc1cccc(CNC(=O)C(C)(C)O)c1,0.0133,-1.876148359,test,<rdkit.Chem.rdchem.Mol object at 0x7f52bd1d2b90>
CC(C)C1CCC(CC2=CC=C(Cl)C=C2)C1(O)CN1C=NC=N1,0.0132,-1.879426069,train,<rdkit.Chem.rdchem.Mol object at 0x7f52bd1d2ce0>
CC1=NN(C(N)=C1C1C=CC=CC=1)C1C=CC=CC=1,0.013,-1.886056648,test,<rdkit.Chem.rdchem.Mol object at 0x7f52bd1d2d50>
O=C(NCC1=CC=CC=N1)C1=CC(=NC2=CC=CC=C21)C1C=CC=CC=1,0.013,-1.886056648,train,<rdkit.Chem.rdchem.Mol object at 0x7f52bd1d2dc0>
OC(=Nc1cccc(c1)C(F)(F)F)c1ccccn1,0.013,-1.886056648,train,<rdkit.Chem.rdchem.Mol object at 0x7f52bd1d2e30>
CC1C=CC(CNC(=O)CCS(=O)(=O)C2C=CC(Br)=CC=2)=CC=1,0.013,-1.886056648,train,<rdkit.Chem.rdchem.Mol object at 0x7f52bd1d2ea0>
N#Cc1ccc(c(c1CC(=NCc1ccc2c(c1)o[nH]c2=N)O)F)NCC(c1ccccn1)(F)F,0.013,-1.886056648,train,<rdkit.Chem.rdchem.Mol object at 0x7f52bd1d2f10>
CS(=O)(=O)C1C=CC(=CC=1)C1=CC2=NC=C(C(N)=O)C(NC3C=CC(F)=CC=3)=C2C=C1,0.013,-1.886056648,train,<rdkit.Chem.rdchem.Mol object at 0x7f52bd1d2f80>
COC1C=C(C=CC=1C1=CN=CO1)NC(=O)NC1C=C(CNC(=O)OC2COCC2)C=CC=1,0.013,-1.886056648,train,<rdkit.Chem.rdchem.Mol object at 0x7f52bd1d3060>
Cc1ccc(cc1c1ccc2c(c1)c[nH]c(=N)n2)C(=Nc1cccc(c1)C(F)(F)F)O,0.013,-1.886056648,train,<rdkit.Chem.rdchem.Mol object at 0x7f52bd1d30d0>
OC(=NC1CCN(CC1)CC1=CC2N(C(C1)CCC2)C(=O)C)Nc1cc(F)cc(c1)C(F)(F)F,0.013,-1.886056648,train,<rdkit.Chem.rdchem.Mol object at 0x7f52bd1d31b0>
CS(=O)(=O)NC(=O)CCCC1=C(NC2C=CC(=CC1=2)C#N)C1C=CC(F)=CC=1,0.013,-1.886056648,test,<rdkit.Chem.rdchem.Mol object at 0x7f52bd1d3220>
O=C(CC1CCN(CC2=CN(C=C2)C2C=CC(=CC=2)C(F)(F)F)CC1)NC(C1C=CN=CC=1)C1C=CC(Cl)=CC=1,0.013,-1.886056648,train,<rdkit.Chem.rdchem.Mol object at 0x7f52bd1d3290>
Clc1cc(F)c(c(c1)c1cnc(c(c1)F)CN=C(N(C1CCC(CC1)(F)F)O)O)c1nnn(n1)C,0.013,-1.886056648,train,<rdkit.Chem.rdchem.Mol object at 0x7f52bd1d3300>
N#Cc1cccc(c1)N=C(N1CCC2(CC1)C(=O)N(C2c1ccccn1)c1cccc(c1)Cl)O,0.013,-1.886056648,train,<rdkit.Chem.rdchem.Mol object at 0x7f52bd1d3370>
N#Cc1cnccc1COc1cnc(nc1)N1CCN(C[C@H]1C)c1noc(n1)C(C)C,0.013,-1.886056648,train,<rdkit.Chem.rdchem.Mol object at 0x7f52bd1d33e0>
OC(=O)COc1ccc(cc1C#Cc1cc(ccc1F)S(=O)(=O)C)Cl,0.013,-1.886056648,test,<rdkit.Chem.rdchem.Mol object at 0x7f52bd1d3530>
COc1ncnc(c1)N1C(=O)N(C(=O)C21CCN(CC2)Cc1ncccc1C)c1ccc(nc1)c1ccc(cc1C)C(=O)O,0.013,-1.886056648,train,<rdkit.Chem.rdchem.Mol object at 0x7f52bd1d35a0>
N#Cc1ccc(cc1C(F)(F)F)O[C@H]1C(=O)N(CC1(C)C)Cc1nnc(o1)c1ccccc1,0.013,-1.886056648,train,<rdkit.Chem.rdchem.Mol object at 0x7f52bd1d3610>
OC(=Nc1nccc(c1)c1cc2c([nH]1)C1(CCCNC1)CN=C2O)c1cccc(c1)OC(F)(F)F,0.013,-1.886056648,train,<rdkit.Chem.rdchem.Mol object at 0x7f52bd1d3680>
CCN(C1CCCCC1)C(=O)C1C=NN(C=1NS(=O)(=O)C1C=CC(=CC=1)C1=CN=CO1)C1C=CC=CC=1,0.013,-1.886056648,train,<rdkit.Chem.rdchem.Mol object at 0x7f52bd1d36f0>
ON=C([C@](S(=O)(=O)C)(CCc1onc(c1)c1ccccc1)C)O,0.013,-1.886056648,train,<rdkit.Chem.rdchem.Mol object at 0x7f52bd1d3760>
COC1C=CC(=CC=1)C1NC2C(N=1)=NC=C(Br)C=2NCCCNC(=O)C1=CN=CC=C1,0.013,-1.886056648,train,<rdkit.Chem.rdchem.Mol object at 0x7f52bd1d37d0>
CS(=O)CC1=CC=C(C2=CC=CC=C12)C(=O)NC1C=CC=NC=1C(=O)NCC1CCC1,0.013,-1.886056648,train,<rdkit.Chem.rdchem.Mol object at 0x7f52bd1d3920>
Nc1cccc(c1)c1cc(=O)oc2c1c(C)c(c(c2)C)c1ccc(cc1)CN1CCOCC1,0.013,-1.886056648,train,<rdkit.Chem.rdchem.Mol object at 0x7f52bd1d3990>
OC[C@@H](Nc1ncc2c(n1)CN(CC2)C(=N[C@@H](c1ccc(c(c1)F)C(F)(F)F)C)O)C,0.013,-1.886056648,train,<rdkit.Chem.rdchem.Mol object at 0x7f52bd1d3a00>
COc1ccc(cc1C)[C@@]12N(CCN1C(=O)c1c2cccc1)C(=O)c1cc(F)c(c(c1)F)F,0.013,-1.886056648,train,<rdkit.Chem.rdchem.Mol object at 0x7f52bd1d3a70>
CC1CN(CCO1)C1=CC(=O)NC(NCC2=CC=CC3=CC=CC=C23)=N1,0.013,-1.886056648,train,<rdkit.Chem.rdchem.Mol object at 0x7f52bd1d3ae0>
O=C(c1ccc(OCCN2CCCCC2)cc1)c1c(-c2ccc(O)cc2)sc2cc(O)ccc12,0.0129,-1.88941029,test,<rdkit.Chem.rdchem.Mol object at 0x7f52bd1d3bc0>
OC(=O)COC1C=C(Cl)C(Cl)=CC=1Cl,0.0127,-1.896196279,train,<rdkit.Chem.rdchem.Mol object at 0x7f52bd1d3c30>
CN(C)C(=O)C1(CCN(CCC2(CN(CCO2)C(=O)C2C=CC=CC=2)C2C=C(Cl)C(Cl)=CC=2)CC1)N1CCCCC1,0.0127,-1.896196279,train,<rdkit.Chem.rdchem.Mol object at 0x7f52bd1d3ca0>
CC1=C(SC2C=CC(Cl)=CC=2)C2C=C(C=CC=2N1CC(O)=O)S(C)(=O)=O,0.0127,-1.896196279,train,<rdkit.Chem.rdchem.Mol object at 0x7f52bd1d3d10>
COC1C=CC(=CC=1)S(=O)(=O)NC(=O)N1CCC(CC1)N1CCC(CC1)OC1=CC(Cl)=C(Cl)C=C1,0.0127,-1.896196279,train,<rdkit.Chem.rdchem.Mol object at 0x7f52bd1d3d80>
OC1C=C(Cl)C(Cl)=CC=1Cl,0.012661,-1.897531991,train,<rdkit.Chem.rdchem.Mol object at 0x7f52bd1d3df0>
COC(=O)C1C(C(C(=O)OCC)=C(C)N=C1C)C1C=C(C=CC=1)[N+]([O-])=O,0.0125499,-1.901359721,test,<rdkit.Chem.rdchem.Mol object at 0x7f52bd1d3ed0>
CCCCCCCCCCCCN1CCCC1=O,0.0125,-1.903089987,test,<rdkit.Chem.rdchem.Mol object at 0x7f52bd1d3f40>
COc1cc(C2c3cc4c(cc3C(OC3OC5COC(C)OC5C(O)C3N(C)C)C3COC(=O)C23)OCO4)cc(OC)c1O,0.0125,-1.903089987,train,<rdkit.Chem.rdchem.Mol object at 0x7f52bd1d4040>
CC1=C(SC2C=CC(Cl)=CC=2)C2C(=CC=CC=2C2C=NC=CN=2)N1CC(O)=O,0.0124,-1.906578315,train,<rdkit.Chem.rdchem.Mol object at 0x7f52bd1d40b0>
CN1C(=O)C2=C(C3=CC=NC=C3)N(CC3=CC=CC4=CC=CC=C34)N=C2N(CC(C)C)C1=O,0.0124,-1.906578315,train,<rdkit.Chem.rdchem.Mol object at 0x7f52bd1d4120>
CC(C)C1C=C(C=CC=1)C(C)C,0.012373,-1.907524987,train,<rdkit.Chem.rdchem.Mol object at 0x7f52bd1d4190>
CCN(CC)S(=O)(=O)C1C=CC(=CC=1)C1C=C(C=CC=1OCC(O)=O)C(F)(F)F,0.0122,-1.913640169,train,<rdkit.Chem.rdchem.Mol object at 0x7f52bd1d4200>
Clc1cccc(c1)OCC(=NC1CCN(CC1)Cc1ccn(c1)c1ccc(cc1)C(F)(F)F)O,0.012,-1.920818754,train,<rdkit.Chem.rdchem.Mol object at 0x7f52bd1d4270>
CCN1CCN(C(=O)C1=O)c1nc(C(=NCc2ccc(cc2)F)O)c(c2c1cccn2)O,0.012,-1.920818754,test,<rdkit.Chem.rdchem.Mol object at 0x7f52bd1d42e0>
Fc1ccc(cc1)CNC(=O)c1nc(C2CC(=O)N(C2)C)c2c(c1O)nccc2,0.012,-1.920818754,train,<rdkit.Chem.rdchem.Mol object at 0x7f52bd1d4350>
CC(=O)CC(C1C(=O)OC2C=CC=CC=2C1=O)C1C=CC(=CC=1)[N+]([O-])=O,0.012,-1.920818754,test,<rdkit.Chem.rdchem.Mol object at 0x7f52bd1d43c0>
OC[C@H](Nc1nc(SCc2cccc(c2F)F)[nH]c2c1ncc(=O)n2)C,0.012,-1.920818754,train,<rdkit.Chem.rdchem.Mol object at 0x7f52bd1d4430>
OC(=O)/C=C/c1ccc(cc1)Cc1c(c2ccccc2)c(=O)oc2c1ccc(c2)O,0.012,-1.920818754,train,<rdkit.Chem.rdchem.Mol object at 0x7f52bd1d44a0>
OC(=O)c1cn(Cc2ccc(cc2)n2ccc3c2nccc3)c2c(c1=O)c(F)ccc2,0.012,-1.920818754,train,<rdkit.Chem.rdchem.Mol object at 0x7f52bd1d4510>
Clc1c(Cl)cccc1c1ccc(cc1)N1CCOc2c(C1=O)c(N)ncn2,0.012,-1.920818754,train,<rdkit.Chem.rdchem.Mol object at 0x7f52bd1d45f0>
Clc1ccc(c(c1)c1ccc(cc1)N1CCOc2c(C1=O)c(N)ncn2)Cl,0.012,-1.920818754,train,<rdkit.Chem.rdchem.Mol object at 0x7f52bd1d4660>
OC(=NCc1ccc(cc1)S(=O)(=O)c1ccc(nc1)N1CCOCC1)c1ccc2n(c1)ccn2,0.012,-1.920818754,train,<rdkit.Chem.rdchem.Mol object at 0x7f52bd1d46d0>
O=C(c1ccc(cc1)OCc1ccccn1)Nc1cc(ccc1C)c1ncc([nH]1)C(F)(F)F,0.012,-1.920818754,train,<rdkit.Chem.rdchem.Mol object at 0x7f52bd1d4740>
N=c1[nH]cnc2c1sc1c2ccc(c1)c1cccc(c1)c1n[nH]nn1,0.012,-1.920818754,train,<rdkit.Chem.rdchem.Mol object at 0x7f52bd1d47b0>
O=c1oc2cc(C)c(c(c2c(c1)c1ccccc1)C)c1ccncc1,0.012,-1.920818754,train,<rdkit.Chem.rdchem.Mol object at 0x7f52bd1d4890>
Clc1ccc(cc1)CN1CCO[C@@H](C1)CCc1ccccc1,0.012,-1.920818754,train,<rdkit.Chem.rdchem.Mol object at 0x7f52bd1d4900>
Cc1ccc(c(c1)Cl)c1ccc(cc1)N1CCOc2c(C1=O)c(N)ncn2,0.012,-1.920818754,train,<rdkit.Chem.rdchem.Mol object at 0x7f52bd1d4970>
OC(=N[C@@H]1CCN(CC21OCC1(CO2)CC1)c1ncc(s1)C(=O)O)c1[nH]c(c(c1Cl)Cl)C,0.012,-1.920818754,train,<rdkit.Chem.rdchem.Mol object at 0x7f52bd1d49e0>
CC(C)(Oc1ccc(C(=O)c2ccc(Cl)cc2)cc1)C(=O)O,0.0119,-1.924453039,train,<rdkit.Chem.rdchem.Mol object at 0x7f52bd1d4ac0>
COC1C=C(C=CC=1)NC1=NC2=CC=CC=C2C(NCC2CCCO2)=N1,0.0119,-1.924453039,train,<rdkit.Chem.rdchem.Mol object at 0x7f52bd1d4b30>
O=C(CCS(=O)(=O)C1C=CC(Br)=CC=1)NC1=CC2OCOC=2C=C1,0.0119,-1.924453039,train,<rdkit.Chem.rdchem.Mol object at 0x7f52bd1d4ba0>
CC1C=CC(NC2C3=CC(OC)=C(C=C3N=CC=2C(N)=O)OC)=C(F)C=1,0.0119,-1.924453039,train,<rdkit.Chem.rdchem.Mol object at 0x7f52bd1d4c10>
CC1=NC=C(NC(=O)C2C=C(C=CC=2C)NC(=O)C2=CC(=CC=C2)C(F)(F)F)S1,0.0119,-1.924453039,train,<rdkit.Chem.rdchem.Mol object at 0x7f52bd1d4c80>
CC1C=CC(=CC=1C(=O)NC1=CN=CC=C1)NC(=O)C1=CC(=C(Cl)C=C1)C(F)(F)F,0.0119,-1.924453039,train,<rdkit.Chem.rdchem.Mol object at 0x7f52bd1d4cf0>
CC1C(=CC=CC=1NC1N=CN=C(N=1)N1CCC(CC1)OCC1=CC=C(C=C1)OC(F)(F)F)NC(C)=O,0.0119,-1.924453039,train,<rdkit.Chem.rdchem.Mol object at 0x7f52bd1d4d60>
CC(=O)NC1C=CC2=C(C=1)C(=CN2CCCO)C1C=C(NC2CC2)N2N=CC(C#N)=C2N=1,0.0119,-1.924453039,train,<rdkit.Chem.rdchem.Mol object at 0x7f52bd1d4dd0>
CC(C)C(NC(=O)C1C=C(Cl)C=CC=1C(F)(F)F)C(=O)C1=CC=C(C=C1)[N+]([O-])=O,0.0119,-1.924453039,train,<rdkit.Chem.rdchem.Mol object at 0x7f52bd1d4e40>
CC(C)COC1=CC=CC(C=C2SC(=O)NC2=O)=C1N1CCCC(N)C1,0.0119,-1.924453039,train,<rdkit.Chem.rdchem.Mol object at 0x7f52bd1d4eb0>
O=C1NC(=NC2=CC=CC=C21)C1C=CC=CC=1,0.0119,-1.924453039,train,<rdkit.Chem.rdchem.Mol object at 0x7f52bd1d4f20>
CC1C=C(F)C=CC=1OC1C=CC=C2C(=O)CC(=NC=12)N1CCOCC1,0.0119,-1.924453039,train,<rdkit.Chem.rdchem.Mol object at 0x7f52bd1d4f90>
CC1CN(CC2C=C(Cl)C=CC=2OCC(O)=O)CCN1S(=O)(=O)C1C=CC=CC=1,0.011821167,-1.92733963,train,<rdkit.Chem.rdchem.Mol object at 0x7f52bd1d5000>
CC(=CC(=O)OC(C)C)OP(=S)(NCC)OC,0.011475,-1.940247306,train,<rdkit.Chem.rdchem.Mol object at 0x7f52bd1d5070>
OC(=O)COC1=CC=CC=C1N1CCC(CN2CCC(CC2)OC2=CC(Cl)=C(Cl)C=C2)CC1,0.0114,-1.943095149,train,<rdkit.Chem.rdchem.Mol object at 0x7f52bd1d5150>
OC1C=C(O)C(=CC=1)C(=O)C1C=CC=CC=1,0.0113,-1.946921557,train,<rdkit.Chem.rdchem.Mol object at 0x7f52bd1d51c0>
C1=C2C3C=CC=CC=3C=CC2=CC2C=CC=CC=21,0.011208076,-1.950468952,test,<rdkit.Chem.rdchem.Mol object at 0x7f52bd1d5230>
CC1N=C(C#N)C(C(C=1C(=O)OC(C)C)C1=CC(=CC=C1)[N+]([O-])=O)C(=O)OC,0.011166667,-1.952076454,train,<rdkit.Chem.rdchem.Mol object at 0x7f52bd1d52a0>
CC1C=CC=C(N=1)C1NC2C=C(Cl)C=CC=2N=1,0.0111,-1.954677021,train,<rdkit.Chem.rdchem.Mol object at 0x7f52bd1d53f0>
O=C1NC=NC2SC=C(C=21)C1=CC=CS1,0.0111,-1.954677021,train,<rdkit.Chem.rdchem.Mol object at 0x7f52bd1d5460>
CNC1C=CC(=CC=1)C1=NC2C=CC(O)=CC=2S1,0.0111,-1.954677021,train,<rdkit.Chem.rdchem.Mol object at 0x7f52bd1d5540>
CS(=O)(=O)C1=CC=CC=C1COC1C=C(SC=1C#N)N1C=NC2=CC(OC)=C(C=C12)OC,0.0111,-1.954677021,train,<rdkit.Chem.rdchem.Mol object at 0x7f52bd1d55b0>
CC1C=CC(Cl)=CC=1NC(=O)CCS(=O)(=O)C1=CC=C(Br)S1,0.0111,-1.954677021,train,<rdkit.Chem.rdchem.Mol object at 0x7f52bd1d5620>
CC1=NN(C)C=C1NC(=O)CC1C=CC(=CC=1OC)OC1C=CN=C2C=C(C=CC=12)OC,0.0111,-1.954677021,train,<rdkit.Chem.rdchem.Mol object at 0x7f52bd1d5690>
CC(CC1=CC=CC=N1)N1C(C2=CC=CC=C2C1=O)C(=O)NCC1=CC=C(C=C1)OC(F)(F)F,0.0111,-1.954677021,train,<rdkit.Chem.rdchem.Mol object at 0x7f52bd1d5700>
CC1C=CC(=CC=1)S(=O)(=O)NC1=C(C(=O)NC(C)C(C)(C)C)C(C)=NN1C1C=CC=CC=1,0.0111,-1.954677021,train,<rdkit.Chem.rdchem.Mol object at 0x7f52bd1d5770>
COCC#CC1=CC(=CC=C1)C1(N=C(N)N2CC(F)(F)CN=C12)C1=CC=C(C=C1)OC(F)F,0.0111,-1.954677021,train,<rdkit.Chem.rdchem.Mol object at 0x7f52bd1d57e0>
CC1=CN(C2CN(CC3=CC(=CC=C3)OC3C=CC=CC=3)CCC2)C(=O)NC1=O,0.0111,-1.954677021,train,<rdkit.Chem.rdchem.Mol object at 0x7f52bd1d5850>
CN(C)CCNC(=O)C1C=CC(=CC=1)NC1N=C2C=CC(=CC2=CN=1)C1C=CN=CC=1,0.0111,-1.954677021,train,<rdkit.Chem.rdchem.Mol object at 0x7f52bd1d58c0>
CC(C)(C)OC(=O)NC(CC1=CC=CC=C1C(F)(F)F)C(=O)NCC1=NC2C=CC=NC=2N1CC1C=CC=CC=1,0.0111,-1.954677021,train,<rdkit.Chem.rdchem.Mol object at 0x7f52bd1d5930>
CN=C(c1ccc(c2c1[nH]cc2C(=O)C(=O)N1CCN(CC1)C(=O)c1ccccc1)F)O,0.011,-1.958607315,train,<rdkit.Chem.rdchem.Mol object at 0x7f52bd1d59a0>
CC(=O)CC(C1C(=O)C2=CC=CC=C2OC1=O)C1C=CC=CC=1,0.011,-1.958607315,train,<rdkit.Chem.rdchem.Mol object at 0x7f52bd1d5a10>
CCN1CC(CC1=O)c1nc(C(=O)NCc2ccc(cc2)F)c(c2c1cccn2)O,0.011,-1.958607315,train,<rdkit.Chem.rdchem.Mol object at 0x7f52bd1d5a80>
CO[C@H]1CN(CC[C@H]1N=C(c1[nH]c(c(c1Cl)Cl)C)O)c1sc(c(n1)c1nccn1C)C(=O)O,0.011,-1.958607315,train,<rdkit.Chem.rdchem.Mol object at 0x7f52bd1d5af0>
COc1ccc(cc1)c1ccc(cc1)S(=O)(=O)NC(C1CCCC2(C1)OCCO2)C(=O)O,0.011,-1.958607315,train,<rdkit.Chem.rdchem.Mol object at 0x7f52bd1d5b60>
OC[C@H](Nc1nc(SCc2cccc(c2F)F)nc2c1sc(n2)NS(=O)(=O)C)C,0.011,-1.958607315,train,<rdkit.Chem.rdchem.Mol object at 0x7f52bd1d5bd0>
CN1CCN(CC1)CCN(C1COc2ccccc2c2n(C1)c1cc(ccc1c2C1CCCCC1)C(=O)O)C,0.011,-1.958607315,train,<rdkit.Chem.rdchem.Mol object at 0x7f52bd1d5c40>
Clc1cccc(c1)c1nn(cc1N=C(c1cnn2c1[nH]c(=N)cc2)O)C,0.011,-1.958607315,test,<rdkit.Chem.rdchem.Mol object at 0x7f52bd1d5d90>
O=C(c1cc2c([nH]1)ccnc2)NCc1ccc(cc1)S(=O)(=O)c1ccc(nc1)N1CCOCC1,0.011,-1.958607315,train,<rdkit.Chem.rdchem.Mol object at 0x7f52bd1d5e00>
O=C(c1ccc(cc1)OCc1ccccn1)Nc1cc(ccc1C)c1ccccn1,0.011,-1.958607315,train,<rdkit.Chem.rdchem.Mol object at 0x7f52bd1d5e70>
CN1CC(C1)Cn1nc(c2c1ccc(c2)OC(F)F)c1cnc2c(n1)c(c[nH]2)C(=NC(C)(C)C)O,0.011,-1.958607315,train,<rdkit.Chem.rdchem.Mol object at 0x7f52bd1d5ee0>
CN=c1[nH]cnc(c1)c1csc(n1)N(C(=O)c1ccc(cc1)[18F])C,0.011,-1.958607315,train,<rdkit.Chem.rdchem.Mol object at 0x7f52bd1d5fc0>
CO[C@H]1CN(CC[C@H]1N=C(c1[nH]c(c(c1Cl)Cl)C)O)c1sc(c(n1)c1cncnc1)C(=O)O,0.011,-1.958607315,train,<rdkit.Chem.rdchem.Mol object at 0x7f52bd1d6030>
Clc1cnn(c1)CCNc1ccnc(c1c1nc2c([nH]1)c(C)cc(c2)N1CCOCC1)O,0.011,-1.958607315,train,<rdkit.Chem.rdchem.Mol object at 0x7f52bd1d6110>
CCN=C(Nc1ncc(c(c1)c1scc(n1)C(F)(F)F)c1cncc(c1)c1[nH]oc(=O)n1)O,0.011,-1.958607315,train,<rdkit.Chem.rdchem.Mol object at 0x7f52bd1d6180>
CC(C)CC1=C(C(=O)OC)C(=NC(=C1C1=NCCS1)C(F)(F)F)C(F)F,0.010841667,-1.964903956,train,<rdkit.Chem.rdchem.Mol object at 0x7f52bd1d61f0>
CC12CCC3C(CCC4=CC(=CC=C43)OS(O)(=O)=O)C1CCC2(O)C#C,0.010833334,-1.965237887,train,<rdkit.Chem.rdchem.Mol object at 0x7f52bd1d6260>
CC1=CC(=CN(CC)C1=O)C1(N=C(N)C2C(F)=CC=CC1=2)C1C=C(C=CC=1)C1C=C(C=NC=1)C#CC,0.0108,-1.966576245,train,<rdkit.Chem.rdchem.Mol object at 0x7f52bd1d62d0>
CC1=CC(C)(C)NC2C=CC(=CC1=2)OCC,0.010694022,-1.970858927,train,<rdkit.Chem.rdchem.Mol object at 0x7f52bd1d63b0>
ClC1(Cl)C2(Cl)C3C4OC4C(Cl)C3C1(Cl)C(Cl)=C2Cl,0.010675994,-1.971591689,train,<rdkit.Chem.rdchem.Mol object at 0x7f52bd1d6420>
N#CC(CN1C=NC=N1)(CCC1C=CC(Cl)=CC=1)C1C=CC=CC=1,0.01065,-1.972650392,train,<rdkit.Chem.rdchem.Mol object at 0x7f52bd1d6490>
COC1C=C(N=C(N=1)OC1=CC=CC(OC2=NC(=CC(=N2)OC)OC)=C1C(O)=O)OC,0.0106,-1.974694135,train,<rdkit.Chem.rdchem.Mol object at 0x7f52bd1d6500>
C1C2=C3C(=CC=CC3=C3C=CC=CC3=1)C1=CC=CC=C21,0.010587929,-1.975189,train,<rdkit.Chem.rdchem.Mol object at 0x7f52bd1d6570>
CC1=C(SC2C=CC(Cl)=CC=2)C2C(=CC=CC=2NS(C)(=O)=O)N1CC(O)=O,0.0104,-1.982966661,train,<rdkit.Chem.rdchem.Mol object at 0x7f52bd1d6650>
CCOP(=S)(OC1C=CC(=CC=1)[N+]([O-])=O)C1C=CC=CC=1,0.010159965,-1.993107788,test,<rdkit.Chem.rdchem.Mol object at 0x7f52bd1d66c0>
OC(=O)COC1C=CC(Cl)=CC=1CN1CCN(CC1)S(=O)(=O)C1C=CC(F)=CC=1,0.0101,-1.995678626,train,<rdkit.Chem.rdchem.Mol object at 0x7f52bd1d6730>
COC1=NC=C(OC)C2=NC(NS(=O)(=O)C3C(=CC=CC=3C(F)(F)F)OCC(F)F)=NN21,0.01002225,-1.999034768,test,<rdkit.Chem.rdchem.Mol object at 0x7f52bd1d67a0>
CC(C(=O)O)c1ccc2c(c1)[nH]c1ccc(Cl)cc12,0.01,-2.0,train,<rdkit.Chem.rdchem.Mol object at 0x7f52bd1d68f0>
CN(C)CCC=C1C2=CC=CC=C2SC2C=CC(Cl)=CC=21,0.01,-2.0,train,<rdkit.Chem.rdchem.Mol object at 0x7f52bd1d6960>
CCC1=CC2C(=NCC(=O)N(C)C=2S1)C1=CC=CC=C1Cl,0.01,-2.0,train,<rdkit.Chem.rdchem.Mol object at 0x7f52bd1d69d0>
CC1(C)C(C1C=C(Br)Br)C(=O)OC(C#N)C1C=C(C=CC=1)OC1C=CC=CC=1,0.01,-2.0,train,<rdkit.Chem.rdchem.Mol object at 0x7f52bd1d6a40>
CCN(CC)CCOC(=O)C1(C2CCCCC2)CCCCC1,0.01,-2.0,train,<rdkit.Chem.rdchem.Mol object at 0x7f52bd1d6ab0>
CC(C)C(C)C=CC(C)C1CCC2C(CCCC21C)=CC=C1CC(O)CCC1C,0.01,-2.0,train,<rdkit.Chem.rdchem.Mol object at 0x7f52bd1d6b20>
CN1CCC(OC(c2ccccc2)c2ccccc2)CC1,0.01,-2.0,test,<rdkit.Chem.rdchem.Mol object at 0x7f52bd1d6b90>
CCOC(=O)C=C(C)C=CC=C(C)C=Cc1c(C)cc(OC)c(C)c1C,0.01,-2.0,train,<rdkit.Chem.rdchem.Mol object at 0x7f52bd1d6c70>
CCOC(=O)C1=C(C)NC(C)=C(C(=O)OC)C1c1cccc(Cl)c1Cl,0.01,-2.0,train,<rdkit.Chem.rdchem.Mol object at 0x7f52bd1d6ce0>
CC1(O)CCC2C3CCC4=CC(=O)CCC4(C)C3(F)C(O)CC12C,0.01,-2.0,train,<rdkit.Chem.rdchem.Mol object at 0x7f52bd1d6d50>
CC(C(=O)O)c1ccc(-c2ccccc2)c(F)c1,0.01,-2.0,train,<rdkit.Chem.rdchem.Mol object at 0x7f52bd1d6dc0>
CC1C=C2C(C(C=O)=C(O)C(O)=C2C(C)C)=C(O)C=1C1=C(O)C2=C(C=O)C(O)=C(O)C(C(C)C)=C2C=C1C,0.01,-2.0,train,<rdkit.Chem.rdchem.Mol object at 0x7f52bd1d6e30>
COc1ccc2c(c1)c(CC(=O)O)c(C)n2C(=O)c1ccc(Cl)cc1,0.01,-2.0,train,<rdkit.Chem.rdchem.Mol object at 0x7f52bd1d6ea0>
CC(C)C(C(=O)NC(CC(O)C(CC1=CC=CC=C1)NC(=O)COC1=C(C)C=CC=C1C)CC1=CC=CC=C1)N1CCCNC1=O,0.01,-2.0,train,<rdkit.Chem.rdchem.Mol object at 0x7f52bd1d6f80>
CC(C(=O)O)c1cccc(C(=O)c2ccccc2)c1,0.01,-2.0,test,<rdkit.Chem.rdchem.Mol object at 0x7f52bd1d6ff0>
Cc1oncc1C(=O)Nc1ccc(C(F)(F)F)cc1,0.01,-2.0,train,<rdkit.Chem.rdchem.Mol object at 0x7f52bd1d7060>
Cc1ccc(Cl)c(Nc2ccccc2C(=O)O)c1Cl,0.01,-2.0,train,<rdkit.Chem.rdchem.Mol object at 0x7f52bd1d7140>
COc1ccc2cc(CCC(C)=O)ccc2c1,0.01,-2.0,train,<rdkit.Chem.rdchem.Mol object at 0x7f52bd1d7220>
CC1C(O)=CC=CC=1C(=O)NC(CSC1C=CC=CC=1)C(O)CN1CC2CCCCC2CC1C(=O)NC(C)(C)C,0.01,-2.0,train,<rdkit.Chem.rdchem.Mol object at 0x7f52bd1d7300>
COC(=O)C1=C(C)NC(C)=C(C(=O)OCC(C)C)C1c1ccccc1[N+](=O)[O-],0.01,-2.0,test,<rdkit.Chem.rdchem.Mol object at 0x7f52bd1d7370>
CC(C)CC(NC=O)C(=O)OC(CC1OC(=O)C1CCCCCC)CCCCCCCCCCC,0.01,-2.0,train,<rdkit.Chem.rdchem.Mol object at 0x7f52bd1d73e0>
CCCCC1C(=O)N(c2ccccc2)N(c2ccc(O)cc2)C1=O,0.01,-2.0,train,<rdkit.Chem.rdchem.Mol object at 0x7f52bd1d7450>
Cc1nc2sccn2c(=O)c1CCN1CCC(=C(c2ccc(F)cc2)c2ccc(F)cc2)CC1,0.01,-2.0,test,<rdkit.Chem.rdchem.Mol object at 0x7f52bd1d74c0>
CC(C(=O)O)c1ccc(C(=O)c2cccs2)cc1,0.01,-2.0,train,<rdkit.Chem.rdchem.Mol object at 0x7f52bd1d7530>
CN(CC1=CC=CC2=CC=CC=C12)CC=CC#CC(C)(C)C,0.01,-2.0,train,<rdkit.Chem.rdchem.Mol object at 0x7f52bd1d75a0>
CC1C=CC=C(C)C=1NC(=O)C1=CC(=C(Cl)C=C1O)S(N)(=O)=O,0.01,-2.0,train,<rdkit.Chem.rdchem.Mol object at 0x7f52bd1d76f0>
C=CCOC1=CC=C(CC(O)=O)C=C1Cl,0.01,-2.0,train,<rdkit.Chem.rdchem.Mol object at 0x7f52bd1d7760>
C=CCNc1nc(NCC=C)nc(N2CCN(C(c3ccc(F)cc3)c3ccc(F)cc3)CC2)n1,0.01,-2.0,train,<rdkit.Chem.rdchem.Mol object at 0x7f52bd1d77d0>
OC(=O)COC1C=CC(=C(Cl)C=1Cl)C(=O)C1=CC=CS1,0.01,-2.0,train,<rdkit.Chem.rdchem.Mol object at 0x7f52bd1d7840>
CC(=O)N1CCN(c2ccc(OC[C@@H]3CO[C@@](Cn4ccnc4)(c4ccc(Cl)cc4Cl)O3)cc2)CC1,0.01,-2.0,train,<rdkit.Chem.rdchem.Mol object at 0x7f52bd1d7920>
O=C(O)CCNC(=O)c1ccc(/N=N/c2ccc(O)c(C(=O)O)c2)cc1,0.01,-2.0,train,<rdkit.Chem.rdchem.Mol object at 0x7f52bd1d7990>
CN(C1CCN(CC(O)COC2C=CC(F)=CC=2)CC1)C1=NC2=CC=CC=C2S1,0.01,-2.0,train,<rdkit.Chem.rdchem.Mol object at 0x7f52bd1d7a00>
O=C1CCc2ccc(OCCCCN3CCN(c4cccc(Cl)c4Cl)CC3)cc2N1,0.01,-2.0,test,<rdkit.Chem.rdchem.Mol object at 0x7f52bd1d7a70>
CC(C)Oc1ccccc1N1CCN(Cc2cccc(C(=O)N3CCCCC3)c2)CC1,0.01,-2.0,train,<rdkit.Chem.rdchem.Mol object at 0x7f52bd1d7ae0>
OC(=O)CC1=CC=CC=C1OC1=CC=C(Cl)C=C1Cl,0.01,-2.0,train,<rdkit.Chem.rdchem.Mol object at 0x7f52bd1d7b50>
Clc1ccc(C(Cn2ccnc2)OCc2csc3c(Cl)cccc23)c(Cl)c1,0.01,-2.0,test,<rdkit.Chem.rdchem.Mol object at 0x7f52bd1d7bc0>
C=C(c1ccc(C(=O)O)cc1)c1cc2c(cc1C)C(C)(C)CCC2(C)C,0.01,-2.0,train,<rdkit.Chem.rdchem.Mol object at 0x7f52bd1d7ca0>
COc1ccc2c(c1)C(=O)N(C(=O)C2(C)C)CCc1ccc(cc1)S(=O)(=O)NC(=NC1CCCCC1)O,0.01,-2.0,train,<rdkit.Chem.rdchem.Mol object at 0x7f52bd1d7d10>
CC1(C)CCC(C)(C)C2C=C(C=CC1=2)NC(=O)C1C=CC(=CC=1)C(O)=O,0.01,-2.0,train,<rdkit.Chem.rdchem.Mol object at 0x7f52bd1d7d80>
CCOc1ccccc1OCCN[C@H](C)Cc1ccc(OC)c(S(N)(=O)=O)c1,0.01,-2.0,test,<rdkit.Chem.rdchem.Mol object at 0x7f52bd1d7df0>
COc1ccc2cc([C@H](C)C(=O)O)ccc2c1,0.01,-2.0,train,<rdkit.Chem.rdchem.Mol object at 0x7f52bd1d7e60>
O=C(Nc1cc(nn1c1ccc(cc1)C)C(C)(C)C)Nc1ccc(c2c1cccc2)OCCN1CCOCC1,0.01,-2.0,train,<rdkit.Chem.rdchem.Mol object at 0x7f52bd1d7ed0>
O=C(O)c1ccc(-n2nc(-c3ccccc3O)nc2-c2ccccc2O)cc1,0.01,-2.0,train,<rdkit.Chem.rdchem.Mol object at 0x7f52bd1d8040>
CC(=O)C1CCC2C3CCC4CC(O)CCC4(C)C3CCC12C,0.01,-2.0,train,<rdkit.Chem.rdchem.Mol object at 0x7f52bd1d8120>
OC(=Nc1cccc(c1)c1nc2c([nH]1)cccc2)c1ccc2c(c1)OCCO2,0.01,-2.0,train,<rdkit.Chem.rdchem.Mol object at 0x7f52bd1d8190>
O=C1OC2=CC=CC=C2C(=O)C1CC1C(=O)C2=CC=CC=C2OC1=O,0.01,-2.0,train,<rdkit.Chem.rdchem.Mol object at 0x7f52bd1d8270>
CN(C(=O)[C@H](c1ccccc1)N=C(c1cc2c(n1C)ccc(c2)NC(=O)c1ccccc1c1ccc(cc1)C(F)(F)F)O)Cc1ccccc1,0.01,-2.0,train,<rdkit.Chem.rdchem.Mol object at 0x7f52bd1d8510>
COc1ccc(cc1)c1ccc(cc1)S(=O)(=O)N[C@@H](C(=O)O)C1CCC(CC1)N1CCN=C1O,0.01,-2.0,train,<rdkit.Chem.rdchem.Mol object at 0x7f52bd1d85f0>
COc1ccc2c(c1)c(CC(=O)O)c(n2c1ccnc2c1ccc(c2)Cl)C,0.01,-2.0,train,<rdkit.Chem.rdchem.Mol object at 0x7f52bd1d8660>
c1ccc(cc1)c1nc(N=c2[nH][nH]c(c2)C2CC2)c2c(n1)cccc2,0.01,-2.0,test,<rdkit.Chem.rdchem.Mol object at 0x7f52bd1d86d0>
N#Cc1ccc(c(c1CC(=NCCONC(=N)N)O)F)NCC(c1ccc(c(c1)F)F)(F)F,0.01,-2.0,train,<rdkit.Chem.rdchem.Mol object at 0x7f52bd1d87b0>
CCCCN=C(N1Cc2c(C1)c(=NC(=O)[C@H](c1ccc3c(c1)cccc3)C)[nH][nH]2)O,0.01,-2.0,train,<rdkit.Chem.rdchem.Mol object at 0x7f52bd1d8820>
Cc1ccc(c(c1)N=C(Nc1ccc(cc1)c1cccc2c1c(N)n[nH]2)O)F,0.01,-2.0,train,<rdkit.Chem.rdchem.Mol object at 0x7f52bd1d8890>
COc1ccc2c(c1)ccc(c2)c1cc(nn1[C@H](c1ccc(cc1)C(=O)NCCC(=O)O)C)c1cc(Cl)cc(c1)Cl,0.01,-2.0,train,<rdkit.Chem.rdchem.Mol object at 0x7f52bd1d8900>
OC[C@H](c1cccc(c1)Cl)NC(=O)c1[nH]cc(c1)c1nc(ncc1C)Nc1ccc(cc1Cl)F,0.01,-2.0,test,<rdkit.Chem.rdchem.Mol object at 0x7f52bd1d89e0>
CC(OC(=O)N1CCC(CC1)Oc1ncnc2c1cnn2c1ccc(cc1F)S(=O)(=O)C)C,0.01,-2.0,train,<rdkit.Chem.rdchem.Mol object at 0x7f52bd1d8a50>
Fc1ccc(cc1)CN=C(c1nc(N2CCN(CC2)C(=O)C)c2c(c1O)nccc2)O,0.01,-2.0,train,<rdkit.Chem.rdchem.Mol object at 0x7f52bd1d8ac0>
O=C(C1=C(C[C@H]2N[C@@H]1CNC2)c1ccc(cc1)CCCOc1c(F)ccc(c1Cl)F)N(C1CC1)Cc1cccc(c1Cl)Cl,0.01,-2.0,train,<rdkit.Chem.rdchem.Mol object at 0x7f52bd1d8b30>
CC(Cn1c2sc(c(c2c(=O)n(c1=O)C)C(=O)N1CC[C@H](C1)O)Oc1cccc2c1cccc2)C,0.01,-2.0,train,<rdkit.Chem.rdchem.Mol object at 0x7f52bd1d8ba0>
CN1C(C(=O)NC2=CC=CC=N2)C(=O)C2SC(Cl)=CC=2S1(=O)=O,0.01,-2.0,train,<rdkit.Chem.rdchem.Mol object at 0x7f52bd1d8cf0>
CC(C)C(=O)OCC(=O)C12OC(OC1CC1C3CCC4=CC(=O)C=CC4(C)C3C(O)CC21C)C1CCCCC1,0.01,-2.0,train,<rdkit.Chem.rdchem.Mol object at 0x7f52bd1d8d60>
CC12CCC3C(CCC4NC(=O)C=CC43C)C1CCC2C(=O)NC1=CC(=CC=C1C(F)(F)F)C(F)(F)F,0.01,-2.0,test,<rdkit.Chem.rdchem.Mol object at 0x7f52bd1d8dd0>
CCC[C@H](N(S(=O)(=O)c1ccc(cc1)Cl)c1cc(Cl)ccc1CO)C,0.01,-2.0,train,<rdkit.Chem.rdchem.Mol object at 0x7f52bd1d8e40>
OC(=O)CN1c2ccc(cc2[C@@]2(C1=O)CC(=O)N(C2)Cc1cc(Cl)ccc1F)Cl,0.01,-2.0,train,<rdkit.Chem.rdchem.Mol object at 0x7f52bd1d8eb0>
Cc1cc(Cl)c(c(c1)Cl)OCCOc1ccc(cc1)C1=C([C@@H]2N[C@H](C1)CN(C2)C(=O)C)C(=O)N(C1CC1)Cc1cccc(c1C)C,0.01,-2.0,train,<rdkit.Chem.rdchem.Mol object at 0x7f52bd1d8f20>
Cc1ccc2c(c1)CCCN2C(=O)SCC(=Nc1ccc(cc1Cl)S(=O)(=O)N)O,0.01,-2.0,train,<rdkit.Chem.rdchem.Mol object at 0x7f52bd1d8f90>
CN=C([C@H](N1CCn2c([C@@H]1CCc1ccc(cc1)C(F)(F)F)c(Cl)nc2CC)c1ccccc1)O,0.01,-2.0,train,<rdkit.Chem.rdchem.Mol object at 0x7f52bd1d9000>
Cc1ccc(-n2nccn2)c(C(=O)N2CCN(c3nc4cc(Cl)ccc4o3)CC[C@H]2C)c1,0.01,-2.0,train,<rdkit.Chem.rdchem.Mol object at 0x7f52bd1d9070>
CO[C@H]1CN(CC[C@H]1N=C(c1[nH]c(c(c1Cl)Cl)C)O)c1sc(c(n1)c1nccs1)C(=O)O,0.01,-2.0,train,<rdkit.Chem.rdchem.Mol object at 0x7f52bd1d9150>
CO[C@H]1CN(CC[C@H]1N=C(c1[nH]c(c(c1Cl)Cl)C)O)c1sc(c(n1)c1ncc[nH]1)C(=O)O,0.01,-2.0,train,<rdkit.Chem.rdchem.Mol object at 0x7f52bd1d91c0>
CO[C@H]1CN(CC[C@H]1N=C(c1[nH]c(c(c1Cl)Cl)C)O)c1sc(c(n1)c1csc(=N)[nH]1)C(=O)O,0.01,-2.0,train,<rdkit.Chem.rdchem.Mol object at 0x7f52bd1d9230>
COc1cc(cc(c1OC)OC)c1cnc2c(n1)c(c[nH]2)C(=NC(C)C)O,0.01,-2.0,train,<rdkit.Chem.rdchem.Mol object at 0x7f52bd1d9380>
CC(Oc1ccc(cc1)C(=O)Nc1cc(ccc1C)N=C(c1cccc(c1)N(C)C)O)C,0.01,-2.0,train,<rdkit.Chem.rdchem.Mol object at 0x7f52bd1d93f0>
Fc1cc(cc(c1)N1CCCC1)C(=Nc1ccc(c(c1)NC(=O)c1ccc(cc1)OCc1ccccn1)C)O,0.01,-2.0,train,<rdkit.Chem.rdchem.Mol object at 0x7f52bd1d9460>
OC(=NC1CCN(CC1)CC1CCN(CC1)C(=O)C(C)(C)C)Nc1cc(cc(c1)C(F)(F)F)C(F)(F)F,0.01,-2.0,train,<rdkit.Chem.rdchem.Mol object at 0x7f52bd1d94d0>
OC[C@@H](N1C[C@@H](C)[C@H](CN(Cc2ccc(cc2)Oc2ccccc2)C)Oc2c(C1=O)cccc2NC(=O)c1ccncc1)C,0.01,-2.0,train,<rdkit.Chem.rdchem.Mol object at 0x7f52bd1d9540>
OC[C@@H](N1C[C@H](C)[C@@H](CN(Cc2ccc(cc2)Oc2ccccc2)C)Oc2c(C1=O)cccc2NC(=O)c1ccncc1)C,0.01,-2.0,train,<rdkit.Chem.rdchem.Mol object at 0x7f52bd1d95b0>
OC[C@H](N1C[C@@H](C)[C@H](CN(Cc2ccc(cc2)Oc2ccccc2)C)Oc2c(C1=O)cccc2NC(=O)c1ccncc1)C,0.01,-2.0,train,<rdkit.Chem.rdchem.Mol object at 0x7f52bd1d9620>
CN=C([C@H](N1CCn2c([C@@H]1CCc1ccc(cc1)C(F)(F)F)c(Cl)nc2C1CC1)c1ccccc1)O,0.01,-2.0,train,<rdkit.Chem.rdchem.Mol object at 0x7f52bd1d9690>
CCN(C(=O)[C@H]1CN(C(=Nc2ccccc2)O)[C@H]2C(=C1)c1cccc3c1c(C2)c[nH]3)CC,0.01,-2.0,train,<rdkit.Chem.rdchem.Mol object at 0x7f52bd1d9770>
OC(=N[C@H]1CC[C@@H]2[C@H]1CN(C2)Cc1cccc(c1)C(F)(F)F)C(C1CCCCC1)C1CCCCC1,0.01,-2.0,train,<rdkit.Chem.rdchem.Mol object at 0x7f52bd1d97e0>
CN(C[C@@H](N1C[C@@H](C)[C@@H](OCCCC[C@@H](Oc2c(C1=O)cc(cc2)NC(=Nc1ccccc1)O)C)CN(S(=O)(=O)c1ccc(cc1)F)C)C)C,0.01,-2.0,train,<rdkit.Chem.rdchem.Mol object at 0x7f52bd1d98c0>
FC([C@@](c1ccc(cc1)n1cccn1)(Cc1ncc([nH]1)CC1(CC1)C(F)(F)F)O)(F)F,0.01,-2.0,test,<rdkit.Chem.rdchem.Mol object at 0x7f52bd1d9930>
CCCC(=Nc1cccc(c1)NCc1ccccc1Br)O,0.01,-2.0,train,<rdkit.Chem.rdchem.Mol object at 0x7f52bd1d99a0>
N#Cc1cnccc1COc1cnc(nc1)N1CCN(C[C@H]1C)c1onc(n1)C(F)(F)F,0.01,-2.0,train,<rdkit.Chem.rdchem.Mol object at 0x7f52bd1d9a10>
OC[C@H]1O[C@H](Oc2ccc(cc2Cl)n2ccc3c2ccc(c3)N(=O)=O)[C@H]([C@H]([C@@H]1O)O)O,0.01,-2.0,train,<rdkit.Chem.rdchem.Mol object at 0x7f52bd1d9af0>
OCC[C@@]1(CCN(C(=O)O1)[C@H](c1ccc(cc1)c1ccc(cc1F)F)C)c1ccc(cc1)F,0.01,-2.0,train,<rdkit.Chem.rdchem.Mol object at 0x7f52bd1d9b60>
COc1ccc(cc1N1CCNCC1)S(=O)(=O)Nc1cc(Cl)cc(c1O[11CH3])Cl,0.01,-2.0,train,<rdkit.Chem.rdchem.Mol object at 0x7f52bd1d9bd0>
CCc1c(cccc1c1nsc(n1)c1ccc(c(c1)Cl)OC(C)C)CN1CC(C1)C(=O)O,0.01,-2.0,train,<rdkit.Chem.rdchem.Mol object at 0x7f52bd1d9c40>
CN1C(C(=O)Nc2ccccn2)=C(O)c2ccccc2S1(=O)=O,0.01,-2.0,train,<rdkit.Chem.rdchem.Mol object at 0x7f52bd1d9cb0>
CC(=O)CC(c1ccccc1)c1c(O)c2ccccc2oc1=O,0.01,-2.0,train,<rdkit.Chem.rdchem.Mol object at 0x7f52bd1d9d20>
Fc1ccc(cc1)CN=C(C1=C(O)C(=O)N(C1)Cc1ccccn1)O,0.01,-2.0,train,<rdkit.Chem.rdchem.Mol object at 0x7f52bd1d9d90>
Fc1ccc(c(c1)C(=NC(C)C)O)CN=C(c1nc(n(c(=O)c1O)C)C(C)(C)C)O,0.01,-2.0,train,<rdkit.Chem.rdchem.Mol object at 0x7f52bd1d9e00>
Fc1ccc(c(c1)C(=NCC(F)(F)F)O)CN=C(c1nc(n(c(=O)c1O)C)C(C)(C)C)O,0.01,-2.0,train,<rdkit.Chem.rdchem.Mol object at 0x7f52bd1d9e70>
CCCS(=O)(=O)c1ccc(c(c1)C#Cc1cc(Cl)ccc1OCC(=O)O)F,0.01,-2.0,train,<rdkit.Chem.rdchem.Mol object at 0x7f52bd1d9ee0>
COc1ccc(c2c1nc(s2)NC(=O)c1ccncc1)C,0.01,-2.0,train,<rdkit.Chem.rdchem.Mol object at 0x7f52bd1d9f50>
N#Cc1cnn2c1nc(cc2NC1CC1)n1ccc2c1cc(cc2)N=C(O)C,0.01,-2.0,train,<rdkit.Chem.rdchem.Mol object at 0x7f52bd1d9fc0>
O=C(Nc1ccc(cc1)Sc1nc(=Nc2n[nH]c(c2)C)c2n([nH]1)ccc2)CN1CC[C@H](C1)C(=O)N1CCC(C1)(F)F,0.01,-2.0,train,<rdkit.Chem.rdchem.Mol object at 0x7f52bd1da030>
O=C(Nc1ccc(cc1)Sc1nc(=Nc2n[nH]c(c2)C)c2n([nH]1)ccc2)CN1CC[C@H](C1)C(=NC1CCCC1)O,0.01,-2.0,train,<rdkit.Chem.rdchem.Mol object at 0x7f52bd1da0a0>
O=C([C@](c1cccs1)(N1CCCCC1)C)O[C@H]1C[N+]2(CCC1CC2)CCc1ccccc1,0.01,-2.0,train,<rdkit.Chem.rdchem.Mol object at 0x7f52bd1da110>
COc1ccc(cc1C1CCN(CC1)c1ccn2c(c1Cl)nnc2CC1CC1)F,0.01,-2.0,train,<rdkit.Chem.rdchem.Mol object at 0x7f52bd1da180>
COc1cccc(c1C1CCN(CC1)c1ccn2c(c1Cl)nnc2CC1CC1)F,0.01,-2.0,train,<rdkit.Chem.rdchem.Mol object at 0x7f52bd1da1f0>
OC[C@H]1O[C@H](Oc2ccc(cc2Cl)n2ccc3c2ccc(c3)C(=O)OC)[C@H]([C@H]([C@@H]1O)O)O,0.01,-2.0,train,<rdkit.Chem.rdchem.Mol object at 0x7f52bd1da340>
OC[C@H]1O[C@H](Oc2ccc(cc2Cl)N2CCc3c2ccc(c3)N(=O)=O)[C@H]([C@H]([C@@H]1O)O)O,0.01,-2.0,train,<rdkit.Chem.rdchem.Mol object at 0x7f52bd1da420>
OC[C@H]1O[C@H](Oc2ccc(cc2Cl)N2CCc3c2cccc3)[C@H]([C@H]([C@@H]1O)O)O,0.01,-2.0,test,<rdkit.Chem.rdchem.Mol object at 0x7f52bd1da490>
C[C@H]1O[C@@H](C)[C@H]2N(C1)c1c(CC32C(=NC(=O)N=C3O)O)cc2c(c1F)onc2C(F)(F)F,0.01,-2.0,train,<rdkit.Chem.rdchem.Mol object at 0x7f52bd1da500>
O=C1C(=O)C(=C1N1CCC(CC1)Cc1ccccc1)NS(=O)(=O)c1c(C)noc1C,0.01,-2.0,train,<rdkit.Chem.rdchem.Mol object at 0x7f52bd1da570>
OC(=N[C@@H](c1ccc(c(c1)Cl)Cl)C)N1CCc2c(C1)nc(nc2)Nc1ccnn1C,0.01,-2.0,test,<rdkit.Chem.rdchem.Mol object at 0x7f52bd1da5e0>
O=C(c1ccc(cc1)OCc1ccccn1)Nc1cc(ccc1C)c1nccs1,0.01,-2.0,train,<rdkit.Chem.rdchem.Mol object at 0x7f52bd1da6c0>
CC1CC(C)C2N(C1)c1c(CC32C(=NC(=O)N=C3O)O)cc2c(c1F)onc2C,0.01,-2.0,train,<rdkit.Chem.rdchem.Mol object at 0x7f52bd1da730>
C[C@H]1O[C@@H](C)[C@H]2N(C1)c1c(CC32C(=NC(=O)N=C3O)O)cc2c(c1F)onc2Cl,0.01,-2.0,train,<rdkit.Chem.rdchem.Mol object at 0x7f52bd1da7a0>
Fc1ccc(nc1)N1CCc2c(C1=O)ccc(n2)OCc1cccc(c1)F,0.01,-2.0,train,<rdkit.Chem.rdchem.Mol object at 0x7f52bd1da810>
CO[C@H]1CN(CC[C@H]1N=C(c1[nH]c(c(c1Cl)Cl)C)O)c1nc2c(s1)c(ccc2)C(=O)O,0.01,-2.0,train,<rdkit.Chem.rdchem.Mol object at 0x7f52bd1da880>
O=C(c1ccc(cc1)OCc1ccccn1)Nc1cc(ccc1C)c1nc2c([nH]1)cccc2,0.01,-2.0,train,<rdkit.Chem.rdchem.Mol object at 0x7f52bd1da8f0>
CCCNC(=O)c1c(sc2c1CCNC2)NC(=O)C12CC3CC2CC(C1)C3,0.01,-2.0,train,<rdkit.Chem.rdchem.Mol object at 0x7f52bd1da960>
CCCNC(=O)c1c(sc2c1CCOC2)NC(=O)C12CC3CC(C2)CC(C1)C3,0.01,-2.0,train,<rdkit.Chem.rdchem.Mol object at 0x7f52bd1da9d0>
COc1ccc(c(c1C1CCN(CC1)c1ccn2c(c1Cl)nnc2CC1CC1)F)F,0.01,-2.0,train,<rdkit.Chem.rdchem.Mol object at 0x7f52bd1daab0>
COc1c(F)cccc1C1CCN(CC1)c1ccn2c(c1Cl)nnc2CC1CC1,0.01,-2.0,train,<rdkit.Chem.rdchem.Mol object at 0x7f52bd1dab20>
COc1c(F)cccc1C1CCN(CC1)c1ccn2c(c1C(F)(F)F)nnc2CC1CC1,0.01,-2.0,train,<rdkit.Chem.rdchem.Mol object at 0x7f52bd1dab90>
COc1cc(F)cc(c1C1CCN(CC1)c1ccn2c(c1Cl)nnc2CC1CC1)F,0.01,-2.0,train,<rdkit.Chem.rdchem.Mol object at 0x7f52bd1dac00>
Fc1ccc(cc1)c1nc(=Nc2n[nH]c(c2)C)c2c([nH]1)cccc2,0.01,-2.0,train,<rdkit.Chem.rdchem.Mol object at 0x7f52bd1dace0>
C1CCC(CC1)N=c1nc(N=c2[nH][nH]c(c2)C2CC2)c2c([nH]1)cccc2,0.01,-2.0,train,<rdkit.Chem.rdchem.Mol object at 0x7f52bd1dad50>
O=C(c1ccc(cc1)OCc1ccccn1)Nc1cc(ccc1C)c1cccnc1,0.01,-2.0,train,<rdkit.Chem.rdchem.Mol object at 0x7f52bd1dadc0>
N=c1[nH]n2c(n1)ccc(c2)c1cncc(c1)S(=O)(=O)Nc1cccc2c1cccc2,0.01,-2.0,train,<rdkit.Chem.rdchem.Mol object at 0x7f52bd1dae30>
n1ccc(cc1)c1nc(=Nc2n[nH]c(c2)C2CC2)c2c([nH]1)cccc2,0.01,-2.0,train,<rdkit.Chem.rdchem.Mol object at 0x7f52bd1daea0>
c1ccc2c(c1)[nH]c(=NCC1CC1)nc2N=c1[nH][nH]c(c1)C1CC1,0.01,-2.0,train,<rdkit.Chem.rdchem.Mol object at 0x7f52bd1daf80>
O=C(c1ccc(cc1)OCc1ccccn1)Nc1cc(ccc1C)c1[nH]nc(c1)C(F)(F)F,0.01,-2.0,train,<rdkit.Chem.rdchem.Mol object at 0x7f52bd1daff0>
OC(=N)c1ccccc1OCCCN1CCN(CC1)c1cccc2c1ccn2S(=O)(=O)c1ccccc1,0.01,-2.0,train,<rdkit.Chem.rdchem.Mol object at 0x7f52bd1db060>
Fc1ccc2c(c1)n(nc2c1cnc2c(n1)c(c[nH]2)C(=NC(C)(C)C)O)C1CCNCC1,0.01,-2.0,train,<rdkit.Chem.rdchem.Mol object at 0x7f52bd1db0d0>
COc1ccccc1C1CCN(CC1)c1ccn2c(c1Cl)nnc2CC1CC1,0.01,-2.0,test,<rdkit.Chem.rdchem.Mol object at 0x7f52bd1db140>
COc1c(F)ccc(c1C1CCN(CC1)c1ccn2c(c1C(F)(F)F)nnc2CC1CC1)F,0.01,-2.0,train,<rdkit.Chem.rdchem.Mol object at 0x7f52bd1db1b0>
COc1ccc(cc1)c1ccc(cc1)S(=O)(=O)N[C@@H]([C@H]1CCCC2(C1)OCCO2)C(=O)O,0.01,-2.0,train,<rdkit.Chem.rdchem.Mol object at 0x7f52bd1db220>
Clc1ccc2c(c1)nc(o2)N1CCC(CC1)C(=N[C@H]1CCC[C@@H]1COc1ccccc1)O,0.01,-2.0,train,<rdkit.Chem.rdchem.Mol object at 0x7f52bd1db300>
CC(CN(S(=O)(=O)Cc1ccccc1)Cc1ccc(cc1)c1ccc(cc1)S(=O)(=O)C)C,0.01,-2.0,train,<rdkit.Chem.rdchem.Mol object at 0x7f52bd1db370>
O=C(c1cc2c(o1)cncc2)NCc1ccc(cc1)S(=O)(=O)c1cccc(c1)C(F)(F)F,0.01,-2.0,train,<rdkit.Chem.rdchem.Mol object at 0x7f52bd1db3e0>
Cc1ccc(s1)CC[N+]12CCC(CC1)[C@H](C2)OC(=O)C1(CCCCCC1)C1=CC=CC1,0.01,-2.0,train,<rdkit.Chem.rdchem.Mol object at 0x7f52bd1db450>
O=C(C1(CCCCCC1)C1=CC=CC1)O[C@H]1C[N+]2(CCC1CC2)Cc1onc(n1)c1ccccc1,0.01,-2.0,train,<rdkit.Chem.rdchem.Mol object at 0x7f52bd1db4c0>
O=C(C1(CCCCCC1)C1=CC=CC1)O[C@H]1C[N+]2(CCC1CC2)Cc1onc(c1)c1ccccc1,0.01,-2.0,test,<rdkit.Chem.rdchem.Mol object at 0x7f52bd1db530>
OC(=NCC1CC1)c1cn(c2c1nccc2)Cc1ccccc1C,0.01,-2.0,train,<rdkit.Chem.rdchem.Mol object at 0x7f52bd1db5a0>
Clc1cc(ccc1C(Cn1c(=N)[nH]c2c1cc(cc2)C(F)(F)F)O)C(F)(F)F,0.01,-2.0,train,<rdkit.Chem.rdchem.Mol object at 0x7f52bd1db680>
Clc1cc(ccc1C(Cn1c(=N)[nH]c2c1nc(cc2)OC(C(F)(F)F)C)O)C(F)(F)F,0.01,-2.0,train,<rdkit.Chem.rdchem.Mol object at 0x7f52bd1db6f0>
Cc1ccc(cc1)CC1CCN(CC1)C1=C(C(=O)C1=O)NS(=O)(=O)c1c(C)noc1C,0.01,-2.0,train,<rdkit.Chem.rdchem.Mol object at 0x7f52bd1db760>
CCCc1cc(sc1C)C(=O)N[C@@H](C(=N[C@@H]1CCNC1)O)Cc1ccc(nc1)c1cccc(c1)OC(F)(F)F,0.01,-2.0,train,<rdkit.Chem.rdchem.Mol object at 0x7f52bd1db7d0>
CO[C@H]1CN(CC[C@H]1N=C(c1[nH]c(c(c1Cl)Cl)C)O)c1sc(c(n1)C(=O)O)C(=NC)O,0.01,-2.0,train,<rdkit.Chem.rdchem.Mol object at 0x7f52bd1db8b0>
CCCc1cc(sc1C)C(=O)N[C@@H](C(=NCCN(C)C)O)Cc1ccc(nc1)c1cccc(c1)OC(F)(F)F,0.01,-2.0,train,<rdkit.Chem.rdchem.Mol object at 0x7f52bd1db920>
CCCc1cc(sc1C)C(=O)N[C@@H](C(=NCCN(C)C)O)Cc1ccc(nc1)c1cccc(c1)C(F)(F)F,0.01,-2.0,train,<rdkit.Chem.rdchem.Mol object at 0x7f52bd1db990>
O=C1C(=O)C(=C1N1CCC(CC1)Cc1ccccc1)NS(=O)(=O)c1ccccc1,0.01,-2.0,train,<rdkit.Chem.rdchem.Mol object at 0x7f52bd1dba70>
O=C1C(=O)C(=C1NS(=O)(=O)c1cn(nc1C)C(F)F)N1CCC(CC1)Cc1ccccc1,0.01,-2.0,train,<rdkit.Chem.rdchem.Mol object at 0x7f52bd1dbae0>
O=C1C(=O)C(=C1N1CCCC(C1)Cc1ccccc1)NS(=O)(=O)c1c(C)noc1C,0.01,-2.0,train,<rdkit.Chem.rdchem.Mol object at 0x7f52bd1dbc30>
O=C1C(=O)C(=C1N1CCC(CC1)CCc1ccccc1)NS(=O)(=O)c1c(C)noc1C,0.01,-2.0,train,<rdkit.Chem.rdchem.Mol object at 0x7f52bd1dbca0>
CC(CCn1c(=O)c(C2=NS(=O)(=O)c3c(N2)ccc(c3)NS(=O)(=O)C)c(c2c1nccc2)O)C,0.01,-2.0,train,<rdkit.Chem.rdchem.Mol object at 0x7f52bd1dbd10>
CC(CCn1c(=O)c(C2=NS(=O)(=O)c3c(N2)ccc(c3)OCC(=N)O)c(c2c1nccc2)O)C,0.01,-2.0,train,<rdkit.Chem.rdchem.Mol object at 0x7f52bd1dbd80>
Cc1ccc(cc1)[C@@H]1Nc2c(cnn2[C@@H](C1)C(F)(F)F)C(=NCc1ccc(cc1)F)O,0.01,-2.0,train,<rdkit.Chem.rdchem.Mol object at 0x7f52bd1dbe60>
Fc1ccc(cc1)CN=C(c1cnn2c1N[C@H](C[C@H]2C(F)(F)F)c1ccc(o1)C)O,0.01,-2.0,train,<rdkit.Chem.rdchem.Mol object at 0x7f52bd1dbed0>
COc1ccc(cn1)CN=C(c1cnn2c1N[C@H](C[C@H]2C(F)(F)F)c1ccc(cc1)C)O,0.01,-2.0,train,<rdkit.Chem.rdchem.Mol object at 0x7f52bd1dbf40>
Cc1ccc(cc1)[C@@H]1Nc2c(cnn2[C@@H](C1)C(F)(F)F)C(=NCc1ccc(cn1)F)O,0.01,-2.0,train,<rdkit.Chem.rdchem.Mol object at 0x7f52bd1dc040>
CCC(C1C(=O)OC2C=CC=CC=2C1=O)C1=CC=CC=C1,0.01,-2.0,test,<rdkit.Chem.rdchem.Mol object at 0x7f52bd1dc0b0>
OC(=O)C1C=C(C=NC=1)C1=CC(=C(Cl)C=C1)C(=O)NCC12CC3CC(C1)CC(C2)C3,0.0099,-2.004364805,train,<rdkit.Chem.rdchem.Mol object at 0x7f52bd1dc200>
O=C(NC1=CC=CC=C1C1=CN2C(=N1)SC=C2CN1CCNCC1)C1C=NC2=CC=CC=C2N=1,0.0099,-2.004364805,train,<rdkit.Chem.rdchem.Mol object at 0x7f52bd1dc270>
CC1N=C(C=CC=1C(=O)NC1=CC(=C(Cl)C=C1)C1=CC=CC=N1)C(F)(F)F,0.0099,-2.004364805,train,<rdkit.Chem.rdchem.Mol object at 0x7f52bd1dc350>
CC(C)NC(=O)C1=NN(C2C=CC(Cl)=CC=2)C(=O)C2=C(N)SC=C12,0.0099,-2.004364805,train,<rdkit.Chem.rdchem.Mol object at 0x7f52bd1dc3c0>
CC1=CN(C=N1)C1C=CC(=CC=1OC)NC1=NC2CCOCC=2C(COC2CCCC2)=N1,0.0099,-2.004364805,test,<rdkit.Chem.rdchem.Mol object at 0x7f52bd1dc430>
CC1=CC(OCC(=O)NCC2C=CC=CC=2)=C2C=C(C=CC2=N1)OC,0.0099,-2.004364805,train,<rdkit.Chem.rdchem.Mol object at 0x7f52bd1dc4a0>
COC1N=CC(=CN=1)C1=CC=CC=C1C(F)(F)CNC(=O)C1=CN=C(COCC(F)(F)F)C=C1,0.0099,-2.004364805,train,<rdkit.Chem.rdchem.Mol object at 0x7f52bd1dc510>
COC1=CC(OC)=C(C=C1NC(=O)CC1=CC(F)=NC=C1)S(=O)(=O)N1C2=CC=CC=C2OC2=CC=CC=C12,0.0099,-2.004364805,train,<rdkit.Chem.rdchem.Mol object at 0x7f52bd1dc580>
CCCCCCC(C=O)=CC1C=CC=CC=1,0.009804885,-2.008557496,train,<rdkit.Chem.rdchem.Mol object at 0x7f52bd1dc5f0>
COC1C=CC(=CC=1)C(C1C=CC(=CC=1)OC)C(Cl)(Cl)Cl,0.0098,-2.008773924,train,<rdkit.Chem.rdchem.Mol object at 0x7f52bd1dc660>
CC(C)C(C(O)=O)N(CC1C=CC(=CC=1)C1=CC=CC=C1C1NN=NN=1)C(=O)CCCC,0.009763879,-2.01037761,train,<rdkit.Chem.rdchem.Mol object at 0x7f52bd1dc6d0>
OC(=O)CSCC(=O)NC1=NC(=CS1)C1=CC=CC=C1,0.0097,-2.013228266,train,<rdkit.Chem.rdchem.Mol object at 0x7f52bd1dc7b0>
OCCN1C=CC2=C(C=CC=C2NC(=O)CC2=CC(=C(Cl)C=C2)C(F)(F)F)C1=O,0.0097,-2.013228266,train,<rdkit.Chem.rdchem.Mol object at 0x7f52bd1dc820>
CC(C)(C)OC(=O)N1CCN(CC1)C1N=CC(=CN=1)OCC1C=CN=CC=1,0.0097,-2.013228266,train,<rdkit.Chem.rdchem.Mol object at 0x7f52bd1dc890>
CN(C)C1C=CC(=CC=1)C(=O)C1C=CC(=CC=1)N(C)C,0.00959,-2.018181393,train,<rdkit.Chem.rdchem.Mol object at 0x7f52bd1dc900>
COC1C=C(O)C(=CC=1)C(=O)C1C=CC=CC=1,0.00952,-2.021363052,train,<rdkit.Chem.rdchem.Mol object at 0x7f52bd1dc970>
CC1=CC2C=CC(C)=CC=2N2C(=NN=C21)SCC(=O)N1CCN(CC1)C(=O)C1=CC=CO1,0.0095,-2.022276395,train,<rdkit.Chem.rdchem.Mol object at 0x7f52bd1dc9e0>
O=C1C2C(Cl)=CC=CC=2CN1C1C=C(C=CC=1)C(=O)N1CCC2(CCN(CC2)C2C=CN=CC=2)CC1,0.0095,-2.022276395,train,<rdkit.Chem.rdchem.Mol object at 0x7f52bd1dca50>
CC(=O)OC(CC(=O)OCCCC)(CC(=O)OCCCC)C(=O)OCCCC,0.00942,-2.025949097,train,<rdkit.Chem.rdchem.Mol object at 0x7f52bd1dcac0>
CC1(C)C2CC(=O)C1(CS(=O)(=O)N1CCN(CC1)C1C=CC(=CN=1)C(F)(F)F)CC2,0.0092,-2.036212173,train,<rdkit.Chem.rdchem.Mol object at 0x7f52bd1dcc10>
OC(=O)C1C=CC=CC=1C(C1C=CC(O)=CC=1)C1C=CC(O)=CC=1,0.00918,-2.037157319,train,<rdkit.Chem.rdchem.Mol object at 0x7f52bd1dcc80>
OC(=O)CN1C2C=C(Cl)C=CC=2C(=O)N(CC2=CC=C(Br)C=C2F)C1=O,0.0091,-2.040958608,train,<rdkit.Chem.rdchem.Mol object at 0x7f52bd1dccf0>
CC(C)OC(=O)C(C)(C)Oc1ccc(C(=O)c2ccc(Cl)cc2)cc1,0.009075,-2.042153366,train,<rdkit.Chem.rdchem.Mol object at 0x7f52bd1dcdd0>
NC(=O)Cc1cccc(C(=O)c2ccccc2)c1N,0.009,-2.045757491,train,<rdkit.Chem.rdchem.Mol object at 0x7f52bd1dce40>
ClC1C=C(C=CC=1)C1=CN=C2C=CC(NC3CCOCC3)=NN21,0.009,-2.045757491,train,<rdkit.Chem.rdchem.Mol object at 0x7f52bd1dceb0>
COc1ccc2c(c1)nc(cc2O[C@@H]1C[C@@H]2N(C1)C(=O)[C@H](CCCCC/C=C\[C@H]1[C@](N=C2O)(C1)C(=O)O)N=C(OC1CCCC1)O)c1csc(=NC(C)C)[nH]1,0.009,-2.045757491,train,<rdkit.Chem.rdchem.Mol object at 0x7f52bd1dcf20>
Cc1ccc2c(c1)c(c1ccnc3c1cccc3F)c(n2CC(=O)O)C,0.009,-2.045757491,train,<rdkit.Chem.rdchem.Mol object at 0x7f52bd1dcf90>
CC(CN(C(=O)C1C=CC(=CC=1)C#N)C1=CC=CC=N1)N1CCN(CC1)C1C=CC=C2OCCOC=12,0.009,-2.045757491,train,<rdkit.Chem.rdchem.Mol object at 0x7f52bd1dd000>
OC(=O)C1CC(CN1C(=O)CP(O)(=O)CCCCC1C=CC=CC=1)C1CCCCC1,0.009,-2.045757491,train,<rdkit.Chem.rdchem.Mol object at 0x7f52bd1dd070>
CCNC(=O)C1OC(C(O)C1O)N1C=NC2=C(NCC(C3C=CC=CC=3)C3C=CC=CC=3)N=C(N=C12)C(=O)NCCNC(=O)NC1CCN(CC1)C1=CC=CC=N1,0.009,-2.045757491,test,<rdkit.Chem.rdchem.Mol object at 0x7f52bd1dd0e0>
OC[C@H](Nc1nc(SCc2csc(n2)C)nc2c1sc(n2)O)C,0.009,-2.045757491,train,<rdkit.Chem.rdchem.Mol object at 0x7f52bd1dd150>
OC(=O)c1cn(Cc2ccc(cc2)n2cnc(c2)c2ccccc2)c2c(c1=O)c(F)ccc2,0.009,-2.045757491,train,<rdkit.Chem.rdchem.Mol object at 0x7f52bd1dd1c0>
CC1ON=C(C2C(Cl)=CC=CC=2Cl)C=1CC(=O)NCC1=CN=C(C=C1)OCC(F)(F)F,0.009,-2.045757491,test,<rdkit.Chem.rdchem.Mol object at 0x7f52bd1dd2a0>
CN1C(C(=O)Nc2ccccn2)=C(O)c2sccc2S1(=O)=O,0.009,-2.045757491,test,<rdkit.Chem.rdchem.Mol object at 0x7f52bd1dd310>
Fc1cccc(c1)CC[N+]12CCC(CC1)[C@H](C2)OC(=O)[C@](c1cccs1)(N1CCCCC1)C,0.009,-2.045757491,train,<rdkit.Chem.rdchem.Mol object at 0x7f52bd1dd3f0>
COc1cc(ccc1OC)Nc1nc(nc2c1ncs2)c1cccc(c1)C(=O)Nc1ccc(cc1)C(=O)O,0.009,-2.045757491,train,<rdkit.Chem.rdchem.Mol object at 0x7f52bd1dd460>
Fc1ccc(nc1)C#C[C@@H]1CC[C@H](N(C1)C(=O)c1cc(C)ccc1n1nccn1)C,0.009,-2.045757491,train,<rdkit.Chem.rdchem.Mol object at 0x7f52bd1dd4d0>
Fc1cc(F)cc(c1)S(=O)(=O)c1ccc(cc1)CNC(=O)c1cc2c(s1)cncc2,0.009,-2.045757491,train,<rdkit.Chem.rdchem.Mol object at 0x7f52bd1dd540>
CCc1ccc(CCOc2ccc(CC3SC(=O)NC3=O)cc2)nc1,0.008916277,-2.049816436,train,<rdkit.Chem.rdchem.Mol object at 0x7f52bd1dd5b0>
Cc1ccc(C(=O)c2cc(O)c(O)c([N+](=O)[O-])c2)cc1,0.0088,-2.055517328,train,<rdkit.Chem.rdchem.Mol object at 0x7f52bd1dd700>
COC1=CC=C(C=C1OC1CCCC1)C1(CCC(CC1)C(O)=O)C#N,0.008793937,-2.05581664,train,<rdkit.Chem.rdchem.Mol object at 0x7f52bd1dd770>
CC1C(Cl)=CC(=CC=1Cl)C(=O)NC(C)(CC)C(=O)CCl,0.0087875,-2.056134662,test,<rdkit.Chem.rdchem.Mol object at 0x7f52bd1dd7e0>
COc1ccccc1Oc1c(NS(=O)(=O)c2ccc(C(C)C)cn2)nc(-c2ccnc(-c3nnn[nH]3)c2)nc1OCCO,0.00875,-2.057991947,test,<rdkit.Chem.rdchem.Mol object at 0x7f52bd1dd850>
CCC1C=C(CC2=CC(CC)=C(N)C(CC)=C2)C=C(CC)C=1N,0.00874,-2.058488567,train,<rdkit.Chem.rdchem.Mol object at 0x7f52bd1dd8c0>
CC(C)CC(CO)NC1=NC(=NC2N=C(N)SC1=2)SCC1C=CC=C(C=1)C#N,0.0086,-2.065501549,train,<rdkit.Chem.rdchem.Mol object at 0x7f52bd1dd930>
CC1=NN=C2C(CC(=O)OC(C)(C)C)N=C(C3=C(SC(C)=C3C)N12)C1C=CC(Cl)=CC=1,0.0086,-2.065501549,train,<rdkit.Chem.rdchem.Mol object at 0x7f52bd1dd9a0>
CC(C)(C)OC(=O)N1CCC(CC1)OCC1=NC(=NO1)C1=CC=NC=C1,0.0084,-2.075720714,train,<rdkit.Chem.rdchem.Mol object at 0x7f52bd1dda10>
CC1CN(C(=O)NCCC2C=CC(=CC=2)S(=O)(=O)NC(=O)NC2CCC(C)CC2)C(=O)C=1CC,0.008333334,-2.079181237,train,<rdkit.Chem.rdchem.Mol object at 0x7f52bd1dda80>
Cc1ccc(C)c(OCCCC(C)(C)C(=O)O)c1,0.008306624,-2.080575455,train,<rdkit.Chem.rdchem.Mol object at 0x7f52bd1ddaf0>
CC1C=CC(=CC=1)S(=O)(=O)NC1=C(C(=O)NCC(C)(C)C)C(C)=NN1C1C=CC=CC=1,0.0082,-2.086186148,train,<rdkit.Chem.rdchem.Mol object at 0x7f52bd1ddb60>
CC1=CSC(NC(=O)COC2=NC=NC3=C2C=NN3C2=CC=CC=C2Cl)=N1,0.0082,-2.086186148,test,<rdkit.Chem.rdchem.Mol object at 0x7f52bd1ddbd0>
COC(=O)C(C)OC1C=CC(=CC=1)OC1=NC=C(C=C1Cl)C(F)(F)F,0.00819,-2.086716098,train,<rdkit.Chem.rdchem.Mol object at 0x7f52bd1ddc40>
CC1=CC2C(SC3C=CC(=CC=3)S(C)(=O)=O)=C(C)N(CC(O)=O)C=2C=C1,0.0081,-2.091514981,train,<rdkit.Chem.rdchem.Mol object at 0x7f52bd1ddcb0>
COCc1c(C(C)C)nc(C(C)C)c(/C=C/[C@@H](O)C[C@@H](O)CC(=O)O)c1-c1ccc(F)cc1,0.008,-2.096910013,test,<rdkit.Chem.rdchem.Mol object at 0x7f52bd1dde70>
CCC(N=c1[nH]c(C)c(nc1OC)c1ccc(cc1OC)OC(F)(F)F)CC,0.008,-2.096910013,train,<rdkit.Chem.rdchem.Mol object at 0x7f52bd1ddee0>
COc1cc2nccc(c2cc1OC)Oc1ccc2c(c1)OCCN2C(=O)Nc1ccc(cc1)Cl,0.008,-2.096910013,train,<rdkit.Chem.rdchem.Mol object at 0x7f52bd1ddf50>
OC(=Nc1cccc(c1)OC(F)(F)F)c1ccccn1,0.008,-2.096910013,train,<rdkit.Chem.rdchem.Mol object at 0x7f52bd1ddfc0>
CCOc1cc2[nH]cc(c(=Nc3ccc(c(c3)Cl)Cl)c2cc1N1CCN(CC1)C)C(=N)O,0.008,-2.096910013,train,<rdkit.Chem.rdchem.Mol object at 0x7f52bd1de030>
COc1cnc2c(c1)nccc2NCc1nnc2n1nc(cc2)c1cc(F)cc(c1)F,0.008,-2.096910013,train,<rdkit.Chem.rdchem.Mol object at 0x7f52bd1de0a0>
c1ccc(nc1)N=c1sc2c([nH]1)c1c[nH]nc1CC2,0.008,-2.096910013,train,<rdkit.Chem.rdchem.Mol object at 0x7f52bd1de110>
C[C@@H](c1ccc(c(c1)Cl)c1ccc(cc1)c1nc(C(=N)O)c(nc1C)C)C(=O)O,0.008,-2.096910013,train,<rdkit.Chem.rdchem.Mol object at 0x7f52bd1de1f0>
OC(=O)/C=C/c1ccc(cc1)NC(=O)C1(CCC1)N=C(c1ccc2c(c1)n(C)c(c2C1CCCC1)c1ccccn1)O,0.008,-2.096910013,train,<rdkit.Chem.rdchem.Mol object at 0x7f52bd1de260>
Clc1ccc(cc1)OCC[N+]12CCC(CC1)[C@H](C2)OC(=O)[C@](c1ccccc1)(N1CCCCC1)C,0.008,-2.096910013,train,<rdkit.Chem.rdchem.Mol object at 0x7f52bd1de420>
OC[C@@H](N=C(c1c[nH]c2c1nc(cn2)c1nn(c2c1ccc(c2)Cl)C)O)C,0.008,-2.096910013,train,<rdkit.Chem.rdchem.Mol object at 0x7f52bd1de490>
O=c1c2ccc(cc2n2c(n1C)cc(n2)c1ccccc1)c1cncnc1,0.008,-2.096910013,train,<rdkit.Chem.rdchem.Mol object at 0x7f52bd1de500>
Cl[C@H]1CN(CC[C@H]1N=C(c1[nH]c(c(c1Cl)Cl)C)O)c1ncc(s1)C(=O)O,0.008,-2.096910013,test,<rdkit.Chem.rdchem.Mol object at 0x7f52bd1de570>
O=C(N1CCN2C1(C1CCCCC1)c1ccccc1C2=O)c1ccc(c(c1)F)F,0.008,-2.096910013,train,<rdkit.Chem.rdchem.Mol object at 0x7f52bd1de6c0>
CC1C=C(N=C(N=1)N(CC)CC)OP(=S)(OC)OC,0.00795,-2.099632871,train,<rdkit.Chem.rdchem.Mol object at 0x7f52bd1de730>
CCOP(=S)(OC1=NC(Cl)=C(Cl)C=C1Cl)OCC,0.007931928,-2.100621237,train,<rdkit.Chem.rdchem.Mol object at 0x7f52bd1de7a0>
CC(C)OC(=O)N1CCC(CC1)OC1=NC=NC(OC2C=CC=NC=2C)=C1C,0.0079,-2.102372909,train,<rdkit.Chem.rdchem.Mol object at 0x7f52bd1de810>
CN1CCN(CCCN2c3ccccc3Sc3ccc(C(F)(F)F)cc32)CC1,0.007794229,-2.108226859,test,<rdkit.Chem.rdchem.Mol object at 0x7f52bd1de880>
CCC(C(CC)C1C=CC(O)=CC=1)C1C=CC(O)=CC=1,0.00772,-2.1123827,train,<rdkit.Chem.rdchem.Mol object at 0x7f52bd1de960>
CC(C)(OC1C=CC(Cl)=CC=1)C(=O)N1CCN(CC1)C1=CC=CC=N1,0.0077,-2.113509275,train,<rdkit.Chem.rdchem.Mol object at 0x7f52bd1de9d0>
OC(=O)C1C=CC(=CC=1)C1=CC(=C(Cl)C=C1)C(=O)NCC12CC3CC(C1)CC(C2)C3,0.0077,-2.113509275,train,<rdkit.Chem.rdchem.Mol object at 0x7f52bd1dea40>
OC(=O)CCCOC1=CC=C(Cl)C=C1Cl,0.007655829,-2.116007775,train,<rdkit.Chem.rdchem.Mol object at 0x7f52bd1deb20>
CC(C)COCC(CN(CC1=CC=CC=C1)C1=CC=CC=C1)N1CCCC1,0.0075,-2.124938737,test,<rdkit.Chem.rdchem.Mol object at 0x7f52bd1deb90>
CC1(C)C(CCC2(C)C1CCC1(C)C2C(=O)C=C2C3CC(C)(CCC3(C)CCC12C)C(O)=O)OC(=O)CCC(O)=O,0.0075,-2.124938737,train,<rdkit.Chem.rdchem.Mol object at 0x7f52bd1dec00>
OS(=O)(=O)C1C=C(C=CC=1O)C1(OC(=O)C2C1=C(Br)C(Br)=C(Br)C=2Br)C1=CC(=C(O)C=C1)S(O)(=O)=O,0.0075,-2.124938737,train,<rdkit.Chem.rdchem.Mol object at 0x7f52bd1dece0>
O=C(O)c1cc(N=Nc2ccc(O)c(C(=O)O)c2)ccc1O,0.0075,-2.124938737,test,<rdkit.Chem.rdchem.Mol object at 0x7f52bd1ded50>
CC(=CC(O)=O)C=CC=C(C)C=CC1=C(C)C(C)=C(C=C1C)OC,0.0075,-2.124938737,train,<rdkit.Chem.rdchem.Mol object at 0x7f52bd1dedc0>
C#CCCCC(=O)c1cc(C(C)(C)C)c(O)c(C(C)(C)C)c1,0.0075,-2.124938737,train,<rdkit.Chem.rdchem.Mol object at 0x7f52bd1deea0>
CC(=O)OC1(CCC2C3CCC4=CC(CCC4C3CCC12CC)=NO)C#C,0.0075,-2.124938737,test,<rdkit.Chem.rdchem.Mol object at 0x7f52bd1def10>
CC1C2C=CC=CC=2CN1NC(=O)C1C=C(C(Cl)=CC=1)S(N)(=O)=O,0.0075,-2.124938737,train,<rdkit.Chem.rdchem.Mol object at 0x7f52bd1deff0>
N#CC1=CC(=CC=C1)C1C=C(Cl)C=CC=1OCC(O)=O,0.0075,-2.124938737,test,<rdkit.Chem.rdchem.Mol object at 0x7f52bd1df060>
CC1C=CC(=CC=1)S(=O)(=O)N(C)C1=CC2N=C(C)SC=2C=C1,0.0074,-2.13076828,train,<rdkit.Chem.rdchem.Mol object at 0x7f52bd1df140>
CC(C)C(C(=O)NC1=NC=CS1)C1=CC=C(Cl)C=C1,0.0074,-2.13076828,train,<rdkit.Chem.rdchem.Mol object at 0x7f52bd1df1b0>
NC1=NC(=C(S1)C1C=CN=CC=1)C1=CC(Cl)=C(Cl)C=C1,0.0074,-2.13076828,train,<rdkit.Chem.rdchem.Mol object at 0x7f52bd1df220>
OCCC1=CC(=CC=C1)NC(=O)C1=CC2C=C(Cl)C=CC=2N1,0.0074,-2.13076828,train,<rdkit.Chem.rdchem.Mol object at 0x7f52bd1df290>
CC1C=CC(=CC=1)S(=O)(=O)NC1=C(N=NN1C1C=CC=CC=1)C(=O)NC(CC)CC,0.0072,-2.142667504,train,<rdkit.Chem.rdchem.Mol object at 0x7f52bd1df3e0>
O=P(OCC(Br)CBr)(OCC(Br)CBr)OCC(Br)CBr,0.00703,-2.153044675,train,<rdkit.Chem.rdchem.Mol object at 0x7f52bd1df450>
CC1COC(CN2C=NC=N2)(O1)C1C=CC(=CC=1Cl)OC1C=CC(Cl)=CC=1,0.007,-2.15490196,test,<rdkit.Chem.rdchem.Mol object at 0x7f52bd1df4c0>
OC(=NCCCCC1CCN(CC1)C(=O)c1ccccc1)/C=C/c1cccnc1,0.007,-2.15490196,train,<rdkit.Chem.rdchem.Mol object at 0x7f52bd1df5a0>
C1CCC(NC2NC3=CC=CC=C3N=2)C2=CC=CC=C21,0.007,-2.15490196,train,<rdkit.Chem.rdchem.Mol object at 0x7f52bd1df680>
COc1ccc(c(c1)CN(c1ccccc1Oc1ccccc1)C(=O)C[18F])OC,0.007,-2.15490196,test,<rdkit.Chem.rdchem.Mol object at 0x7f52bd1df6f0>
Fc1ccc(cc1)N1CC(CC1=O)c1onc(n1)c1cccc(c1)C,0.007,-2.15490196,test,<rdkit.Chem.rdchem.Mol object at 0x7f52bd1df760>
O=C(NC(CC1=CC=C(Cl)C=C1)C(=O)N1CCC(CN2C=NC=N2)(CC1)C1CCCCC1)C1CC2=CC=CC=C2CN1,0.007,-2.15490196,train,<rdkit.Chem.rdchem.Mol object at 0x7f52bd1df7d0>
COc1ccc(cc1)c1ccc(cc1)S(=O)(=O)N[C@@H]([C@@H]1CCCC2(C1)OCCO2)C(=O)O,0.007,-2.15490196,train,<rdkit.Chem.rdchem.Mol object at 0x7f52bd1df8b0>
COc1ccc(cc1)c1ccc(cc1)S(=O)(=O)N[C@@H](C(=O)O)C1CCC(CC1)Nc1ccccc1,0.007,-2.15490196,train,<rdkit.Chem.rdchem.Mol object at 0x7f52bd1df920>
O=C(c1ccc(cc1)OCc1ccccn1)Nc1cc(ccc1C)N=C(c1cccc(c1)N(C)C)O,0.007,-2.15490196,train,<rdkit.Chem.rdchem.Mol object at 0x7f52bd1df990>
OC(=O)COc1ccc(cc1C#Cc1cc(ccc1Cl)S(=O)(=O)C)Cl,0.007,-2.15490196,train,<rdkit.Chem.rdchem.Mol object at 0x7f52bd1dfa00>
C[C@@H](c1ccc(c(c1)Cl)c1ccc(cc1F)c1nc(C(=N)O)c(nc1C)C)C(=O)O,0.007,-2.15490196,train,<rdkit.Chem.rdchem.Mol object at 0x7f52bd1dfa70>
N#Cc1cnccc1COc1cnc(nc1)N1CCN(C[C@H]1C)c1noc(n1)C(F)(F)F,0.007,-2.15490196,train,<rdkit.Chem.rdchem.Mol object at 0x7f52bd1dfae0>
CC1N=C(SC=1CCCC(O)=O)C(=O)C(C)OC1C=CC(=CC=1)SCCCCCC1C=CC=CC=1,0.007,-2.15490196,test,<rdkit.Chem.rdchem.Mol object at 0x7f52bd1dfbc0>
CCc1c(cccc1c1nsc(n1)c1ccc(c(c1)Cl)OC(C)C)CCN1CC(C1)C(=O)O,0.007,-2.15490196,train,<rdkit.Chem.rdchem.Mol object at 0x7f52bd1dfc30>
CCc1c(cccc1c1nsc(n1)c1ccc(c(c1)C#N)CC(C)C)CCN1CC(C1)C(=O)O,0.007,-2.15490196,train,<rdkit.Chem.rdchem.Mol object at 0x7f52bd1dfca0>
CC(C)(C)OC(=O)NCC1CCC(CNC(=O)C2=CC(=NC3=CC=CC=C23)N2CCC(CCO)CC2)CC1,0.007,-2.15490196,train,<rdkit.Chem.rdchem.Mol object at 0x7f52bd1dfd10>
OC(=Nc1c(Cl)cc(cc1Cl)S(=O)(=O)C)N1CCN2[C@@H](C1)C(=O)N(C2=O)[C@H]1C[C@@H]1c1ccccc1,0.007,-2.15490196,train,<rdkit.Chem.rdchem.Mol object at 0x7f52bd1dfd80>
CO[C@H]1CN(CC[C@H]1N=C(c1[nH]c(c(c1Cl)Cl)C)O)c1sc(c(n1)C(=O)O)C,0.007,-2.15490196,train,<rdkit.Chem.rdchem.Mol object at 0x7f52bd1dfdf0>
OC(=Nc1ccccc1N1CC2(c3c1c(O)ccc3Cl)CCN(CC2)CC(C)(C)C)Nc1nc2c(s1)nc(cc2)Cl,0.007,-2.15490196,train,<rdkit.Chem.rdchem.Mol object at 0x7f52bd1dfe60>
CCCCc1cc(nc(n1)c1ccccc1)C(=O)N[C@H](C(=O)N1CCN(CC1)C(=O)OCC)CCC(=O)O,0.007,-2.15490196,train,<rdkit.Chem.rdchem.Mol object at 0x7f52bd1dfed0>
OCC(CCn1nc(c2c1ccc(c2)OC(F)F)c1cnc2c(n1)c(c[nH]2)C(=NC(C)(C)C)O)O,0.007,-2.15490196,train,<rdkit.Chem.rdchem.Mol object at 0x7f52bd1dff40>
O=C(C1(CCCCCC1)C1=CC=CC1)O[C@H]1C[N+]2(CCC1CC2)CCc1ccccc1,0.007,-2.15490196,train,<rdkit.Chem.rdchem.Mol object at 0x7f52bd1e0120>
OC(=O)Cn1nc(c(c1C)Cc1ccccc1S(=O)(=O)c1ccccc1)c1ccccc1,0.007,-2.15490196,train,<rdkit.Chem.rdchem.Mol object at 0x7f52bd1e0190>
CC1C=CC(=CC=1)C(=O)N(CCCN)C(C(C)C)C1=NC2C=C(Cl)C=CC=2C(=O)N1CC1C=CC=CC=1,0.00697137,-2.156681866,train,<rdkit.Chem.rdchem.Mol object at 0x7f52bd1e0200>
COC1C=NC(=CN=1)C1=CC=CC=C1C(F)(F)CNC(=O)C1=CN=C(COCC(F)(F)F)C=C1,0.0069,-2.161150909,train,<rdkit.Chem.rdchem.Mol object at 0x7f52bd1e02e0>
OCC1=NC2C=C(C=CC=2S1)NS(=O)(=O)C1C=CC(Br)=CC=1,0.0069,-2.161150909,train,<rdkit.Chem.rdchem.Mol object at 0x7f52bd1e0350>
OC1C=CC(=CC=1)C(C1C=CC(O)=CC=1)(C(F)(F)F)C(F)(F)F,0.00685,-2.164309429,train,<rdkit.Chem.rdchem.Mol object at 0x7f52bd1e03c0>
[O-][N+](=O)C1C=CC(=CC=1C(O)=O)OC1=CC=C(C=C1Cl)C(F)(F)F,0.0068,-2.167491087,train,<rdkit.Chem.rdchem.Mol object at 0x7f52bd1e0430>
CC(C)(C)C1=CC(=CC(=C1O)C(C)(C)C)C=C1SC(=N)NC1=O,0.00678,-2.168770306,train,<rdkit.Chem.rdchem.Mol object at 0x7f52bd1e04a0>
CC(C)OP(=S)(OC(C)C)SCCNS(=O)(=O)C1C=CC=CC=1,0.00675,-2.170696227,test,<rdkit.Chem.rdchem.Mol object at 0x7f52bd1e0510>
OC(=O)COC1C=CC(Cl)=CC=1CN1CCN(CC1)S(=O)(=O)CC1C=CC=CC=1,0.0067,-2.173925197,train,<rdkit.Chem.rdchem.Mol object at 0x7f52bd1e05f0>
OC1C=CC(C(O)CNCCCSCCOCCC2=CC=CC3=CC=CC=C23)=C2SC(=O)NC=12,0.0067,-2.173925197,train,<rdkit.Chem.rdchem.Mol object at 0x7f52bd1e0660>
COC1C=CC(CC(=O)NCC2=CC=CC=C2C2=CC=CC=C2C(=O)NCCC2=CN=CC=C2)=CC=1,0.0066,-2.180456064,train,<rdkit.Chem.rdchem.Mol object at 0x7f52bd1e06d0>
COC1=CC2=C(C=C1)N(CC1COC3=CC=CC=C3O1)C(=O)C2=O,0.0066,-2.180456064,train,<rdkit.Chem.rdchem.Mol object at 0x7f52bd1e0740>
O=C1C2C=C(OC=2C=CN1C1=CC2C=NN(CCN3CCCC3)C=2C=C1)C1C=CC(Cl)=CC=1,0.0066,-2.180456064,train,<rdkit.Chem.rdchem.Mol object at 0x7f52bd1e07b0>
CC1CCCCC1NC(=O)C1=C(NS(=O)(=O)C2=CC=C(C)C=C2)N(N=C1C)C1C=CC=CC=1,0.0066,-2.180456064,train,<rdkit.Chem.rdchem.Mol object at 0x7f52bd1e0820>
CC(=O)NCC1C=CC=C(CN2N=C(NS(=O)(=O)C3=CC=C(Cl)S3)C3C(=CC=CC2=3)OC)C=1,0.0066,-2.180456064,train,<rdkit.Chem.rdchem.Mol object at 0x7f52bd1e0890>
CC1(C)C(C(=O)OC(C#N)C2C=C(C=CC=2)OC2C=CC=CC=2)C1(C)C,0.00644,-2.191114133,train,<rdkit.Chem.rdchem.Mol object at 0x7f52bd1e0970>
CC1=C(CC2C=CC3=CC=CC=C3N=2)C2C=C(F)C=CC=2N1CC(O)=O,0.0064,-2.193820026,train,<rdkit.Chem.rdchem.Mol object at 0x7f52bd1e09e0>
OC(=O)C(C1=CC=CC=C1)N1CC(CN2CCC(CC2)OC2=CC(Cl)=C(Cl)C=C2)OCC1,0.0064,-2.193820026,train,<rdkit.Chem.rdchem.Mol object at 0x7f52bd1e0a50>
CC(C)N1C2C=CC=CC=2C(=C1C=CC(O)CC(O)CC(O)=O)C1=CC=C(F)C=C1,0.006359245,-2.196594427,train,<rdkit.Chem.rdchem.Mol object at 0x7f52bd1e0ac0>
CC(=CC1C(C)=CCCC1(C)C)C(C)=O,0.006334,-2.198321941,train,<rdkit.Chem.rdchem.Mol object at 0x7f52bd1e0b30>
CC1C=CC(=CC=1)C1C=C(C(=O)NCC2=CN(C)N=C2C)C2C=C(Br)C=CC=2N=1,0.0063,-2.200659451,train,<rdkit.Chem.rdchem.Mol object at 0x7f52bd1e0ba0>
O=C1COC2=NC=CC(C3=CC=CC=C3F)=C2CN1CC1C=C(C=C(C=1)C(F)(F)F)C(F)(F)F,0.0063,-2.200659451,train,<rdkit.Chem.rdchem.Mol object at 0x7f52bd1e0c80>
CC(C)C1C2C=CC(F)=CC=2CCC1(CCN(C)CCCC1NC2C=CC=CC=2N=1)OC(=O)COC,0.00625,-2.204119983,train,<rdkit.Chem.rdchem.Mol object at 0x7f52bd1e0cf0>
CC1C=CC(=CC=1)NC(=O)NC1=NN=C(S1)C1C=CN=CC=1,0.0061,-2.214670165,train,<rdkit.Chem.rdchem.Mol object at 0x7f52bd1e0d60>
COC1C=C(C=CC=1OCC(OP(O)(O)=O)C1CC1)N1C=NC2C=C(SC=2C1=O)C1=CC=C(Cl)C=C1,0.0061,-2.214670165,train,<rdkit.Chem.rdchem.Mol object at 0x7f52bd1e0dd0>
CCCc1nc2c(C)cc(-c3nc4ccccc4n3C)cc2n1Cc1ccc(-c2ccccc2C(=O)O)cc1,0.006,-2.22184875,test,<rdkit.Chem.rdchem.Mol object at 0x7f52bd1e0e40>
OCc1c(c2ccccc2)c2c(n1C)ccc(c2)N(=O)=O,0.006,-2.22184875,test,<rdkit.Chem.rdchem.Mol object at 0x7f52bd1e0eb0>
OCc1ccc(cc1)c1c(C)cc2c(c1C)c(cc(=O)o2)c1ccccc1,0.006,-2.22184875,train,<rdkit.Chem.rdchem.Mol object at 0x7f52bd1e0f90>
OC(=O)C[C@@H](c1cccc(c1)F)N=C(Cn1c(ccc(c1=O)NCc1ccc2c(n1)NCCC2)C1CC1)O,0.006,-2.22184875,train,<rdkit.Chem.rdchem.Mol object at 0x7f52bd1e1000>
Cc1ccc2c(c1)c(c1ccnc3c1cccc3Cl)c(n2CC(=O)O)C,0.006,-2.22184875,train,<rdkit.Chem.rdchem.Mol object at 0x7f52bd1e1070>
COC[C@@H](Oc1cc(Oc2cc(F)cc(c2)F)cc(c1)C(=Nc1ccc(cn1)C(=O)O)O)C,0.006,-2.22184875,train,<rdkit.Chem.rdchem.Mol object at 0x7f52bd1e1150>
N#Cc1nn(c2cc(Cl)c(c(c2)Cl)Oc2nnc(c(c2)C(C)C)O)c(=O)nc1O,0.006,-2.22184875,train,<rdkit.Chem.rdchem.Mol object at 0x7f52bd1e11c0>
Cc1ccc(c(c1)C(=O)N1CCN(CC[C@H]1C)c1ncc2c(n1)scc2C)n1nccn1,0.006,-2.22184875,train,<rdkit.Chem.rdchem.Mol object at 0x7f52bd1e1230>
COc1ccc(cc1)c1ccc(cc1)S(=O)(=O)NC(C1CCCC(C1)N(S(=O)(=O)C)C)C(=O)O,0.006,-2.22184875,train,<rdkit.Chem.rdchem.Mol object at 0x7f52bd1e12a0>
COc1ccc(cc1)c1ccc(cc1)S(=O)(=O)NC(C1CCCC(C1)N(C(=O)C)Cc1ccccc1)C(=O)O,0.006,-2.22184875,train,<rdkit.Chem.rdchem.Mol object at 0x7f52bd1e1310>
OC(=O)CCC(=O)N1CCc2c1ccc(c2)c1noc(n1)c1cc(cc(c1)C(F)(F)F)C(F)(F)F,0.006,-2.22184875,train,<rdkit.Chem.rdchem.Mol object at 0x7f52bd1e1380>
COC1C=C2C(NC3C=CC=C(Cl)C=3Cl)=C(C=NC2=CC=1NCCN1CCCCC1)C(N)=O,0.006,-2.22184875,train,<rdkit.Chem.rdchem.Mol object at 0x7f52bd1e13f0>
COc1ccc(c2c1cccc2)S(=O)(=O)N1C[C@@H](c2c1cccc2)C(=O)N1CCNCCC1,0.006,-2.22184875,test,<rdkit.Chem.rdchem.Mol object at 0x7f52bd1e1460>
COCCN(S(=O)(=O)c1ccc(c(c1)C#Cc1cc(Cl)ccc1OCC(=O)O)C)C,0.006,-2.22184875,train,<rdkit.Chem.rdchem.Mol object at 0x7f52bd1e1540>
OC(=Nc1ccc(c(c1)Cl)N1C(=O)CC2(C1=O)CCCCC2)c1ccccn1,0.006,-2.22184875,train,<rdkit.Chem.rdchem.Mol object at 0x7f52bd1e15b0>
Clc1ccc(c(c1)Cl)Cn1cc(c2c1c(cc(c2)F)c1nnc(o1)NS(=O)(=O)c1cc(F)c(cc1F)F)C,0.006,-2.22184875,train,<rdkit.Chem.rdchem.Mol object at 0x7f52bd1e1620>
COc1ncnc(c1)N1C(=O)N(C(=O)C21CCN(CC2)Cc1ncccc1C)c1ccc(cc1)c1ccc(cc1)C(=O)O,0.006,-2.22184875,train,<rdkit.Chem.rdchem.Mol object at 0x7f52bd1e1690>
COc1ccc(cc1)c1csc(n1)N=C([C@H]1CCCCN1S(=O)(=O)c1ccc(cc1)C)O,0.006,-2.22184875,train,<rdkit.Chem.rdchem.Mol object at 0x7f52bd1e1700>
CCc1c(cccc1c1nsc(n1)c1ccc(c(c1)C#N)CC(C)C)CCN1CCC(CC1)C(=O)O,0.006,-2.22184875,train,<rdkit.Chem.rdchem.Mol object at 0x7f52bd1e1770>
Clc1ccn(=O)c(c1)C1OC2(c3c1cccc3)CCN(CC2)Cc1ccc(cc1)OC(F)(F)F,0.006,-2.22184875,train,<rdkit.Chem.rdchem.Mol object at 0x7f52bd1e17e0>
O=C1COC2C=CC(=CC=2N1CCN1CCC(CC1)NCC1C=CC2OCC(=O)NC=2N=1)C1=CC=CO1,0.006,-2.22184875,train,<rdkit.Chem.rdchem.Mol object at 0x7f52bd1e1850>
OC(=N)C[C@@H]1N=C(c2ccc(cc2)Cl)c2c(c3c1onc3C)sc(c2C)C,0.006,-2.22184875,train,<rdkit.Chem.rdchem.Mol object at 0x7f52bd1e18c0>
OC(=N[C@@H](c1ccc(c(c1)Cl)Cl)C)N1CCc2c(C1)nc(nc2)N=c1cc[nH]c(c1)C,0.006,-2.22184875,train,<rdkit.Chem.rdchem.Mol object at 0x7f52bd1e1930>
Clc1cccc(c1)c1nn(cc1N=C(c1cnn2c1nccc2)O)C,0.006,-2.22184875,train,<rdkit.Chem.rdchem.Mol object at 0x7f52bd1e1a10>
CC(C)(C)C(NC(=O)C1C=CC=CC=1)C(=O)C1C=CC(Cl)=CC=1,0.006,-2.22184875,train,<rdkit.Chem.rdchem.Mol object at 0x7f52bd1e1a80>
OC(=O)CC1=CC=CC=C1N1CCC(CN2CCC(CC2)OC2=CC(Cl)=C(Cl)C=C2)CC1,0.006,-2.22184875,train,<rdkit.Chem.rdchem.Mol object at 0x7f52bd1e1af0>
CC(=O)NC1C=CC(=CC=1)NC1N=C2C=CC(=CC2=CN=1)C1C=CN=CC=1,0.006,-2.22184875,train,<rdkit.Chem.rdchem.Mol object at 0x7f52bd1e1b60>
C[C@@H]1CN(CCN1c1ncc(cn1)OCc1ccc(cc1F)CS(=O)(=O)C)c1onc(n1)C(F)(F)F,0.006,-2.22184875,train,<rdkit.Chem.rdchem.Mol object at 0x7f52bd1e1bd0>
OC(=N)C[C@@H]1N=C(c2ccc(=N)[nH]c2)c2c(c3c1onc3C)sc(c2C)C,0.006,-2.22184875,train,<rdkit.Chem.rdchem.Mol object at 0x7f52bd1e1cb0>
C=C1COC2(OC1)CN(CC[C@H]2N=C(c1[nH]c(c(c1Cl)Cl)C)O)c1ncc(s1)C(=O)O,0.006,-2.22184875,test,<rdkit.Chem.rdchem.Mol object at 0x7f52bd1e1d20>
OC1=C(Oc2ccccc2Cl)C(=O)OC(C1)c1ccccc1,0.006,-2.22184875,test,<rdkit.Chem.rdchem.Mol object at 0x7f52bd1e1d90>
CC1=NC(N=C1N)(C1CC1)C1=CC(=C(O)C=C1)C1C=C(C=CN=1)C#CC,0.006,-2.22184875,train,<rdkit.Chem.rdchem.Mol object at 0x7f52bd1e1e00>
COC1C=C(C=C(OC)C=1OC)C(=O)OC1CC2CN3CCC4C5C=CC(=CC=5NC=4C3CC2C(C1OC)C(=O)OC)OC,0.005993953,-2.222286703,train,<rdkit.Chem.rdchem.Mol object at 0x7f52bd1e1e70>
CC(C)(C1=CC(Cl)=C(O)C(Cl)=C1)C1=CC(Cl)=C(O)C(Cl)=C1,0.00598,-2.223298816,train,<rdkit.Chem.rdchem.Mol object at 0x7f52bd1e1ee0>
CC(C)(C)C1CCC2(CC1)OC(CO2)CN(CCC)CC,0.005907667,-2.228584029,train,<rdkit.Chem.rdchem.Mol object at 0x7f52bd1e1f50>
N#CC1C=C(C=CC=1OC1C=CC(=CC=1C1=CN=NC=C1)C(F)(F)F)S(=O)(=O)NC1=NC=NS1,0.0059,-2.229147988,train,<rdkit.Chem.rdchem.Mol object at 0x7f52bd1e1fc0>
CC1C=CC(=CC=1)S(=O)(=O)NC1=C(C(=O)NC(C)CC)C(C)=NN1C1C=CC=CC=1,0.0059,-2.229147988,train,<rdkit.Chem.rdchem.Mol object at 0x7f52bd1e2030>
COC1=CC(=NC(NC(=O)NS(=O)(=O)CC2C=CC=CC=2C(=O)OC)=N1)OC,0.005775,-2.238448011,train,<rdkit.Chem.rdchem.Mol object at 0x7f52bd1e20a0>
CC(C)NC(=O)C1C=NC(=C(Cl)C=1)N1CCC(CC1)N1C(=O)OCC2=CC=CC=C12,0.0056,-2.251811973,train,<rdkit.Chem.rdchem.Mol object at 0x7f52bd1e2110>
CCC1=NC2C=C(O)C=CC=2C(OC2C=CC(C=CC(O)=O)=CC=2)=C1C1C=CC=CC=1,0.0056,-2.251811973,train,<rdkit.Chem.rdchem.Mol object at 0x7f52bd1e21f0>
Clc1ccc(COC(Cn2ccnc2)c2ccc(Cl)cc2Cl)cc1,0.00553,-2.257274869,train,<rdkit.Chem.rdchem.Mol object at 0x7f52bd1e2260>
O=C(O)c1cc(/N=N/c2ccc(S(=O)(=O)Nc3ccccn3)cc2)ccc1O,0.0055,-2.259637311,test,<rdkit.Chem.rdchem.Mol object at 0x7f52bd1e22d0>
CCCC1C(=O)N2C(N(C)C)=Nc3ccc(C)cc3N2C1=O,0.0055,-2.259637311,test,<rdkit.Chem.rdchem.Mol object at 0x7f52bd1e2340>
CC1C(=CC=CC=1C)NC1C=C(Cl)N=C(N=1)SCC(O)=O,0.005454059,-2.263280208,train,<rdkit.Chem.rdchem.Mol object at 0x7f52bd1e2420>
CCCOCC(=NC1C=CC(Cl)=CC=1C(F)(F)F)N1C=NC=C1,0.005445,-2.264002116,train,<rdkit.Chem.rdchem.Mol object at 0x7f52bd1e2490>
O=C(CC1CCN(CC2=CN(C=C2)C2C=CC(=CN=2)C(F)(F)F)CC1)NC(C1C=CC(F)=CC=1)C1C=CC(F)=CC=1,0.0053,-2.27572413,train,<rdkit.Chem.rdchem.Mol object at 0x7f52bd1e25e0>
CC(C)(CC1C=C(CC(=O)NCC2=CC(=CC=C2)C2C=CC(O)=CC=2)C=CC=1)NCC(O)C1=CC(NS(C)(=O)=O)=C(O)C=C1,0.0053,-2.27572413,train,<rdkit.Chem.rdchem.Mol object at 0x7f52bd1e2650>
CC1C2C=C(C=CC=2NC=1C)C1=NN=C(O1)SCC(=O)N1CCCC2=CC=CC=C12,0.0052,-2.283996656,train,<rdkit.Chem.rdchem.Mol object at 0x7f52bd1e2730>
CC1=CC2C(=C(C)N(CC(O)=O)C=2C=C1)S(=O)(=O)C1C=CC(Cl)=CC=1,0.0052,-2.283996656,train,<rdkit.Chem.rdchem.Mol object at 0x7f52bd1e27a0>
CC(C)NC(=O)C1=CC2N=C(N=C(NC3C=CC(Cl)=CC=3)C=2C=C1)N1CCOCC1,0.0051,-2.292429824,train,<rdkit.Chem.rdchem.Mol object at 0x7f52bd1e2880>
CS(=O)(=O)CCNCc1ccc(-c2ccc3ncnc(Nc4ccc(OCc5cccc(F)c5)c(Cl)c4)c3c2)o1,0.00509902,-2.292513326,test,<rdkit.Chem.rdchem.Mol object at 0x7f52bd1e28f0>
O=C(O)Cc1ccccc1Nc1c(Cl)cccc1Cl,0.005,-2.301029996,train,<rdkit.Chem.rdchem.Mol object at 0x7f52bd1e2960>
CC(C)C(C)C=CC(C)C1CCC2C(CCCC21C)=CC=C1CC(O)CCC1=C,0.005,-2.301029996,test,<rdkit.Chem.rdchem.Mol object at 0x7f52bd1e29d0>
CCOC(=O)c1ccc(C#Cc2ccc3c(c2)C(C)(C)CCS3)nc1,0.005,-2.301029996,train,<rdkit.Chem.rdchem.Mol object at 0x7f52bd1e2a40>
CC1=C(C2C=CC(Cl)=CC=2)N(N=C1C(=O)NN1CCCCC1)C1=CC=C(Cl)C=C1Cl,0.005,-2.301029996,train,<rdkit.Chem.rdchem.Mol object at 0x7f52bd1e2ab0>
Cc1nc2c([nH]1)-c1ccccc1N(C(=O)c1ccc(NC(=O)c3ccccc3-c3ccccc3)cc1)CC2,0.005,-2.301029996,test,<rdkit.Chem.rdchem.Mol object at 0x7f52bd1e2b90>
CC(=O)N1CCN([C@H]2CCN(C(=O)N(C)[C@H](C)c3cc(C(F)(F)F)cc(C(F)(F)F)c3)[C@@H](c3ccc(F)cc3C)C2)CC1,0.005,-2.301029996,train,<rdkit.Chem.rdchem.Mol object at 0x7f52bd1e2c70>
Cc1ccc2c(c1)c(c1ccnc3c1cccc3C)c(n2CC(=O)O)C,0.005,-2.301029996,train,<rdkit.Chem.rdchem.Mol object at 0x7f52bd1e2ce0>
COc1ccc(cn1)[C@H](CC(=O)O)CCCCCCc1ccc2c(n1)NCCC2,0.005,-2.301029996,test,<rdkit.Chem.rdchem.Mol object at 0x7f52bd1e2dc0>
Cc1ccc(cc1c1ccc2c(c1)c[nH]c(=N)n2)C(=Nc1cccc(c1C)C(F)(F)F)O,0.005,-2.301029996,train,<rdkit.Chem.rdchem.Mol object at 0x7f52bd1e2e30>
O=C1C(NC(=O)C2=CC3=CC=CC=C3N2)N=C(C2C=CC=C3CCN1C3=2)C1C=CC=CC=1F,0.005,-2.301029996,train,<rdkit.Chem.rdchem.Mol object at 0x7f52bd1e2ea0>
OC(=O)C1CCN(CC1)c1ncc(cc1Cl)C(=Nc1scc(n1)c1cccc(c1F)C(F)(F)F)O,0.005,-2.301029996,train,<rdkit.Chem.rdchem.Mol object at 0x7f52bd1e2f10>
CNC(=O)C1C=C(C=CN=1)OC1=CC2N=C(NC3C=CC(=CC=3)C(F)(F)F)N(C)C=2C=C1,0.005,-2.301029996,train,<rdkit.Chem.rdchem.Mol object at 0x7f52bd1e2f80>
CCCCn1ccc(c(c1=O)Cl)N1CCC(CC1)c1ccccc1,0.005,-2.301029996,train,<rdkit.Chem.rdchem.Mol object at 0x7f52bd1e2ff0>
CCOc1ccc(cn1)c1ccc(cc1)Cn1c(CC(C(=O)O)(C)C)c(c2c1ccc(c2)OCc1ccc(cn1)C)SC(C)(C)C,0.005,-2.301029996,train,<rdkit.Chem.rdchem.Mol object at 0x7f52bd1e3140>
OC(=Nc1ccccc1Cl)N1CCC(CC1)c1onc(n1)c1ccc2c(n1)cccc2,0.005,-2.301029996,train,<rdkit.Chem.rdchem.Mol object at 0x7f52bd1e31b0>
OC(=O)c1cn(Cc2ccc(cc2)n2cccc2)c2c(c1=O)c(F)ccc2,0.005,-2.301029996,train,<rdkit.Chem.rdchem.Mol object at 0x7f52bd1e3220>
[18F]CCn1nc(c(c1)c1ccncc1)c1ccc(cc1)OCc1ccc2c(n1)cccc2,0.005,-2.301029996,test,<rdkit.Chem.rdchem.Mol object at 0x7f52bd1e3290>
CCc1c(CCCC(=O)O)cccc1c1nnc(s1)c1ccc(c(c1)C#N)OC(C)C,0.005,-2.301029996,train,<rdkit.Chem.rdchem.Mol object at 0x7f52bd1e3300>
Clc1cnc(nc1)N1CCC(CC1)Oc1cc(=O)n(cc1Cl)c1ccc(cc1F)S(=O)(=O)C,0.005,-2.301029996,train,<rdkit.Chem.rdchem.Mol object at 0x7f52bd1e34c0>
CCC(C1C(=O)OC(CC1=O)(CCC)CCC1C=CC=CC=1)C1=CC(=CC=C1)NS(=O)(=O)C1C=CC(=CN=1)C(F)(F)F,0.005,-2.301029996,train,<rdkit.Chem.rdchem.Mol object at 0x7f52bd1e3530>
CN1CCC2(CC1)CN=C(c1c2[nH]c(c1)c1ccnc(c1)N=C(c1ccc2c(c1)cccc2)O)O,0.005,-2.301029996,train,<rdkit.Chem.rdchem.Mol object at 0x7f52bd1e36f0>
CC(=O)NC1=CC(=C(C=C1OC)OC)S(=O)(=O)N(C(C)C)C1C=CC=CC=1,0.005,-2.301029996,test,<rdkit.Chem.rdchem.Mol object at 0x7f52bd1e3760>
CCc1c(cccc1c1nsc(n1)c1ccc(c(c1)C(F)(F)F)OC(C)C)CN(CC(=O)O)C,0.005,-2.301029996,train,<rdkit.Chem.rdchem.Mol object at 0x7f52bd1e37d0>
Clc1cccc(c1)n1nc(cc1NC(=O)c1cnn2c1[nH]c(=N)cc2)C,0.005,-2.301029996,train,<rdkit.Chem.rdchem.Mol object at 0x7f52bd1e3840>
COc1ccnc(c1C(F)(F)F)Oc1ccc2c(c1)c(=O)ncn2Cc1c(F)cc(cc1F)F,0.005,-2.301029996,train,<rdkit.Chem.rdchem.Mol object at 0x7f52bd1e38b0>
Clc1ccc(cc1)/C=C/C(=Nc1ccc2c(c1)c(C)nc(n2)N1CCC(CC1)(O)C1CC1)O,0.005,-2.301029996,train,<rdkit.Chem.rdchem.Mol object at 0x7f52bd1e3920>
O=C(c1cc2c(o1)cncc2)NCc1ccc(cc1)S(=O)(=O)c1ccc(nc1)N1CCOCC1,0.005,-2.301029996,train,<rdkit.Chem.rdchem.Mol object at 0x7f52bd1e3990>
CO[C@H]1CN(CC[C@H]1N=C(c1[nH]c(c(c1Cl)Cl)C)O)c1sc(c(n1)C(=O)O)C(=N)O,0.005,-2.301029996,train,<rdkit.Chem.rdchem.Mol object at 0x7f52bd1e3a00>
COC1=NC=C(C=N1)C1C=CC=C(F)C=1CCNC(=O)C1=CN=C(C=C1)OCCC(F)(F)F,0.005,-2.301029996,train,<rdkit.Chem.rdchem.Mol object at 0x7f52bd1e3ae0>
CC(=O)N1CCN(CC1)CCOc1ccc(c2c1c1ccccc1s2)c1cccc2c1oc(cc2=O)N1CCOCC1,0.005,-2.301029996,test,<rdkit.Chem.rdchem.Mol object at 0x7f52bd1e3b50>
Clc1cccc(c1)CC[N+]12CCC(CC1)[C@H](C2)OC(=O)C1(CCCCCC1)C1=CC=CC1,0.005,-2.301029996,train,<rdkit.Chem.rdchem.Mol object at 0x7f52bd1e3bc0>
O=C(C1(CCCCCC1)C1=CC=CC1)O[C@H]1C[N+]2(CCC1CC2)Cc1noc(c1)c1ccccc1,0.005,-2.301029996,train,<rdkit.Chem.rdchem.Mol object at 0x7f52bd1e3c30>
OC1=C(Sc2ccccc2Cl)C(=O)CC(C1)c1c(Cl)cccc1Cl,0.005,-2.301029996,test,<rdkit.Chem.rdchem.Mol object at 0x7f52bd1e3ca0>
CCCCc1nc(Cl)c(C(=O)O)n1Cc1ccc(-c2ccccc2-c2nn[nH]n2)cc1,0.0049,-2.30980392,train,<rdkit.Chem.rdchem.Mol object at 0x7f52bd1e3d80>
CC1C=CC(=CC=1)S(=O)(=O)NC1=C(C(=O)NC(CC)CC)C(C)=NN1C1C=CC=CC=1,0.0049,-2.30980392,train,<rdkit.Chem.rdchem.Mol object at 0x7f52bd1e3e60>
O=P(C1C=CC=CC=1)(C1C=CC=CC=1)N(CC1=CC=CC=N1)CC1=CC=CC=N1,0.0049,-2.30980392,train,<rdkit.Chem.rdchem.Mol object at 0x7f52bd1e3ed0>
CC(C(O)=O)C1C=C2N=C(OC2=CC=1)C1C=CC(Cl)=CC=1,0.004898979,-2.309894379,train,<rdkit.Chem.rdchem.Mol object at 0x7f52bd1e3f40>
CCOC1=CC=C(C=C1)N1C(=NC2=CC=CC=C2C1=O)C(C)N(CC1C=CC=NC=1)C(=O)CC1C=CC(=CC=1)C(F)(F)F,0.0047,-2.327902142,train,<rdkit.Chem.rdchem.Mol object at 0x7f52bd1e4040>
CCC(C1C=CC(O)=CC=1)=C(CC)C1C=CC(O)=CC=1,0.004675,-2.330218385,train,<rdkit.Chem.rdchem.Mol object at 0x7f52bd1e40b0>
COc1ccc(Cl)cc1C(=O)NCCc1ccc(S(=O)(=O)NC(=O)NC2CCCCC2)cc1,0.00466369,-2.331270369,train,<rdkit.Chem.rdchem.Mol object at 0x7f52bd1e4120>
CC1=NN(C)C(OC2C=CC=CC=2)=C1C=NOCC1=CC=C(C=C1)C(=O)OC(C)(C)C,0.0046,-2.337242168,train,<rdkit.Chem.rdchem.Mol object at 0x7f52bd1e4190>
OC1=CC=C(Cl)C=C1CC1=CC(Cl)=CC=C1O,0.0045,-2.346787486,train,<rdkit.Chem.rdchem.Mol object at 0x7f52bd1e4270>
OC(C1C=CC(=CC=1)N(CC(F)(F)F)S(=O)(=O)C1C=CC=CC=1)(C(F)(F)F)C(F)(F)F,0.0044,-2.356547324,train,<rdkit.Chem.rdchem.Mol object at 0x7f52bd1e42e0>
CC(C)CC(CO)NC1=NC(=NC2N=C(N)SC1=2)SCC1=CC=CC=C1,0.0044,-2.356547324,train,<rdkit.Chem.rdchem.Mol object at 0x7f52bd1e4350>
CC1=C(C2C=C(F)C=CC=2N1CC(O)=O)S(=O)(=O)C1C=CC(Cl)=CC=1,0.0043,-2.366531544,train,<rdkit.Chem.rdchem.Mol object at 0x7f52bd1e4430>
CC1C=CC=C(C)C=1NC(=O)C(NC(=O)C1=CC=CC=C1O)C1=CC=C(C)S1,0.0043,-2.366531544,train,<rdkit.Chem.rdchem.Mol object at 0x7f52bd1e44a0>
CCOP(=S)(OCC)SCN1C(=O)OC2=CC(Cl)=CC=C12,0.00429,-2.367542708,train,<rdkit.Chem.rdchem.Mol object at 0x7f52bd1e4510>
CC1=NC(=C2C=C(SC2=N1)C1C=CC=CC=1)N1CCOCC1,0.0042,-2.37675071,train,<rdkit.Chem.rdchem.Mol object at 0x7f52bd1e4580>
CC1C=C(NC2=CC=C(C=C2)NC(C)=O)N2N=CC(=C2N=1)C1=CC=CC=C1,0.0042,-2.37675071,test,<rdkit.Chem.rdchem.Mol object at 0x7f52bd1e45f0>
N#CC1=CC=C(NC(=O)NC2=CC=CC=C2Br)C2=NNN=C12,0.0042,-2.37675071,train,<rdkit.Chem.rdchem.Mol object at 0x7f52bd1e4660>
CNC1C=C2NC(=O)N(C3C=CC(=CC=3)NC(=O)NS(=O)(=O)C3=CC=C(Cl)S3)C(=O)C2=CC=1F,0.0042,-2.37675071,train,<rdkit.Chem.rdchem.Mol object at 0x7f52bd1e46d0>
[O-][N+](=O)C1=CC(=C(C=C1)OCC(O)=O)C1C=CC=CC=1,0.0041,-2.387216143,train,<rdkit.Chem.rdchem.Mol object at 0x7f52bd1e4740>
CN(C)S(=O)(=O)NC(=O)CCCC1=C(NC2C=CC(=CC1=2)C#N)C1C=CC(F)=CC=1,0.0041,-2.387216143,train,<rdkit.Chem.rdchem.Mol object at 0x7f52bd1e47b0>
N#CC1C=C(C=CC=1OC1=CC(Cl)=C(F)C=C1C1=CN=NC=C1)S(=O)(=O)NC1=NC=NS1,0.0041,-2.387216143,train,<rdkit.Chem.rdchem.Mol object at 0x7f52bd1e4820>
CC(NC(=O)CC1=CC=C(C=C1)C1CC1)C1C=CC(=CN=1)OCC(F)(F)F,0.0041,-2.387216143,train,<rdkit.Chem.rdchem.Mol object at 0x7f52bd1e4890>
CC1OC(=NC=1CCOC1=CC=CC2=C1C=CN2CCC(O)=O)C1C=CC=CC=1,0.00409,-2.388276692,train,<rdkit.Chem.rdchem.Mol object at 0x7f52bd1e4900>
O=C1N(C2=CC=CC=C2C1(CC1C=CN=CC=1)CC1C=CN=CC=1)C1C=CC=CC=1,0.004,-2.397940009,train,<rdkit.Chem.rdchem.Mol object at 0x7f52bd1e49e0>
CCC1(O)C2C=C3C4=NC5=CC=CC(N)=C5C=C4CN3C(=O)C=2COC1=O,0.004,-2.397940009,train,<rdkit.Chem.rdchem.Mol object at 0x7f52bd1e4a50>
CC(C)(O)c1ccccc1CC[C@@H](SCC1(CC(=O)O)CC1)c1cccc(/C=C/c2ccc3ccc(Cl)cc3n2)c1,0.004,-2.397940009,test,<rdkit.Chem.rdchem.Mol object at 0x7f52bd1e4ac0>
CN1C(=O)C(=CC2=CN=C(NC3C=CC(F)=CC=3)N=C12)C1C(Cl)=CC=CC=1Cl,0.004,-2.397940009,test,<rdkit.Chem.rdchem.Mol object at 0x7f52bd1e4b30>
Cc1ccc2c(c1)c(c1ccnc3c1cccc3C(F)(F)F)c(n2CC(=O)O)C,0.004,-2.397940009,train,<rdkit.Chem.rdchem.Mol object at 0x7f52bd1e4ba0>
Cc1ccc2c(c1)c(c1ccnc3c1ccc(c3)C(F)(F)F)c(n2CC(=O)O)C,0.004,-2.397940009,train,<rdkit.Chem.rdchem.Mol object at 0x7f52bd1e4c10>
COC[C@@H](Oc1cc(O[C@H](Cc2ccccc2)C)cc(c1)C(=Nc1ccc(cn1)C(=O)O)O)C,0.004,-2.397940009,train,<rdkit.Chem.rdchem.Mol object at 0x7f52bd1e4c80>
CCOc1cc(ccc1/C=C/C(=O)O)N=C(C1(CCC1)N=C(c1ccc2c(c1)n(C)c(c2C1CCCC1)c1ncc(cn1)Cl)O)O,0.004,-2.397940009,train,<rdkit.Chem.rdchem.Mol object at 0x7f52bd1e4cf0>
OC(=O)[C@@H](N=C([C@@H]1CCCN1S(=O)(=O)c1cc(Cl)cc(c1)Cl)O)Cc1ccc2c(c1)cccc2,0.004,-2.397940009,train,<rdkit.Chem.rdchem.Mol object at 0x7f52bd1e4d60>
O=C(NC1=CC(=C(Cl)C=C1)C(=O)NC1=CN=CS1)C1=CC(=CC=C1)C(F)(F)F,0.004,-2.397940009,train,<rdkit.Chem.rdchem.Mol object at 0x7f52bd1e4dd0>
CC1=CC(=CC(C)=C1)C(=O)NC1=CC(=C(Cl)C=C1)C(=O)NC1=CN=CS1,0.004,-2.397940009,train,<rdkit.Chem.rdchem.Mol object at 0x7f52bd1e4e40>
CC1=NC=C(NC(=O)C2C=C(C=CC=2Cl)NC(=O)C2=CC(=CC=C2)C(F)(F)F)S1,0.004,-2.397940009,train,<rdkit.Chem.rdchem.Mol object at 0x7f52bd1e4eb0>
Fc1ccc(nc1)c1ccc(cc1)C(Cc1ncc([nH]1)CC(C)(C)C)(O)C,0.004,-2.397940009,train,<rdkit.Chem.rdchem.Mol object at 0x7f52bd1e4f20>
Cc1ccc2c(c1)c(c1cc(C)nc3c1cccc3)c(n2CC(=O)O)C,0.004,-2.397940009,train,<rdkit.Chem.rdchem.Mol object at 0x7f52bd1e4f90>
CC1=NC=C(NC(=O)C2C=C(C=CC=2Cl)NC(=O)C2=CC(F)=CC(Cl)=C2)S1,0.004,-2.397940009,train,<rdkit.Chem.rdchem.Mol object at 0x7f52bd1e5000>
CN(Cc1ccccc1C(=O)N(C1CCC2(CC1)OCCO2)CCc1ccc(cc1)Cl)C,0.004,-2.397940009,test,<rdkit.Chem.rdchem.Mol object at 0x7f52bd1e50e0>
CCCS(=O)(=O)c1ccc(c(c1)C#Cc1cc(Cl)ccc1OCC(=O)O)C,0.004,-2.397940009,train,<rdkit.Chem.rdchem.Mol object at 0x7f52bd1e5150>
OC(=O)COc1ccc(cc1C#Cc1cc(ccc1C)S(=O)(=O)N(C)C)Cl,0.004,-2.397940009,train,<rdkit.Chem.rdchem.Mol object at 0x7f52bd1e51c0>
CC(NS(=O)(=O)c1ccc(c(c1)C#Cc1cc(Cl)ccc1OCC(=O)O)C)C,0.004,-2.397940009,test,<rdkit.Chem.rdchem.Mol object at 0x7f52bd1e5230>
Fc1cccc(c1)N=C(C[N+]12CCC(CC1)[C@H](C2)OC(=O)[C@](c1ccccc1)(N1CCCCC1)C)O,0.004,-2.397940009,train,<rdkit.Chem.rdchem.Mol object at 0x7f52bd1e52a0>
CC1C=C(C=CC=1C(=O)NCCOC)NC1N=C2C=CC(=CC2=CN=1)C1C=CN=CC=1,0.004,-2.397940009,train,<rdkit.Chem.rdchem.Mol object at 0x7f52bd1e5380>
O=C(c1cc2c(s1)cncc2)NCc1ccc(cc1)S(=O)(=O)c1cccc(c1)C(F)(F)F,0.004,-2.397940009,train,<rdkit.Chem.rdchem.Mol object at 0x7f52bd1e53f0>
OC(=Nc1cccc(n1)C(F)(F)F)C[N+]12CCC(CC1)[C@H](C2)OC(=O)C1(CCCCCC1)C1=CC=CC1,0.004,-2.397940009,train,<rdkit.Chem.rdchem.Mol object at 0x7f52bd1e5460>
CC(C1SC(=Nc2ccccc2C)N=C1O)C,0.004,-2.397940009,train,<rdkit.Chem.rdchem.Mol object at 0x7f52bd1e54d0>
CC1C=CC(=CC=1NC1=CC2=C(C=C1)N=CN(C)C2=O)NC(=O)C1=CC(=CC=C1)C(C)(C)C#N,0.0039,-2.408935393,train,<rdkit.Chem.rdchem.Mol object at 0x7f52bd1e5540>
CN(C)C1=NC(CC2C=CC(=CC=2)NC(=O)C2C=CC(=CC=2)C(F)(F)F)=NC(=C1CC(O)=O)N(C)C,0.0039,-2.408935393,train,<rdkit.Chem.rdchem.Mol object at 0x7f52bd1e55b0>
COC1=CC(=CC(OC)=C1O)C1C2C(COC2=O)C(OC2OC3COC(OC3C(O)C2O)C2=CC=CS2)C2=CC3OCOC=3C=C21,0.003766667,-2.42404283,train,<rdkit.Chem.rdchem.Mol object at 0x7f52bd1e5620>
CCCN(CCC)C1C(=CC(=CC=1[N+]([O-])=O)C(F)(F)F)[N+]([O-])=O,0.00376,-2.424812155,train,<rdkit.Chem.rdchem.Mol object at 0x7f52bd1e5690>
NC1C=CC(=CC=1)S(=O)(=O)NC1=CN=C2C=CC=CC2=N1,0.0037,-2.431798276,train,<rdkit.Chem.rdchem.Mol object at 0x7f52bd1e5770>
COC1C(CC2OC1(C)N1C3C(=C4C(O)NC(=O)C4=C4C=3N2C2=CC=CC=C24)C2=CC=CC=C12)NC,0.0036,-2.443697499,train,<rdkit.Chem.rdchem.Mol object at 0x7f52bd1e57e0>
CCCCCCC1=NC2C(N)=NC3=CC=CC=C3C=2N1CC1C=CC=CC=1,0.0036,-2.443697499,test,<rdkit.Chem.rdchem.Mol object at 0x7f52bd1e58c0>
CC1C=C(C=C(C)C=1C1C=C(COC2=CC3OCC(CC(O)=O)C=3C=C2)C=CC=1)OCCCS(C)(=O)=O,0.0036,-2.443697499,train,<rdkit.Chem.rdchem.Mol object at 0x7f52bd1e5930>
CC1CN(C(C)CN1S(=O)(=O)C1C=CC(=CC=1)OC)S(=O)(=O)C1C=CC(=CC=1)OC,0.0035,-2.455931956,train,<rdkit.Chem.rdchem.Mol object at 0x7f52bd1e5a80>
CC1=NC=C(NC(=O)C2C=C(C=CC=2Cl)NC(=O)C2C=C(F)C=C(C=2)C(F)(F)F)S1,0.0035,-2.455931956,train,<rdkit.Chem.rdchem.Mol object at 0x7f52bd1e5af0>
CN(CC1=CC=CS1)C1=C(CC)N=C2C=CC(=CN21)C(=O)NCC1C=CC2OCOC=2C=1,0.0035,-2.455931956,train,<rdkit.Chem.rdchem.Mol object at 0x7f52bd1e5b60>
CN(C)C(=O)CCSC(SCCC(O)=O)C1=CC(C=CC2C=CC3=CC=C(Cl)C=C3N=2)=CC=C1,0.0034,-2.468521083,train,<rdkit.Chem.rdchem.Mol object at 0x7f52bd1e5bd0>
CC1C=C(CCCOC2C(Cl)=CC(=CC=2Cl)C2=NCCO2)ON=1,0.0034,-2.468521083,train,<rdkit.Chem.rdchem.Mol object at 0x7f52bd1e5c40>
CC(C)OC1C=CC(=CC=1)OC1=NC=C(C#CC(C)NC(=O)OC)S1,0.0034,-2.468521083,train,<rdkit.Chem.rdchem.Mol object at 0x7f52bd1e5cb0>
NC1NN=CC=1C1C=C(C=CC=1OC1=CC(F)=C(C=C1Cl)S(=O)(=O)NC1=CSC=N1)C(F)(F)F,0.0034,-2.468521083,train,<rdkit.Chem.rdchem.Mol object at 0x7f52bd1e5d20>
Oc1cc(Cl)ccc1Oc1ccc(Cl)cc1Cl,0.00339,-2.469800302,train,<rdkit.Chem.rdchem.Mol object at 0x7f52bd1e5d90>
COC(=O)C1C(C(C(=O)OCOC(=O)CCC)C(C)=NC=1C)C1C=CC=C(Cl)C=1Cl,0.003366667,-2.472799902,train,<rdkit.Chem.rdchem.Mol object at 0x7f52bd1e5e00>
OS(=O)(=O)C(F)(F)C(F)(F)C(F)(F)C(F)(F)C(F)(F)C(F)(F)C(F)(F)C(F)(F)F,0.003335613,-2.4768243,train,<rdkit.Chem.rdchem.Mol object at 0x7f52bd1e5e70>
CCC(=C(C1C=CC=CC=1)C1C=CC(=CC=1)OCCN(C)C)C1C=CC=CC=1,0.003325,-2.47820835,train,<rdkit.Chem.rdchem.Mol object at 0x7f52bd1e5ee0>
CC1=NC2C=CC(=CC=2S1)NS(=O)(=O)C1=CC2OCCOC=2C=C1,0.0033,-2.48148606,test,<rdkit.Chem.rdchem.Mol object at 0x7f52bd1e5f50>
CC1C=CC(=CC=1)S(=O)(=O)NC1=NC=C(Br)N=C1OCC1=CC(OCCN(C)C)=C(C=C1)OC,0.0033,-2.48148606,train,<rdkit.Chem.rdchem.Mol object at 0x7f52bd1e5fc0>
COC1C=C(C=CC=1N(C(C1=CC=CC=C1F)C(=O)NC1CCCC1)C(=O)C1=CC=CC=C1)OC,0.0033,-2.48148606,train,<rdkit.Chem.rdchem.Mol object at 0x7f52bd1e6030>
C1=CC=CC=C1NC1C=CC=CC=1,0.00325,-2.488116639,train,<rdkit.Chem.rdchem.Mol object at 0x7f52bd1e6110>
CCNC1N=C(NC(C)C)N=C(N=1)SC,0.00325,-2.488116639,test,<rdkit.Chem.rdchem.Mol object at 0x7f52bd1e6180>
N#CC1=CNC=C1C1C=CC=C2OC(F)(F)OC=12,0.00325,-2.488116639,train,<rdkit.Chem.rdchem.Mol object at 0x7f52bd1e61f0>
CN(CCOc1ccc(CC2SC(=O)NC2=O)cc1)c1ccccn1,0.003224903,-2.49148333,test,<rdkit.Chem.rdchem.Mol object at 0x7f52bd1e6340>
CCOP(=S)(OC(Cl)C(Cl)(Cl)Cl)OCC,0.00322,-2.492144128,train,<rdkit.Chem.rdchem.Mol object at 0x7f52bd1e63b0>
COC1C=CC(CNC(=O)NC2=NC=C(S2)[N+]([O-])=O)=CC=1,0.0032,-2.494850022,train,<rdkit.Chem.rdchem.Mol object at 0x7f52bd1e6420>
CC1N=C(SC=1C(O)=O)C1=CC(=CC=C1)C(F)(F)F,0.003,-2.522878745,train,<rdkit.Chem.rdchem.Mol object at 0x7f52bd1e6650>
OC1=NCCc2c1cc([nH]2)c1ccnc(c1)c1cnc2c(c1)cccc2,0.003,-2.522878745,train,<rdkit.Chem.rdchem.Mol object at 0x7f52bd1e67a0>
O=C(NC1=CC(=C(Cl)C=C1)C(=O)NC1=CN=CC=C1)C1=CC(=CC=C1)C(F)(F)F,0.003,-2.522878745,train,<rdkit.Chem.rdchem.Mol object at 0x7f52bd1e6810>
OC[C@H](Nc1nc(SCc2ccccc2)nc2c1sc(n2)O)C,0.003,-2.522878745,train,<rdkit.Chem.rdchem.Mol object at 0x7f52bd1e6880>
Clc1ccc(c(c1)NS(=O)(=O)c1ccc(c(c1)Cl)Cl)Cn1ccnn1,0.003,-2.522878745,train,<rdkit.Chem.rdchem.Mol object at 0x7f52bd1e6960>
CO[C@H]1CN(CC[C@H]1N=C(c1[nH]c(c(c1Cl)Cl)C)O)c1sc(c(n1)c1ccccn1)C(=O)O,0.003,-2.522878745,train,<rdkit.Chem.rdchem.Mol object at 0x7f52bd1e69d0>
COc1ccc2c(c1)c(c1ccnc3c1ccc(c3)Cl)c(n2CC(=O)O)C,0.003,-2.522878745,test,<rdkit.Chem.rdchem.Mol object at 0x7f52bd1e6b20>
CC1(C)[C@H]2CC=C([C@@H]1C2)CN1CCC(CC1)N=c1s[nH]c(n1)c1cc(cc(c1)C(F)(F)F)C(F)(F)F,0.003,-2.522878745,train,<rdkit.Chem.rdchem.Mol object at 0x7f52bd1e6b90>
N#Cc1cc(cc(c1)c1onc(n1)c1ccc2c(c1)CCN2C(=O)CCC(=O)O)OC(F)(F)F,0.003,-2.522878745,train,<rdkit.Chem.rdchem.Mol object at 0x7f52bd1e6c00>
O=C1Cn2c(c3c(CN1C)cccc3)c(c1c2cc(cc1)C(=O)O)C1CCCCC1,0.003,-2.522878745,train,<rdkit.Chem.rdchem.Mol object at 0x7f52bd1e6c70>
OC(=O)c1cc(Cc2ccc(cc2)c2cccnc2)c2n(c1=O)cccc2,0.003,-2.522878745,train,<rdkit.Chem.rdchem.Mol object at 0x7f52bd1e6ce0>
OC(=O)COc1ccc(cc1C#Cc1cccc(c1)Cl)Cl,0.003,-2.522878745,train,<rdkit.Chem.rdchem.Mol object at 0x7f52bd1e6d50>
COc1ncnc(c1)N1C(=O)N(C(=O)C21CCN(CC2)Cc1ncccc1C)c1ccc(cc1)c1ccc(cc1C)C(=O)O,0.003,-2.522878745,train,<rdkit.Chem.rdchem.Mol object at 0x7f52bd1e6dc0>
Clc1cccc(c1)N1C(=O)C2(C1c1ccccn1)CCN(CC2)C(=Nc1cc(F)cc(c1)F)O,0.003,-2.522878745,train,<rdkit.Chem.rdchem.Mol object at 0x7f52bd1e6e30>
COc1ccccc1NS(=O)(=O)c1ccc(cc1OC)N=C(c1ccccn1)O,0.003,-2.522878745,train,<rdkit.Chem.rdchem.Mol object at 0x7f52bd1e6ea0>
CCc1c(cccc1c1nsc(n1)c1ccc(c(c1)C(F)(F)F)OC(C)C)CCN1CC(C1)C(=O)O,0.003,-2.522878745,test,<rdkit.Chem.rdchem.Mol object at 0x7f52bd1e6f10>
Cc1cnc(NC(=O)C2=C(O)c3ccccc3S(=O)(=O)N2C)s1,0.003,-2.522878745,test,<rdkit.Chem.rdchem.Mol object at 0x7f52bd1e6f80>
OC(=O)COc1ccc(cc1C#Cc1cc(ccc1C(C)C)S(=O)(=O)C)Cl,0.003,-2.522878745,train,<rdkit.Chem.rdchem.Mol object at 0x7f52bd1e6ff0>
CCCS(=O)(=O)c1ccc(c(c1)C#Cc1cc(Cl)ccc1OCC(=O)O)Cl,0.003,-2.522878745,train,<rdkit.Chem.rdchem.Mol object at 0x7f52bd1e7060>
OC(=Nc1nccc(c1)c1cc2c([nH]1)C1(CCNCC1)CN=C2O)c1ccc2c(c1)cccc2,0.003,-2.522878745,train,<rdkit.Chem.rdchem.Mol object at 0x7f52bd1e70d0>
O=C([C@](c1ccccc1)(N1CCCCC1)C)O[C@H]1C[N+]2(CCC1CC2)CCc1ccc2c(c1)cccc2,0.003,-2.522878745,train,<rdkit.Chem.rdchem.Mol object at 0x7f52bd1e7140>
O=C([C@](c1ccccc1)(N1CCCCC1)C)O[C@H]1C[N+]2(CCCc3cc4c(s3)cccc4)CCC1CC2,0.003,-2.522878745,train,<rdkit.Chem.rdchem.Mol object at 0x7f52bd1e71b0>
CCc1c(cccc1c1nsc(n1)c1ccc(c(c1)C(F)(F)F)OC(C)C)CN1CC(C1)C(=O)O,0.003,-2.522878745,train,<rdkit.Chem.rdchem.Mol object at 0x7f52bd1e7220>
OC(=O)Cc1ccc(c(c1)Cl)c1ccc(cc1Cl)c1nc(C(=N)O)c(nc1C)C,0.003,-2.522878745,train,<rdkit.Chem.rdchem.Mol object at 0x7f52bd1e7290>
OCC(N=C(c1c[nH]c2c1nc(cn2)c1nn(c2c1ccc(c2)Cl)C)O)(C)C,0.003,-2.522878745,train,<rdkit.Chem.rdchem.Mol object at 0x7f52bd1e7370>
Fc1cccc(c1)N=C(C[N+]12CCC(CC1)[C@H](C2)OC(=O)C1(CCCCCC1)C1=CC=CC1)O,0.003,-2.522878745,train,<rdkit.Chem.rdchem.Mol object at 0x7f52bd1e73e0>
CN1Cc2c(C1C(C)(C)C)c(ccc2)Oc1ncccc1N=C(Nc1ccc(cc1)OC(F)(F)F)O,0.003,-2.522878745,train,<rdkit.Chem.rdchem.Mol object at 0x7f52bd1e7450>
CC(C)(C)OC(=O)NC(CC1=CC=CC=C1OC(F)(F)F)C(=O)NC1CCC2=CC=CC=C2N(C(C)C)C1=O,0.003,-2.522878745,train,<rdkit.Chem.rdchem.Mol object at 0x7f52bd1e74c0>
COc1ccc(cc1NS(=O)(=O)C)C(=O)O[C@H](c1ccc(c(c1)OCC1CC1)OC(F)F)Cc1c(Cl)cn(=O)cc1Cl,0.003,-2.522878745,train,<rdkit.Chem.rdchem.Mol object at 0x7f52bd1e7530>
OC1=C(Sc2ccccc2Cl)C(=NC(C1)c1ccccc1)O,0.003,-2.522878745,train,<rdkit.Chem.rdchem.Mol object at 0x7f52bd1e75a0>
OC(=O)/C=C/c1ccc(cc1)Oc1c(c(=O)oc2c1ccc(c2)O)c1ccc(cc1C)F,0.003,-2.522878745,train,<rdkit.Chem.rdchem.Mol object at 0x7f52bd1e7610>
OC1C(=C(Cl)C=CC=1NC(=O)NC1C=CC=C(F)C=1Cl)S(=O)(=O)N1CCNCC1,0.0029,-2.537602002,train,<rdkit.Chem.rdchem.Mol object at 0x7f52bd1e76f0>
CC1C=CC(=NN=1)N1CCC(CCOC2=CC=C(C=C2)C=NOCC)CC1,0.0028,-2.552841969,train,<rdkit.Chem.rdchem.Mol object at 0x7f52bd1e7920>
O=C(O)c1cc(-c2ccc(F)cc2F)ccc1O,0.002787472,-2.55478949,train,<rdkit.Chem.rdchem.Mol object at 0x7f52bd1e7990>
CCCCCCCCCCCCN1CCCCCC1=O,0.00275,-2.560667306,train,<rdkit.Chem.rdchem.Mol object at 0x7f52bd1e7a00>
[O-][N+](=O)C1=CC(O)=C(C=C1)NC(=O)NC1=CC=CC=C1Br,0.0027,-2.568636236,train,<rdkit.Chem.rdchem.Mol object at 0x7f52bd1e7ae0>
CN1N=C(CC(C)C)C2=CN(CC3=CC=CC4=CC=CC=C34)C(SCCCO)=C2C1=O,0.0027,-2.568636236,train,<rdkit.Chem.rdchem.Mol object at 0x7f52bd1e7b50>
OCC1=NC2C=C(C=CC=2S1)S(=O)(=O)NC1C=CC(=CC=1)C(F)(F)F,0.0027,-2.568636236,train,<rdkit.Chem.rdchem.Mol object at 0x7f52bd1e7bc0>
CC(C)NC1=NC2C=CSC=2C(NCC2C=CC=C(OC)C=2OC)=N1,0.0027,-2.568636236,train,<rdkit.Chem.rdchem.Mol object at 0x7f52bd1e7c30>
CCCCCCCCCCCCCN1CC(C)OC(C)C1,0.002678886,-2.572045848,train,<rdkit.Chem.rdchem.Mol object at 0x7f52bd1e7ca0>
CC1C=C(C=C(C=1O)[N+]([O-])=O)[N+]([O-])=O,0.002637,-2.57888987,test,<rdkit.Chem.rdchem.Mol object at 0x7f52bd1e7d10>
CCOC(=O)C(C)OC1C=CC(=CC=1)OC1=NC2C=CC(Cl)=CC=2O1,0.002590849,-2.586557851,train,<rdkit.Chem.rdchem.Mol object at 0x7f52bd1e7d80>
OC1C(OC2C=C(O)C=C(O)C=2C1=O)C1=CC(O)=C(O)C=C1,0.0025,-2.602059991,test,<rdkit.Chem.rdchem.Mol object at 0x7f52bd1e7df0>
CCOc1nc2cccc(C(=O)O)c2n1Cc1ccc(-c2ccccc2-c2nnn[nH]2)cc1,0.0025,-2.602059991,test,<rdkit.Chem.rdchem.Mol object at 0x7f52bd1e7e60>
OC(=O)CC1SC(=NC=1C1C=CC(Cl)=CC=1)C1C=CC=CC=1,0.0025,-2.602059991,train,<rdkit.Chem.rdchem.Mol object at 0x7f52bd1e7ed0>
CC(=O)NCCOC(=O)C(OC1C=C(C=CC=1)C(F)(F)F)C1=CC=C(Cl)C=C1,0.0025,-2.602059991,train,<rdkit.Chem.rdchem.Mol object at 0x7f52bd1e7f40>
CC(C(O)=O)C1=CC(Cl)=C(C=C1)N1CC=CC1,0.0025,-2.602059991,test,<rdkit.Chem.rdchem.Mol object at 0x7f52bd1e8040>
O=C1C(C2C=CC(F)=CC=2)C(=O)C2=CC=CC=C12,0.0025,-2.602059991,train,<rdkit.Chem.rdchem.Mol object at 0x7f52bd1e80b0>
CC1=C(C=C)C(=O)N=C1CC1NC(CC2NC(CC3=NC(=O)C(C)=C3C=C)=C(C)C=2CCC(O)=O)=C(CCC(O)=O)C=1C,0.0025,-2.602059991,train,<rdkit.Chem.rdchem.Mol object at 0x7f52bd1e8120>
CC1C=C(C=CN=1)C1=CC(=O)NC(NCC2=CC=CC3=CC=CC=C32)=N1,0.0025,-2.602059991,train,<rdkit.Chem.rdchem.Mol object at 0x7f52bd1e8190>
NC1NN=CC=1C1C=C(Cl)C=CC=1OC1=CC(F)=C(C=C1Cl)S(=O)(=O)NC1=CSC=N1,0.0024,-2.619788758,train,<rdkit.Chem.rdchem.Mol object at 0x7f52bd1e8270>
CC1CN(CC(C)C1)C(=O)CC(C1=C(O)C=C(C=C1OC)OC)C1=CC2OCOC=2C=C1,0.0024,-2.619788758,train,<rdkit.Chem.rdchem.Mol object at 0x7f52bd1e82e0>
COC1=CC=C(Cl)C=C1C1(F)C(=O)NC2=CC(=CC=C12)C(F)(F)F,0.002392349,-2.621175491,train,<rdkit.Chem.rdchem.Mol object at 0x7f52bd1e8350>
CC1CC2C3CCC4=CC(=O)C=CC4(C)C3(Cl)C(O)CC2(C)C1(OC(=O)C1=CC=CO1)C(=O)CCl,0.0023,-2.638272164,train,<rdkit.Chem.rdchem.Mol object at 0x7f52bd1e83c0>
O=C(CSC1=NC2CCSC=2C(=O)N1C1C=CC=CC=1)NC1=NC=C(S1)C1C=CC=CC=1,0.0023,-2.638272164,train,<rdkit.Chem.rdchem.Mol object at 0x7f52bd1e8430>
CC1C=C(N=C(NC2C=CC=CC=2)N=1)C1CC1,0.00225,-2.647817482,test,<rdkit.Chem.rdchem.Mol object at 0x7f52bd1e84a0>
CON(C(=O)OC)C1C=CC=CC=1COC1C=CN(N=1)C1C=CC(Cl)=CC=1,0.00225,-2.647817482,test,<rdkit.Chem.rdchem.Mol object at 0x7f52bd1e8510>
CC(C)(C)C1=CC2CCC(NC(=O)NC3=CC=CC4NN=CC=43)C=2C=C1,0.0022,-2.657577319,train,<rdkit.Chem.rdchem.Mol object at 0x7f52bd1e8580>
CCC(CC)NC(=O)C1C=NN(C=1NS(=O)(=O)C1CCCC1)C1C=CC=CC=1,0.0022,-2.657577319,train,<rdkit.Chem.rdchem.Mol object at 0x7f52bd1e85f0>
C1C(CCCN1CCC1C=CC2OCOC=2C=1)OC(C1C=CC=CC=1)C1C=CC=CC=1,0.002114,-2.674895017,train,<rdkit.Chem.rdchem.Mol object at 0x7f52bd1e87b0>
COC1C(=CC(=CC=1C(C)(C)C)C(=O)CN1CC2=CC(OCC)=C(OCC)C(F)=C2C1=N)N1CCOCC1,0.0021,-2.677780705,train,<rdkit.Chem.rdchem.Mol object at 0x7f52bd1e8890>
COC1C=C(C=CC=1OCC(O)C1CC1)N1C=NC2C=C(SC=2C1=O)C1C=CC(Cl)=CC=1,0.0021,-2.677780705,train,<rdkit.Chem.rdchem.Mol object at 0x7f52bd1e8900>
O=C1Nc2ccc(Cl)cc2[C@@](C#CC2CC2)(C(F)(F)F)O1,0.002,-2.698970004,train,<rdkit.Chem.rdchem.Mol object at 0x7f52bd1e8970>
O=C(NC1=NN=C(S1)C1C=CN=CC=1)NC1=CC(Cl)=CC=C1,0.002,-2.698970004,train,<rdkit.Chem.rdchem.Mol object at 0x7f52bd1e89e0>
CC1ON=C(C=1NC(=O)OCC1=C(F)C=CC=C1Cl)C1C(Cl)=CC=CC=1Cl,0.002,-2.698970004,train,<rdkit.Chem.rdchem.Mol object at 0x7f52bd1e8ac0>
CC/C(=C(\c1ccccc1)/c1ccc(cc1)/C=C/C(=O)O)/c1ccccc1,0.002,-2.698970004,train,<rdkit.Chem.rdchem.Mol object at 0x7f52bd1e8ba0>
COC1C=C(CC(O)=O)C=CC=1OC1C=CC(=CC=1NS(=O)(=O)C1C=CC(Cl)=CC=1Cl)C(=O)NCCCC,0.002,-2.698970004,train,<rdkit.Chem.rdchem.Mol object at 0x7f52bd1e8c10>
Cc1ccc2c(c1)c(c1ccnc3c1ccc(c3)Cl)c(n2CC(=O)O)C,0.002,-2.698970004,train,<rdkit.Chem.rdchem.Mol object at 0x7f52bd1e8c80>
Clc1cccc(c1c1cc(C)c2c(c1)nnc(n2)Nc1ccc(cc1)OCCN1CCCC1)Cl,0.002,-2.698970004,train,<rdkit.Chem.rdchem.Mol object at 0x7f52bd1e8cf0>
C(OC1C=CC(=CC=1)C1NN=CC=1C1C=CN=CC=1)C1C=CC2=CC=CC=C2N=1,0.002,-2.698970004,train,<rdkit.Chem.rdchem.Mol object at 0x7f52bd1e8d60>
Clc1ccc(c(c1)Cl)Cn1cc(c2c1c(cc(c2)F)c1nnc(o1)NS(=O)(=O)c1sc(c(c1)Cl)Cl)C,0.002,-2.698970004,train,<rdkit.Chem.rdchem.Mol object at 0x7f52bd1e8dd0>
O=C(NC1=CC(=C(Cl)C=C1)C(=O)NC1=CN=CS1)C1=CC(Cl)=CC=C1,0.002,-2.698970004,train,<rdkit.Chem.rdchem.Mol object at 0x7f52bd1e8f20>
CC1=NC=C(NC(=O)C2C=C(C=CC=2Cl)NC(=O)C2=CC(Cl)=CC=C2)S1,0.002,-2.698970004,train,<rdkit.Chem.rdchem.Mol object at 0x7f52bd1e8f90>
Clc1ccc(cc1)S(=O)(=O)C(C(=Nc1ccc(c(c1)C(F)(F)F)Cl)O)(C)C,0.002,-2.698970004,train,<rdkit.Chem.rdchem.Mol object at 0x7f52bd1e9000>
COC1=CC(CNC(=O)C2C=CC=NC=2OC2C=CC=CC=2)=C(C=C1)OC,0.002,-2.698970004,train,<rdkit.Chem.rdchem.Mol object at 0x7f52bd1e9070>
COc1ccc(cc1)c1ccc(cc1)S(=O)(=O)NC(C1CCCC(C1)Nc1ccccc1)C(=O)O,0.002,-2.698970004,train,<rdkit.Chem.rdchem.Mol object at 0x7f52bd1e90e0>
FC(c1c(ccn2c1nnc2CC1CC1)N1CCC(CC1)c1ccccc1)(F)F,0.002,-2.698970004,train,<rdkit.Chem.rdchem.Mol object at 0x7f52bd1e9150>
CCc1c(CCCC(=O)O)cccc1c1nsc(n1)c1ccc(c(c1)Cl)OC(C)C,0.002,-2.698970004,train,<rdkit.Chem.rdchem.Mol object at 0x7f52bd1e91c0>
CCc1c(cccc1c1nsc(n1)c1ccc(c(c1)C(F)(F)F)OC(C)C)CCN1CCC(CC1)C(=O)O,0.002,-2.698970004,train,<rdkit.Chem.rdchem.Mol object at 0x7f52bd1e9310>
Cc1cccc(c1)C(c1ccccc1)(c1ccccc1)CC[C@H](C(=O)O)N,0.002,-2.698970004,train,<rdkit.Chem.rdchem.Mol object at 0x7f52bd1e9460>
Cc1cccc(c1)C(c1ccccc1)(c1ccccc1)CC[C@@H](C(=O)O)N,0.002,-2.698970004,train,<rdkit.Chem.rdchem.Mol object at 0x7f52bd1e94d0>
Fc1ccccc1CC[N+]12CCC(CC1)[C@H](C2)OC(=O)[C@](c1cccs1)(N1CCCCC1)C,0.002,-2.698970004,train,<rdkit.Chem.rdchem.Mol object at 0x7f52bd1e9540>
OC(=O)CCC1C=CC(=CC=1)OCC1C=C(Cl)C=CC=1C1C=CC=CC=1,0.002,-2.698970004,train,<rdkit.Chem.rdchem.Mol object at 0x7f52bd1e9620>
CCc1c(cccc1c1nsc(n1)c1ccc(c(c1)C(F)(F)F)OC(C)C)CCN(CC(=O)O)C,0.002,-2.698970004,train,<rdkit.Chem.rdchem.Mol object at 0x7f52bd1e9690>
CCc1c(CCCC(=O)O)cncc1c1nsc(n1)c1ccc(c(c1)Cl)OC(C)C,0.002,-2.698970004,test,<rdkit.Chem.rdchem.Mol object at 0x7f52bd1e9700>
CCc1c(CCCC(=O)O)nccc1c1nsc(n1)c1ccc(c(c1)C#N)CC(C)C,0.002,-2.698970004,train,<rdkit.Chem.rdchem.Mol object at 0x7f52bd1e9770>
CC1C=CC(F)=C(CCNC(=O)C2=CN=C(C=C2)OCC(F)(F)F)C=1C1=CN=C(N=C1)OC,0.002,-2.698970004,train,<rdkit.Chem.rdchem.Mol object at 0x7f52bd1e97e0>
CC#CC1=CC(=CN=C1)C1=CC(=CC=C1)C1(N=C(N)C(C)=N1)C1=CC(C)=C(OC)C(C)=C1,0.002,-2.698970004,train,<rdkit.Chem.rdchem.Mol object at 0x7f52bd1e9850>
COCCNC(=O)C1C=CC(=CC=1)NC1N=C2C=CC(=CC2=CN=1)C1C=CN=CC=1OC,0.002,-2.698970004,train,<rdkit.Chem.rdchem.Mol object at 0x7f52bd1e98c0>
Clc1c(C)cc(cc1C)Oc1cccc(c1)Cn1cncc1,0.002,-2.698970004,train,<rdkit.Chem.rdchem.Mol object at 0x7f52bd1e9930>
COc1cc(cc(c1)C(=O)O[C@H](c1ccc(c(c1)OCC1CC1)OC(F)F)Cc1c(Cl)cn(=O)cc1Cl)NS(=O)(=O)C,0.002,-2.698970004,train,<rdkit.Chem.rdchem.Mol object at 0x7f52bd1e99a0>
N#Cc1ccccc1SC1=C(O)CC(CC1=O)c1c(Cl)cccc1Br,0.002,-2.698970004,train,<rdkit.Chem.rdchem.Mol object at 0x7f52bd1e9a80>
OC(=O)/C=C/c1ccc(cc1)Oc1c(c(=O)oc2c1cccc2)c1ccc(cc1C)OC(F)(F)F,0.002,-2.698970004,test,<rdkit.Chem.rdchem.Mol object at 0x7f52bd1e9af0>
CC(C1SC(=Nc2ccccc2C(F)(F)F)N=C1O)C,0.002,-2.698970004,train,<rdkit.Chem.rdchem.Mol object at 0x7f52bd1e9b60>
CC1CCCC(C)(C)C=1C=CC(C)=CC=CC(C)=CC(=O)NC1C=CC(O)=CC=1,0.0019,-2.721246399,train,<rdkit.Chem.rdchem.Mol object at 0x7f52bd1e9bd0>
CC(C)(O)C(C)C=CC(C)C1CCC2C(CCCC21C)=CC=C1CC(O)CC(O)C1,0.0019,-2.721246399,train,<rdkit.Chem.rdchem.Mol object at 0x7f52bd1e9c40>
O=C1Cc2cc(CCN3CCN(c4nsc5ccccc45)CC3)c(Cl)cc2N1,0.001843909,-2.734260541,test,<rdkit.Chem.rdchem.Mol object at 0x7f52bd1e9d20>
CC1=C(C=C(Br)C(O)=C1Br)C1(OS(=O)(=O)C2C=CC=CC1=2)C1C=C(Br)C(O)=C(Br)C=1C,0.00183,-2.73754891,train,<rdkit.Chem.rdchem.Mol object at 0x7f52bd1e9d90>
CC1C=CC(=CC=1)C1=NN=C(O1)SCC(=O)N1CCN(CC1)C1C=CC=CC=1,0.0018,-2.744727495,train,<rdkit.Chem.rdchem.Mol object at 0x7f52bd1e9e00>
O=C1COC2(CN1C1CC1)CCN(CC2)S(=O)(=O)C1C=CC(=CC=1)C1=CC2C=CN=CC=2C=C1,0.0018,-2.744727495,test,<rdkit.Chem.rdchem.Mol object at 0x7f52bd1e9e70>
CN1C=C(C2=C(C3=CN(C4CCN(CC5=CC=CC=N5)CC4)C4=CC=CC=C34)C(=O)NC2=O)C2=CC=CC=C12,0.0017,-2.769551079,train,<rdkit.Chem.rdchem.Mol object at 0x7f52bd1e9f50>
O=C(NC1C=CC(Cl)=CC=1)NC1=NN=C(S1)C1C=CN=CC=1,0.0017,-2.769551079,train,<rdkit.Chem.rdchem.Mol object at 0x7f52bd1e9fc0>
CN1CCN(CC1)C1C=CC(=CC=1)NC1N=C(C=CN=1)N(C(=O)OC1C(C)=CC=CC=1C)C1C=CC(=CC=1OC)OC,0.0017,-2.769551079,train,<rdkit.Chem.rdchem.Mol object at 0x7f52bd1ea030>
CN(C)C1C=CC(=CC=1)S(=O)(=O)NC(=O)N1CCC(CC1)N1CCC(CC1)OC1=CC(Cl)=C(Cl)C=C1,0.0017,-2.769551079,train,<rdkit.Chem.rdchem.Mol object at 0x7f52bd1ea0a0>
[O-][N+](=O)C1C(=NC=NC=1NC1C=CC(=CC=1)N1C=NC=N1)N1CCC(CC1)SC1=CC=CC=N1,0.0017,-2.769551079,train,<rdkit.Chem.rdchem.Mol object at 0x7f52bd1ea110>
O=C(CSC1=NC2CCSC=2C(=O)N1C1C=CC=CC=1)NC1C=CC(=CN=1)C1C=CC=CC=1,0.0017,-2.769551079,train,<rdkit.Chem.rdchem.Mol object at 0x7f52bd1ea180>
CC1=C(C=C2SC(=O)NC2=O)C=C(C)N1C1C=CC(C)=CC=1,0.0016,-2.795880017,train,<rdkit.Chem.rdchem.Mol object at 0x7f52bd1ea2d0>
CCC(CO)NC1=NC(=NC2NC(=O)SC1=2)SCC1C=CC=CC=1,0.0016,-2.795880017,train,<rdkit.Chem.rdchem.Mol object at 0x7f52bd1ea340>
Nc1c(CC(=O)O)cccc1C(=O)c1ccc(Br)cc1,0.001566667,-2.805023443,test,<rdkit.Chem.rdchem.Mol object at 0x7f52bd1ea3b0>
CCOC(CC1C=CC(=CC=1)OCCC1=CC=C(C=C1)OS(C)(=O)=O)C(O)=O,0.001566667,-2.805023443,train,<rdkit.Chem.rdchem.Mol object at 0x7f52bd1ea420>
NS(=O)(=O)C(F)(F)C(F)(F)C(F)(F)C(F)(F)C(F)(F)C(F)(F)C(F)(F)C(F)(F)F,0.001514924,-2.819609297,test,<rdkit.Chem.rdchem.Mol object at 0x7f52bd1ea490>
OC(=O)C(C1CCCC1)C1C=CC(=CC=1)OCC1C=CC2=CC=CC=C2N=1,0.0015,-2.823908741,train,<rdkit.Chem.rdchem.Mol object at 0x7f52bd1ea500>
CC(C)(C)NC(=O)C1=CC(NS(=O)(=O)C2C=CC(=CC=2Cl)C2CC2)=C(C=C1)OC1C=C(F)C(CC(O)=O)=CC=1Cl,0.0015,-2.823908741,train,<rdkit.Chem.rdchem.Mol object at 0x7f52bd1ea570>
O=C1C2=CC=CC=C2C(=O)C(C2CCC(CC2)C2C=CC(Cl)=CC=2)C1=O,0.0015,-2.823908741,train,<rdkit.Chem.rdchem.Mol object at 0x7f52bd1ea5e0>
OCC1CC(C(O)C1O)N1N=NC2=C(NC3CC3C3=CC(F)=C(F)C=C3)N=C(N=C12)SCCC(F)(F)F,0.0015,-2.823908741,train,<rdkit.Chem.rdchem.Mol object at 0x7f52bd1ea650>
OCCOC1CC(C(O)C1O)N1N=NC2=C(NC3CC3C3=CC(F)=C(F)C=C3)N=C(N=C12)SCCC(F)(F)F,0.0015,-2.823908741,train,<rdkit.Chem.rdchem.Mol object at 0x7f52bd1ea6c0>
OC1=CC2=NC(C3=CSC=C3)=C(CNCCC3C=CC(Br)=CC=3)C=C2C=C1,0.0015,-2.823908741,train,<rdkit.Chem.rdchem.Mol object at 0x7f52bd1ea730>
OC(=O)C(F)(F)C(F)(F)C(F)(F)C(F)(F)C(F)(F)C(F)(F)C(F)(F)C(F)(F)C(F)(F)F,0.00142,-2.847711656,train,<rdkit.Chem.rdchem.Mol object at 0x7f52bd1ea7a0>
CN(C)C1C=C(NC(=O)NC2=CC(Cl)=CC=C2)C2=CC=CC=C2N=1,0.0014,-2.853871964,train,<rdkit.Chem.rdchem.Mol object at 0x7f52bd1ea880>
O=C(CN1CCN(CC2C=CN(C=2)C2C=CC(=CN=2)C(F)(F)F)CC1)NC(C1C=CC(F)=CC=1)C1C=CC(F)=CC=1,0.0014,-2.853871964,train,<rdkit.Chem.rdchem.Mol object at 0x7f52bd1ea8f0>
CC1C=CC(=CC=1)S(=O)(=O)NC1=C(C(=O)NC2CCCCC2)C(C)=NN1C1C=CC=CC=1,0.0014,-2.853871964,train,<rdkit.Chem.rdchem.Mol object at 0x7f52bd1ea960>
OS(=O)(=O)C(F)(F)C(F)(F)C(F)(F)C(F)(F)C(F)(F)C(F)(F)F,0.001341999,-2.872247808,test,<rdkit.Chem.rdchem.Mol object at 0x7f52bd1ea9d0>
OC1C=CC(=CC=1N1C(=O)NC2C=C(C=CC1=2)C(F)(F)F)C(F)(F)F,0.0013,-2.886056648,train,<rdkit.Chem.rdchem.Mol object at 0x7f52bd1eaa40>
COC1=NC(Br)=CN=C1NS(=O)(=O)C1=CC=C(Cl)S1,0.0013,-2.886056648,train,<rdkit.Chem.rdchem.Mol object at 0x7f52bd1eaab0>
CC1C=C(CN2CC3=CC=CC=C3C2C(=O)NC2C=CC(Cl)=CC=2Cl)C=CC=1OCC(O)=O,0.0013,-2.886056648,train,<rdkit.Chem.rdchem.Mol object at 0x7f52bd1eab20>
CCCCNC(=O)N1C(NC(=O)OC)=NC2C=CC=CC1=2,0.001250885,-2.902782615,train,<rdkit.Chem.rdchem.Mol object at 0x7f52bd1eac70>
CC1C2C=CC(=CC=2OC(=O)C=1Cl)OP(=S)(OCC)OCC,0.001250145,-2.903039612,train,<rdkit.Chem.rdchem.Mol object at 0x7f52bd1ead50>
ClC1=CC=CC(=N1)C(Cl)(Cl)Cl,0.001250029,-2.903079894,train,<rdkit.Chem.rdchem.Mol object at 0x7f52bd1eadc0>
CC1(C)C(C1C=C(Cl)Cl)C(=O)OCC1C=CC=C(C=1)OC1C=CC=CC=1,0.001250009,-2.903086704,train,<rdkit.Chem.rdchem.Mol object at 0x7f52bd1eaf10>
OC(C1C=CC(Cl)=CC=1)(C1C=CC(Cl)=CC=1)C(Cl)(Cl)Cl,0.001250008,-2.90308726,test,<rdkit.Chem.rdchem.Mol object at 0x7f52bd1eaf80>
CCOP(=S)(OC1C=CC(=CC=1)[N+]([O-])=O)OCC,0.00125,-2.903089987,test,<rdkit.Chem.rdchem.Mol object at 0x7f52bd1eaff0>
CCCCN(CC)C1C(=CC(=CC=1[N+]([O-])=O)C(F)(F)F)[N+]([O-])=O,0.00125,-2.903089987,train,<rdkit.Chem.rdchem.Mol object at 0x7f52bd1eb060>
O=S1OCC2C(CO1)C1(Cl)C(Cl)=C(Cl)C2(Cl)C1(Cl)Cl,0.00125,-2.903089987,train,<rdkit.Chem.rdchem.Mol object at 0x7f52bd1eb0d0>
CC1C=C(C=CC=1SC)OP(=S)(OC)OC,0.00125,-2.903089987,train,<rdkit.Chem.rdchem.Mol object at 0x7f52bd1eb140>
NC1=C(C(C#N)=NN1C1C(Cl)=CC(=CC=1Cl)C(F)(F)F)S(=O)C(F)(F)F,0.00125,-2.903089987,train,<rdkit.Chem.rdchem.Mol object at 0x7f52bd1eb1b0>
CSC1N=C(NC(C)C)N=C(NC(C)C)N=1,0.00125,-2.903089987,test,<rdkit.Chem.rdchem.Mol object at 0x7f52bd1eb220>
CC(C)=CC1C(C(=O)OCC2C=C(CC3C=CC=CC=3)OC=2)C1(C)C,0.00125,-2.903089987,train,<rdkit.Chem.rdchem.Mol object at 0x7f52bd1eb290>
CC(C)N(C(C)C)C(=O)SCC(Cl)=C(Cl)Cl,0.00125,-2.903089987,train,<rdkit.Chem.rdchem.Mol object at 0x7f52bd1eb300>
CCCCOCCOCCOCc1cc2c(cc1CCC)OCO2,0.00125,-2.903089987,train,<rdkit.Chem.rdchem.Mol object at 0x7f52bd1eb370>
[O-][N+](=O)C1C(Cl)=C(Cl)C(Cl)=C(Cl)C=1Cl,0.00125,-2.903089987,train,<rdkit.Chem.rdchem.Mol object at 0x7f52bd1eb3e0>
NC1C(Cl)=CC(=CC=1Cl)[N+]([O-])=O,0.00125,-2.903089987,train,<rdkit.Chem.rdchem.Mol object at 0x7f52bd1eb450>
CCC(CN1C(=O)C2C(C3CC2C=C3)C1=O)CCCC,0.00125,-2.903089987,train,<rdkit.Chem.rdchem.Mol object at 0x7f52bd1eb530>
CCN(C1CCCCC1)C(=O)SCC,0.00125,-2.903089987,train,<rdkit.Chem.rdchem.Mol object at 0x7f52bd1eb610>
CCSC(=O)N(CC(C)C)CC(C)C,0.00125,-2.903089987,train,<rdkit.Chem.rdchem.Mol object at 0x7f52bd1eb680>
CCOC1=NC(=NS1)C(Cl)(Cl)Cl,0.00125,-2.903089987,train,<rdkit.Chem.rdchem.Mol object at 0x7f52bd1eb6f0>
COP(=S)(OC1=NC(Cl)=C(Cl)C=C1Cl)OC,0.00125,-2.903089987,train,<rdkit.Chem.rdchem.Mol object at 0x7f52bd1eb760>
CC(OC1C=CC=C2C=CC=CC2=1)C(=O)N(CC)CC,0.00125,-2.903089987,train,<rdkit.Chem.rdchem.Mol object at 0x7f52bd1eb7d0>
CC1=CC(=CC=C1[N+]([O-])=O)OP(=S)(OC)OC,0.00125,-2.903089987,train,<rdkit.Chem.rdchem.Mol object at 0x7f52bd1eb840>
CCCCOCN(C(=O)CCl)C1C(CC)=CC=CC=1CC,0.00125,-2.903089987,train,<rdkit.Chem.rdchem.Mol object at 0x7f52bd1eb8b0>
CC1C(=C(NC(CC)CC)C(=CC=1C)[N+]([O-])=O)[N+]([O-])=O,0.00125,-2.903089987,test,<rdkit.Chem.rdchem.Mol object at 0x7f52bd1eba70>
COC(=O)C(C)OC1C=CC(=CC=1)OC1=CC=C(Cl)C=C1Cl,0.00125,-2.903089987,train,<rdkit.Chem.rdchem.Mol object at 0x7f52bd1ebae0>
CC(=C)CN(CC)C1C(=CC(=CC=1[N+]([O-])=O)C(F)(F)F)[N+]([O-])=O,0.00125,-2.903089987,train,<rdkit.Chem.rdchem.Mol object at 0x7f52bd1ebb50>
CC(C)N1C(=O)N(CSC1=NC(C)(C)C)C1C=CC=CC=1,0.00125,-2.903089987,train,<rdkit.Chem.rdchem.Mol object at 0x7f52bd1ebbc0>
CC1(C)C(C=C(Cl)C(F)(F)F)C1C(=O)OCC1C(F)=C(F)C(C)=C(F)C=1F,0.00125,-2.903089987,train,<rdkit.Chem.rdchem.Mol object at 0x7f52bd1ebc30>
CCCCCCC(C)OC(=O)COC1=NC(F)=C(Cl)C(N)=C1Cl,0.00125,-2.903089987,train,<rdkit.Chem.rdchem.Mol object at 0x7f52bd1ebca0>
CC1(C)C(C1C=C(Cl)C(F)(F)F)C(=O)OCC1=CC=CC(C2C=CC=CC=2)=C1C,0.00125,-2.903089987,train,<rdkit.Chem.rdchem.Mol object at 0x7f52bd1ebd10>
CCN(CC1C(F)=CC=CC=1Cl)C1C(=CC(=CC=1[N+]([O-])=O)C(F)(F)F)[N+]([O-])=O,0.00125,-2.903089987,train,<rdkit.Chem.rdchem.Mol object at 0x7f52bd1ebd80>
CCOC(=O)C(C)OC(=O)C1C=C(C=CC=1[N+]([O-])=O)OC1C=CC(=CC=1Cl)C(F)(F)F,0.00125,-2.903089987,train,<rdkit.Chem.rdchem.Mol object at 0x7f52bd1ebdf0>
ClC1C=CC=CC=1C1N=NC(=NN=1)C1=CC=CC=C1Cl,0.00125,-2.903089987,train,<rdkit.Chem.rdchem.Mol object at 0x7f52bd1ebe60>
OC1C=CC(=CC=1)C(C1C=CC(O)=CC=1)C(Cl)(Cl)Cl,0.00125,-2.903089987,train,<rdkit.Chem.rdchem.Mol object at 0x7f52bd1ebed0>
CC(C)=CC1C(C(=O)OCN2C(=O)C3CCCCC=3C2=O)C1(C)C,0.00125,-2.903089987,train,<rdkit.Chem.rdchem.Mol object at 0x7f52bd1ebf40>
CCC1=NN(C)C(C(=O)NCC2C=CC(=CC=2)C(C)(C)C)=C1Cl,0.00125,-2.903089987,train,<rdkit.Chem.rdchem.Mol object at 0x7f52bd1ec040>
CC1N=C(N=C(NC(=O)NS(=O)(=O)C2C=CC=CC=2CCC(F)(F)F)N=1)OC,0.00125,-2.903089987,train,<rdkit.Chem.rdchem.Mol object at 0x7f52bd1ec0b0>
CC(C)(C)N1N=CC(SCC2C=CC(=CC=2)C(C)(C)C)=C(Cl)C1=O,0.00125,-2.903089987,test,<rdkit.Chem.rdchem.Mol object at 0x7f52bd1ec120>
CC(C)CC1C(=C(N=C(C=1C(=O)SC)C(F)(F)F)C(F)F)C(=O)SC,0.00125,-2.903089987,train,<rdkit.Chem.rdchem.Mol object at 0x7f52bd1ec190>
CCOP(=S)(OC(C)C)OC1=CN=C(N=C1)C(C)(C)C,0.00125,-2.903089987,train,<rdkit.Chem.rdchem.Mol object at 0x7f52bd1ec200>
O=C(NC1=CC(Cl)=C(C=C1)OC(F)(F)C(F)OC(F)(F)F)NC(=O)C1C(F)=CC=CC=1F,0.00125,-2.903089987,train,<rdkit.Chem.rdchem.Mol object at 0x7f52bd1ec270>
FC1C=CC(=CC=1)OC1=CC=NC2=CC(Cl)=CC(Cl)=C12,0.00125,-2.903089987,train,<rdkit.Chem.rdchem.Mol object at 0x7f52bd1ec3c0>
CC1C(SC(=O)N1C(=O)NC1CCCCC1)C1C=CC(Cl)=CC=1,0.00125,-2.903089987,train,<rdkit.Chem.rdchem.Mol object at 0x7f52bd1ec430>
COC(=O)N(C1C=CC(=CC=1)OC(F)(F)F)C(=O)N1COC2(CC3C=C(Cl)C=CC=3C2=N1)C(=O)OC,0.00125,-2.903089987,train,<rdkit.Chem.rdchem.Mol object at 0x7f52bd1ec4a0>
O=C1N=C(NCC2C=CC=CC=2)SN1CC1C=CC=CC=1,0.0012,-2.920818754,train,<rdkit.Chem.rdchem.Mol object at 0x7f52bd1ec5f0>
O=C(O)CCc1nc(-c2ccccc2)c(-c2ccccc2)o1,0.001160819,-2.935235613,train,<rdkit.Chem.rdchem.Mol object at 0x7f52bd1ec660>
CC(C)C(C1=CC=C(Cl)C=C1)C(=O)OC(C#N)C1C=C(C=CC=1)OC1C=CC=CC=1,0.001118042,-2.951541884,test,<rdkit.Chem.rdchem.Mol object at 0x7f52bd1ec6d0>
CCN1C=C(CNC(=O)C2=CC(=NC3C=CC(Br)=CC=32)C2C=CC(C)=CC=2)C(C)=N1,0.0011,-2.958607315,train,<rdkit.Chem.rdchem.Mol object at 0x7f52bd1ec7b0>
CCS(=O)(=O)C1=CC2NC(=NC=2C=C1)C1C=C(C=CC=1)C1C=CC=CC=1,0.0011,-2.958607315,train,<rdkit.Chem.rdchem.Mol object at 0x7f52bd1ec820>
C1=CC=CC2OC3=CC=CC=C3C=21,0.001,-3.0,train,<rdkit.Chem.rdchem.Mol object at 0x7f52bd1ec900>
CCOP(=S)(OCC)SCSP(=S)(OCC)OCC,0.001,-3.0,train,<rdkit.Chem.rdchem.Mol object at 0x7f52bd1ec970>
CC1C2=CC=C3C=CC=CC3=C2C(C)=C2C=CC=CC=12,0.001,-3.0,train,<rdkit.Chem.rdchem.Mol object at 0x7f52bd1eca50>
CC(C)(CC)C1C=CC(O)=CC=1,0.001,-3.0,test,<rdkit.Chem.rdchem.Mol object at 0x7f52bd1ecac0>
CCC(C)C1=CC(=CC(=C1O)[N+]([O-])=O)[N+]([O-])=O,0.001,-3.0,train,<rdkit.Chem.rdchem.Mol object at 0x7f52bd1ecb30>
CCCCC(CC)C(=O)OCCOCCOCCOC(=O)C(CCCC)CC,0.001,-3.0,train,<rdkit.Chem.rdchem.Mol object at 0x7f52bd1ecba0>
ClC1C=C(Cl)C(Cl)=CC=1Cl,0.001,-3.0,train,<rdkit.Chem.rdchem.Mol object at 0x7f52bd1ecc10>
ClC1C=CC(=CC=1)C(C1=CC=CC=C1Cl)C(Cl)(Cl)Cl,0.001,-3.0,train,<rdkit.Chem.rdchem.Mol object at 0x7f52bd1ecc80>
CCCCCCCCC1C=CC(O)=CC=1,0.001,-3.0,train,<rdkit.Chem.rdchem.Mol object at 0x7f52bd1eccf0>
CCCCCCCCOC1=CC(O)=C(C=C1)C(=O)C1C=CC=CC=1,0.001,-3.0,train,<rdkit.Chem.rdchem.Mol object at 0x7f52bd1ecd60>
C[N+](C)(CCCCCCCCCC)CCCCCCCCCC,0.001,-3.0,train,<rdkit.Chem.rdchem.Mol object at 0x7f52bd1ecdd0>
O=C1NSC2C=CC=CC=21,0.001,-3.0,train,<rdkit.Chem.rdchem.Mol object at 0x7f52bd1ece40>
ClC1C=CC(=CC=1Cl)C1=CC(Cl)=C(Cl)C=C1,0.001,-3.0,train,<rdkit.Chem.rdchem.Mol object at 0x7f52bd1eceb0>
ClC1=CC(Cl)=CC(=C1)C1=CC(Cl)=CC(Cl)=C1,0.001,-3.0,train,<rdkit.Chem.rdchem.Mol object at 0x7f52bd1ecf20>
ClC1=CC(Cl)=C(C2C(Cl)=CC(Cl)=CC=2Cl)C(Cl)=C1,0.001,-3.0,train,<rdkit.Chem.rdchem.Mol object at 0x7f52bd1ecf90>
ClC1=CC(Cl)=C(C=C1Cl)C1=CC(Cl)=C(Cl)C=C1Cl,0.001,-3.0,train,<rdkit.Chem.rdchem.Mol object at 0x7f52bd1ed000>
ClC1=CC=C(Cl)C(Cl)=C1C1=C(Cl)C(Cl)=CC=C1Cl,0.001,-3.0,train,<rdkit.Chem.rdchem.Mol object at 0x7f52bd1ed070>
CN(SN(CCCC)CCCC)C(=O)OC1C=CC=C2CC(C)(C)OC2=1,0.001,-3.0,test,<rdkit.Chem.rdchem.Mol object at 0x7f52bd1ed0e0>
NC(=O)N1C(O)=C(C2=CC(Cl)=CC=C12)C(=O)C1=CC=CS1,0.001,-3.0,train,<rdkit.Chem.rdchem.Mol object at 0x7f52bd1ed150>
CC(=CC1C=CC(=CC=1)OCCN1CCOCC1)C1C=CC2=C(C=1)C(C)(C)CCC2(C)C,0.001,-3.0,train,<rdkit.Chem.rdchem.Mol object at 0x7f52bd1ed1c0>
OC(=O)C(F)(F)C(F)(F)C(F)(F)C(F)(F)C(F)(F)C(F)(F)C(F)(F)C(F)(F)F,0.001,-3.0,train,<rdkit.Chem.rdchem.Mol object at 0x7f52bd1ed230>
OC(=O)C(F)(F)C(F)(F)C(F)(F)C(F)(F)C(F)(F)C(F)(F)C(F)(F)C(F)(F)C(F)(F)C(F)(F)F,0.001,-3.0,train,<rdkit.Chem.rdchem.Mol object at 0x7f52bd1ed2a0>
CC1C=C(C=CC=1C)S(=O)(=O)NC1=CC2SC(C)=NC=2C=C1,0.001,-3.0,test,<rdkit.Chem.rdchem.Mol object at 0x7f52bd1ed380>
O=C(CC(C1C=CC=CC=1)C1C=CC=CC=1)N1CCN(CC1)C(C1C=CC=CC=1)C1C=CC=CC=1,0.001,-3.0,test,<rdkit.Chem.rdchem.Mol object at 0x7f52bd1ed3f0>
CN1C(=O)C2=C(SC(CC3=CC=CC4=CC=CC=C43)=C2SCCCO)N(CC(C)C)C1=O,0.001,-3.0,train,<rdkit.Chem.rdchem.Mol object at 0x7f52bd1ed460>
COC(=O)c1cnc2n1CCc1ccccc1C2=C1CCN(CCc2ccc(OCc3ccc4ccccc4n3)cc2)CC1,0.001,-3.0,train,<rdkit.Chem.rdchem.Mol object at 0x7f52bd1ed4d0>
OC(=O)C[C@@H](c1cnc2c(c1)cccc2)CCCCCCc1ccc2c(n1)NCCC2,0.001,-3.0,train,<rdkit.Chem.rdchem.Mol object at 0x7f52bd1ed540>
OC(=O)COc1cc(ccc1F)Oc1ccc(cc1)CN(c1cccc(c1C)NS(=O)(=O)C)Cc1ccc(cc1F)F,0.001,-3.0,train,<rdkit.Chem.rdchem.Mol object at 0x7f52bd1ed5b0>
CCc1cc(/C(C)=N/OCc2ccc(C3CCCCC3)c(C(F)(F)F)c2)ccc1CN1CC(C(=O)O)C1,0.001,-3.0,train,<rdkit.Chem.rdchem.Mol object at 0x7f52bd1ed700>
O=C(c1ccccn1)Nc1ccc(cc1)S(=O)(=O)Nc1ccccc1Cl,0.001,-3.0,train,<rdkit.Chem.rdchem.Mol object at 0x7f52bd1ed770>
OC(=O)COc1ccc(cc1C#Cc1ccc2c(c1)S(=O)(=O)c1c2cccc1)Cl,0.001,-3.0,train,<rdkit.Chem.rdchem.Mol object at 0x7f52bd1ed7e0>
Clc1ccccc1NS(=O)(=O)c1ccc(cc1Cl)N=C(c1ccccn1)O,0.001,-3.0,train,<rdkit.Chem.rdchem.Mol object at 0x7f52bd1ed850>
CCc1c(CCCC(=O)O)cccc1c1cnc(s1)c1ccc(c(c1)C#N)OC(C)C,0.001,-3.0,test,<rdkit.Chem.rdchem.Mol object at 0x7f52bd1ed8c0>
OC(=Nc1ccc(c(c1)F)F)N1CCC2(CC1)C(=O)N(C2c1ccccn1)c1ccc(c(c1)Cl)F,0.001,-3.0,train,<rdkit.Chem.rdchem.Mol object at 0x7f52bd1ed9a0>
Clc1cccc(c1)N1C(=O)C2(C1c1ccccn1)CCN(CC2)C(=Nc1ccc(c(c1)F)F)O,0.001,-3.0,train,<rdkit.Chem.rdchem.Mol object at 0x7f52bd1eda10>
OC(=Nc1ccccc1N1CC2(c3c1cccc3)CCN(CC2)CC(C)(C)C)Nc1ccc(cc1)OC(F)(F)F,0.001,-3.0,train,<rdkit.Chem.rdchem.Mol object at 0x7f52bd1edaf0>
CC1CCN(CC1)[C@@H](c1ccc(cc1c1ccc(cc1)C(F)(F)F)[C@H](C(=O)O)C)c1ccc(cc1)F,0.001,-3.0,train,<rdkit.Chem.rdchem.Mol object at 0x7f52bd1edb60>
N#Cc1cccc(c1)CN(c1ccc(cc1)OC(F)(F)F)C1CCN(CC1)C(CCNC(=O)c1c(Cl)cncc1Cl)C,0.001,-3.0,train,<rdkit.Chem.rdchem.Mol object at 0x7f52bd1edbd0>
CCc1c(CCNCC(=O)O)cccc1c1nsc(n1)c1ccc(c(c1)C(F)(F)F)OC(C)C,0.001,-3.0,test,<rdkit.Chem.rdchem.Mol object at 0x7f52bd1edc40>
OC(=Nc1cccnc1Oc1ccccc1C1CCN(CC1)CC(C)(C)C)Nc1ccc(cc1)OC(F)(F)F,0.001,-3.0,train,<rdkit.Chem.rdchem.Mol object at 0x7f52bd1edcb0>
O=n1cc(Cl)c(c(c1)Cl)C[C@@H](c1ccc(c(c1)OCC1CC1)OC(F)F)OC(=O)c1ccc(c(c1)NS(=O)(=O)C)OCC1CC1,0.001,-3.0,train,<rdkit.Chem.rdchem.Mol object at 0x7f52bd1edd90>
CCc1c(CCCC(=O)O)cncc1c1nsc(n1)c1ccc(c(c1)C(F)(F)F)OC(C)C,0.001,-3.0,train,<rdkit.Chem.rdchem.Mol object at 0x7f52bd1ede00>
CCc1c(CCCC(=O)O)cncc1c1nsc(n1)c1ccc(c(c1)C#N)CC(C)C,0.001,-3.0,train,<rdkit.Chem.rdchem.Mol object at 0x7f52bd1ede70>
OC1=C(Sc2ccccc2Cl)C(=O)CC(C1)c1ccccc1,0.001,-3.0,train,<rdkit.Chem.rdchem.Mol object at 0x7f52bd1edee0>
N#Cc1ccccc1SC1=C(O)CC(CC1=O)c1ccccc1,0.001,-3.0,train,<rdkit.Chem.rdchem.Mol object at 0x7f52bd1edf50>
OC(=O)/C=C/c1ccc(cc1)Oc1c2ccc(cc2oc(=O)c1c1ccc(cc1C)OC(F)(F)F)O,0.001,-3.0,train,<rdkit.Chem.rdchem.Mol object at 0x7f52bd1edfc0>
CCCCc1oc2ccc(NS(C)(=O)=O)cc2c1C(=O)c1ccc(OCCCN(CCCC)CCCC)cc1,0.0009,-3.045757491,test,<rdkit.Chem.rdchem.Mol object at 0x7f52bd1ee030>
O=C(NC1C=CC(CN2CCNCC2)=CC=1C1NC2=CC=CC=C2N=1)C1C=NC2=CC=CC=C2N=1,0.0009,-3.045757491,train,<rdkit.Chem.rdchem.Mol object at 0x7f52bd1ee110>
FC1C=CC(=CC=1)C1=CN=C(N1)C1CCN(CC2=CN(C=C2)C2C=CC(=CC=2)C(F)(F)F)CC1,0.0009,-3.045757491,train,<rdkit.Chem.rdchem.Mol object at 0x7f52bd1ee180>
O=C(CCCC1C=CC2C=CC=NC=2N=1)NCC1=CC(=NO1)C1C=CC(F)=C(C=1)C(F)(F)F,0.0009,-3.045757491,train,<rdkit.Chem.rdchem.Mol object at 0x7f52bd1ee1f0>
COC1=CC=CC=C1C(=O)C=CC1=CC=CC=C1C(F)(F)F,0.0009,-3.045757491,train,<rdkit.Chem.rdchem.Mol object at 0x7f52bd1ee260>
COC1C=C(C=CC=1)C(=O)NCCN1CCC(CC1)OC1C=CC(Cl)=C(Cl)C=1,0.0008,-3.096910013,train,<rdkit.Chem.rdchem.Mol object at 0x7f52bd1ee2d0>
COC1N=C(Cl)C(Cl)=NC=1NS(=O)(=O)C1=CC=C(Cl)S1,0.0008,-3.096910013,train,<rdkit.Chem.rdchem.Mol object at 0x7f52bd1ee340>
CC(C)(C)OC(=O)NCC1CCC(CNC(=O)C2=CC(=NC3=CC=CC=C23)C2C=CC=CC=2)CC1,0.0008,-3.096910013,train,<rdkit.Chem.rdchem.Mol object at 0x7f52bd1ee3b0>
FC(F)(F)OC1C=CC(=CC=1Cl)C1=NN=C(CCCCC2C=CC3C=CC=NC=3N=2)O1,0.0008,-3.096910013,train,<rdkit.Chem.rdchem.Mol object at 0x7f52bd1ee420>
OC1C(=C2C=CC3CCCCC=3C2=NC=1CC1=CC=C(Cl)C=C1)C(O)=O,0.0007,-3.15490196,train,<rdkit.Chem.rdchem.Mol object at 0x7f52bd1ee500>
COC1=CC2SC(NC(=O)CCC3C=CC(OC)=C(C=3)OC)=NC=2C=C1,0.0006,-3.22184875,train,<rdkit.Chem.rdchem.Mol object at 0x7f52bd1ee570>
CC1C=C(C=CC=1CC1SC(=O)NC1=O)OC1N=CC(=CC=1Cl)C(F)(F)F,0.0006,-3.22184875,train,<rdkit.Chem.rdchem.Mol object at 0x7f52bd1ee650>
CN(C)C1=NC(NCC2CCC(CNS(=O)(=O)C3C=CC(Br)=CC=3OC(F)(F)F)CC2)=NC2=CC=CC=C21,0.0005,-3.301029996,train,<rdkit.Chem.rdchem.Mol object at 0x7f52bd1ee6c0>
