smiles,pKa,pKaAcidic_train_test,scaffold
O=S(=O)(O)c1cc(I)c(O)c2ncccc12,-4.37,train,<rdkit.Chem.rdchem.Mol object at 0x7fdcf486b140>
Cc1ccccc1C(=O)N1CC/C(=N\OS(=O)(=O)O)c2ccc(Cl)cc21,-4.3,test,<rdkit.Chem.rdchem.Mol object at 0x7fdcf486b1b0>
Nc1c(/N=N/c2ccc(-c3ccc(/N=N/c4cc(S(=O)(=O)O)c5ccccc5c4N)cc3)cc2)cc(S(=O)(=O)O)c2ccccc12,-4.14,train,<rdkit.Chem.rdchem.Mol object at 0x7fdcf486b220>
O=P([O-])([N+]1(CCCl)CC1)[N+]1(CCCl)CC1,-4.05,train,<rdkit.Chem.rdchem.Mol object at 0x7fdcf486b290>
Cc1c(S(=O)(=O)[O-])oc2c1C(=O)C(=O)c1c-2ccc2c1CCCC2(C)C,-3.91,train,<rdkit.Chem.rdchem.Mol object at 0x7fdcf486b300>
Cc1cc(-c2ccc(/N=N/c3c(S(=O)(=O)[O-])cc4cc(S(=O)(=O)[O-])cc(N)c4c3O)c(C)c2)ccc1/N=N/c1c(S(=O)(=O)[O-])cc2cc(S(=O)(=O)[O-])cc(N)c2c1O,-3.9,train,<rdkit.Chem.rdchem.Mol object at 0x7fdcf486b370>
CCOc1ccc(S(=O)(=O)O)c2cccnc12,-3.76,train,<rdkit.Chem.rdchem.Mol object at 0x7fdcf486b3e0>
CCOc1ccc(S(=O)(=O)[O-])c2cccnc12,-3.76,train,<rdkit.Chem.rdchem.Mol object at 0x7fdcf486b450>
O=S(=O)(O)c1cc(O)c(S(=O)(=O)O)cc1O,-3.47,train,<rdkit.Chem.rdchem.Mol object at 0x7fdcf486b530>
O=C1OC(c2ccc(O)c(S(=O)(=O)O)c2)(c2ccc(O)c(S(=O)(=O)O)c2)c2c(Br)c(Br)c(Br)c(Br)c21,-3.44,train,<rdkit.Chem.rdchem.Mol object at 0x7fdcf486b5a0>
O=C1OC(c2ccc(O)c(S(=O)(=O)[O-])c2)(c2ccc(O)c(S(=O)(=O)[O-])c2)c2c(Br)c(Br)c(Br)c(Br)c21,-3.44,train,<rdkit.Chem.rdchem.Mol object at 0x7fdcf486b610>
O=S(=O)(O)c1ccc2c(/N=N/c3ccc(S(=O)(=O)O)c4ccccc34)c(O)c(S(=O)(=O)O)cc2c1,-3.35,train,<rdkit.Chem.rdchem.Mol object at 0x7fdcf486b680>
O=S(=O)([O-])c1cc(O)c2c(/N=N/c3ccc(Nc4ccccc4)c4c(S(=O)(=O)[O-])cccc34)cc(S(=O)(=O)[O-])cc2c1,-3.24,test,<rdkit.Chem.rdchem.Mol object at 0x7fdcf486b6f0>
Nc1cc(N2CCCCC2)nc(N)[n+]1OS(=O)(=O)[O-],-3.04,train,<rdkit.Chem.rdchem.Mol object at 0x7fdcf486b840>
O=S(=O)(O)c1cc(S(=O)(=O)O)c2nc(-c3ccc(-c4nc5c(S(=O)(=O)O)cc(S(=O)(=O)O)cc5[nH]4)cc3)[nH]c2c1,-2.88,test,<rdkit.Chem.rdchem.Mol object at 0x7fdcf486b920>
O=S(=O)(O)c1ccc2[nH]c(-c3ccccc3)nc2c1,-2.88,train,<rdkit.Chem.rdchem.Mol object at 0x7fdcf486b990>
O=S(=O)([O-])c1cc(S(=O)(=O)O)cc2[nH]c(-c3ccc(-c4nc5c(S(=O)(=O)[O-])cc(S(=O)(=O)O)cc5[nH]4)cc3)nc12,-2.88,train,<rdkit.Chem.rdchem.Mol object at 0x7fdcf486ba00>
CC(C)(C)[N+]([O-])=Cc1ccc(S(=O)(=O)O)cc1S(=O)(=O)O,-2.87,train,<rdkit.Chem.rdchem.Mol object at 0x7fdcf486ba70>
CC(C)(C)/[N+]([O-])=C/c1ccc(S(=O)(=O)[O-])cc1S(=O)(=O)[O-].[Na+].[Na+],-2.87,train,<rdkit.Chem.rdchem.Mol object at 0x7fdcf486bae0>
CCNCC.O=S(=O)(O)c1cc(O)ccc1O,-2.78,train,<rdkit.Chem.rdchem.Mol object at 0x7fdcf486bbc0>
O=S(=O)(O)c1cc(O)ccc1O,-2.78,train,<rdkit.Chem.rdchem.Mol object at 0x7fdcf486bc30>
Cc1ccc(S(=O)(=O)Oc2ccc(O)c(S(=O)(=O)O)c2)cc1,-2.78,train,<rdkit.Chem.rdchem.Mol object at 0x7fdcf486bca0>
Cc1cc(O)c(S(=O)(=O)O)cc1Cc1cc(S(=O)(=O)O)c(O)cc1C,-2.76,train,<rdkit.Chem.rdchem.Mol object at 0x7fdcf486bd10>
O=S([O-])S(=O)(=O)[O-],-2.72,test,<rdkit.Chem.rdchem.Mol object at 0x7fdcf486bd80>
COc1cc(S(=O)(=O)O)ccc1O,-2.58,train,<rdkit.Chem.rdchem.Mol object at 0x7fdcf486bf40>
C[C@]12C=CC(=O)C=C1CC[C@@H]1[C@@H]2[C@@H](O)C[C@@]2(C)[C@H]1CC[C@]2(O)C(=O)COC(=O)c1cccc(S(=O)(=O)[O-])c1,-2.52,test,<rdkit.Chem.rdchem.Mol object at 0x7fdcf487c0b0>
C[C@]12C=CC(=O)C=C1CC[C@@H]1[C@@H]2[C@@H](O)C[C@@]2(C)[C@H]1CC[C@]2(O)C(=O)COC(=O)c1cccc(S(=O)(=O)O)c1,-2.52,train,<rdkit.Chem.rdchem.Mol object at 0x7fdcf487c120>
CC1=C[C@@H]2[C@H]([C@@H](O)C[C@@]3(C)[C@H]2C[C@@H](C)[C@]3(O)C(=O)COC(=O)c2cccc(S(=O)(=O)O)c2)[C@@]2(C)Cc3cnn(-c4ccccc4)c3C=C12,-2.52,train,<rdkit.Chem.rdchem.Mol object at 0x7fdcf487c190>
Cc1cc(OS(=O)(=O)[O-])c2ccccc2c1OS(=O)(=O)[O-],-2.51,train,<rdkit.Chem.rdchem.Mol object at 0x7fdcf487c270>
CCN(CC)c1ccc(C(=C2C=CC(=[N+](CC)CC)C=C2)c2cc(S(=O)(=O)[O-])ccc2S(=O)(=O)O)cc1,-2.51,train,<rdkit.Chem.rdchem.Mol object at 0x7fdcf487c2e0>
O=S(=O)([O-])Oc1ccc(C(c2ccc(OS(=O)(=O)[O-])cc2)c2ccccn2)cc1,-2.49,test,<rdkit.Chem.rdchem.Mol object at 0x7fdcf487c350>
O=S(=O)(O)Oc1ccc(C(c2ccc(OS(=O)(=O)O)cc2)c2ccccn2)cc1,-2.49,train,<rdkit.Chem.rdchem.Mol object at 0x7fdcf487c3c0>
COc1cc(O)c(C(=O)c2ccccc2)cc1S(=O)(=O)O,-2.42,train,<rdkit.Chem.rdchem.Mol object at 0x7fdcf487c430>
Cc1cccc2c1NC(=O)C2(c1ccc(OS(=O)(=O)O)cc1)c1ccc(OS(=O)(=O)O)cc1,-2.42,train,<rdkit.Chem.rdchem.Mol object at 0x7fdcf487c4a0>
NC1=N[C@H](c2nnc([C@@H]3CC4(CC4)[C@@H]4CN3C(=O)N4OS(=O)(=O)O)o2)CN1,-2.33,train,<rdkit.Chem.rdchem.Mol object at 0x7fdcf487c580>
CCOc1ccc(Nc2ccc(/C(=C3/C=C/C(=[N+](/CC)Cc4cccc(S(=O)(=O)[O-])c4)C=C3C)c3ccc(N(CC)Cc4cccc(S(=O)(=O)[O-])c4)cc3C)cc2)cc1,-2.26,test,<rdkit.Chem.rdchem.Mol object at 0x7fdcf487c5f0>
NC(=O)OC[C@@H]1[C@H](NC(=O)/C(=N\OCC(=O)O)c2csc(N)n2)C(=O)N1S(=O)(=O)O,-2.09,train,<rdkit.Chem.rdchem.Mol object at 0x7fdcf487c6d0>
NC(=O)[C@@H]1CC[C@@H]2CN1C(=O)N2OS(=O)(=O)O,-1.98,train,<rdkit.Chem.rdchem.Mol object at 0x7fdcf487c740>
O=S(=O)(O)CCCS(=O)(=O)O,-1.97,test,<rdkit.Chem.rdchem.Mol object at 0x7fdcf487c820>
O=S(=O)([O-])CCCS(=O)(=O)[O-],-1.97,train,<rdkit.Chem.rdchem.Mol object at 0x7fdcf487c890>
O=C(NC1CCNCC1)[C@@H]1CC[C@@H]2CN1C(=O)N2OS(=O)(=O)O,-1.97,train,<rdkit.Chem.rdchem.Mol object at 0x7fdcf487c900>
O=C(NNC(=O)[C@@H]1CC[C@@H]2CN1C(=O)N2OS(=O)(=O)O)[C@@H]1CCCNC1,-1.97,train,<rdkit.Chem.rdchem.Mol object at 0x7fdcf487c970>
O=S(=O)(O)C(I)I,-1.95,train,<rdkit.Chem.rdchem.Mol object at 0x7fdcf487c9e0>
C[C@H](CCC(=O)O)[C@H]1CC[C@H]2[C@@H]3[C@@H](OS(=O)(=O)O)C[C@@H]4C[C@H](OS(=O)(=O)O)CC[C@]4(C)[C@H]3CC[C@]12C,-1.95,train,<rdkit.Chem.rdchem.Mol object at 0x7fdcf487ca50>
CC1=C[C@@H]2CN(C(=O)N2OS(=O)(=O)O)[C@@H]1C(N)=O,-1.94,train,<rdkit.Chem.rdchem.Mol object at 0x7fdcf487cac0>
CC1=C[C@@H]2CN(C(=O)N2OS(=O)(=O)[O-])[C@@H]1C(N)=O,-1.94,train,<rdkit.Chem.rdchem.Mol object at 0x7fdcf487cb30>
CCCC[C@]1(CC)CS(=O)(=O)c2ccc(N(C)C)cc2[C@@H](c2cccc(NC(=O)N[C@@H]3O[C@H](COS(=O)(=O)O)[C@@H](O)[C@H](OCc4ccccc4)[C@H]3O)c2)[C@H]1O,-1.89,train,<rdkit.Chem.rdchem.Mol object at 0x7fdcf487cba0>
CCCC[C@]1(CC)CS(=O)(=O)c2ccc(N(C)C)cc2[C@@H](c2cccc(NC(=O)N[C@@H]3O[C@H](COS(=O)(=O)[O-])[C@@H](O)[C@H](OCc4ccccc4)[C@H]3O)c2)[C@H]1O,-1.89,train,<rdkit.Chem.rdchem.Mol object at 0x7fdcf487cc10>
O=S(=O)(c1ccc(NC([C@H](O)[C@@H](O)[C@H](O)[C@H](O)CO)S(=O)(=O)O)cc1)c1ccc(NC([C@H](O)[C@@H](O)[C@H](O)[C@H](O)CO)S(=O)(=O)O)cc1,-1.85,train,<rdkit.Chem.rdchem.Mol object at 0x7fdcf487cc80>
COc1ccc(NS(=O)(=O)c2ccc(NC(c3c(C)n(C)n(-c4ccccc4)c3=O)S(=O)(=O)O)cc2)nn1,-1.84,train,<rdkit.Chem.rdchem.Mol object at 0x7fdcf487ccf0>
O=S(=O)([O-])CI,-1.81,train,<rdkit.Chem.rdchem.Mol object at 0x7fdcf487cdd0>
CC(C)(CS(=O)(=O)O)N(Cl)Cl,-1.78,train,<rdkit.Chem.rdchem.Mol object at 0x7fdcf487ceb0>
CC(C)(CS(=O)(=O)[O-])N(Cl)Cl,-1.78,train,<rdkit.Chem.rdchem.Mol object at 0x7fdcf487cf20>
O=S(=O)([O-])CCSSCCS(=O)(=O)[O-],-1.76,test,<rdkit.Chem.rdchem.Mol object at 0x7fdcf487cf90>
C[C@]12CC[C@@H]3c4ccc(OS(=O)(=O)O)cc4CC[C@H]3[C@@H]1CCC2=O,-1.75,train,<rdkit.Chem.rdchem.Mol object at 0x7fdcf487d070>
Cc1ccc(N2CCNCC2)c(S(=O)(=O)O)c1,-1.72,train,<rdkit.Chem.rdchem.Mol object at 0x7fdcf487d150>
O=C([O-])C1=C(C[n+]2ccc(CCS(=O)(=O)[O-])cc2)CS[C@@H]2[C@H](NC(=O)[C@H](NC(=O)c3nc[nH]c3C(=O)O)c3ccccc3)C(=O)N12,-1.63,train,<rdkit.Chem.rdchem.Mol object at 0x7fdcf487d1c0>
CCCSc1ccc([N+](=O)[O-])c(N/C(=N/CCS(=O)(=O)O)NC(=O)OC)c1,-1.62,test,<rdkit.Chem.rdchem.Mol object at 0x7fdcf487d230>
NS(=O)(=O)c1ccc(NCS(=O)(=O)O)cc1,-1.62,test,<rdkit.Chem.rdchem.Mol object at 0x7fdcf487d2a0>
C[C@H](CCCC(C)(C)O)[C@H]1CC[C@H]2[C@@H]3CC=C4C[C@@H](OS(=O)(=O)O)CC[C@]4(C)[C@H]3CC[C@]12C,-1.61,test,<rdkit.Chem.rdchem.Mol object at 0x7fdcf487d310>
C[C@H](CCCC(C)(C)O)[C@H]1CC[C@H]2[C@@H]3CC=C4C[C@@H](OS(=O)(=O)[O-])CC[C@]4(C)[C@H]3CC[C@]12C,-1.61,train,<rdkit.Chem.rdchem.Mol object at 0x7fdcf487d380>
CCCCCOS(=O)(=O)O,-1.54,train,<rdkit.Chem.rdchem.Mol object at 0x7fdcf487d3f0>
C[C@H]1[C@H](NC(=O)/C(=N\OC(C)(C)C(=O)O)c2csc(N)n2)C(=O)N1S(=O)(=O)O,-1.52,test,<rdkit.Chem.rdchem.Mol object at 0x7fdcf487d540>
C[C@H]1[C@H](NC(=O)/C(=N\OC(C)(C)C(=O)O)c2csc(N)n2)C(=O)N1S(=O)(=O)O.NCCCC[C@H](N)C(=O)O,-1.52,train,<rdkit.Chem.rdchem.Mol object at 0x7fdcf487d5b0>
NCCS(=O)(=O)O,-1.49,train,<rdkit.Chem.rdchem.Mol object at 0x7fdcf487d620>
Nc1nc(/C(=N/OC2(C(=O)O)CC2)C(=O)N[C@@H]2C(=O)N(S(=O)(=O)O)[C@@H]2CN2CCOC2=O)cs1,-1.48,train,<rdkit.Chem.rdchem.Mol object at 0x7fdcf487d700>
CC1(S(=O)(=O)O)CC(=O)c2ccccc2C1=O,-1.47,train,<rdkit.Chem.rdchem.Mol object at 0x7fdcf487d770>
CC1(S(=O)(=O)[O-])CC(=O)c2ccccc2C1=O,-1.47,train,<rdkit.Chem.rdchem.Mol object at 0x7fdcf487d7e0>
Cc1c(N(C)CS(=O)(=O)O)c(=O)n(-c2ccccc2)n1C,-1.42,train,<rdkit.Chem.rdchem.Mol object at 0x7fdcf487d8c0>
Cc1cc(C)c(-c2ccc(NC(=O)[C@H](Cc3ccc(C(=O)NCCS(=O)(=O)O)cc3)c3ccc(-c4ccc(C(C)(C)C)cc4)cc3)cc2)c(C)c1,-1.4,train,<rdkit.Chem.rdchem.Mol object at 0x7fdcf487d9a0>
NC(=O)c1cc[n+](CC2=C(C(=O)O)N3C(=O)[C@@H](NC(=O)[C@@H](c4ccccc4)S(=O)(=O)[O-])[C@H]3SC2)cc1,-1.37,train,<rdkit.Chem.rdchem.Mol object at 0x7fdcf487da10>
C[C@]12CC[C@H](OS(=O)(=O)O)CC1=CC[C@@H]1[C@@H]2CC[C@]2(C)C(=O)CC[C@@H]12,-1.36,train,<rdkit.Chem.rdchem.Mol object at 0x7fdcf487daf0>
C[C@]12CC[C@H](OS(=O)(=O)[O-])CC1=CC[C@@H]1[C@@H]2CC[C@]2(C)C(=O)CC[C@@H]12,-1.36,train,<rdkit.Chem.rdchem.Mol object at 0x7fdcf487db60>
COC(=O)N[C@@H](Cc1ccccc1)C(=O)N[C@@H](Cc1ccc(NS(=O)(=O)O)cc1)c1csc(-c2cccs2)n1,-1.36,train,<rdkit.Chem.rdchem.Mol object at 0x7fdcf487dbd0>
CCc1cc(S(=O)(=O)O)c2cc(C(C)C)cccc1-2,-1.35,train,<rdkit.Chem.rdchem.Mol object at 0x7fdcf487dc40>
O=C(NCCS(=O)(=O)O)c1cccs1,-1.35,train,<rdkit.Chem.rdchem.Mol object at 0x7fdcf487dcb0>
Cc1cc(S(=O)(=O)O)c2c(C)ccc(C(C)C)cc1-2,-1.33,test,<rdkit.Chem.rdchem.Mol object at 0x7fdcf487dd20>
O=C(O)C1=C(CSc2nnnn2CS(=O)(=O)[O-])CS[C@@H]2[C@H](NC(=O)[C@H](O)c3ccccc3)C(=O)N12,-1.32,train,<rdkit.Chem.rdchem.Mol object at 0x7fdcf487dee0>
N[C@@H](CCS(=O)(=O)O)CSSC[C@@H](N)CCS(=O)(=O)O,-1.26,test,<rdkit.Chem.rdchem.Mol object at 0x7fdcf487df50>
CC(C)[C@@H](CC[C@@H](C)[C@H]1CC[C@H]2[C@@H]3[C@H](O)C[C@H]4C[C@@H](NCCCNCCCCN)CC[C@]4(C)[C@H]3CC[C@]12C)OS(=O)(=O)O,-1.26,train,<rdkit.Chem.rdchem.Mol object at 0x7fdcf487dfc0>
CCCCC(CC)COS(=O)(=O)O,-1.23,test,<rdkit.Chem.rdchem.Mol object at 0x7fdcf487e110>
CCCCC(CC)COS(=O)(=O)[O-],-1.23,test,<rdkit.Chem.rdchem.Mol object at 0x7fdcf487e180>
CC(C)(C)c1ccc2c(S(=O)(=O)[O-])c(C(C)(C)C)ccc2c1,-1.21,train,<rdkit.Chem.rdchem.Mol object at 0x7fdcf487e260>
O=S(=O)(O)CCS,-1.16,test,<rdkit.Chem.rdchem.Mol object at 0x7fdcf487e2d0>
CC1(C)S[C@@H]2[C@H](NC(=O)[C@H](NS(=O)(=O)O)c3ccccc3)C(=O)N2[C@H]1C(=O)O,-1.16,train,<rdkit.Chem.rdchem.Mol object at 0x7fdcf487e340>
O=P(O)(O)C(NC1CCCCCC1)P(=O)(O)O,-1.13,train,<rdkit.Chem.rdchem.Mol object at 0x7fdcf487e3b0>
CN(CC(=O)O)C(=N)NP(=O)(O)O,-1.1,train,<rdkit.Chem.rdchem.Mol object at 0x7fdcf487e420>
CC1(C)S[C@@H]2[C@H](NC(=O)[C@@H](c3ccccc3)S(=O)(=O)O)C(=O)N2[C@H]1C(=O)O,-1.09,test,<rdkit.Chem.rdchem.Mol object at 0x7fdcf487e490>
CC(C)(C)CC(C)(C)c1ccc(OCCOCCOCCS(=O)(=O)O)cc1,-1.08,test,<rdkit.Chem.rdchem.Mol object at 0x7fdcf487e500>
CCCCC(CC)CCC(CC(C)C)OS(=O)(=O)O,-1.05,train,<rdkit.Chem.rdchem.Mol object at 0x7fdcf487e570>
CC1(C)C2CCC1(CS(=O)(=O)O)C(=O)C2=Cc1ccc(C=C2C(=O)C3(CS(=O)(=O)O)CCC2C3(C)C)cc1,-1.05,train,<rdkit.Chem.rdchem.Mol object at 0x7fdcf487e5e0>
CCCCC(CC)CCC(CC(C)C)OS(=O)(=O)[O-],-1.05,train,<rdkit.Chem.rdchem.Mol object at 0x7fdcf487e650>
NCCCS(=O)(=O)O,-0.99,train,<rdkit.Chem.rdchem.Mol object at 0x7fdcf487e730>
N[C@@H](CCC(=O)NCCS(=O)(=O)O)C(=O)O,-0.98,train,<rdkit.Chem.rdchem.Mol object at 0x7fdcf487e7a0>
O=S(=O)(O)CC(S)CS,-0.92,train,<rdkit.Chem.rdchem.Mol object at 0x7fdcf487e880>
O=P1(N(CCCl)CCCl)NC(SCCS(=O)(=O)O)CCO1,-0.9,test,<rdkit.Chem.rdchem.Mol object at 0x7fdcf487e8f0>
CC(=O)NCCCS(=O)(=O)[O-].CC(=O)NCCCS(=O)(=O)[O-],-0.88,test,<rdkit.Chem.rdchem.Mol object at 0x7fdcf487e960>
CC(=O)NCCCS(=O)(=O)O,-0.88,train,<rdkit.Chem.rdchem.Mol object at 0x7fdcf487e9d0>
O=S(=O)(O)NC1CCCCC1,-0.83,train,<rdkit.Chem.rdchem.Mol object at 0x7fdcf487ea40>
CN(C)CCC(N)(P(=O)(O)O)P(=O)(O)O,-0.83,train,<rdkit.Chem.rdchem.Mol object at 0x7fdcf487eab0>
N[C@H](CS)CCS(=O)(=O)O,-0.81,train,<rdkit.Chem.rdchem.Mol object at 0x7fdcf487eb20>
CCCCC(CC)COC(=O)CC(C(=O)OCC(CC)CCCC)S(=O)(=O)O,-0.75,train,<rdkit.Chem.rdchem.Mol object at 0x7fdcf487ec00>
C[C@H](CCC(=O)NCCS(=O)(=O)O)[C@H]1CC[C@H]2[C@@H]3CC[C@@H]4C[C@H](O)CC[C@]4(C)[C@H]3C[C@H](O)[C@]12C,-0.75,train,<rdkit.Chem.rdchem.Mol object at 0x7fdcf487ec70>
CC(C)[C@H](N)C(=O)NCCCS(=O)(=O)O,-0.66,train,<rdkit.Chem.rdchem.Mol object at 0x7fdcf487ed50>
C[C@H]1C[C@@H]2[C@H]([C@@H](O)C[C@@]3(C)[C@H]2CC[C@]3(O)C(=O)COC(=O)CCCCCCC(=O)N(C)CCS(=O)(=O)O)[C@@]2(C)C=CC(=O)C=C12,-0.64,train,<rdkit.Chem.rdchem.Mol object at 0x7fdcf487edc0>
C[C@H](CCC(=O)NCCS(=O)(=O)O)[C@H]1CC[C@H]2[C@@H]3CC[C@@H]4C[C@H](O)CC[C@]4(C)[C@H]3CC[C@]12C,-0.63,train,<rdkit.Chem.rdchem.Mol object at 0x7fdcf487ee30>
CN1CC(=O)N/C1=N\P(=O)(O)O,-0.56,train,<rdkit.Chem.rdchem.Mol object at 0x7fdcf487eea0>
Cc1c(N(CC(C)C)CS(=O)(=O)O)c(=O)n(-c2ccccc2)n1C,-0.46,train,<rdkit.Chem.rdchem.Mol object at 0x7fdcf487ef10>
CCCCNC(C)(C)[PH](=O)O,-0.12,train,<rdkit.Chem.rdchem.Mol object at 0x7fdcf487ef80>
O=C(O)P(=O)(O)O,-0.1,train,<rdkit.Chem.rdchem.Mol object at 0x7fdcf487f060>
O=C(O)CN(CC(=O)O)Cc1cc2c(cc1O)Oc1cc(O)c(CN(CC(=O)O)CC(=O)O)cc1C21OC(=O)c2ccccc21,0.06,train,<rdkit.Chem.rdchem.Mol object at 0x7fdcf487f140>
CC(O)(C(=O)O)P(=O)(O)C(C)(O)C(=O)O,0.12,train,<rdkit.Chem.rdchem.Mol object at 0x7fdcf487f1b0>
N[C@@H](Cc1cc(I)c(Oc2cc(I)c(O)c(I)c2)c(I)c1)C(=O)O,0.27,train,<rdkit.Chem.rdchem.Mol object at 0x7fdcf487f220>
N[C@H](Cc1cc(I)c(Oc2cc(I)c(O)c(I)c2)c(I)c1)C(=O)O,0.27,train,<rdkit.Chem.rdchem.Mol object at 0x7fdcf487f290>
N[C@@H](Cc1cc([125I])c(Oc2cc([125I])c(O)c([125I])c2)c([125I])c1)C(=O)O,0.27,train,<rdkit.Chem.rdchem.Mol object at 0x7fdcf487f370>
NC(Cc1cc(I)c(Oc2ccc(O)c(I)c2)c(I)c1)C(=O)O,0.3,train,<rdkit.Chem.rdchem.Mol object at 0x7fdcf487f450>
N[C@@H](Cc1cc(I)c(Oc2ccc(O)c(I)c2)c(I)c1)C(=O)O,0.3,train,<rdkit.Chem.rdchem.Mol object at 0x7fdcf487f4c0>
N[C@H](Cc1cc(I)c(Oc2ccc(O)c(I)c2)c(I)c1)C(=O)O,0.3,train,<rdkit.Chem.rdchem.Mol object at 0x7fdcf487f530>
N[C@@H](Cc1cc([125I])c(Oc2ccc(O)c([125I])c2)c([125I])c1)C(=O)O,0.3,train,<rdkit.Chem.rdchem.Mol object at 0x7fdcf487f5a0>
Cc1cnc(C(=O)O)c[n+]1[O-],0.31,train,<rdkit.Chem.rdchem.Mol object at 0x7fdcf487f6f0>
O=C(O)CN(CCN(CC(=O)O)CC(=O)O)CC(=O)O,0.33,train,<rdkit.Chem.rdchem.Mol object at 0x7fdcf487f760>
Cc1ncc(COP(=O)(O)O)c(CN(CCN(CC(=O)O)Cc2c(COP(=O)(O)O)cnc(C)c2O)CC(=O)O)c1O,0.33,train,<rdkit.Chem.rdchem.Mol object at 0x7fdcf487f7d0>
N[C@@H](Cc1cc(Br)c(O)c(Br)c1)C(=O)O,0.36,train,<rdkit.Chem.rdchem.Mol object at 0x7fdcf487f840>
C[C@@H](O[C@H]1OCCN(Cc2nc(=O)n(P(=O)(O)O)[nH]2)[C@H]1c1ccc(F)cc1)c1cc(C(F)(F)F)cc(C(F)(F)F)c1,0.36,train,<rdkit.Chem.rdchem.Mol object at 0x7fdcf487f8b0>
O=P1(O)OP(=O)(O)OP(=O)(O)O1,0.4,train,<rdkit.Chem.rdchem.Mol object at 0x7fdcf487f920>
O=P1([O-])OP(=O)([O-])OP(=O)([O-])O1,0.4,train,<rdkit.Chem.rdchem.Mol object at 0x7fdcf487f990>
Cc1ncccc1NC(=O)c1ccc2c(c1)CC[C@@H]1C[C@@](OP(=O)(O)O)(C(F)(F)F)CC[C@@]21Cc1ccccc1,0.44,test,<rdkit.Chem.rdchem.Mol object at 0x7fdcf487fa00>
Cc1c(CN(C)C(=O)/C=C/c2cnc3c(c2)CCC(=O)N3COP(=O)(O)O)oc2ccccc12,0.45,train,<rdkit.Chem.rdchem.Mol object at 0x7fdcf487fa70>
N[C@@H](Cc1cc([131I])c(O)c([131I])c1)C(=O)O,0.48,train,<rdkit.Chem.rdchem.Mol object at 0x7fdcf487fbc0>
N[C@@H](Cc1cc([125I])c(O)c([125I])c1)C(=O)O,0.48,train,<rdkit.Chem.rdchem.Mol object at 0x7fdcf487fc30>
O=C(O)CN(CCN(CC(=O)O)CC(=O)O)CCN(CC(=O)O)CC(=O)O,0.54,train,<rdkit.Chem.rdchem.Mol object at 0x7fdcf487fca0>
O=C([O-])CN(CCN(CC(=O)[O-])CC(=O)[O-])CCN(CC(=O)[O-])CC(=O)[O-].[Zn+2],0.54,train,<rdkit.Chem.rdchem.Mol object at 0x7fdcf487fd10>
O=C([O-])CN(CCN(CC(=O)[O-])CC(=O)[O-])CCN(CC(=O)[O-])CC(=O)[O-],0.54,train,<rdkit.Chem.rdchem.Mol object at 0x7fdcf487fd80>
N#Cc1cc(NC(=O)C(=O)O)c(Cl)c(NC(=O)C(=O)O)c1,0.56,train,<rdkit.Chem.rdchem.Mol object at 0x7fdcf487fdf0>
N#Cc1cc(NC(=O)C(=O)O)c(Cl)c(NC(=O)C(=O)O)c1.NC(CO)(CO)CO.NC(CO)(CO)CO,0.56,train,<rdkit.Chem.rdchem.Mol object at 0x7fdcf487fe60>
O=c1ccn([C@@H]2O[C@H](COP(=O)(O)OP(=O)(O)OP(=O)(O)OP(=O)(O)OC[C@H]3O[C@@H](n4ccc(=O)[nH]c4=O)[C@H](O)[C@@H]3O)[C@@H](O)[C@H]2O)c(=O)[nH]1,0.59,train,<rdkit.Chem.rdchem.Mol object at 0x7fdcf487fed0>
O=c1ccn([C@@H]2O[C@H](COP(=O)([O-])OP(=O)([O-])OP(=O)([O-])OP(=O)([O-])OC[C@H]3O[C@@H](n4ccc(=O)[nH]c4=O)[C@H](O)[C@@H]3O)[C@@H](O)[C@H]2O)c(=O)[nH]1,0.59,train,<rdkit.Chem.rdchem.Mol object at 0x7fdcf4880040>
O=P(O)(O)C(Cl)(Cl)P(=O)(O)O,0.62,train,<rdkit.Chem.rdchem.Mol object at 0x7fdcf4880120>
O=P(O)(O)C(O)(Cn1ccnc1)P(=O)(O)O,0.66,test,<rdkit.Chem.rdchem.Mol object at 0x7fdcf4880200>
CN(C)CCC(O)(P(=O)(O)O)P(=O)(O)O,0.66,train,<rdkit.Chem.rdchem.Mol object at 0x7fdcf48802e0>
O=P([O-])(O)C(O)(Cn1ccnc1)P(=O)([O-])O,0.66,train,<rdkit.Chem.rdchem.Mol object at 0x7fdcf48803c0>
NCCC(O)(P(=O)(O)O)P(=O)(O)O,0.67,train,<rdkit.Chem.rdchem.Mol object at 0x7fdcf4880430>
NCCC(O)(P(=O)([O-])O)P(=O)([O-])O,0.67,train,<rdkit.Chem.rdchem.Mol object at 0x7fdcf48804a0>
O=P(O)(O)C(O)(Cc1cccnc1)P(=O)(O)O,0.68,train,<rdkit.Chem.rdchem.Mol object at 0x7fdcf4880510>
O=P(O)(O)C(O)(Cc1cnc2ccccn12)P(=O)(O)O,0.68,train,<rdkit.Chem.rdchem.Mol object at 0x7fdcf4880580>
O=P([O-])(O)C(O)(Cc1cccnc1)P(=O)(O)O,0.68,train,<rdkit.Chem.rdchem.Mol object at 0x7fdcf48805f0>
NCCCC(O)(P(=O)([O-])O)P(=O)(O)O,0.69,test,<rdkit.Chem.rdchem.Mol object at 0x7fdcf4880660>
NCCCC(O)(P(=O)(O)O)P(=O)(O)O,0.69,train,<rdkit.Chem.rdchem.Mol object at 0x7fdcf48806d0>
NCCCCCC(O)(P(=O)(O)O)P(=O)(O)O,0.69,train,<rdkit.Chem.rdchem.Mol object at 0x7fdcf4880740>
CC(O)(P(=O)(O)O)P(=O)(O)O,0.7,train,<rdkit.Chem.rdchem.Mol object at 0x7fdcf48807b0>
CC(O)(P(=O)([O-])O)P(=O)([O-])O,0.7,train,<rdkit.Chem.rdchem.Mol object at 0x7fdcf4880820>
CC(=C(CCOP(=O)(O)O)SC(=O)c1ccccc1)N(C=O)Cc1cnc(C)nc1N,0.71,train,<rdkit.Chem.rdchem.Mol object at 0x7fdcf4880890>
C=Cc1cc(C(=O)Nc2ccc(C(=N)N)cc2)c(-c2ccc(C(=O)NCC3CC3)nc2C(=O)O)cc1OC,0.72,train,<rdkit.Chem.rdchem.Mol object at 0x7fdcf48809e0>
Cn1c(C(=O)O)c(I)c(=O)c(I)c1C(=O)O,0.74,test,<rdkit.Chem.rdchem.Mol object at 0x7fdcf4880a50>
C/N=C(/S)[C@]1(c2cccnc2)CCCC[S@@+]1[O-],0.74,train,<rdkit.Chem.rdchem.Mol object at 0x7fdcf4880ac0>
O=P(O)(O)C(O)P(=O)(O)O,0.75,train,<rdkit.Chem.rdchem.Mol object at 0x7fdcf4880b30>
C[C@H](Nc1cc(Cl)nc2c1cnn2[C@@H]1O[C@H](COP(=O)(O)CP(=O)(O)O)[C@@H](O)[C@H]1O)c1ccccc1F,0.78,train,<rdkit.Chem.rdchem.Mol object at 0x7fdcf4880ba0>
O=C(O)c1cc(O)c2c3nc4ccccc4oc-3cc(=O)c2n1,0.79,train,<rdkit.Chem.rdchem.Mol object at 0x7fdcf4880c10>
Nc1ccn([C@@H]2CO[C@H](COP(=O)(O)O)O2)c(=O)n1,0.79,train,<rdkit.Chem.rdchem.Mol object at 0x7fdcf4880c80>
CSCCNc1nc(SCCC(F)(F)F)nc2c1ncn2[C@@H]1O[C@H](CO[P@](=O)(O)O[P@](=O)(O)C(Cl)(Cl)P(=O)(O)O)[C@@H](O)[C@H]1O,0.79,train,<rdkit.Chem.rdchem.Mol object at 0x7fdcf4880cf0>
O=C(O)CN(CCOCCOCCN(CC(=O)O)CC(=O)O)CC(=O)O,0.8,train,<rdkit.Chem.rdchem.Mol object at 0x7fdcf4880dd0>
CCOc1ccc(-c2nc(-c3cccc(C(=O)O)n3)cs2)cc1OCC,0.8,train,<rdkit.Chem.rdchem.Mol object at 0x7fdcf4880e40>
CC(C)(COP(=O)(O)OP(=O)(O)OC[C@H]1O[C@@H](n2cnc3c(N)ncnc32)[C@H](O)[C@@H]1OP(=O)(O)O)[C@@H](O)C(=O)NCCC(=O)NCCS,0.82,train,<rdkit.Chem.rdchem.Mol object at 0x7fdcf4880eb0>
O=P(O)(O)OC(Cn1cncn1)(Cn1cncn1)c1ccc(F)cc1F,0.87,test,<rdkit.Chem.rdchem.Mol object at 0x7fdcf4880f20>
Nc1nc(Cl)nc2c1ncn2[C@H]1C[C@H](O)[C@@H](COP(=O)(O)OP(=O)(O)OP(=O)(O)O)O1,0.87,train,<rdkit.Chem.rdchem.Mol object at 0x7fdcf4880f90>
Nc1nc(Cl)nc2c1ncn2[C@@H]1O[C@H](COP(=O)(O)OP(=O)(O)OP(=O)(O)O)[C@@H](O)[C@@H]1F,0.87,train,<rdkit.Chem.rdchem.Mol object at 0x7fdcf4881000>
CC(O)(P(=O)(O)O)P(=O)(O)OP(=O)(O)OC[C@H]1O[C@@H](n2ccc(N)nc2=O)[C@@H](O)[C@@H]1O,0.87,train,<rdkit.Chem.rdchem.Mol object at 0x7fdcf4881070>
Nc1nc(O[C@H](c2ccc(Cl)cc2-c2ccccc2)C(F)(F)F)cc(N2CCC3(CC2)CN[C@H](C(=O)O)C3)n1,0.87,train,<rdkit.Chem.rdchem.Mol object at 0x7fdcf48810e0>
CCCc1nc(C(C)(C)O)c(C(=O)O)n1Cc1ccc(-c2ccccc2-c2nnn[nH]2)cc1,0.89,test,<rdkit.Chem.rdchem.Mol object at 0x7fdcf4881150>
O=P(O)(O)OP(=O)(O)OP(=O)(O)O,0.89,train,<rdkit.Chem.rdchem.Mol object at 0x7fdcf48811c0>
O=P(O)(O)OC[C@H]1OC(O)(COP(=O)(O)O)[C@@H](O)[C@@H]1O,0.89,train,<rdkit.Chem.rdchem.Mol object at 0x7fdcf4881230>
O=P(O)(O)OC[C@H]1O[C@@](O)(COP(=O)(O)O)[C@@H](O)[C@@H]1O,0.89,train,<rdkit.Chem.rdchem.Mol object at 0x7fdcf48812a0>
Nc1nc(=O)n([C@@H]2CS[C@H](COP(=O)(O)OP(=O)(O)OP(=O)(O)O)O2)cc1F,0.89,train,<rdkit.Chem.rdchem.Mol object at 0x7fdcf4881380>
Cc1ccccc1-c1cc(N2CC[N+](C)(COP(=O)([O-])O)CC2)ncc1N(C)C(=O)C(C)(C)c1cc(C(F)(F)F)cc(C(F)(F)F)c1,0.89,train,<rdkit.Chem.rdchem.Mol object at 0x7fdcf48813f0>
Cc1ccccc1-c1cc(N2CC[N+](C)(COP(=O)(O)O)CC2)ncc1N(C)C(=O)C(C)(C)c1cc(C(F)(F)F)cc(C(F)(F)F)c1,0.89,train,<rdkit.Chem.rdchem.Mol object at 0x7fdcf4881460>
C[C@]1(O)[C@H](n2ccc(=O)[nH]c2=O)O[C@](F)(COP(=O)(O)OP(=O)(O)OP(=O)(O)O)[C@H]1O,0.89,train,<rdkit.Chem.rdchem.Mol object at 0x7fdcf48814d0>
C=C1[C@H](OP(=O)(O)OP(=O)(O)OP(=O)(O)O)[C@@H](O)C[C@@H]1n1cnc2c(=O)[nH]c(N)nc21,0.89,train,<rdkit.Chem.rdchem.Mol object at 0x7fdcf4881540>
C[C@@]1(F)[C@H](O)[C@@H](COP(=O)(O)OP(=O)(O)OP(=O)(O)O)O[C@H]1n1ccc(=O)[nH]c1=O,0.9,test,<rdkit.Chem.rdchem.Mol object at 0x7fdcf4881690>
Nc1ncnc2c1ncn2[C@@H]1O[C@H](COP(=O)(O)OP(=O)(O)OP(=O)(O)O)[C@@H](O)[C@H]1O,0.9,train,<rdkit.Chem.rdchem.Mol object at 0x7fdcf4881770>
O=c1ccn([C@@H]2O[C@H](COP(=O)(O)OP(=O)(O)OP(=O)(O)O)[C@@H](O)[C@H]2O)c(=O)[nH]1,0.9,train,<rdkit.Chem.rdchem.Mol object at 0x7fdcf48817e0>
Cc1cn([C@H]2C=C[C@@H](COP(=O)(O)OP(=O)(O)OP(=O)(O)O)O2)c(=O)[nH]c1=O,0.9,train,<rdkit.Chem.rdchem.Mol object at 0x7fdcf48818c0>
Nc1ccn([C@H]2CC[C@@H](COP(=O)(O)OP(=O)(O)OP(=O)(O)O)O2)c(=O)n1,0.9,train,<rdkit.Chem.rdchem.Mol object at 0x7fdcf4881930>
NC(=O)c1ncn([C@@H]2O[C@H](COP(=O)(O)OP(=O)(O)OP(=O)(O)O)[C@@H](O)[C@H]2O)n1,0.9,train,<rdkit.Chem.rdchem.Mol object at 0x7fdcf48819a0>
Nc1ccn([C@@H]2O[C@H](COP(=O)(O)OP(=O)(O)OP(=O)(O)O)[C@@H](O)C2(F)F)c(=O)n1,0.9,train,<rdkit.Chem.rdchem.Mol object at 0x7fdcf4881a10>
Cc1cn([C@@H]2C[C@@H](O)[C@H](COP(=O)(O)OP(=O)(O)OP(=O)(O)O)O2)c(=O)[nH]c1=O,0.9,train,<rdkit.Chem.rdchem.Mol object at 0x7fdcf4881a80>
O=c1[nH]c(=O)n([C@H]2C[C@H](O)[C@@H](COP(=O)(O)OP(=O)(O)OP(=O)(O)O)O2)cc1/C=C/Br,0.9,train,<rdkit.Chem.rdchem.Mol object at 0x7fdcf4881bd0>
C[C@@]1(O)[C@H](O)[C@@H](COP(=O)(O)OP(=O)(O)OP(=O)(O)O)O[C@H]1n1ccc(N)nc1=O,0.9,train,<rdkit.Chem.rdchem.Mol object at 0x7fdcf4881c40>
C[C@@]1(F)[C@H](O)[C@@H](COP(=O)(O)OP(=O)(O)OP(=O)(O)O)O[C@H]1n1ccc(N)nc1=O,0.9,train,<rdkit.Chem.rdchem.Mol object at 0x7fdcf4881cb0>
N#C[C@@]1(c2ccc3c(N)ncnn23)O[C@H](COP(=O)(O)OP(=O)(O)OP(=O)(O)O)[C@@H](O)[C@H]1O,0.9,train,<rdkit.Chem.rdchem.Mol object at 0x7fdcf4881d20>
Nc1nc2c(ncn2CC[C@@H](CO)COP(=O)(O)OP(=O)(O)OP(=O)(O)O)c(=O)[nH]1,0.9,train,<rdkit.Chem.rdchem.Mol object at 0x7fdcf4881e00>
COCCNC(=O)CN(CCN(CCN(CC(=O)O)CC(=O)NCCOC)CC(=O)O)CC(=O)O,0.91,test,<rdkit.Chem.rdchem.Mol object at 0x7fdcf4881f50>
Nc1cc(Cl)ccc1C(=O)CC(N)C(=O)O,0.92,train,<rdkit.Chem.rdchem.Mol object at 0x7fdcf4881fc0>
Nc1c(-c2cc(Cc3ccc(COc4ccccn4)cc3)no2)ccc[n+]1COP(=O)([O-])O,0.93,train,<rdkit.Chem.rdchem.Mol object at 0x7fdcf48820a0>
CO[C@@H]1[C@H](OP(=O)(S)OC[C@H]2O[C@@H](n3cnc4c(N)ncnc43)C[C@@H]2O)[C@@H](CO)O[C@H]1n1ccc(=O)[nH]c1=O,0.97,train,<rdkit.Chem.rdchem.Mol object at 0x7fdcf4882110>
N[C@@H](Cc1ccc(O)c(I)c1)C(=O)O,0.99,train,<rdkit.Chem.rdchem.Mol object at 0x7fdcf48821f0>
O=C(O)[C@H]1CN(C/C=C/P(=O)(O)O)CCN1,1.0,train,<rdkit.Chem.rdchem.Mol object at 0x7fdcf4882260>
C[C@@H](Cn1cnc2c(N)ncnc21)OCP(=O)(O)OP(=O)(O)OP(=O)(O)O,1.01,test,<rdkit.Chem.rdchem.Mol object at 0x7fdcf48822d0>
Nc1ncnc2c1ncn2CCOCP(=O)(O)OP(=O)(O)OP(=O)(O)O,1.01,train,<rdkit.Chem.rdchem.Mol object at 0x7fdcf4882340>
O=C(O)c1ccc(C(c2ccccc2)(c2ccccc2)c2ccccc2)cn1.OCCNCCO,1.03,test,<rdkit.Chem.rdchem.Mol object at 0x7fdcf4882420>
O=C(O)c1ccc(C(c2ccccc2)(c2ccccc2)c2ccccc2)cn1,1.03,train,<rdkit.Chem.rdchem.Mol object at 0x7fdcf4882490>
O=P(O)(O)C(Sc1ccc(Cl)cc1)P(=O)(O)O,1.03,train,<rdkit.Chem.rdchem.Mol object at 0x7fdcf4882500>
CO[C@@H](C)[C@H]1C[C@H](C)[C@H]([C@@H](C)/C=C/[C@@H]2CC[C@@H](C)[C@H](/C(=C/[C@H]3CCC[C@@H](C)[C@@H]3[C@H](C)C(=O)C3=C(O)COC3=O)CO)O2)O1,1.05,train,<rdkit.Chem.rdchem.Mol object at 0x7fdcf48825e0>
CNC(=O)CN(CCN(CCN(CC(=O)O)CC(=O)NC)CC(=O)O)CC(=O)O,1.06,train,<rdkit.Chem.rdchem.Mol object at 0x7fdcf4882650>
CNC(=O)CN(CCN(CCN(CC(=O)[O-])CC(=O)NC)CC(=O)[O-])CC(=O)[O-],1.06,train,<rdkit.Chem.rdchem.Mol object at 0x7fdcf48826c0>
CCN(CCCOc1ccc2c(Nc3cc(CC(=O)Nc4cccc(F)c4)[nH]n3)ncnc2c1)CCOP(=O)(O)O,1.12,test,<rdkit.Chem.rdchem.Mol object at 0x7fdcf4882730>
N[C@@]1(C(=O)O)CS(=O)(=O)[C@H]2[C@H](C(=O)O)[C@H]21,1.12,train,<rdkit.Chem.rdchem.Mol object at 0x7fdcf48827a0>
O=P(O)(O)OC(CO)CO,1.13,train,<rdkit.Chem.rdchem.Mol object at 0x7fdcf4882810>
O=P([O-])([O-])OC(CO)CO,1.13,train,<rdkit.Chem.rdchem.Mol object at 0x7fdcf4882880>
O=P(O)(O)OCC(Cl)(Cl)Cl,1.17,train,<rdkit.Chem.rdchem.Mol object at 0x7fdcf48828f0>
O=P([O-])(O)OCC(Cl)(Cl)Cl,1.17,train,<rdkit.Chem.rdchem.Mol object at 0x7fdcf48829d0>
C[C@@H]1C[C@H]2[C@@H]3CCC4=CC(=O)C=C[C@]4(C)[C@@]3(F)[C@@H](O)C[C@]2(C)[C@@]1(O)C(=O)COP(=O)([O-])[O-],1.18,test,<rdkit.Chem.rdchem.Mol object at 0x7fdcf4882a40>
C[C@@H]1C[C@H]2[C@@H]3CCC4=CC(=O)C=C[C@]4(C)[C@@]3(F)[C@@H](O)C[C@]2(C)[C@@]1(O)C(=O)COP(=O)(O)O,1.18,train,<rdkit.Chem.rdchem.Mol object at 0x7fdcf4882ab0>
C[C@H]1C[C@@H]2[C@H]([C@@H](O)C[C@@]3(C)[C@H]2CC[C@]3(O)C(=O)COP(=O)(O)O)[C@@]2(C)C=CC(=O)C=C12,1.18,train,<rdkit.Chem.rdchem.Mol object at 0x7fdcf4882b20>
C[C@]12C=CC(=O)C=C1CC[C@@H]1[C@@H]2[C@@H](O)C[C@@]2(C)[C@H]1CC[C@]2(O)C(=O)COP(=O)(O)O,1.18,train,<rdkit.Chem.rdchem.Mol object at 0x7fdcf4882b90>
C[C@H]1C[C@H]2[C@@H]3CCC4=CC(=O)C=C[C@]4(C)[C@@]3(F)[C@@H](O)C[C@]2(C)[C@@]1(O)C(=O)COP(=O)(O)O,1.18,train,<rdkit.Chem.rdchem.Mol object at 0x7fdcf4882c00>
CCNC(=O)Nc1ncnc2c1ncn2[C@@H]1O[C@H](COP(=O)(O)O)[C@H]2O[C@H](/C=C/c3ccccc3)O[C@H]21,1.18,train,<rdkit.Chem.rdchem.Mol object at 0x7fdcf4882ce0>
C[C@]12CCC(=O)C=C1CC[C@@H]1[C@@H]2[C@@H](O)C[C@@]2(C)[C@H]1CC[C@]2(O)C(=O)COP(=O)([O-])[O-],1.18,train,<rdkit.Chem.rdchem.Mol object at 0x7fdcf4882d50>
C[C@H]1C[C@H]2[C@@H]3CCC4=CC(=O)C=C[C@]4(C)[C@@]3(F)[C@@H](O)C[C@]2(C)[C@@]1(O)C(=O)COP(=O)([O-])[O-],1.18,train,<rdkit.Chem.rdchem.Mol object at 0x7fdcf4882dc0>
C[C@]12C=CC(=O)C=C1CC[C@@H]1[C@@H]2[C@@H](O)C[C@@]2(C)[C@H]1CC[C@]2(O)C(=O)COP(=O)([O-])[O-],1.18,train,<rdkit.Chem.rdchem.Mol object at 0x7fdcf4882e30>
CCNC(=O)Nc1ncnc2c1ncn2[C@@H]1O[C@H](COP(=O)([O-])[O-])[C@H]2O[C@H](/C=C/c3ccccc3)O[C@H]21,1.18,train,<rdkit.Chem.rdchem.Mol object at 0x7fdcf4882ea0>
O=P(O)(O)C(Cc1ccccn1)P(=O)(O)O,1.19,train,<rdkit.Chem.rdchem.Mol object at 0x7fdcf4882f10>
O=C([O-])CC(C(=O)[O-])C(P(=O)([O-])O)P(=O)([O-])O,1.2,test,<rdkit.Chem.rdchem.Mol object at 0x7fdcf4882ff0>
N[C@@H](COP(=O)(O)O)C(=O)O,1.2,train,<rdkit.Chem.rdchem.Mol object at 0x7fdcf4883060>
O=C(O)CC(C(=O)O)C(P(=O)(O)O)P(=O)(O)O,1.2,train,<rdkit.Chem.rdchem.Mol object at 0x7fdcf48830d0>
COc1cc(-n2cnc3cc(-c4ccc(Cl)cc4)sc3c2=O)ccc1OC[C@H](OP(=O)(O)O)C1CC1,1.21,train,<rdkit.Chem.rdchem.Mol object at 0x7fdcf48831b0>
Nc1nc(F)nc2c1ncn2[C@@H]1O[C@H](COP(=O)(O)O)[C@@H](O)[C@@H]1O,1.22,train,<rdkit.Chem.rdchem.Mol object at 0x7fdcf4883300>
Nc1ncnc2c1ncn2[C@@H]1O[C@H](COP(=O)(O)O)[C@@H](O)[C@@H]1O,1.22,train,<rdkit.Chem.rdchem.Mol object at 0x7fdcf4883370>
O=P(O)(O)OC[C@H]1O[C@H](O)[C@@H](O)[C@@H](O)[C@@H]1O,1.22,train,<rdkit.Chem.rdchem.Mol object at 0x7fdcf48834c0>
Nc1ncnc2c1ncn2[C@@H]1O[C@H](COP(=O)([O-])[O-])[C@@H](O)[C@@H]1O,1.22,train,<rdkit.Chem.rdchem.Mol object at 0x7fdcf4883530>
O=P(O)(O)OC[C@H]1O[C@@H](n2cnc3c(S)ncnc32)[C@H](O)[C@@H]1O,1.22,train,<rdkit.Chem.rdchem.Mol object at 0x7fdcf48835a0>
CC(C)CN(C[C@@H](OP(=O)([O-])[O-])[C@H](Cc1ccccc1)NC(=O)O[C@H]1CCOC1)S(=O)(=O)c1ccc(N)cc1,1.22,train,<rdkit.Chem.rdchem.Mol object at 0x7fdcf4883610>
Nc1ccn([C@@H]2O[C@H](COP(=O)(O)O)[C@@H](O)[C@@H]2O)c(=O)n1,1.23,train,<rdkit.Chem.rdchem.Mol object at 0x7fdcf4883680>
O=C(O)c1c[nH]cn1,1.24,train,<rdkit.Chem.rdchem.Mol object at 0x7fdcf4883760>
C[C@@H]1O[C@@H]1P(=O)(O)O.NC(CO)(CO)CO,1.25,test,<rdkit.Chem.rdchem.Mol object at 0x7fdcf48837d0>
O=C(O)CN1CCN(CC(=O)O)CCN(CC(=O)O)CCN(CC(=O)O)CC1,1.25,train,<rdkit.Chem.rdchem.Mol object at 0x7fdcf4883840>
N[C@@H](Cc1ccc(OP(=O)(O)O)c(O)c1)C(=O)O,1.26,train,<rdkit.Chem.rdchem.Mol object at 0x7fdcf4883990>
C[C@@H](c1nc(-c2ccc(C#N)cc2)cs1)[C@@](Cn1cncn1)(OCOP(=O)(O)O)c1ccc(F)cc1F,1.26,train,<rdkit.Chem.rdchem.Mol object at 0x7fdcf4883a00>
O=C(O)/C=C1\CN([C@H](C(=O)O)c2ccccc2Cl)CCC1S,1.26,train,<rdkit.Chem.rdchem.Mol object at 0x7fdcf4883a70>
Nc1ncnc2c([C@@H]3N[C@H](COP(=O)(O)O)[C@@H](O)[C@H]3O)c[nH]c12,1.26,train,<rdkit.Chem.rdchem.Mol object at 0x7fdcf4883ae0>
O=P([O-])(O)CP(=O)([O-])O,1.27,test,<rdkit.Chem.rdchem.Mol object at 0x7fdcf4883b50>
O=P(O)(O)CP(=O)(O)O,1.27,train,<rdkit.Chem.rdchem.Mol object at 0x7fdcf4883bc0>
N[C@H](Cc1ccc(N(CCCl)CCCl)cc1)C(=O)O,1.29,train,<rdkit.Chem.rdchem.Mol object at 0x7fdcf4883ca0>
N[C@@H](Cc1ccc(N(CCCl)CCCl)cc1)C(=O)O,1.29,train,<rdkit.Chem.rdchem.Mol object at 0x7fdcf4883d10>
COc1cc(/C=C\c2ccc(OC)c(OP(=O)(O)O)c2OP(=O)(O)O)cc(OC)c1OC,1.31,train,<rdkit.Chem.rdchem.Mol object at 0x7fdcf4883d80>
CC1c2ccccc2Cn2cc3c(c21)C(=O)c1cccc(OP(=O)(O)OCc2ccccc2)c1C3=O,1.32,train,<rdkit.Chem.rdchem.Mol object at 0x7fdcf4883e60>
N[C@@H](Cc1cc(O)c(O)cc1F)C(=O)O,1.32,train,<rdkit.Chem.rdchem.Mol object at 0x7fdcf4883ed0>
CC(O)C(=O)OP(=O)(O)O,1.32,train,<rdkit.Chem.rdchem.Mol object at 0x7fdcf4883f40>
Nc1ccn(C[C@@H](CO)OCP(=O)(O)O)c(=O)n1,1.35,train,<rdkit.Chem.rdchem.Mol object at 0x7fdcf4884190>
C[C@H](Cn1cnc2c(N)ncnc21)OCP(=O)(O)O,1.35,train,<rdkit.Chem.rdchem.Mol object at 0x7fdcf4884200>
Nc1nc(=S)c2ncn([C@@H]3O[C@H](COP(=O)(O)O)[C@@H](O)[C@H]3O)c2[nH]1,1.35,train,<rdkit.Chem.rdchem.Mol object at 0x7fdcf4884270>
Nc1ncc2ncn(CC3(OCP(=O)(O)O)CC3)c2n1,1.35,train,<rdkit.Chem.rdchem.Mol object at 0x7fdcf48842e0>
Cn1nnc(-c2ccc(-c3ccc(N4C[C@H](COP(=O)(O)O)OC4=O)cc3F)cn2)n1,1.35,train,<rdkit.Chem.rdchem.Mol object at 0x7fdcf4884350>
Nc1ncnc2c1ncn2[C@@H]1O[C@H](OCP(=O)(O)O)C=C1F,1.35,train,<rdkit.Chem.rdchem.Mol object at 0x7fdcf48843c0>
CC(=O)OP(=O)(O)N(C[C@H]1CN(c2cc(F)c(N3C=CC(=O)CC3)c(F)c2F)C(=O)O1)c1ccon1,1.36,train,<rdkit.Chem.rdchem.Mol object at 0x7fdcf4884430>
Cc1cc(C2CCCCC2)n(OCOP(=O)(O)O)c(=O)c1,1.38,train,<rdkit.Chem.rdchem.Mol object at 0x7fdcf4884510>
N[C@H](C(=O)O)[C@@H]1CC(Cl)=NO1,1.39,train,<rdkit.Chem.rdchem.Mol object at 0x7fdcf4884580>
CCCCCCCCCCCCCCCCOCCCOP(=O)(O)CO[C@H](CO)Cn1ccc(N)nc1=O,1.4,train,<rdkit.Chem.rdchem.Mol object at 0x7fdcf4884660>
O=C(O[C@H]1CN[C@H](C(=O)O)C1)c1cccs1,1.42,train,<rdkit.Chem.rdchem.Mol object at 0x7fdcf48846d0>
COc1cc(Nc2ncc(F)c(Nc3ccc4c(n3)N(COP(=O)(O)O)C(=O)C(C)(C)O4)n2)cc(OC)c1OC,1.44,test,<rdkit.Chem.rdchem.Mol object at 0x7fdcf4884740>
N[C@@H](CCC(=O)N[C@@H](CSSC[C@H](NC(=O)CC[C@H](N)C(=O)O)C(=O)NCC(=O)O)C(=O)NCC(=O)O)C(=O)O,1.44,train,<rdkit.Chem.rdchem.Mol object at 0x7fdcf48847b0>
CC(C)c1cccc(C(C)C)c1OCOP(=O)(O)O,1.44,train,<rdkit.Chem.rdchem.Mol object at 0x7fdcf4884820>
CC(C)c1cccc(C(C)C)c1OCOP(=O)([O-])[O-],1.44,train,<rdkit.Chem.rdchem.Mol object at 0x7fdcf4884890>
COc1cc(Nc2ncc(F)c(Nc3ccc4c(n3)N(COP(=O)([O-])[O-])C(=O)C(C)(C)O4)n2)cc(OC)c1OC,1.44,train,<rdkit.Chem.rdchem.Mol object at 0x7fdcf4884900>
CN[C@H](CC(=O)O)C(=O)O,1.46,train,<rdkit.Chem.rdchem.Mol object at 0x7fdcf48849e0>
N[C@H](C(=O)O)[C@H](O)c1ccc(O)c(O)c1,1.46,train,<rdkit.Chem.rdchem.Mol object at 0x7fdcf4884ac0>
COc1cc([C@@H]2c3cc4c(cc3[C@@H](O[C@@H]3O[C@@H]5CO[C@@H](C)O[C@H]5[C@H](O)[C@H]3O)[C@H]3COC(=O)[C@H]23)OCO4)cc(OC)c1OP(=O)(O)O,1.46,train,<rdkit.Chem.rdchem.Mol object at 0x7fdcf4884b30>
CC(C)[C@]12O[C@H]1[C@@H]1O[C@]13[C@]1(O[C@H]1C[C@H]1C4=C(CC[C@@]13C)C(=O)OC4)[C@@H]2OCOP(=O)(O)O,1.46,train,<rdkit.Chem.rdchem.Mol object at 0x7fdcf4884c10>
C/C(=C\Cc1c(C)c(OP(=O)(O)O)c2ccccc2c1OP(=O)(O)O)CCC[C@H](C)CCC[C@H](C)CCCC(C)C,1.47,test,<rdkit.Chem.rdchem.Mol object at 0x7fdcf4884cf0>
Cc1cc(OP(=O)(O)O)c2ccccc2c1OP(=O)(O)O,1.47,train,<rdkit.Chem.rdchem.Mol object at 0x7fdcf4884d60>
CCCCCCCCCCCCCCCCCC(=O)OC[C@H](COP(=O)(O)OC[C@H](N)C(=O)O)OC(=O)CCCCCCCCCCCCCCCCC,1.47,train,<rdkit.Chem.rdchem.Mol object at 0x7fdcf4884e40>
Cc1cc(OP(=O)([O-])[O-])c2ccccc2c1OP(=O)([O-])[O-],1.47,train,<rdkit.Chem.rdchem.Mol object at 0x7fdcf4884eb0>
CN(CCOP(=O)(O)O)C(=N)N,1.48,test,<rdkit.Chem.rdchem.Mol object at 0x7fdcf4884f20>
Cc1cc(N(C)C)ccc1[PH](=O)O,1.48,train,<rdkit.Chem.rdchem.Mol object at 0x7fdcf4884f90>
O=P(O)(O)Oc1ccc(C(c2ccc(OP(=O)(O)O)cc2)c2ccccn2)cc1,1.48,train,<rdkit.Chem.rdchem.Mol object at 0x7fdcf4885000>
O=C(O)[C@@H]1C[C@H](CP(=O)(O)O)CCN1,1.49,train,<rdkit.Chem.rdchem.Mol object at 0x7fdcf4885070>
Cc1cc2nc3c(=O)[nH]c(=O)nc-3n(C[C@H](O)[C@H](O)[C@H](O)COP(=O)(O)O)c2cc1C,1.49,train,<rdkit.Chem.rdchem.Mol object at 0x7fdcf48850e0>
CC/C(=C(/CC)c1ccc(OP(=O)(O)O)cc1)c1ccc(OP(=O)(O)O)cc1,1.49,train,<rdkit.Chem.rdchem.Mol object at 0x7fdcf4885150>
Cc1cc2nc3c(=O)[nH]c(=O)nc-3n(C[C@H](O)[C@H](O)[C@H](O)COP(=O)([O-])O)c2cc1C,1.49,train,<rdkit.Chem.rdchem.Mol object at 0x7fdcf48851c0>
C[C@H](N)C(=O)N[C@@H](C)P(=O)(O)O,1.5,train,<rdkit.Chem.rdchem.Mol object at 0x7fdcf4885230>
C[C@@H]1C[S+]([O-])C(C)(C)[C@H](C(=O)O)N1,1.5,train,<rdkit.Chem.rdchem.Mol object at 0x7fdcf48852a0>
N[C@@H](CN(O)N=O)C(=O)O,1.5,train,<rdkit.Chem.rdchem.Mol object at 0x7fdcf4885310>
NCCCC[C@H](OP(=O)(O)CCCCc1ccccc1)C(=O)N1CCC[C@H]1C(=O)O,1.52,train,<rdkit.Chem.rdchem.Mol object at 0x7fdcf48853f0>
COc1c(C)cnc(Cn2cc(C#CCCOP(=O)(O)O)c3c(Cl)nc(N)nc32)c1C,1.53,test,<rdkit.Chem.rdchem.Mol object at 0x7fdcf4885460>
COc1cc2c(cc1OC)CN(C(=O)[C@H](C)N[C@@H](CCc1ccccc1)C(=O)O)[C@H](C(=O)O)C2,1.53,train,<rdkit.Chem.rdchem.Mol object at 0x7fdcf48854d0>
C[C@@](O)(/C=C/[C@H]1CC=CC(=O)O1)[C@@H](C[C@@H](O)/C=C\C=C/C=C/CO)OP(=O)(O)O,1.53,train,<rdkit.Chem.rdchem.Mol object at 0x7fdcf48855b0>
O=c1[nH]c2cc(C(F)(F)F)c(N3CCOCC3)cc2n(CP(=O)(O)O)c1=O,1.54,train,<rdkit.Chem.rdchem.Mol object at 0x7fdcf4885690>
CS(=O)(=O)OCCN(CCBr)c1c(C(=O)NCCOP(=O)(O)O)cc([N+](=O)[O-])cc1[N+](=O)[O-],1.54,train,<rdkit.Chem.rdchem.Mol object at 0x7fdcf4885700>
O=C([O-])c1cc(=O)c2c(OCC(O)COc3cccc4oc(C(=O)[O-])cc(=O)c34)cccc2o1,1.55,test,<rdkit.Chem.rdchem.Mol object at 0x7fdcf4885770>
O=C(O)c1cc(=O)c2c(OCC(O)COc3cccc4oc(C(=O)O)cc(=O)c34)cccc2o1,1.55,test,<rdkit.Chem.rdchem.Mol object at 0x7fdcf48857e0>
CO[C@@]1(NC(=O)CSC[C@@H](N)C(=O)O)C(=O)N2C(C(=O)O)=C(CSc3nnnn3C)CS[C@@H]21,1.55,train,<rdkit.Chem.rdchem.Mol object at 0x7fdcf4885850>
[N-]=[N+]=CC(=O)OC[C@H](N)C(=O)O,1.55,train,<rdkit.Chem.rdchem.Mol object at 0x7fdcf48858c0>
CN(CP(=O)(O)O)c1cc([N+](=O)[O-])cc2[nH]c(=O)c(=O)[nH]c12,1.55,train,<rdkit.Chem.rdchem.Mol object at 0x7fdcf4885a10>
N[C@@H](CSSC[C@H](N)C(=O)O)C(=O)O,1.56,train,<rdkit.Chem.rdchem.Mol object at 0x7fdcf4885a80>
COc1ccc2[nH]c(-c3cccc(F)c3)cc(=O)c2c1OP(=O)(O)O,1.59,train,<rdkit.Chem.rdchem.Mol object at 0x7fdcf4885af0>
CCCCOP(=O)(O)OC[C@H]1O[C@@H](n2cc(C)c(=O)[nH]c2=O)C[C@@H]1OP(=O)(O)OCCCC,1.6,train,<rdkit.Chem.rdchem.Mol object at 0x7fdcf4885b60>
CC(=O)N[C@@H](CSSC[C@H](N)C(=O)O)C(=O)O,1.6,train,<rdkit.Chem.rdchem.Mol object at 0x7fdcf4885bd0>
O=C(O)[C@@H]1C[C@H]2C[C@@H](CCc3nn[nH]n3)CC[C@H]2CN1,1.61,train,<rdkit.Chem.rdchem.Mol object at 0x7fdcf4885c40>
CCON(CC)C(=S)S,1.61,train,<rdkit.Chem.rdchem.Mol object at 0x7fdcf4885cb0>
CCON(CC)C(=S)[S-],1.61,train,<rdkit.Chem.rdchem.Mol object at 0x7fdcf4885d20>
O=[PH](O)C(O)C1CC=CCC1,1.62,test,<rdkit.Chem.rdchem.Mol object at 0x7fdcf4885d90>
N[C@H](C(=O)O)c1ccc(CO)c(O)c1,1.62,train,<rdkit.Chem.rdchem.Mol object at 0x7fdcf4885e00>
COc1ccc(/C=C\c2cc(OC)c(OC)c(OC)c2)cc1OP(=O)(O)O,1.62,train,<rdkit.Chem.rdchem.Mol object at 0x7fdcf4885e70>
COc1cc(OC)c(/C=C/S(=O)(=O)Cc2ccc(OC)c(OP(=O)(O)O)c2)c(OC)c1,1.62,train,<rdkit.Chem.rdchem.Mol object at 0x7fdcf4885f50>
CCCCCCCCc1ccc(CC[C@](N)(CO)COP(=O)(O)O)cc1,1.62,train,<rdkit.Chem.rdchem.Mol object at 0x7fdcf4885fc0>
COc1ccc(/C=C\c2cc(OC)c(OC)c(OC)c2)cc1OP(=O)([O-])[O-],1.62,train,<rdkit.Chem.rdchem.Mol object at 0x7fdcf4886030>
COc1cc(OC)c(/C=C/S(=O)(=O)Cc2ccc(OC)c(OP(=O)([O-])[O-])c2)c(OC)c1,1.62,train,<rdkit.Chem.rdchem.Mol object at 0x7fdcf48860a0>
N#Cc1c(N(CC(=O)[O-])CC(=O)[O-])sc(C(=O)[O-])c1CC(=O)[O-].[Sr+2].[Sr+2],1.63,test,<rdkit.Chem.rdchem.Mol object at 0x7fdcf4886110>
N#Cc1c(N(CC(=O)O)CC(=O)O)sc(C(=O)O)c1CC(=O)O,1.63,train,<rdkit.Chem.rdchem.Mol object at 0x7fdcf4886180>
CC(C)Cc1sc(N)nc1-c1ccc(P(=O)(O)O)o1,1.63,train,<rdkit.Chem.rdchem.Mol object at 0x7fdcf48861f0>
Nc1ncnc2c1ncn2[C@@H]1O[C@H](C[C@@H](N)CC[C@H](N)C(=O)O)[C@@H](O)[C@H]1O,1.64,train,<rdkit.Chem.rdchem.Mol object at 0x7fdcf48862d0>
CCCc1c2nc(C(=O)O)cc(NC)c2cc2c(=O)cc(C(=O)O)oc12,1.64,train,<rdkit.Chem.rdchem.Mol object at 0x7fdcf4886340>
O=C([O-])CP(=O)([O-])O,1.64,train,<rdkit.Chem.rdchem.Mol object at 0x7fdcf48863b0>
Cc1c(C=Cc2cc(CNC(C)(CO)C(=O)O)ccc2C(F)(F)F)cccc1-c1ccc2c(c1)OCCO2,1.64,train,<rdkit.Chem.rdchem.Mol object at 0x7fdcf4886420>
O=C(O)CC(NC(=O)CP(=O)(O)O)C(=O)O,1.65,train,<rdkit.Chem.rdchem.Mol object at 0x7fdcf4886490>
N[C@@H](Cc1ccc(O)c(O)c1)C(=O)O,1.65,train,<rdkit.Chem.rdchem.Mol object at 0x7fdcf4886500>
Oc1cccc(Oc2nnn[nH]2)c1,1.65,train,<rdkit.Chem.rdchem.Mol object at 0x7fdcf48865e0>
N[C@@H](CC(=O)Nc1ccn([C@@H]2O[C@H](CO)[C@@H](O)[C@@H]2O)c(=O)n1)C(=O)O,1.65,train,<rdkit.Chem.rdchem.Mol object at 0x7fdcf48866c0>
Cc1ncc(C[n+]2csc(CCOP(=O)(O)O)c2C)c(N)n1,1.66,train,<rdkit.Chem.rdchem.Mol object at 0x7fdcf4886730>
O=C(O)[C@@H]1C[C@H]2C[C@@H](Oc3cccc(Cl)c3-c3nnn[nH]3)CC[C@H]2CN1,1.66,train,<rdkit.Chem.rdchem.Mol object at 0x7fdcf48867a0>
Cc1ncc(COP(=O)([O-])[O-])c(C=O)c1O,1.68,train,<rdkit.Chem.rdchem.Mol object at 0x7fdcf4886880>
COc1ccc2c(c1)CC[C@H](CN(C)CC(=O)O)[C@@H]2c1ccccc1,1.68,train,<rdkit.Chem.rdchem.Mol object at 0x7fdcf4886960>
O=P(O)(O)OP(=O)(O)O,1.7,train,<rdkit.Chem.rdchem.Mol object at 0x7fdcf4886a40>
O=S(O)CNc1ccc(S(=O)(=O)c2ccc(NCS(=O)O)cc2)cc1,1.7,train,<rdkit.Chem.rdchem.Mol object at 0x7fdcf4886b20>
N[C@H](CC(=O)O)C(=O)O,1.7,train,<rdkit.Chem.rdchem.Mol object at 0x7fdcf4886c00>
O=P([O-])([O-])OP(=O)([O-])[O-],1.7,train,<rdkit.Chem.rdchem.Mol object at 0x7fdcf4886c70>
C[S+](CCC(N)C(=O)[O-])C[C@H]1O[C@@H](n2cnc3c(N)ncnc32)[C@H](O)[C@@H]1O,1.71,train,<rdkit.Chem.rdchem.Mol object at 0x7fdcf4886dc0>
O=C(O)C(Cl)(Cl)Cl,1.72,train,<rdkit.Chem.rdchem.Mol object at 0x7fdcf4886e30>
CCCC(=O)Nc1ncnc2c1ncn2[C@@H]1O[C@@H]2COP(=O)(O)O[C@H]2[C@H]1OC(=O)CCC,1.72,train,<rdkit.Chem.rdchem.Mol object at 0x7fdcf4886ea0>
C[C@@](Cc1ccc(OP(=O)(O)O)c(O)c1)(NN)C(=O)O,1.72,train,<rdkit.Chem.rdchem.Mol object at 0x7fdcf4886f10>
CN1CC[C@H](c2c(OP(=O)(O)O)cc(O)c3c(=O)cc(-c4ccccc4Cl)oc23)[C@H](O)C1,1.72,train,<rdkit.Chem.rdchem.Mol object at 0x7fdcf4886f80>
O=C(O)c1ccccc1OP(=O)(O)O,1.73,train,<rdkit.Chem.rdchem.Mol object at 0x7fdcf4887060>
O=C(Nc1cccc2c(=O)cc(-c3nnn[nH]3)oc12)c1ccc(OCCCCc2ccccc2)cc1,1.73,train,<rdkit.Chem.rdchem.Mol object at 0x7fdcf48870d0>
O=P(O)(O)Oc1c(Br)cc(Br)cc1-c1cc(Br)cc(Br)c1O,1.73,train,<rdkit.Chem.rdchem.Mol object at 0x7fdcf4887140>
N#Cc1ccc(OCC(O)COc2cccc3oc(-c4nnn[nH]4)cc(=O)c23)cc1,1.73,train,<rdkit.Chem.rdchem.Mol object at 0x7fdcf48871b0>
Nc1cc(N2CCN(CCP(=O)(O)O)CC2)nc(NCC2CCC(CNCCCNC3CCCCC3)CC2)n1,1.73,train,<rdkit.Chem.rdchem.Mol object at 0x7fdcf4887290>
C=C(C)[C@H]1CN[C@H](C(=O)O)[C@H]1CC(=O)O,1.74,train,<rdkit.Chem.rdchem.Mol object at 0x7fdcf4887370>
CN(C)CCc1c[nH]c2cccc(OP(=O)(O)O)c12,1.74,train,<rdkit.Chem.rdchem.Mol object at 0x7fdcf48873e0>
N[C@H](C(=O)O)c1ccc(O)cc1,1.74,train,<rdkit.Chem.rdchem.Mol object at 0x7fdcf4887450>
COc1cnc(-n2cnc(C)n2)c2c1c(C(=O)C(=O)N1CCN(C(=O)c3ccccc3)CC1)cn2COP(=O)(O)O.NC(CO)(CO)CO,1.75,train,<rdkit.Chem.rdchem.Mol object at 0x7fdcf4887530>
CCO/N=C(\C(=O)N[C@@H]1C(=O)N2C(C(=O)O)=C(Sc3nc(-c4cc[n+](C)cc4)cs3)CS[C@H]12)c1nsc(NP(=O)([O-])O)n1,1.76,test,<rdkit.Chem.rdchem.Mol object at 0x7fdcf4887610>
Nc1ccn([C@@H]2O[C@H](CO)[C@H]3OP(=O)(O)O[C@H]32)c(=O)n1,1.76,train,<rdkit.Chem.rdchem.Mol object at 0x7fdcf48876f0>
O=C1OC2(c3ccc(O)cc3Oc3cc(O)ccc32)c2ccccc21,1.77,test,<rdkit.Chem.rdchem.Mol object at 0x7fdcf4887760>
N=C(N)c1ccc(CNC(=O)[C@@H]2CCN2C(=O)[C@H](NCC(=O)O)C2CCCCC2)cc1,1.77,test,<rdkit.Chem.rdchem.Mol object at 0x7fdcf48877d0>
O=C([O-])c1ccccc1-c1c2ccc(=O)cc-2oc2cc([O-])ccc12,1.77,test,<rdkit.Chem.rdchem.Mol object at 0x7fdcf4887840>
Cc1ncc(C[n+]2csc(CCOP(=O)(O)OP(=O)(O)O)c2C)c(N)n1,1.78,train,<rdkit.Chem.rdchem.Mol object at 0x7fdcf4887990>
O=c1c2c(c1=O)N(CCP(=O)(O)O)CCCN2,1.79,train,<rdkit.Chem.rdchem.Mol object at 0x7fdcf4887a00>
COc1cc2c(c(OC)c1OC)-c1ccc(OP(=O)(O)O)cc1[C@@H](NC(C)=O)CC2,1.79,train,<rdkit.Chem.rdchem.Mol object at 0x7fdcf4887a70>
CCCCCC(=O)N[C@@H](Cc1ccc(OP(=O)(O)O)cc1)C(=O)N[C@H](C(=O)NCCCCCC(N)=O)[C@@H](C)CC,1.79,train,<rdkit.Chem.rdchem.Mol object at 0x7fdcf4887ae0>
Nc1nc(=O)c2c([nH]1)N[C@@H]1O[C@@H]3COP(=O)(O)O[C@@H]3C(O)(O)[C@@H]1N2,1.8,train,<rdkit.Chem.rdchem.Mol object at 0x7fdcf4887b50>
O=CN(O)CCCP(=O)(O)O,1.81,test,<rdkit.Chem.rdchem.Mol object at 0x7fdcf4887bc0>
O=C(O)C1CCSCN1,1.81,train,<rdkit.Chem.rdchem.Mol object at 0x7fdcf4887c30>
O=C(O)c1cccnc1Nc1cccc(Cl)c1Cl,1.82,train,<rdkit.Chem.rdchem.Mol object at 0x7fdcf4887ca0>
CN1C(C(=O)Nc2ccccn2)=C(O)c2sc(Cl)cc2S1(=O)=O,1.82,train,<rdkit.Chem.rdchem.Mol object at 0x7fdcf4887d10>
CC(=O)OCC1=C(C(=O)O)N2C(=O)[C@@H](NC(=O)CCC[C@@H](N)C(=O)O)[C@H]2SC1,1.83,train,<rdkit.Chem.rdchem.Mol object at 0x7fdcf4887d80>
CC1(C)S[C@@H]2[C@H](NC(=O)CCC[C@@H](N)C(=O)O)C(=O)N2[C@H]1C(=O)O,1.83,train,<rdkit.Chem.rdchem.Mol object at 0x7fdcf4887df0>
N[C@@]1(C(=O)O)CC[C@H]2[C@H](C(=O)O)[C@H]21,1.83,train,<rdkit.Chem.rdchem.Mol object at 0x7fdcf4887ed0>
C[N+](C)(C)CCOP(=O)(O)OP(=O)([O-])OC[C@H]1O[C@@H](n2ccc(N)nc2=O)[C@H](O)[C@@H]1O,1.84,train,<rdkit.Chem.rdchem.Mol object at 0x7fdcf4887f40>
CCCCCCCCC=CCCCCCCCC(=O)OCC1COP(=O)(O)C1,1.84,train,<rdkit.Chem.rdchem.Mol object at 0x7fdcf4888120>
CCCCCCCCCCCCCCCCOC[C@H](COP(=O)([O-])OCC[N+](C)(C)C)OCCCCC(=O)O,1.85,train,<rdkit.Chem.rdchem.Mol object at 0x7fdcf48882e0>
CCCCCCCCCCCCCCCCCCOCC(COP(=O)([O-])OCC[N+](C)(C)C)OC,1.86,test,<rdkit.Chem.rdchem.Mol object at 0x7fdcf4888350>
CNCCc1ccc(OP(=O)(O)O)c(O)c1,1.86,train,<rdkit.Chem.rdchem.Mol object at 0x7fdcf4888430>
CCCCCCCCCCCCCCCC(=O)OC[C@H](COP(=O)([O-])OCC[N+](C)(C)C)OC(=O)CCCCCCCCCCCCCCC,1.86,train,<rdkit.Chem.rdchem.Mol object at 0x7fdcf4888510>
Cc1cc2nc3c(=O)[nH]c(=O)nc-3n(C[C@H](O)[C@H](O)[C@H](O)COP(=O)(O)OP(=O)(O)OC[C@H]3O[C@@H](n4cnc5c(N)ncnc54)[C@H](O)[C@@H]3O)c2cc1C,1.86,train,<rdkit.Chem.rdchem.Mol object at 0x7fdcf4888580>
C[N+](C)(C)CCOP(=O)([O-])OC[C@H](O)CO,1.86,train,<rdkit.Chem.rdchem.Mol object at 0x7fdcf48885f0>
C[N+](C)(C)CCOP(=O)([O-])OCC(COC=O)OC=O,1.86,train,<rdkit.Chem.rdchem.Mol object at 0x7fdcf4888660>
CCCCCCCCCCCCCCSCC(=O)OC[C@H](COP(=O)([O-])OCC[N+](C)(C)C)OC(=O)CSCCCCCCCCCCCCCC,1.86,train,<rdkit.Chem.rdchem.Mol object at 0x7fdcf48886d0>
C[C@]12CC[C@@H]3c4ccc(OC(=O)N(CCCl)CCCl)cc4CC[C@H]3[C@@H]1CC[C@@H]2OP(=O)([O-])[O-],1.86,train,<rdkit.Chem.rdchem.Mol object at 0x7fdcf4888740>
O=c1c(O)c(-c2ccc(O)c(OP(=O)(O)O)c2)oc2cc(O)cc(O)c12,1.87,train,<rdkit.Chem.rdchem.Mol object at 0x7fdcf4888890>
C[N+](C)(C)CCOP(=O)([O-])OCCCCCCCCCCCCCCCCCCc1ccc(I)cc1,1.88,test,<rdkit.Chem.rdchem.Mol object at 0x7fdcf4888900>
CCCCCCCCCCCCCCCCOP(=O)([O-])OCC[N+](C)(C)C,1.88,train,<rdkit.Chem.rdchem.Mol object at 0x7fdcf4888970>
O=C(O)c1cccnc1Nc1cccc(C(F)(F)F)c1,1.88,train,<rdkit.Chem.rdchem.Mol object at 0x7fdcf48889e0>
N[C@@H](CCC(=O)O)C(=O)O,1.88,train,<rdkit.Chem.rdchem.Mol object at 0x7fdcf4888ac0>
Cc1c(Nc2ncccc2C(=O)O)cccc1C(F)(F)F,1.88,train,<rdkit.Chem.rdchem.Mol object at 0x7fdcf4888b30>
CNC[C@H](O)[C@@H](O)[C@H](O)[C@H](O)CO.Cc1c(Nc2ncccc2C(=O)O)cccc1C(F)(F)F,1.88,train,<rdkit.Chem.rdchem.Mol object at 0x7fdcf4888ba0>
CCCCCCCCCCCCCCCCSCC(COC)COP(=O)([O-])OCC[N+](C)(C)C,1.88,train,<rdkit.Chem.rdchem.Mol object at 0x7fdcf4888c10>
C[N+](C)(C)CCOP(=O)([O-])OCCCCCCCCCCCCCCCCCCc1ccc([124I])cc1,1.88,train,<rdkit.Chem.rdchem.Mol object at 0x7fdcf4888c80>
Cc1cccc(Nc2ncccc2C(=O)O)c1C,1.89,test,<rdkit.Chem.rdchem.Mol object at 0x7fdcf4888d60>
CCCCCCCCCCCCSCC(COP(=O)(O)OC[C@H]1O[C@@H](n2cc(C)c(=O)[nH]c2=O)C[C@@H]1N=[N+]=[N-])OCCCCCCCCCC,1.89,train,<rdkit.Chem.rdchem.Mol object at 0x7fdcf4888dd0>
CCCCCCCCCCCCSCC(COP(=O)(O)OC[C@H]1O[C@@H](n2cc(F)c(=O)[nH]c2=O)[C@H](O)[C@@H]1O)OCCCCCCCCCC,1.89,train,<rdkit.Chem.rdchem.Mol object at 0x7fdcf4888e40>
Cc1cccc(C)c1Nc1ncccc1C(=O)O,1.89,train,<rdkit.Chem.rdchem.Mol object at 0x7fdcf4888f20>
CCCCCCCOC(=O)[C@@]1(F)[C@@H]2C[C@@H](OCc3ccc(Cl)c(Cl)c3)[C@@](N)(C(=O)O)[C@@H]21,1.89,train,<rdkit.Chem.rdchem.Mol object at 0x7fdcf4888f90>
CCCCCCCCCCCCCCCCCCOP(=O)([O-])OC1CC[N+](C)(C)CC1,1.9,train,<rdkit.Chem.rdchem.Mol object at 0x7fdcf4889000>
CCCCP(=O)(O)CCCN,1.92,train,<rdkit.Chem.rdchem.Mol object at 0x7fdcf4889150>
CC(C)C[C@@H](NC(=O)[C@@H](Cc1ccccc1)NC(=O)CNC[C@H](C)c1ccccc1)C(=O)N[C@H](CCCCN)C(=O)N1CCC(N)(C(=O)O)CC1,1.92,train,<rdkit.Chem.rdchem.Mol object at 0x7fdcf48891c0>
N[C@@H](Cc1ccc(OCC[18F])cc1)C(=O)O,1.93,train,<rdkit.Chem.rdchem.Mol object at 0x7fdcf4889230>
N[C@@H](Cc1ccc(OCCF)cc1)C(=O)O,1.93,train,<rdkit.Chem.rdchem.Mol object at 0x7fdcf48892a0>
O=C1NS(=O)(=O)c2ccccc21,1.94,train,<rdkit.Chem.rdchem.Mol object at 0x7fdcf4889310>
CCC(Oc1c(I)cc(I)cc1I)C(=O)O,1.94,train,<rdkit.Chem.rdchem.Mol object at 0x7fdcf4889380>
CC(=O)c1cc(F)cc(NC(=O)c2nnn[nH]2)c1O,1.94,train,<rdkit.Chem.rdchem.Mol object at 0x7fdcf48893f0>
N[C@@H](CCC(=O)N[C@@H](CS)C(=O)NCC(=O)O)C(=O)O,1.94,train,<rdkit.Chem.rdchem.Mol object at 0x7fdcf4889460>
O=C(O)[C@@H]1CCCN1,1.94,train,<rdkit.Chem.rdchem.Mol object at 0x7fdcf48894d0>
O=C(O)C1CSC(C(=O)O)N1,1.95,test,<rdkit.Chem.rdchem.Mol object at 0x7fdcf4889540>
N=C(N)NCCC[C@H](N)C(=O)O.O=C(O)C1CSC(C(=O)O)N1,1.95,train,<rdkit.Chem.rdchem.Mol object at 0x7fdcf48895b0>
N[C@H](CF)C(=O)O,1.95,train,<rdkit.Chem.rdchem.Mol object at 0x7fdcf4889620>
O=C(O)C(=O)Nc1nc(-c2ccc3c(c2)OCCO3)cs1,1.96,train,<rdkit.Chem.rdchem.Mol object at 0x7fdcf4889690>
[N-]=[N+]=CC(=O)CC[C@H](NC(=O)[C@H](CCC(=O)C=[N+]=[N-])NC(=O)CC[C@H](N)C(=O)O)C(=O)O,1.96,train,<rdkit.Chem.rdchem.Mol object at 0x7fdcf4889700>
CCCc1c(OCCCC/C=C\C=C\[C@H](Sc2ccc3c(=O)cc(C(=O)O)oc3c2)[C@H](O)c2cccc(C(F)(F)F)c2)ccc(C(C)=O)c1O,1.98,train,<rdkit.Chem.rdchem.Mol object at 0x7fdcf4889770>
N[C@H](CCC(=O)N[C@@H](Cc1c[nH]c2ccccc12)C(=O)O)C(=O)O,1.98,train,<rdkit.Chem.rdchem.Mol object at 0x7fdcf48897e0>
N[C@H](CCC(=O)N[C@H](Cc1c[nH]c2ccccc12)C(=O)[O-])C(=O)[O-].[H+],1.98,train,<rdkit.Chem.rdchem.Mol object at 0x7fdcf4889850>
N[C@H](CCC(=O)N[C@H](Cc1c[nH]c2ccccc12)C(=O)O)C(=O)O,1.98,train,<rdkit.Chem.rdchem.Mol object at 0x7fdcf48898c0>
CN(C)/C=N/c1c(I)cc(I)c(CCC(=O)O)c1I,1.99,train,<rdkit.Chem.rdchem.Mol object at 0x7fdcf4889930>
CN(C)/C=N/c1c(I)cc(I)c(CCC(=O)[O-])c1I,1.99,train,<rdkit.Chem.rdchem.Mol object at 0x7fdcf48899a0>
N[C@@H](Cc1ccc(O)cc1)C(=O)O,2.0,train,<rdkit.Chem.rdchem.Mol object at 0x7fdcf4889a10>
NC(=O)C[C@H](N)C(=O)O,2.0,train,<rdkit.Chem.rdchem.Mol object at 0x7fdcf4889a80>
CCN(CC)C(=S)S,2.0,train,<rdkit.Chem.rdchem.Mol object at 0x7fdcf4889af0>
CN(C[C@H](O)[C@@H](O)[C@H](O)[C@H](O)CO)C(=S)S,2.0,train,<rdkit.Chem.rdchem.Mol object at 0x7fdcf4889bd0>
O=S([O-])CO,2.0,train,<rdkit.Chem.rdchem.Mol object at 0x7fdcf4889c40>
CCCC[C@]1(CC)CS(=O)(=O)c2cc(CNC(CC(=O)O)CC(=O)O)c(OC)cc2[C@@H](c2ccccc2)N1,2.02,test,<rdkit.Chem.rdchem.Mol object at 0x7fdcf4889cb0>
N[C@@H](CO)C(=O)O,2.03,train,<rdkit.Chem.rdchem.Mol object at 0x7fdcf4889e00>
N[C@H](CO)C(=O)O,2.03,train,<rdkit.Chem.rdchem.Mol object at 0x7fdcf4889e70>
[2H][C@@](N)(CO)C(=O)O,2.03,train,<rdkit.Chem.rdchem.Mol object at 0x7fdcf4889f50>
CCCCCCCCCCCCNCCNCCNCC(=O)O,2.05,train,<rdkit.Chem.rdchem.Mol object at 0x7fdcf4889fc0>
NCCCNCCSP(=O)(O)O,2.06,test,<rdkit.Chem.rdchem.Mol object at 0x7fdcf488a030>
CCCc1c2oc(C(=O)O)cc(=O)c2cc2c(=O)cc(C(=O)O)n(CC)c12,2.06,test,<rdkit.Chem.rdchem.Mol object at 0x7fdcf488a0a0>
CC(N)(Cc1ccc(O)cc1)C(=O)O,2.06,train,<rdkit.Chem.rdchem.Mol object at 0x7fdcf488a110>
C[C@](N)(Cc1ccc(O)cc1)C(=O)O,2.06,train,<rdkit.Chem.rdchem.Mol object at 0x7fdcf488a1f0>
CCCc1c2oc(C(=O)[O-])cc(=O)c2cc2c(=O)cc(C(=O)[O-])n(CC)c12,2.06,train,<rdkit.Chem.rdchem.Mol object at 0x7fdcf488a260>
N[C@H](Cc1ccc(OC[18F])cc1)C(=O)O,2.06,train,<rdkit.Chem.rdchem.Mol object at 0x7fdcf488a2d0>
N[C@H](Cc1ccc(OCF)cc1)C(=O)O,2.06,train,<rdkit.Chem.rdchem.Mol object at 0x7fdcf488a340>
CN(C)c1ccc(NC(=O)NS(=O)(=O)c2ccc(Cl)cc2)cc1,2.1,train,<rdkit.Chem.rdchem.Mol object at 0x7fdcf488a420>
C=C1CS[C@H]([C@H](NC(=O)CCCC[C@@H](N)C(=O)O)C(=O)O)N=C1C(=O)O,2.1,train,<rdkit.Chem.rdchem.Mol object at 0x7fdcf488a490>
CNC(=O)C(CO)NC(=O)c1c(I)c(NC(=O)COC)c(I)c(C(=O)O)c1I,2.13,test,<rdkit.Chem.rdchem.Mol object at 0x7fdcf488a500>
CC(=O)Nc1c(I)c(C(=O)O)c(I)c(C(=O)NCCO)c1I,2.13,train,<rdkit.Chem.rdchem.Mol object at 0x7fdcf488a5e0>
CNC(=O)c1c(I)c(NC(C)=O)c(I)c(C(=O)[O-])c1I,2.13,train,<rdkit.Chem.rdchem.Mol object at 0x7fdcf488a6c0>
CNC(=O)c1c(I)c(NC(C)=O)c(I)c(C(=O)O)c1I.CNC[C@H](O)[C@@H](O)[C@H](O)[C@H](O)CO,2.13,train,<rdkit.Chem.rdchem.Mol object at 0x7fdcf488a730>
O=C(O)c1nc(=O)[nH]c(=O)[nH]1,2.14,train,<rdkit.Chem.rdchem.Mol object at 0x7fdcf488a7a0>
CC(=N)NCCSCC[C@H](N)C(=O)O,2.15,test,<rdkit.Chem.rdchem.Mol object at 0x7fdcf488a810>
NC(=O)CC[C@H](N)C(=O)O,2.15,train,<rdkit.Chem.rdchem.Mol object at 0x7fdcf488a880>
CC(=O)Nc1c(I)c(C(=O)O)c(I)c(N(C)C(C)=O)c1I,2.16,train,<rdkit.Chem.rdchem.Mol object at 0x7fdcf488a960>
CC(=O)Nc1c(I)c(C(=O)O)c(I)c(N(C)C(C)=O)c1I.CNC[C@H](O)[C@@H](O)[C@H](O)[C@H](O)CO,2.16,train,<rdkit.Chem.rdchem.Mol object at 0x7fdcf488a9d0>
CC(=O)Nc1c(I)c(NC(C)=O)c(I)c(C(=O)O)c1I,2.17,train,<rdkit.Chem.rdchem.Mol object at 0x7fdcf488ab20>
CCC(=O)Nc1c(I)c(NC(=O)CC)c(I)c(C(=O)O)c1I,2.17,train,<rdkit.Chem.rdchem.Mol object at 0x7fdcf488ab90>
CC(=O)Nc1c(I)c(NC(C)=O)c(I)c(C(=O)O)c1I.CNC[C@H](O)[C@@H](O)[C@H](O)[C@H](O)CO,2.17,train,<rdkit.Chem.rdchem.Mol object at 0x7fdcf488ac00>
CCN(C(C)=O)c1c(I)cc(I)c(OCCOC(C)C(=O)O)c1I,2.17,train,<rdkit.Chem.rdchem.Mol object at 0x7fdcf488ac70>
CC(=O)Nc1c(I)c(NC(=O)CO)c(I)c(C(=O)O)c1I,2.17,train,<rdkit.Chem.rdchem.Mol object at 0x7fdcf488ace0>
CC(=O)Nc1c(I)c(NC(C)=O)c(I)c(C(=O)[O-])c1I,2.17,train,<rdkit.Chem.rdchem.Mol object at 0x7fdcf488ad50>
CCCC(=O)Nc1c(I)cc(I)c(/C=C(\CC)C(=O)O)c1I,2.18,train,<rdkit.Chem.rdchem.Mol object at 0x7fdcf488adc0>
CCCC[S@](=N)(=O)CC[C@H](N)C(=O)O,2.18,train,<rdkit.Chem.rdchem.Mol object at 0x7fdcf488ae30>
C[N+](C)(CCO)CC(=O)[O-],2.19,test,<rdkit.Chem.rdchem.Mol object at 0x7fdcf488aea0>
NCCCC(N)(C(=O)O)C(F)F,2.19,train,<rdkit.Chem.rdchem.Mol object at 0x7fdcf488af10>
CC(C)c1cc(Oc2c(Br)cc(NC(=O)CC(=O)O)cc2Br)ccc1O,2.21,train,<rdkit.Chem.rdchem.Mol object at 0x7fdcf488b060>
C=Cc1cc(CC)c2oc(C(=O)O)cc(=O)c2c1O,2.22,train,<rdkit.Chem.rdchem.Mol object at 0x7fdcf488b0d0>
C/C=C(/C)C(=O)O[C@H]1C(C)=C2[C@H]([C@@H]1OC(=O)CCCCCCC)[C@@](C)(OC(C)=O)C[C@H](OC(=O)CCCCCCCCCCCNC(=O)C[C@H](N)C(=O)O)[C@@]1(O)[C@H]2OC(=O)[C@@]1(C)O,2.23,train,<rdkit.Chem.rdchem.Mol object at 0x7fdcf488b140>
C[S+](C)CC[C@H](N)C(=O)O,2.24,train,<rdkit.Chem.rdchem.Mol object at 0x7fdcf488b1b0>
O=C(O)Cc1cc(I)c(Oc2cc(I)c(O)c(I)c2)c(I)c1,2.25,train,<rdkit.Chem.rdchem.Mol object at 0x7fdcf488b220>
CCCCCCCCCCCCCCCC(=O)NCCC[N+](C)(C)CC(=O)[O-],2.25,train,<rdkit.Chem.rdchem.Mol object at 0x7fdcf488b290>
NC(=O)NCCC[C@H](N)C(=O)O,2.27,train,<rdkit.Chem.rdchem.Mol object at 0x7fdcf488b370>
NC(=O)NCCC[C@H](N)C(=O)O.O=C(O)CC(O)C(=O)O,2.27,train,<rdkit.Chem.rdchem.Mol object at 0x7fdcf488b450>
COc1cc(OC)c(/C=C/S(=O)(=O)Cc2ccc(OC)c(NCC(=O)O)c2)c(OC)c1,2.27,train,<rdkit.Chem.rdchem.Mol object at 0x7fdcf488b4c0>
COc1cc(OC)c(/C=C/S(=O)(=O)Cc2ccc(OC)c(NCC(=O)[O-])c2)c(OC)c1,2.27,train,<rdkit.Chem.rdchem.Mol object at 0x7fdcf488b5a0>
CC(=O)NCc1c(I)c(NC(C)=O)c(I)c(C(=O)O)c1I,2.28,train,<rdkit.Chem.rdchem.Mol object at 0x7fdcf488b610>
CC(=O)NCc1c(I)c(NC(C)=O)c(I)c(C(=O)O)c1I.CNC[C@H](O)[C@@H](O)[C@H](O)[C@H](O)CO,2.28,train,<rdkit.Chem.rdchem.Mol object at 0x7fdcf488b680>
C/C(=N\c1c(I)cc(I)c(C(=O)NCC(C)C(=O)O)c1I)N1CCOCC1,2.28,train,<rdkit.Chem.rdchem.Mol object at 0x7fdcf488b6f0>
O=C(O)/C=C\C(=O)Nc1ccc(S(=O)(=O)Nc2nccs2)cc1,2.28,train,<rdkit.Chem.rdchem.Mol object at 0x7fdcf488b7d0>
O=C(O)C(Cl)Cl,2.3,train,<rdkit.Chem.rdchem.Mol object at 0x7fdcf488b840>
O=C(O)Cc1cc(I)c(Oc2ccc(O)c(I)c2)c(I)c1,2.31,train,<rdkit.Chem.rdchem.Mol object at 0x7fdcf488b8b0>
NCC(=O)[O-].[Al+3],2.31,train,<rdkit.Chem.rdchem.Mol object at 0x7fdcf488b920>
CC(=O)Nc1c(I)cc(I)c(C(=O)O)c1I,2.33,train,<rdkit.Chem.rdchem.Mol object at 0x7fdcf488ba70>
COCCOCCOCCOCCOCC(=O)Nc1c(I)cc(I)c(C(=O)O)c1I,2.33,train,<rdkit.Chem.rdchem.Mol object at 0x7fdcf488bae0>
O=[N+]([O-])c1cc([N+](=O)[O-])c(O)c([N+](=O)[O-])c1,2.34,train,<rdkit.Chem.rdchem.Mol object at 0x7fdcf488bb50>
N[C@@H](CS)C(=O)O,2.35,train,<rdkit.Chem.rdchem.Mol object at 0x7fdcf488bbc0>
CC(C)(C[C@H](N)C(=O)O)C(F)F,2.35,train,<rdkit.Chem.rdchem.Mol object at 0x7fdcf488bd10>
N[C@@H](CSCCCO)C(=O)O,2.36,train,<rdkit.Chem.rdchem.Mol object at 0x7fdcf488bd80>
COc1ccc(C(=C(C#N)CCC(=O)O)c2ccc(OC)cc2)cc1,2.38,train,<rdkit.Chem.rdchem.Mol object at 0x7fdcf488bdf0>
O=C(O)CNC(=O)C1C(=O)N(C2CCCCC2)C(=O)N(C2CCCCC2)C1=O,2.38,train,<rdkit.Chem.rdchem.Mol object at 0x7fdcf488be60>
C[n+]1ccc(SCC2=C(C(=O)O)N3C(=O)[C@@H](NC(=O)/C(=N\OC(C)(C)C(=O)O)c4csc(N)n4)[C@H]3[S+]([O-])C2)cc1,2.39,train,<rdkit.Chem.rdchem.Mol object at 0x7fdcf488bed0>
N=C(N)NCCC[C@H](N)C(=O)O,2.41,train,<rdkit.Chem.rdchem.Mol object at 0x7fdcf488c040>
CCC(Cc1c(I)cc(I)c(O)c1I)C(=O)O,2.43,train,<rdkit.Chem.rdchem.Mol object at 0x7fdcf488c120>
CCCCc1cc2c(=O)cc(C(=O)O)[nH]c2c2c(=O)cc(C(=O)O)[nH]c12,2.43,train,<rdkit.Chem.rdchem.Mol object at 0x7fdcf488c190>
O=C(O)C(=O)Nc1cccc(-c2nnn[nH]2)c1,2.44,train,<rdkit.Chem.rdchem.Mol object at 0x7fdcf488c200>
c1ccc(Cn2ccnc2-c2nnn[nH]2)cc1,2.44,train,<rdkit.Chem.rdchem.Mol object at 0x7fdcf488c270>
CC(=N)NCCSC[C@](C)(N)C(=O)O,2.46,train,<rdkit.Chem.rdchem.Mol object at 0x7fdcf488c2e0>
Nc1nc(C(=O)N[C@H](CO)C(=O)O)c(N)nc1C(=O)N[C@H](CO)C(=O)O,2.46,train,<rdkit.Chem.rdchem.Mol object at 0x7fdcf488c350>
O=C(O)CCc1cc(I)c(Oc2ccc(O)c(I)c2)c(I)c1,2.47,train,<rdkit.Chem.rdchem.Mol object at 0x7fdcf488c3c0>
N[C@@H](Cc1ccccc1)C(=O)O,2.47,train,<rdkit.Chem.rdchem.Mol object at 0x7fdcf488c430>
CNC(=N)NCCC[C@H](N)C(=O)O,2.48,train,<rdkit.Chem.rdchem.Mol object at 0x7fdcf488c510>
CC(C)(O/N=C(\C(=O)N[C@@H]1C(=O)N2C(C(=O)[O-])=C(C[n+]3ccccc3)CS[C@H]12)c1csc(N)n1)C(=O)O,2.51,train,<rdkit.Chem.rdchem.Mol object at 0x7fdcf488c6d0>
CC(C)(O/N=C(\C(=O)N[C@@H]1C(=O)N2C(C(=O)[O-])=C(C[n+]3ccccc3)CS[C@H]12)c1csc(N)n1)C(=O)[O-],2.51,train,<rdkit.Chem.rdchem.Mol object at 0x7fdcf488c740>
CCCC(=O)Nc1c(I)cc(I)c(CC(CC)C(=O)O)c1I,2.52,train,<rdkit.Chem.rdchem.Mol object at 0x7fdcf488c7b0>
CC(C)NC(=O)c1ccc(C/N=[N+](/C)[O-])cc1,2.52,train,<rdkit.Chem.rdchem.Mol object at 0x7fdcf488c820>
CO/N=C(\C(=O)N[C@@H]1C(=O)N2C(C(=O)O)=C(CSC(=O)c3ccco3)CS[C@H]12)c1csc(N)n1,2.52,train,<rdkit.Chem.rdchem.Mol object at 0x7fdcf488c890>
CO/N=C(\C(=O)N[C@@H]1C(=O)N2C(C(=O)[O-])=C(CSC(=O)c3ccco3)CS[C@H]12)c1csc(N)n1,2.52,train,<rdkit.Chem.rdchem.Mol object at 0x7fdcf488c900>
CSCC[C@H](N)[11C](=O)O,2.53,test,<rdkit.Chem.rdchem.Mol object at 0x7fdcf488c970>
O=C(O)Cn1cc([125I])c(=O)c([125I])c1.OCCNCCO,2.53,test,<rdkit.Chem.rdchem.Mol object at 0x7fdcf488c9e0>
CSCCC(N)C(=O)O,2.53,train,<rdkit.Chem.rdchem.Mol object at 0x7fdcf488ca50>
CSCC[C@H](N)C(=O)O,2.53,train,<rdkit.Chem.rdchem.Mol object at 0x7fdcf488cac0>
O=C(O)Cn1cc(I)c(=O)c(I)c1.OCCNCCO,2.53,train,<rdkit.Chem.rdchem.Mol object at 0x7fdcf488cb30>
CC1(C)C[C@@H]1C(=O)N/C(=C\CCCCSC[C@H](N)C(=O)O)C(=O)O,2.53,train,<rdkit.Chem.rdchem.Mol object at 0x7fdcf488cba0>
O=C(O)Cn1cc([131I])c(=O)c([131I])c1.OCCNCCO,2.53,train,<rdkit.Chem.rdchem.Mol object at 0x7fdcf488cc10>
CC1(C)C[C@@H]1C(=O)N/C(=C\CCCCSC[C@H](N)C(=O)O)C(=O)[O-],2.53,train,<rdkit.Chem.rdchem.Mol object at 0x7fdcf488cc80>
N[C@@H](Cc1c[nH]c2ccccc12)C(=O)O,2.54,train,<rdkit.Chem.rdchem.Mol object at 0x7fdcf488ccf0>
Nc1nc(=O)c2c([nH]1)NCC(CNc1ccc(C(=O)N[C@@H](CCC(=O)O)C(=O)O)cc1)N2C=O,2.55,test,<rdkit.Chem.rdchem.Mol object at 0x7fdcf488cd60>
Nc1nc(=O)c2c([nH]1)NC[C@H](CNc1ccc(C(=O)N[C@@H](CCC(=O)[O-])C(=O)[O-])cc1)N2C=O,2.55,train,<rdkit.Chem.rdchem.Mol object at 0x7fdcf488cdd0>
Nc1nc(=O)c2c([nH]1)NCC(CNc1ccc(C(=O)N[C@@H](CCC(=O)[O-])C(=O)[O-])cc1)N2C=O,2.55,train,<rdkit.Chem.rdchem.Mol object at 0x7fdcf488ce40>
CC(C)(S)[C@@H](N)C(=O)O,2.56,train,<rdkit.Chem.rdchem.Mol object at 0x7fdcf488ceb0>
O=C(O)C(=O)Nc1ccc2c3c1C(=O)CC3CCC2,2.56,train,<rdkit.Chem.rdchem.Mol object at 0x7fdcf488cf20>
NS(=O)(=O)c1cc(C(=O)c2ccc(OCC(=O)O)c(Cl)c2Cl)ccc1Cl,2.56,train,<rdkit.Chem.rdchem.Mol object at 0x7fdcf488cf90>
Cn1cc(C[C@@H](N)C(=O)O)c2ccccc21,2.56,train,<rdkit.Chem.rdchem.Mol object at 0x7fdcf488d000>
COC(=O)[C@H](c1ccccc1)[C@H]1CCCCN1C(=O)OC[n+]1cccc(C(=O)N[C@@H](CO)C(=O)O)c1,2.56,train,<rdkit.Chem.rdchem.Mol object at 0x7fdcf488d070>
CN1c2c([nH]c(N)nc2=O)NC[C@@H]1CNc1ccc(C(=O)N[C@@H](CCC(=O)[O-])C(=O)[O-])cc1,2.56,train,<rdkit.Chem.rdchem.Mol object at 0x7fdcf488d0e0>
CN1c2c([nH]c(N)nc2=O)NC[C@@H]1CNc1ccc(C(=O)N[C@@H](CCC(=O)O)C(=O)O)cc1,2.56,train,<rdkit.Chem.rdchem.Mol object at 0x7fdcf488d150>
Nc1nc(/C(=N\O[C@H](C(=O)O)c2ccc(O)c(O)c2)C(=O)N[C@@H]2C(=O)N3C(C(=O)O)=CCS[C@H]23)cs1,2.58,test,<rdkit.Chem.rdchem.Mol object at 0x7fdcf488d1c0>
O=C(O)C1CSCN1,2.59,train,<rdkit.Chem.rdchem.Mol object at 0x7fdcf488d230>
Cc1cccn2c(=O)c(-c3nnn[n-]3)cnc12,2.6,train,<rdkit.Chem.rdchem.Mol object at 0x7fdcf488d380>
CCN(C(C)=O)c1c(I)cc(I)c(CCC(=O)O)c1I,2.61,train,<rdkit.Chem.rdchem.Mol object at 0x7fdcf488d3f0>
C=CC1=C(C(=O)O)N2C(=O)[C@@H](NC(=O)/C(=N\OCC(=O)O)c3csc(N)n3)[C@H]2SC1,2.62,test,<rdkit.Chem.rdchem.Mol object at 0x7fdcf488d460>
CCC(Cc1c(I)cc(I)c(N2CCCC2=O)c1I)C(=O)O,2.62,train,<rdkit.Chem.rdchem.Mol object at 0x7fdcf488d4d0>
CC1(C)CCC(C)(C)c2c1cc(C(=O)Nc1cc(F)c(C(=O)O)c(F)c1)c(O)c2Cl,2.62,train,<rdkit.Chem.rdchem.Mol object at 0x7fdcf488d540>
CCO/N=C(\C(=O)N[C@@H]1C(=O)N2C(C(=O)[O-])=C(Sc3nc(-c4cc[n+](C)cc4)cs3)CS[C@H]12)c1nsc(N)n1,2.62,train,<rdkit.Chem.rdchem.Mol object at 0x7fdcf488d5b0>
CSc1ccc2ncn(/C=C/C(=O)O)c(=O)c2c1,2.63,train,<rdkit.Chem.rdchem.Mol object at 0x7fdcf488d620>
O=C(O)c1cc(=O)[nH]c(=O)[nH]1,2.64,train,<rdkit.Chem.rdchem.Mol object at 0x7fdcf488d690>
CC(C)C[C@H](N[C@@H](Cc1cncn1Cc1cc(Cl)cc(Cl)c1)C(=O)O)C(=O)O,2.64,train,<rdkit.Chem.rdchem.Mol object at 0x7fdcf488d700>
CC[C@@H](C(=O)[C@@H](C)[C@@H](O)[C@H](C)CCc1ccc(C)c(O)c1C(=O)O)[C@H]1O[C@](CC)([C@H]2CC[C@](O)(CC)[C@H](C)O2)C[C@@H]1C,2.64,train,<rdkit.Chem.rdchem.Mol object at 0x7fdcf488d770>
O=C(O)CNC(=O)c1ccccc1I,2.65,train,<rdkit.Chem.rdchem.Mol object at 0x7fdcf488d7e0>
O=C(O)c1cc(-n2c(-c3ccccc3)cc3c2CCc2ccccc2-3)ccc1O,2.65,train,<rdkit.Chem.rdchem.Mol object at 0x7fdcf488d850>
CCc1ccc(I)c(CC)c1NC(=O)CN(CC(=O)O)CC(=O)O,2.65,train,<rdkit.Chem.rdchem.Mol object at 0x7fdcf488d8c0>
Cc1cccnc1NS(=O)(=O)c1ccc(C#Cc2ccc(O)c(C(=O)O)c2)cc1,2.65,train,<rdkit.Chem.rdchem.Mol object at 0x7fdcf488d930>
COc1ccc(/C=N/NC(=O)c2ccncc2)c(C(=O)O)c1OC,2.65,train,<rdkit.Chem.rdchem.Mol object at 0x7fdcf488d9a0>
COc1ccc2c(c1)CN(C(=O)C(=O)O)CCS2,2.65,train,<rdkit.Chem.rdchem.Mol object at 0x7fdcf488da10>
COc1ccc2c(c1)CN(C(=O)C(=O)[O-])CCS2,2.65,train,<rdkit.Chem.rdchem.Mol object at 0x7fdcf488daf0>
CC(C)=CCSC[C@H](N)C(=O)O,2.66,train,<rdkit.Chem.rdchem.Mol object at 0x7fdcf488db60>
CO/N=C(\C(=O)N[C@@H]1C(=O)N2C(C(=O)O)=CCS[C@H]12)c1csc(N)n1,2.66,train,<rdkit.Chem.rdchem.Mol object at 0x7fdcf488dbd0>
O=C(O)CNC(=O)c1ncc(C#CCOc2ccc(Cl)cc2)cc1O,2.66,train,<rdkit.Chem.rdchem.Mol object at 0x7fdcf488dcb0>
CCCc1c2c(cc3c(=O)cc(C(=O)O)oc13)CCCC2,2.67,test,<rdkit.Chem.rdchem.Mol object at 0x7fdcf488dd20>
CO/N=C(\C(=O)N[C@@H]1C(=O)N2C(C(=O)[O-])=C(C[n+]3cccc4c3CCC4)CS[C@H]12)c1csc(N)n1,2.67,test,<rdkit.Chem.rdchem.Mol object at 0x7fdcf488dd90>
Cc1cccc(Nc2cc(Cl)nc(SCC(=O)O)n2)c1C,2.67,train,<rdkit.Chem.rdchem.Mol object at 0x7fdcf488de00>
NCCC[C@H](N)C(=O)O.O=C(O)CCC(=O)C(=O)O,2.67,train,<rdkit.Chem.rdchem.Mol object at 0x7fdcf488dee0>
N[C@@H](Cc1cccc(N(CCCl)CCCl)c1)C(=O)O,2.67,train,<rdkit.Chem.rdchem.Mol object at 0x7fdcf488dfc0>
NCCC[C@H](N)C(=O)O.O=C(O)Cc1ccccc1,2.67,train,<rdkit.Chem.rdchem.Mol object at 0x7fdcf488e030>
CCOc1ccccc1C(=O)N/N=C(\C)C(=O)O,2.68,train,<rdkit.Chem.rdchem.Mol object at 0x7fdcf488e0a0>
O=C(Cn1cnnn1)N[C@@H]1C(=O)N2C(C(=O)O)=C(CSc3nncs3)CS[C@H]12,2.69,test,<rdkit.Chem.rdchem.Mol object at 0x7fdcf488e110>
O=C(O)c1cc(-c2ccc(F)cc2F)ccc1O,2.69,train,<rdkit.Chem.rdchem.Mol object at 0x7fdcf488e180>
CC1(c2ccccc2)OC(C(=O)O)=CC1=O,2.69,train,<rdkit.Chem.rdchem.Mol object at 0x7fdcf488e1f0>
Nc1nc(/C(=N/O)C(=O)N[C@@H]2C(=O)N3C(C(=O)O)=C(SCSc4cnn[nH]4)CS[C@H]23)cs1,2.69,train,<rdkit.Chem.rdchem.Mol object at 0x7fdcf488e260>
Cn1c(N)c(NC(=O)NCCN)c[n+]1CC1=C(C(=O)O)N2C(=O)[C@@H](NC(=O)/C(=N\OC(C)(C)C(=O)O)c3nsc(N)n3)[C@H]2SC1,2.69,train,<rdkit.Chem.rdchem.Mol object at 0x7fdcf488e340>
CC(C)(O/N=C(\C(=O)N[C@@H]1C(=O)N2C(C(=O)[O-])=C(C[N+]3(CCNC(=O)c4ccc(O)c(O)c4Cl)CCCC3)CS[C@H]12)c1csc(N)n1)C(=O)O,2.69,train,<rdkit.Chem.rdchem.Mol object at 0x7fdcf488e3b0>
Cn1c(=N)c(NC(=O)NCCN)cn1CC1=C(C(=O)O)N2C(=O)[C@@H](NC(=O)/C(=N\OC(C)(C)C(=O)O)c3nsc(N)n3)[C@H]2SC1,2.69,train,<rdkit.Chem.rdchem.Mol object at 0x7fdcf488e420>
CN1c2c([nH]c(N)nc2=O)NCC1CCNc1ccc(C(=O)N[C@@H](CCC(=O)O)C(=O)O)cc1,2.69,train,<rdkit.Chem.rdchem.Mol object at 0x7fdcf488e490>
O=S([O-])([O-])=S,2.7,train,<rdkit.Chem.rdchem.Mol object at 0x7fdcf488e570>
Nc1c(I)cc(I)c(C(=O)N(CCC(=O)O)c2ccccc2)c1I,2.7,train,<rdkit.Chem.rdchem.Mol object at 0x7fdcf488e5e0>
O=S(O)(O)=S,2.7,train,<rdkit.Chem.rdchem.Mol object at 0x7fdcf488e650>
Nc1ccc(C(=O)NCC(=O)[O-])cc1,2.7,train,<rdkit.Chem.rdchem.Mol object at 0x7fdcf488e6c0>
COc1ccc(S(=O)(=O)N[C@@H](CNc2nc(C)nc(N3CCC(c4ccc5c(n4)NCCC5)CC3)c2C)C(=O)O)cc1,2.7,train,<rdkit.Chem.rdchem.Mol object at 0x7fdcf488e7a0>
CO/N=C(\C(=O)N[C@@H]1C(=O)N2C(C(=O)O)=C(CSc3nc(=O)c(O)nn3C)CS[C@H]12)c1csc(N)n1,2.72,test,<rdkit.Chem.rdchem.Mol object at 0x7fdcf488e810>
CO/N=C(\C(=O)N[C@@H]1C(=O)N2C(C(=O)O)=C(C)CS[C@H]12)c1csc(N)n1,2.72,test,<rdkit.Chem.rdchem.Mol object at 0x7fdcf488e880>
CO/N=C(\C(=O)N[C@@H]1C(=O)N2C(C(=O)[O-])=C(C[n+]3cccc4c3CCCC4)CS[C@H]12)c1csc(N)n1,2.72,train,<rdkit.Chem.rdchem.Mol object at 0x7fdcf488e9d0>
CO/N=C(\C(=O)N[C@@H]1C(=O)N2C(C(=O)O)=C(C[n+]3cccc4c3CCCC4)CS[C@H]12)c1csc(N)n1,2.72,train,<rdkit.Chem.rdchem.Mol object at 0x7fdcf488ea40>
Cc1nnc(SCC2=C(C(=O)O)N3C(=O)[C@@H](NC(=O)[C@H](N)c4ccc(O)cc4)[C@H]3SC2)s1,2.72,train,<rdkit.Chem.rdchem.Mol object at 0x7fdcf488eab0>
C=CC1=C(C(=O)O)N2C(=O)[C@@H](NC(=O)/C(=N\O)c3csc(N)n3)[C@H]2SC1,2.73,train,<rdkit.Chem.rdchem.Mol object at 0x7fdcf488ec70>
CO/N=C(\C(=O)N[C@@H]1C(=O)N2C(C(=O)[O-])=C(COC(C)=O)CS[C@H]12)c1csc(N)n1,2.73,train,<rdkit.Chem.rdchem.Mol object at 0x7fdcf488ece0>
CO/N=C(\C(=O)N[C@H]1C(=O)N2C(C(=O)O)=C(CSc3nnnn3C)CS[C@H]12)c1csc(N)n1,2.73,train,<rdkit.Chem.rdchem.Mol object at 0x7fdcf488ed50>
NCCCC[C@H](N)C(=O)O,2.74,train,<rdkit.Chem.rdchem.Mol object at 0x7fdcf488edc0>
CC(=O)N(CC(C)C(=O)O)c1c(I)cc(I)c(N)c1I,2.74,train,<rdkit.Chem.rdchem.Mol object at 0x7fdcf488ee30>
C[C@@H]1C[C@H](C)CN(S(=O)(=O)c2ccc(Cl)c(C(=O)O)c2)C1,2.74,train,<rdkit.Chem.rdchem.Mol object at 0x7fdcf488eea0>
CCOC(=O)CSCCC1NC(C(=O)O)CS1,2.74,train,<rdkit.Chem.rdchem.Mol object at 0x7fdcf488ef10>
NCc1ccccc1CC(=O)N[C@@H]1C(=O)N2C(C(=O)O)=C(CSc3nnnn3CC(=O)O)CS[C@H]12,2.75,train,<rdkit.Chem.rdchem.Mol object at 0x7fdcf488ef80>
COCC1=C(C(=O)O)N2C(=O)[C@@H](NC(=O)/C(=N\OC)c3csc(N)n3)[C@H]2SC1,2.75,train,<rdkit.Chem.rdchem.Mol object at 0x7fdcf488f060>
O=C(O)C1=Cc2cc(OC(F)(F)F)ccc2OC1C(F)(F)F,2.75,train,<rdkit.Chem.rdchem.Mol object at 0x7fdcf488f0d0>
NC(CO)(CO)CO.O=C(O)C1=Cc2cc(OC(F)(F)F)ccc2OC1C(F)(F)F,2.75,train,<rdkit.Chem.rdchem.Mol object at 0x7fdcf488f1b0>
C[C@H](N[C@@H](CCc1ccccc1)C(=O)O)C(=O)N1N=C(C(C)(C)C)S[C@H]1C(=O)O,2.76,train,<rdkit.Chem.rdchem.Mol object at 0x7fdcf488f220>
O=C(O)CNC(=O)c1ccc(/N=N/c2ccc(O)c(C(=O)O)c2)cc1,2.77,train,<rdkit.Chem.rdchem.Mol object at 0x7fdcf488f290>
CC(C)(C)C(=O)Oc1ccc(S(=O)(=O)Nc2ccccc2C(=O)NCC(=O)O)cc1,2.77,train,<rdkit.Chem.rdchem.Mol object at 0x7fdcf488f300>
O=C(O)C(O)C(O)C(=O)Oc1cccnc1,2.77,train,<rdkit.Chem.rdchem.Mol object at 0x7fdcf488f370>
CSCC[C@H](N)C(=O)N[C@@]1(C(=O)O)CS(=O)(=O)[C@H]2[C@H](C(=O)O)[C@H]21,2.77,train,<rdkit.Chem.rdchem.Mol object at 0x7fdcf488f450>
O=C(O)CC[C@H](NP(=O)(O)OCCC[C@H](NC(=O)CC[C@H](NC(=O)CCCCCNC(=O)c1ccc(F)cc1)C(=O)O)C(=O)O)C(=O)O,2.77,train,<rdkit.Chem.rdchem.Mol object at 0x7fdcf488f4c0>
CC(C)Cc1ccc(-c2nc(-c3ccc(CN4CC(C(=O)O)C4)c(F)c3)no2)cc1,2.77,train,<rdkit.Chem.rdchem.Mol object at 0x7fdcf488f530>
CO/N=C(/C(=O)N[C@@H]1C(=O)N2C(C(=O)[O-])=C(C[n+]3ccc(N)n3CCO)CS[C@H]12)c1csc(N)n1,2.78,train,<rdkit.Chem.rdchem.Mol object at 0x7fdcf488f610>
O=C(O)c1ccccc1O,2.79,train,<rdkit.Chem.rdchem.Mol object at 0x7fdcf488f680>
CC(C)C[C@H](N)C(=O)O,2.79,train,<rdkit.Chem.rdchem.Mol object at 0x7fdcf488f760>
CC[C@H](C)[C@H](N)C(=O)O,2.79,train,<rdkit.Chem.rdchem.Mol object at 0x7fdcf488f7d0>
CCCC[C@H](N)C(=O)O,2.79,train,<rdkit.Chem.rdchem.Mol object at 0x7fdcf488f840>
O=C(O)c1cc(Cl)c2c(c1O)CCC2,2.79,train,<rdkit.Chem.rdchem.Mol object at 0x7fdcf488f8b0>
CCCCC(C)[C@H](O)/C=C/[C@@H]1[C@H]2C/C(=C(\C#N)CCCC(=O)O)O[C@H]2C[C@H]1O,2.79,train,<rdkit.Chem.rdchem.Mol object at 0x7fdcf488f990>
COc1ccc(-c2cc(=O)c3c(OC)cc(OCC(=O)O)cc3o2)cc1OC,2.79,train,<rdkit.Chem.rdchem.Mol object at 0x7fdcf488fa00>
Cc1c(Cn2c(C)nc3c(C(=O)O)cc(N4CCOCC4)cc32)cccc1C(F)(F)F,2.79,train,<rdkit.Chem.rdchem.Mol object at 0x7fdcf488fa70>
Cc1cccc(C(=O)O)c1O,2.8,train,<rdkit.Chem.rdchem.Mol object at 0x7fdcf488fc30>
CC(C)(C)c1cc(C(C)(C)C)c2oc(C(=O)O)cc(=O)c2c1,2.8,train,<rdkit.Chem.rdchem.Mol object at 0x7fdcf488fca0>
CO/N=C(/C(=O)N[C@@H]1C(=O)N2C(C(=O)O)=C([C@@H]3CCCO3)CS[C@H]12)c1csc(N)n1,2.8,train,<rdkit.Chem.rdchem.Mol object at 0x7fdcf488fdf0>
Cc1cc(C)c(NC(=O)CN(CC(=O)O)CC(=O)O)c(C)c1Br,2.81,train,<rdkit.Chem.rdchem.Mol object at 0x7fdcf488fe60>
O=C(O)/C=C/c1nc(CSc2c(Cl)cccc2Cl)ccc1OCCc1ccccc1,2.81,train,<rdkit.Chem.rdchem.Mol object at 0x7fdcf488ff40>
CO[C@@]1(NC(=O)C(C(=O)[O-])c2ccc(O)cc2)C(=O)N2C(C(=O)[O-])=C(CSc3nnnn3C)CO[C@@H]21,2.81,train,<rdkit.Chem.rdchem.Mol object at 0x7fdcf4890040>
CO/N=C(\C(=O)N[C@@H]1C(=O)N2C(C(=O)[O-])=C(C[N+]3(C)CCCC3)CS[C@H]12)c1csc(N)n1,2.82,test,<rdkit.Chem.rdchem.Mol object at 0x7fdcf48900b0>
CO/N=C(\C(=O)N[C@@H]1C(=O)N2C(C(=O)O)=C(C[N+]3(C)CCCC3)CS[C@H]12)c1csc(N)n1,2.82,test,<rdkit.Chem.rdchem.Mol object at 0x7fdcf4890120>
CC(C)(O/N=C(\C(=O)NC1CN(C(=O)NS(=O)(=O)N2CCN(NC(=O)c3cc(=O)c(O)c[nH]3)C2=O)C1=O)c1csc(N)n1)C(=O)O,2.82,train,<rdkit.Chem.rdchem.Mol object at 0x7fdcf4890190>
O=C(O)C(Cc1cc(I)c(O)c(I)c1)c1ccccc1,2.83,train,<rdkit.Chem.rdchem.Mol object at 0x7fdcf4890200>
N[C@@H](C(=O)N[C@@H]1C(=O)N2C(C(=O)O)=C(Cl)CS[C@H]12)c1ccccc1,2.83,train,<rdkit.Chem.rdchem.Mol object at 0x7fdcf4890270>
Cc1nnc(SCC2=C(C(=O)[O-])N3C(=O)[C@@H](NC(=O)Cn4cnnn4)[C@H]3SC2)s1,2.84,train,<rdkit.Chem.rdchem.Mol object at 0x7fdcf4890430>
O=C(Cc1cccs1)N[C@@H]1C(=O)N2C(C(=O)O)=C(/C=C/c3ccc([N+](=O)[O-])cc3[N+](=O)[O-])CS[C@H]12,2.84,train,<rdkit.Chem.rdchem.Mol object at 0x7fdcf48904a0>
CCC(Cc1c(I)cc(I)c(N)c1I)C(=O)O,2.85,train,<rdkit.Chem.rdchem.Mol object at 0x7fdcf4890510>
Nc1nc(/C(=C/CC(=O)O)C(=O)N[C@@H]2C(=O)N3C(C(=O)O)=CCS[C@H]23)cs1,2.85,train,<rdkit.Chem.rdchem.Mol object at 0x7fdcf4890580>
CO/N=C(\C(=O)N[C@@H]1C(=O)N2C(C(=O)O)=C(/C=C/Sc3n[nH]c(=O)c(=O)n3CC=O)CS[C@H]12)c1csc(N)n1,2.85,train,<rdkit.Chem.rdchem.Mol object at 0x7fdcf48905f0>
Cn1c(=O)oc2cc(-n3cc(C(=O)O)c(=O)n([C@@H]4CCc5c4cccc5C(F)(F)F)c3=O)ccc21,2.85,train,<rdkit.Chem.rdchem.Mol object at 0x7fdcf4890660>
C[C@@]1(Cn2ccnn2)[C@H](C(=O)O)N2C(=O)C[C@H]2S1(=O)=O,2.86,train,<rdkit.Chem.rdchem.Mol object at 0x7fdcf48906d0>
C[C@]1(Cn2ccnn2)[C@H](C(=O)[O-])N2C(=O)C[C@H]2S1(=O)=O,2.86,train,<rdkit.Chem.rdchem.Mol object at 0x7fdcf4890740>
O=C(Nc1ccc(C(=O)O)c(O)c1)c1ccccc1,2.87,train,<rdkit.Chem.rdchem.Mol object at 0x7fdcf48907b0>
O=C(O)C1N=C(c2ccccc2)c2cc([N+](=O)[O-])ccc2NC1=O,2.87,train,<rdkit.Chem.rdchem.Mol object at 0x7fdcf4890820>
O=C(Nc1nnn[nH]1)c1cc(Oc2ccccc2)c2ccccn2c1=O,2.88,train,<rdkit.Chem.rdchem.Mol object at 0x7fdcf4890900>
O=C(O)c1cc(-c2ccc([N+](=O)[O-])o2)c2ccccc2[n+]1[O-],2.88,train,<rdkit.Chem.rdchem.Mol object at 0x7fdcf4890970>
C[C@H]1C=C(c2csc(SC3=C(C(=O)O)N4C(=O)[C@H]([C@@H](C)O)[C@H]4[C@H]3C)n2)CN1,2.88,train,<rdkit.Chem.rdchem.Mol object at 0x7fdcf48909e0>
CC(=O)NS(=O)(=O)c1ccc(NC(=O)c2ccccc2C(=O)O)cc1,2.89,test,<rdkit.Chem.rdchem.Mol object at 0x7fdcf4890a50>
NC(=O)c1cc[n+](CC2=C(C(=O)[O-])N3C(=O)[C@@H](NC(=O)Cc4cccs4)[C@H]3SC2)cc1,2.89,train,<rdkit.Chem.rdchem.Mol object at 0x7fdcf4890ac0>
O=C(NCO)NS(=O)(=O)c1ccc(NC(=O)c2ccccc2C(=O)O)cc1,2.89,train,<rdkit.Chem.rdchem.Mol object at 0x7fdcf4890b30>
CN1CCN=C1c1cccc(Oc2nc(Oc3cc(C(=N)N)ccc3O)c(F)c(N(C)CC(=O)O)c2F)c1,2.9,train,<rdkit.Chem.rdchem.Mol object at 0x7fdcf4890c10>
CC(C)c1cc(C(C)C)c(CC(=O)NS(=O)(=O)Oc2c(C(C)C)cccc2C(C)C)c(C(C)C)c1,2.9,train,<rdkit.Chem.rdchem.Mol object at 0x7fdcf4890c80>
CN(C)c1nc(Cc2ccc(NC(=O)c3ccc(C(F)(F)F)cc3)cc2)nc(N(C)C)c1CC(=O)O,2.9,train,<rdkit.Chem.rdchem.Mol object at 0x7fdcf4890cf0>
O=C(O)c1ccccc1C(=O)Nc1ccc(S(=O)(=O)Nc2nccs2)cc1,2.91,train,<rdkit.Chem.rdchem.Mol object at 0x7fdcf4890dd0>
C=C(C)[C@@H]1CCC(C)=C[C@H]1c1c(O)cc(CCCCC)c(C(=O)O)c1O,2.91,train,<rdkit.Chem.rdchem.Mol object at 0x7fdcf4890eb0>
N[C@@H](C(=O)N[C@@H]1C(=O)N2C(C(=O)O)=C(CSc3c[nH]nn3)CS[C@H]12)c1ccc(O)cc1,2.92,test,<rdkit.Chem.rdchem.Mol object at 0x7fdcf4890f20>
CO/N=C(\C(=O)N[C@@H]1C(=O)N(OCC(=O)O)[C@H]1C)c1csc(N)n1,2.92,test,<rdkit.Chem.rdchem.Mol object at 0x7fdcf4890f90>
O=C(O)c1cc(N=Nc2ccc(O)c(C(=O)O)c2)ccc1O,2.93,train,<rdkit.Chem.rdchem.Mol object at 0x7fdcf4891000>
N[C@@H](C(=O)N[C@@H]1C(=O)N2C(C(=O)O)=C(Cl)CC[C@H]12)c1ccccc1,2.93,train,<rdkit.Chem.rdchem.Mol object at 0x7fdcf48910e0>
O=C([O-])c1cc(/N=N/c2ccc(O)c(C(=O)[O-])c2)ccc1O,2.93,train,<rdkit.Chem.rdchem.Mol object at 0x7fdcf4891150>
Cc1nnc(SCC2=C(C(=O)O)N3C(=O)[C@@H](NC(=O)[C@H](O)c4ccccc4)[C@H]3SC2)s1,2.94,train,<rdkit.Chem.rdchem.Mol object at 0x7fdcf48911c0>
CC/C=C(\C(=O)N[C@@H]1C(=O)N2C(C(=O)O)=C(COC(N)=O)CS[C@H]12)c1csc(N)n1,2.94,train,<rdkit.Chem.rdchem.Mol object at 0x7fdcf4891230>
CN(C(=O)CCCC(=O)O)c1c(I)cc(I)c(N)c1I,2.95,train,<rdkit.Chem.rdchem.Mol object at 0x7fdcf48912a0>
CC(=O)N[C@@H]([C@@H](O)[C@H](O)[C@H](O)CO)[C@@H](O)CC(=O)C(=O)O,2.95,train,<rdkit.Chem.rdchem.Mol object at 0x7fdcf4891380>
COc1cccc(OC)c1C(=O)N[C@@H]1C(=O)N2[C@@H]1SC(C)(C)[C@@H]2C(=O)O,2.96,train,<rdkit.Chem.rdchem.Mol object at 0x7fdcf48913f0>
C[C@H](N[C@@H](CCc1ccccc1)C(=O)O)C(=O)N1CC2(C[C@H]1C(=O)O)SCCS2,2.96,train,<rdkit.Chem.rdchem.Mol object at 0x7fdcf4891460>
CO/N=C(\C(=O)N[C@@H]1C(=O)N2C(C(=O)O)=C(COC(N)=O)CS[C@H]12)c1ccco1,2.96,train,<rdkit.Chem.rdchem.Mol object at 0x7fdcf48914d0>
CO/N=C(\C(=O)N[C@@H]1C(=O)N2C(C(=O)[O-])=C(COC(N)=O)CS[C@H]12)c1ccco1,2.96,train,<rdkit.Chem.rdchem.Mol object at 0x7fdcf48915b0>
O=C(O)C1(Sc2ccnc3ccc(Br)cc23)CCC1,2.96,train,<rdkit.Chem.rdchem.Mol object at 0x7fdcf4891700>
Cc1cc(=O)oc2cc(O)c(OCC(=O)O)cc12,2.98,train,<rdkit.Chem.rdchem.Mol object at 0x7fdcf48918c0>
C[C@H](N[C@@H](CCc1ccccc1)C(=O)O)C(=O)N1C(=O)N(C)C[C@H]1C(=O)O,2.98,train,<rdkit.Chem.rdchem.Mol object at 0x7fdcf4891930>
CC(C)(C(=O)O)c1cn2nc(NCCCN3CCC(OC(c4ccccc4)c4ccccc4)CC3)ccc2n1,2.98,train,<rdkit.Chem.rdchem.Mol object at 0x7fdcf48919a0>
CN(C)CC(=O)OC[C@@H](O)[C@@H](O)[C@H](O)[C@@H](O)C(=O)O,2.98,train,<rdkit.Chem.rdchem.Mol object at 0x7fdcf4891a10>
CC1(C)S[C@@H]2[C@H](NC(=O)c3nc4ccccc4nc3C(=O)O)C(=O)N2[C@H]1C(=O)O,2.99,test,<rdkit.Chem.rdchem.Mol object at 0x7fdcf4891a80>
O=C(O)CN1CCN(CC(=O)O)CCN(C(CO)C(O)CO)CCN(CC(=O)O)CC1,2.99,train,<rdkit.Chem.rdchem.Mol object at 0x7fdcf4891af0>
CO/N=C(\C(=O)N[C@@H]1C(=O)N2C(C(=O)O)=C(COC(C)=O)CS[C@H]12)c1ccco1,2.99,train,<rdkit.Chem.rdchem.Mol object at 0x7fdcf4891b60>
Cn1c(CNc2ccc(C(=N)N)cc2)nc2cc([C@@](C)(NCC(=O)O)C(=O)N3CCCC3)ccc21,2.99,train,<rdkit.Chem.rdchem.Mol object at 0x7fdcf4891bd0>
O=C(O)CC[C@H](NC(=O)N[C@@H](CCCCNC(=O)c1ccc([18F])nc1)C(=O)O)C(=O)O,2.99,train,<rdkit.Chem.rdchem.Mol object at 0x7fdcf4891c40>
O=C(O)CC[C@H](NC(=O)N[C@@H](CCCCNC(=O)c1ccc(F)nc1)C(=O)O)C(=O)O,2.99,train,<rdkit.Chem.rdchem.Mol object at 0x7fdcf4891cb0>
CC(=O)N[C@H]1[C@H]([C@@H](O)[C@@H](O)CO)O[C@@](O)(C(=O)O)C[C@@H]1O,3.0,test,<rdkit.Chem.rdchem.Mol object at 0x7fdcf4891d20>
Cc1nnc(SCC2=C(C(=O)O)N3C(=O)[C@@H](NC(=O)Cn4cc(Cl)c(=O)c(Cl)c4)[C@H]3SC2)s1,3.0,train,<rdkit.Chem.rdchem.Mol object at 0x7fdcf4891d90>
COc1ccc2c3c1O[C@H]1/C(=N/OCC(=O)O)CC[C@H]4[C@@H](C2)N(C)CC[C@]314,3.0,train,<rdkit.Chem.rdchem.Mol object at 0x7fdcf4891e00>
Nc1nc(/C(=N/O)C(=O)N[C@@H]2C(=O)N3C(C(=O)O)=C(/C=C4\CCN([C@@H]5CCNC5)C4=O)CS[C@H]23)ns1,3.0,train,<rdkit.Chem.rdchem.Mol object at 0x7fdcf4891e70>
NCCCC[C@H](N[C@H]1CCc2ccccc2N(CC(=O)O)C1=O)C(=O)O,3.01,train,<rdkit.Chem.rdchem.Mol object at 0x7fdcf4891ee0>
CC(=O)N[C@@H](CC(=O)N[C@@H](CCC(=O)O)C(=O)O)C(=O)O,3.01,train,<rdkit.Chem.rdchem.Mol object at 0x7fdcf4891f50>
C[C@@H]1Cc2c([nH]c3ccccc23)[C@@H](c2c(F)cc(/C=C/C(=O)O)cc2F)N1CC(C)(C)F,3.01,train,<rdkit.Chem.rdchem.Mol object at 0x7fdcf4891fc0>
CC1=CC(=O)NS(=O)(=O)O1,3.02,train,<rdkit.Chem.rdchem.Mol object at 0x7fdcf4892030>
Nc1ccc(S(=O)(=O)c2ccc(NCC(=O)O)cc2)cc1,3.02,train,<rdkit.Chem.rdchem.Mol object at 0x7fdcf48920a0>
CCCCN(CCCC)C(=O)CN1C[C@H](c2ccc3c(c2)OCO3)[C@@H](C(=O)O)[C@@H]1c1ccc(OC)cc1,3.02,train,<rdkit.Chem.rdchem.Mol object at 0x7fdcf4892110>
CC1=CC(=O)[N-]S(=O)(=O)O1,3.02,train,<rdkit.Chem.rdchem.Mol object at 0x7fdcf4892180>
Nc1ccc(S(=O)(=O)c2ccc(NCC(=O)[O-])cc2)cc1,3.02,train,<rdkit.Chem.rdchem.Mol object at 0x7fdcf48921f0>
O=C(O)c1ccc2c(c1)nc(Nc1cccc(Cl)c1)c1ccncc12,3.02,train,<rdkit.Chem.rdchem.Mol object at 0x7fdcf4892260>
CCCCCCO[C@@H](C)c1cccc(-c2csc(NC(=O)c3cc(Cl)c(/C=C(\C)C(=O)O)c(Cl)c3)n2)c1OC,3.02,train,<rdkit.Chem.rdchem.Mol object at 0x7fdcf48922d0>
CO[C@@]1(NC(=O)C2SC(=C(C(N)=O)C(=O)O)S2)C(=O)N2C(C(=O)O)=C(CSc3nnnn3C)CS[C@@H]21,3.03,train,<rdkit.Chem.rdchem.Mol object at 0x7fdcf4892340>
O=C(O)Cn1c(=O)c(=O)[nH]c2cc([N+](=O)[O-])c(-n3ccnc3)cc21,3.03,train,<rdkit.Chem.rdchem.Mol object at 0x7fdcf48923b0>
CO[C@@]1(NC(=O)C2SC(=C(C(N)=O)C(=O)[O-])S2)C(=O)N2C(C(=O)[O-])=C(CSc3nnnn3C)CS[C@@H]21,3.03,train,<rdkit.Chem.rdchem.Mol object at 0x7fdcf4892420>
CC(=O)N[C@@H](CSC(=O)c1ccccc1OC(C)=O)C(=O)O,3.03,train,<rdkit.Chem.rdchem.Mol object at 0x7fdcf4892490>
O=C(O)CC[C@H](NC(=O)N[C@@H](CCCCNCc1ccc(I)cc1)C(=O)O)C(=O)O,3.03,train,<rdkit.Chem.rdchem.Mol object at 0x7fdcf4892500>
O=C(O)CC[C@H](NC(=O)N[C@@H](CCCCNCc1ccc([123I])cc1)C(=O)O)C(=O)O,3.03,train,<rdkit.Chem.rdchem.Mol object at 0x7fdcf4892570>
COc1ccc(CCOC(c2ccccc2)(c2ccccc2)[C@H](Oc2nc(C)cc(C)n2)C(=O)O)cc1OC,3.04,train,<rdkit.Chem.rdchem.Mol object at 0x7fdcf48925e0>
CC1(C)OC[C@@H]2O[C@@]3(C(=O)O)OC(C)(C)O[C@H]3[C@@H]2O1,3.05,test,<rdkit.Chem.rdchem.Mol object at 0x7fdcf4892650>
O=C(O)CC(O)(CC(=O)O)C(=O)O,3.05,train,<rdkit.Chem.rdchem.Mol object at 0x7fdcf48926c0>
CC(C)(C)c1ccc(CN(Cc2cccc(OCC(=O)O)c2)S(=O)(=O)c2cccnc2)cc1,3.05,train,<rdkit.Chem.rdchem.Mol object at 0x7fdcf4892730>
C#CCN(c1ccc(C(=O)N[C@@H](CCC(=O)N[C@H](CCC(=O)O)C(=O)O)C(=O)O)cc1)[C@H]1CCc2cc3nc(CO)[nH]c(=O)c3cc21,3.05,train,<rdkit.Chem.rdchem.Mol object at 0x7fdcf48927a0>
CC1(c2ccccc2)Cc2cc(OCC(=O)O)c(Cl)c(Cl)c2C1=O,3.06,train,<rdkit.Chem.rdchem.Mol object at 0x7fdcf4892880>
O=C(O)CCNC(=O)c1ccc(/N=N/c2ccc(O)c(C(=O)O)c2)cc1,3.06,train,<rdkit.Chem.rdchem.Mol object at 0x7fdcf48928f0>
CCCCCCCCCCCCCCCCCC(O)c1ccc(C(=O)O)c(Cl)c1,3.06,train,<rdkit.Chem.rdchem.Mol object at 0x7fdcf4892960>
COc1ccc2c(c1)c(CC(=O)O)c(C)n2C(=O)c1cccnc1,3.06,train,<rdkit.Chem.rdchem.Mol object at 0x7fdcf48929d0>
O=C([O-])CCNC(=O)c1ccc(/N=N/c2ccc(O)c(C(=O)[O-])c2)cc1,3.06,train,<rdkit.Chem.rdchem.Mol object at 0x7fdcf4892a40>
C[C@H](N[C@@H](CCc1ccccc1)C(=O)O)C(=O)N1Cc2ccccc2C[C@H]1C(=O)O,3.07,test,<rdkit.Chem.rdchem.Mol object at 0x7fdcf4892ab0>
O=C(NN1CCCC1)NS(=O)(=O)c1ccc(Cl)cc1,3.07,train,<rdkit.Chem.rdchem.Mol object at 0x7fdcf4892b20>
COc1cccc(-c2ccc(NC(=O)C3=C(C(=O)O)CCC3)c(F)c2)c1,3.07,train,<rdkit.Chem.rdchem.Mol object at 0x7fdcf4892b90>
O=C(O)COc1cccc(CN(Cc2ccc(-n3cccn3)cc2)S(=O)(=O)c2cccnc2)c1,3.07,train,<rdkit.Chem.rdchem.Mol object at 0x7fdcf4892c00>
COC(c1ccccc1)(c1ccccc1)[C@H](Oc1nc(C)cc(C)n1)C(=O)O,3.08,test,<rdkit.Chem.rdchem.Mol object at 0x7fdcf4892c70>
C#CC(C)(CC)OC(=O)c1ccccc1C(=O)O,3.08,train,<rdkit.Chem.rdchem.Mol object at 0x7fdcf4892ce0>
CCC[C@H](N[C@@H](C)C(=O)N1[C@H](C(=O)O)C[C@@H]2CCCC[C@@H]21)C(=O)O,3.08,train,<rdkit.Chem.rdchem.Mol object at 0x7fdcf4892d50>
Cc1nc(-c2ccc(OCC(C)C)c(C#N)c2)sc1C(=O)O,3.08,train,<rdkit.Chem.rdchem.Mol object at 0x7fdcf4892dc0>
COC1=C(C(=O)O)N2C(=O)[C@@H](NC(=O)[C@H](N)C3=CCC=CC3)[C@H]2SC1,3.08,train,<rdkit.Chem.rdchem.Mol object at 0x7fdcf4892e30>
O=C(O)CN1C(=O)[C@@H](N[C@@H](CCc2ccccc2)C(=O)O)CCc2ccccc21,3.08,train,<rdkit.Chem.rdchem.Mol object at 0x7fdcf4892ea0>
CO[C@]1(NC(=O)CSC(F)F)C(=O)N2C(C(=O)O)=C(CSc3nnnn3CCO)CO[C@@H]21,3.08,train,<rdkit.Chem.rdchem.Mol object at 0x7fdcf4892f10>
CC1(C)C(C(=O)O)N2C(=O)CC2S1(=O)=O,3.09,train,<rdkit.Chem.rdchem.Mol object at 0x7fdcf4892ff0>
O=C(Cc1cccs1)N[C@@H]1C(=O)N2C(C(=O)[O-])=C(C[n+]3ccccc3)CS[C@H]12,3.09,train,<rdkit.Chem.rdchem.Mol object at 0x7fdcf4893060>
CC1(C)S[C@@H]2[C@H](NC(=O)[C@H](C(=O)O)c3ccsc3)C(=O)N2[C@H]1C(=O)O,3.09,train,<rdkit.Chem.rdchem.Mol object at 0x7fdcf48930d0>
CC(=O)OCC1=C(C(=O)O)N2C(=O)[C@@H](NC(=O)c3c(-c4ccccc4Cl)noc3C)[C@H]2SC1,3.09,train,<rdkit.Chem.rdchem.Mol object at 0x7fdcf4893140>
O=C(NN1CCCCCC1)NS(=O)(=O)c1ccc(Cl)cc1,3.09,train,<rdkit.Chem.rdchem.Mol object at 0x7fdcf48931b0>
CC1(C)[C@H](C(=O)[O-])N2C(=O)C[C@H]2S1(=O)=O,3.09,train,<rdkit.Chem.rdchem.Mol object at 0x7fdcf4893220>
CC1(C)[C@H](C(=O)O)N2C(=O)C[C@H]2S1(=O)=O.CC1(C)[C@H](C(=O)O)N2C(=O)C[C@H]2S1(=O)=O.c1ccc(CNCCNCc2ccccc2)cc1,3.09,train,<rdkit.Chem.rdchem.Mol object at 0x7fdcf4893290>
O=C(O)CC[C@H](NC(=O)N[C@@H](CCCCNC(=O)Nc1ccc(I)cc1)C(=O)O)C(=O)O,3.09,train,<rdkit.Chem.rdchem.Mol object at 0x7fdcf4893300>
CC1(C)S[C@@H]2[C@H](NC(=O)[C@H](C(=O)[O-])c3ccsc3)C(=O)N2[C@H]1C(=O)[O-],3.09,train,<rdkit.Chem.rdchem.Mol object at 0x7fdcf4893370>
O=C(O)CC[C@H](NC(=O)N[C@@H](CCCCNC(=O)Nc1ccc([123I])cc1)C(=O)O)C(=O)O,3.09,train,<rdkit.Chem.rdchem.Mol object at 0x7fdcf48933e0>
CC(SC1(C)OC(=O)c2ccccc2O1)C(=O)NCC(=O)O,3.1,test,<rdkit.Chem.rdchem.Mol object at 0x7fdcf4893450>
O=C([O-])c1cc2cc(Cc3cccnc3)ccc2o1,3.1,train,<rdkit.Chem.rdchem.Mol object at 0x7fdcf4893530>
COc1ccccc1C(C(=O)O)=C(c1ccccc1)c1ccccc1,3.1,train,<rdkit.Chem.rdchem.Mol object at 0x7fdcf4893610>
CC(C)(Oc1ccc(C(=O)c2ccc(Cl)cc2)cc1)C(=O)O,3.1,train,<rdkit.Chem.rdchem.Mol object at 0x7fdcf48936f0>
CC(C)(Oc1ccc(C(=O)c2ccc(Cl)cc2)cc1)C(=O)[O-].C[N+](C)(C)CCO,3.1,train,<rdkit.Chem.rdchem.Mol object at 0x7fdcf4893760>
Cn1nnnc1SCC1=C(C(=O)[O-])N2C(=O)[C@@H](NC(=O)[C@H](OC=O)c3ccccc3)[C@H]2SC1,3.1,train,<rdkit.Chem.rdchem.Mol object at 0x7fdcf48937d0>
CO[C@@]1(NC(=O)[C@H](C(=O)O)c2ccsc2)C(=O)N2[C@@H](C(=O)O)C(C)(C)S[C@@H]21,3.1,train,<rdkit.Chem.rdchem.Mol object at 0x7fdcf4893840>
O=C(O)CSc1nnc(Br)n1-c1ccc(C2CC2)c2ccccc12,3.1,train,<rdkit.Chem.rdchem.Mol object at 0x7fdcf48938b0>
O=C([O-])CSc1nnc(Br)n1-c1ccc(C2CC2)c2ccccc12,3.1,train,<rdkit.Chem.rdchem.Mol object at 0x7fdcf4893920>
CC1(C)S[C@@H]2[C@H](NC(=O)C(C(=O)O)c3ccccc3)C(=O)N2[C@H]1C(=O)O,3.11,train,<rdkit.Chem.rdchem.Mol object at 0x7fdcf4893990>
CC(C)c1cccc(C(C)C)c1NC(=O)CN(CC(=O)O)CC(=O)O,3.11,train,<rdkit.Chem.rdchem.Mol object at 0x7fdcf4893a70>
CC1(C)S[C@@H]2[C@H](NC(=O)C(C(=O)[O-])c3ccccc3)C(=O)N2[C@H]1C(=O)[O-],3.11,train,<rdkit.Chem.rdchem.Mol object at 0x7fdcf4893ae0>
CC(C)(C)NC(=O)c1ccc(Oc2cc(F)c(CC(=O)O)cc2Cl)c(NS(=O)(=O)c2ccc(C3CC3)cc2Cl)c1,3.11,train,<rdkit.Chem.rdchem.Mol object at 0x7fdcf4893b50>
Cc1cc(Cl)ccc1Cn1nc(C(=O)O)c2ccccc21,3.12,test,<rdkit.Chem.rdchem.Mol object at 0x7fdcf4893c30>
Cc1cccc(Nc2cc(Cl)nc(NCC(=O)O)n2)c1C,3.12,test,<rdkit.Chem.rdchem.Mol object at 0x7fdcf4893ca0>
Cc1ccc(Cn2nc(C(=O)O)c3ccccc32)c(C)c1,3.12,train,<rdkit.Chem.rdchem.Mol object at 0x7fdcf4893d80>
COC(=O)/C=C/C(=O)O,3.12,train,<rdkit.Chem.rdchem.Mol object at 0x7fdcf4893df0>
CON=C(C(=O)N[C@@H]1C(=O)N2C(C(=O)O)=C(C[N+]34CCC(C(N)=O)(CC3)CC4)CSC12)c1nsc(N)n1,3.12,train,<rdkit.Chem.rdchem.Mol object at 0x7fdcf4893e60>
C[C@H](N[C@@H](CCc1ccccc1)C(=O)O)C(=O)N1C2CCC(CC2)[C@H]1C(=O)O,3.13,test,<rdkit.Chem.rdchem.Mol object at 0x7fdcf4893ed0>
C[C@H](N[C@@H](CCc1ccccc1)C(=O)O)C(=O)N1CCC[C@H]1C(=O)O,3.13,test,<rdkit.Chem.rdchem.Mol object at 0x7fdcf4893f40>
C[C@H](N[C@@H](CCc1ccccc1)C(=O)O)C(=O)N1[C@H](C(=O)O)C[C@@H]2CCC[C@@H]21,3.13,test,<rdkit.Chem.rdchem.Mol object at 0x7fdcf4894040>
Cn1nnnc1SCC1=C(C(=O)O)N2C(=O)[C@@H](NC(=O)CSC(F)(F)F)[C@H]2SC1,3.13,train,<rdkit.Chem.rdchem.Mol object at 0x7fdcf48940b0>
CC(=O)N[C@@H](CC(=O)O)C(=O)N[C@@H](CCC(=O)O)C(=O)O,3.13,train,<rdkit.Chem.rdchem.Mol object at 0x7fdcf4894120>
Cn1nnnc1SCC1=C(C(=O)O)N2C(=O)[C@@H](NC(=O)[C@H](O)c3ccccc3)[C@H]2SC1,3.13,train,<rdkit.Chem.rdchem.Mol object at 0x7fdcf4894190>
C[C@H](N[C@@H](CCc1ccccc1)C(=O)O)C(=O)N1[C@H](C(=O)O)C[C@H]2CCCC[C@@H]21,3.13,train,<rdkit.Chem.rdchem.Mol object at 0x7fdcf4894200>
C#CCN(Cc1cc2c(O)nc(C)nc2cc1C)c1ccc(C(=O)N[C@@H](CCc2nnn[nH]2)C(=O)O)c(F)c1,3.13,train,<rdkit.Chem.rdchem.Mol object at 0x7fdcf48942e0>
O=C(/C=C/c1ccc(O)c(O)c1/C=C/c1ccc(O)c(O)c1)O[C@H](Cc1ccc(O)c(O)c1)C(=O)O,3.14,train,<rdkit.Chem.rdchem.Mol object at 0x7fdcf4894350>
CC[N+](C)(C/C=C/C1=C(C(=O)[O-])N2C(=O)[C@@H](NC(=O)/C(=N\OCF)c3nsc(N)n3)[C@H]2SC1)CC(N)=O,3.14,train,<rdkit.Chem.rdchem.Mol object at 0x7fdcf48943c0>
O=C(O)CSC(SCC(=O)O)SCC(=O)O,3.15,train,<rdkit.Chem.rdchem.Mol object at 0x7fdcf48944a0>
CCCCCCCCCCCCCCOc1ccc(C(=O)O)o1,3.15,train,<rdkit.Chem.rdchem.Mol object at 0x7fdcf4894510>
Nc1nc(N)c2nc(CNc3ccc(C(=O)N[C@@H](CCCNC(=O)c4ccccc4C(=O)O)C(=O)O)cc3)cnc2n1,3.15,train,<rdkit.Chem.rdchem.Mol object at 0x7fdcf4894580>
COc1cc(F)c(-n2c(=O)[nH]c3csc(C(=O)[O-])c3c2=O)cc1OCc1c(OC)ccc(F)c1F.C[N+](C)(C)CCO,3.15,train,<rdkit.Chem.rdchem.Mol object at 0x7fdcf4894660>
CN1CC[C@]23c4c5ccc(O)c4O[C@H]2[C@@H](O[C@@H]2O[C@H](C(=O)O)[C@@H](O)[C@H](O)[C@H]2O)C=C[C@H]3[C@H]1C5,3.16,test,<rdkit.Chem.rdchem.Mol object at 0x7fdcf48946d0>
O=C(N/N=C/[C@H](O)[C@@H](O)[C@H](O)[C@H](O)C(=O)O)c1ccncc1,3.16,test,<rdkit.Chem.rdchem.Mol object at 0x7fdcf4894740>
CC(=O)Oc1cccc(C(=O)O)c1OC(C)=O,3.16,train,<rdkit.Chem.rdchem.Mol object at 0x7fdcf48947b0>
O=C(Cc1cccs1)N[C@@H]1C(=O)N2C(C(=O)O)=C(CSc3nc[nH]n3)CS[C@H]12,3.16,train,<rdkit.Chem.rdchem.Mol object at 0x7fdcf4894820>
O=C(O)/C=C\c1c[nH]cn1,3.16,train,<rdkit.Chem.rdchem.Mol object at 0x7fdcf4894890>
Cc1ccc(OC(=O)[C@@H](C(=O)N[C@@H]2C(=O)N3[C@@H]2SC(C)(C)[C@@H]3C(=O)O)c2ccsc2)cc1,3.16,train,<rdkit.Chem.rdchem.Mol object at 0x7fdcf4894900>
CCCSc1nc(N2CCC[C@@H](CC(=O)O)C2)ccc1C(=O)NC1CCCCC1,3.16,train,<rdkit.Chem.rdchem.Mol object at 0x7fdcf4894970>
CCN1CCN(C(=O)N[C@@H](C(=O)N[C@]2(OC)C(=O)N3C(C(=O)O)=C(CSc4nnnn4C)CS[C@@H]32)[C@H](C)O)C(=O)C1=O,3.17,test,<rdkit.Chem.rdchem.Mol object at 0x7fdcf48949e0>
NCCCC[C@H](N[C@@H](CCc1ccccc1)C(=O)O)C(=O)N1CCC[C@H]1C(=O)O,3.17,test,<rdkit.Chem.rdchem.Mol object at 0x7fdcf4894a50>
O=C(O)[C@H](CCc1ccccc1)N[C@H]1CCCN2CCC[C@@H](C(=O)O)N2C1=O,3.17,train,<rdkit.Chem.rdchem.Mol object at 0x7fdcf4894b30>
Cc1cnn(-c2c(Cl)cccc2Cl)c1C(=O)N[C@@H]1C(=O)N2[C@@H]1SC(C)(C)[C@@H]2C(=O)O,3.17,train,<rdkit.Chem.rdchem.Mol object at 0x7fdcf4894ba0>
COc1ccc(C(=O)Nc2ccc(S(=O)(=O)NC(CC#CCN3CCOCC3)C(=O)O)cc2)cc1,3.17,train,<rdkit.Chem.rdchem.Mol object at 0x7fdcf4894c10>
O=C(O)CNC(=O)c1c(O)c2ccccc2n(OCC2CC2)c1=O,3.17,train,<rdkit.Chem.rdchem.Mol object at 0x7fdcf4894c80>
C[C@]1(C(=O)O)CSC(c2ccc(O)cc2O)=N1,3.17,train,<rdkit.Chem.rdchem.Mol object at 0x7fdcf4894cf0>
Cn1c(CNc2ccc(C(=N)N)cc2)nc2cc(C(=O)N(CCC(=O)O)c3ccccn3)ccc21,3.18,test,<rdkit.Chem.rdchem.Mol object at 0x7fdcf4894dd0>
CO[C@@]1(NC(=O)CSCC#N)C(=O)N2C(C(=O)O)=C(CSc3nnnn3C)CS[C@@H]21,3.18,train,<rdkit.Chem.rdchem.Mol object at 0x7fdcf4894e40>
CO[C@@]1(NC(=O)CSCC#N)C(=O)N2C(C(=O)[O-])=C(CSc3nnnn3C)CS[C@@H]21,3.18,train,<rdkit.Chem.rdchem.Mol object at 0x7fdcf4894eb0>
O=C(/C=C/c1ccc(O)c(O)c1)OC1CC(OC(=O)/C=C/c2ccc(O)c(O)c2)(C(=O)O)CC(O)C1O,3.18,train,<rdkit.Chem.rdchem.Mol object at 0x7fdcf4894f20>
O=C(O)COc1ccc(C(=O)/C=C/c2ccc(C(=O)O)cc2)cc1,3.18,train,<rdkit.Chem.rdchem.Mol object at 0x7fdcf4894f90>
CCCn1cc(-n2c(Cl)c(Sc3cccc(C(=O)O)c3F)c3ccc(Cl)c(F)c32)cn1,3.18,train,<rdkit.Chem.rdchem.Mol object at 0x7fdcf4895000>
O=C(O)COc1ccc2c(-c3ccccc3F)noc2c1Br,3.19,test,<rdkit.Chem.rdchem.Mol object at 0x7fdcf4895070>
Cc1oc(=O)oc1COC(=O)N1CC[C@@H](N2CC/C(=C\C3=C(C(=O)[O-])N4C(=O)[C@@H](NC(=O)/C(=N/O)c5nsc(N)n5)[C@H]4SC3)C2=O)C1,3.19,test,<rdkit.Chem.rdchem.Mol object at 0x7fdcf48950e0>
CCN1CCN(C(=O)N[C@@H](C(=O)N[C@@H]2C(=O)N3C(C(=O)O)=C(CSc4nnnn4C)CS[C@H]23)c2ccc(O)cc2)C(=O)C1=O,3.19,train,<rdkit.Chem.rdchem.Mol object at 0x7fdcf4895150>
O=C1N[C@H](C(=O)O)CS1,3.19,train,<rdkit.Chem.rdchem.Mol object at 0x7fdcf48951c0>
COc1ccc(OC(=O)N(CC(=O)O)Cc2ccc(OCCc3nc(-c4ccccc4)oc3C)cc2)cc1,3.19,train,<rdkit.Chem.rdchem.Mol object at 0x7fdcf4895230>
Cc1cc(=O)c(C(=O)N[C@@H](C(=O)N[C@@H]2C(=O)N3C(C(=O)O)=C(CSc4nnnn4C)CS[C@H]23)c2ccc(O)cc2)c[nH]1,3.19,train,<rdkit.Chem.rdchem.Mol object at 0x7fdcf48952a0>
CC1(C)S[C@@H]2[C@H](NC(=O)[C@H](NC(=O)Cc3ccc(C4=NCCCN4)cc3)c3ccccc3)C(=O)N2[C@H]1C(=O)O,3.19,train,<rdkit.Chem.rdchem.Mol object at 0x7fdcf4895310>
CCCC[C@H](N[C@@H](C)C(=O)N1[C@H](C(=O)OCC)C[C@@H]2CCCC[C@@H]21)C(=O)O,3.19,train,<rdkit.Chem.rdchem.Mol object at 0x7fdcf4895380>
Cn1nnnc1SCC1=C(C(=O)O)N2C(=O)[C@@H](NC(=O)CS/C=C\C#N)[C@H]2SC1,3.19,train,<rdkit.Chem.rdchem.Mol object at 0x7fdcf48953f0>
CCN1CCN(C(=O)N[C@@H](C(=O)N[C@@H]2C(=O)N3C(C(=O)[O-])=C(CSc4nnnn4C)CS[C@H]23)c2ccc(O)cc2)C(=O)C1=O,3.19,train,<rdkit.Chem.rdchem.Mol object at 0x7fdcf4895460>
Cc1cc(O)c(C(=O)N[C@@H](C(=O)N[C@@H]2C(=O)N3C(C(=O)[O-])=C(CSc4nnnn4C)CS[C@H]23)c2ccc(O)cc2)cn1,3.19,train,<rdkit.Chem.rdchem.Mol object at 0x7fdcf48954d0>
O=C(O)CC(O)C(=O)O,3.2,train,<rdkit.Chem.rdchem.Mol object at 0x7fdcf4895540>
COc1cc(OC)nc(O[C@H](C(=O)O)C(OC)(c2ccccc2)c2ccccc2)n1,3.2,train,<rdkit.Chem.rdchem.Mol object at 0x7fdcf48955b0>
COc1ccc(C(=O)NC2(C(=O)O)Cc3ccccc3C2)cc1OCCc1cccc(C)c1,3.2,train,<rdkit.Chem.rdchem.Mol object at 0x7fdcf4895690>
COCCOCCOCCOc1cccc(C2=N[C@@](C)(C(=O)O)CS2)c1O,3.2,train,<rdkit.Chem.rdchem.Mol object at 0x7fdcf4895700>
O=C(O)c1cn2c(cnc3ccccc32)n1,3.21,test,<rdkit.Chem.rdchem.Mol object at 0x7fdcf4895770>
N=C(N)c1ccc2nc(-c3cc(CC(=O)N[C@@H](CC(=O)O)C(=O)O)cc(-c4cc(S(N)(=O)=O)ccc4O)c3O)[nH]c2c1,3.21,test,<rdkit.Chem.rdchem.Mol object at 0x7fdcf48957e0>
CCCc1c(OCCCCCOc2cc3c(cc2C(C)=O)CCC(C(=O)O)O3)ccc(C(C)=O)c1O,3.21,train,<rdkit.Chem.rdchem.Mol object at 0x7fdcf4895850>
CC(Oc1cccc(C(=O)c2ccccc2)c1)C(=O)O,3.21,train,<rdkit.Chem.rdchem.Mol object at 0x7fdcf48958c0>
O=C(O)CNC(=O)c1ncc(-c2cccc(Cl)c2)cc1O,3.21,train,<rdkit.Chem.rdchem.Mol object at 0x7fdcf4895930>
C[C@@H](O)[C@H]1C(=O)N2C(C(=O)O)=C(S[C@@H]3CN[C@H](C(=O)Nc4cccc(C(=O)O)c4)C3)[C@H](C)[C@H]12,3.22,test,<rdkit.Chem.rdchem.Mol object at 0x7fdcf4895a10>
O=C(O)COc1ccc(C(=O)c2cccs2)c(Cl)c1Cl,3.22,train,<rdkit.Chem.rdchem.Mol object at 0x7fdcf4895a80>
CC(C)c1ccc(NC(=O)CN(CC(=O)O)CC(=O)O)cc1,3.22,train,<rdkit.Chem.rdchem.Mol object at 0x7fdcf4895af0>
CC(=O)N[C@@H](CSC(=O)c1ccccc1O)C(=O)O,3.22,train,<rdkit.Chem.rdchem.Mol object at 0x7fdcf4895bd0>
CC(C)=CCOc1ccc(/C=C/C(=O)c2ccc(OCC=C(C)C)cc2OCC(=O)O)cc1,3.22,train,<rdkit.Chem.rdchem.Mol object at 0x7fdcf4895c40>
C[C@@H](O)[C@H]1C(=O)N2C(C(=O)O)=C(SC3CN(C4=NCCS4)C3)[C@H](C)[C@H]12,3.22,train,<rdkit.Chem.rdchem.Mol object at 0x7fdcf4895cb0>
C[C@@H](O)[C@H]1C(=O)N2C(C(=O)[O-])=C(S[C@@H]3CN[C@H](C(=O)Nc4cccc(C(=O)O)c4)C3)[C@H](C)[C@H]12,3.22,train,<rdkit.Chem.rdchem.Mol object at 0x7fdcf4895d20>
CC1(C)S[C@@H]2[C@H](NC(=O)[C@H](N)c3ccc(O)cc3)C(=O)N2[C@H]1C(=O)O,3.23,test,<rdkit.Chem.rdchem.Mol object at 0x7fdcf4895e00>
COc1ccc(NS(=O)(=O)c2ccc(/N=N/c3ccc(O)c(C(=O)O)c3)cc2)nn1,3.23,test,<rdkit.Chem.rdchem.Mol object at 0x7fdcf4895e70>
O=C(O)c1cc(/N=N/c2ccc(S(=O)(=O)Nc3nccs3)cc2)ccc1O,3.23,test,<rdkit.Chem.rdchem.Mol object at 0x7fdcf4895ee0>
CCCCc1ccc(NC(=O)CN(CC(=O)O)CC(=O)O)cc1,3.23,train,<rdkit.Chem.rdchem.Mol object at 0x7fdcf4895f50>
NS(=O)(=O)c1ccc(/N=N/c2ccc(O)c(C(=O)O)c2)cc1,3.23,train,<rdkit.Chem.rdchem.Mol object at 0x7fdcf4895fc0>
Cc1cc(C)nc(NS(=O)(=O)c2ccc(/N=N/c3ccc(O)c(C(=O)O)c3)cc2)n1,3.23,train,<rdkit.Chem.rdchem.Mol object at 0x7fdcf4896030>
CCCCc1nc(Cl)c(C(=O)O)n1Cc1ccc2oc(-c3ccccc3-c3nnn[nH]3)c(Br)c2c1,3.23,train,<rdkit.Chem.rdchem.Mol object at 0x7fdcf48960a0>
CC(NC(=O)/C=C\C(=O)O)C(Cc1ccc(Cl)cc1)c1ccc(Cl)cc1,3.23,train,<rdkit.Chem.rdchem.Mol object at 0x7fdcf48961f0>
CC1(C)S[C@@H]2[C@H](NC(=O)[C@H](N)c3ccc(O)cc3)C(=O)N2[C@H]1C(=O)[O-],3.23,train,<rdkit.Chem.rdchem.Mol object at 0x7fdcf4896260>
Cc1nc2ccccc2n1CC1CCN(C(=O)/C=C(/c2ccccc2)c2ccc(/N=N/c3ccc(O)c(C(=O)O)c3)cc2)CC1,3.23,train,<rdkit.Chem.rdchem.Mol object at 0x7fdcf48962d0>
CC1(C)S[C@@H]2[C@H](NC(=O)[C@H](N)c3ccccc3)C(=O)N2[C@H]1C(=O)O,3.24,test,<rdkit.Chem.rdchem.Mol object at 0x7fdcf4896340>
O=C[C@H](O)[C@@H](O)[C@H](O)[C@H](O)C(=O)O,3.24,train,<rdkit.Chem.rdchem.Mol object at 0x7fdcf48963b0>
Cc1c(OC(C)C(=O)O)cccc1C(=O)c1ccc(Cl)cc1,3.24,train,<rdkit.Chem.rdchem.Mol object at 0x7fdcf4896420>
CCc1cc(C2=C(C(=O)O)N(c3ccccc3C(F)(F)F)S(=O)(=O)c3ccccc32)cc2c1OCO2,3.24,train,<rdkit.Chem.rdchem.Mol object at 0x7fdcf4896490>
CC1(C)S[C@@H]2[C@H](NC(=O)[C@H](N)c3ccccc3)C(=O)N2[C@H]1C(=O)[O-],3.24,train,<rdkit.Chem.rdchem.Mol object at 0x7fdcf4896500>
O=C[C@H](O)[C@@H](O)[C@H](O)[C@H](O)C(=O)[O-],3.24,train,<rdkit.Chem.rdchem.Mol object at 0x7fdcf4896570>
C=N[C@@H](C(=O)N[C@@H]1C(=O)N2[C@@H]1SC(C)(C)[C@@H]2C(=O)O)c1ccccc1,3.24,train,<rdkit.Chem.rdchem.Mol object at 0x7fdcf48965e0>
CCC(=O)NS(=O)(=O)c1ccc(NC(=O)Cc2ccc(Br)c(Oc3cc(Cl)cc(C#N)c3)c2F)c(Cl)c1,3.24,train,<rdkit.Chem.rdchem.Mol object at 0x7fdcf4896650>
N=C(N)NCCC[C@H](NC(=O)CCC(=O)OC[N+]1(c2cc(=O)c3cccc(-c4ccccc4)c3o2)CCOCC1)C(=O)NCC(=O)N[C@@H](CC(=O)O)C(=O)N[C@@H](CO)C(=O)[O-],3.24,train,<rdkit.Chem.rdchem.Mol object at 0x7fdcf48966c0>
Cc1c2c(nn1C)CSCc1cc(n(C)n1)CSc1cc(c3ccccc3c1)OCCCc1c(C(=O)O)n(C)c3c-2c(Cl)ccc13,3.24,train,<rdkit.Chem.rdchem.Mol object at 0x7fdcf4896730>
Nc1nc2c(c(=O)[nH]1)N1CN(c3ccc(C(=O)N[C@@H](CCC(=O)O)C(=O)O)cc3)C[C@H]1CN2,3.24,train,<rdkit.Chem.rdchem.Mol object at 0x7fdcf48967a0>
Nc1nc(=O)c2c([nH]1)NCC1CN(c3ccc(C(=O)N[C@@H](CCC(=O)O)C(=O)O)cc3)CN21,3.24,train,<rdkit.Chem.rdchem.Mol object at 0x7fdcf4896810>
CC1=C(C(=O)O)N2C(=O)[C@@H](NC(=O)[C@H](N)c3ccc(O)cc3)[C@H]2SC1,3.25,test,<rdkit.Chem.rdchem.Mol object at 0x7fdcf48968f0>
COc1ccc2c(c1)c(CC(=O)OCC(=O)O)c(C)n2C(=O)c1ccc(Cl)cc1,3.25,train,<rdkit.Chem.rdchem.Mol object at 0x7fdcf48969d0>
CC1(C)S[C@@H]2[C@H](NC(=O)[C@H](N)C3=CCC=CC3)C(=O)N2[C@H]1C(=O)O,3.25,train,<rdkit.Chem.rdchem.Mol object at 0x7fdcf4896a40>
CN(Cc1cnc2nc(N)nc(N)c2n1)c1ccc(C(=O)N[C@@H](CCC(=O)[O-])C(=O)[O-])cc1,3.25,train,<rdkit.Chem.rdchem.Mol object at 0x7fdcf4896ab0>
CC1=C(C(=O)O)N2C(=O)[C@@H](NC(=O)[C@H](N)c3ccccc3)[C@H]2SC1,3.26,test,<rdkit.Chem.rdchem.Mol object at 0x7fdcf4896b20>
Cn1c(=O)c2c(ncn2CC(=O)O)n(C)c1=O,3.26,test,<rdkit.Chem.rdchem.Mol object at 0x7fdcf4896b90>
COc1ccc(/C(C)=C\C(=O)O)c(OC)c1,3.26,test,<rdkit.Chem.rdchem.Mol object at 0x7fdcf4896c70>
CC1=C(C(=O)O)N2C(=O)[C@@H](NC(=O)[C@H](N)c3cccc(NS(C)(=O)=O)c3)[C@H]2SC1,3.26,train,<rdkit.Chem.rdchem.Mol object at 0x7fdcf4896ce0>
COC(C(=O)N[C@@H]1C(=O)N2[C@@H]1SC(C)(C)[C@@H]2C(=O)O)c1ccc(Cl)c(Cl)c1,3.26,train,<rdkit.Chem.rdchem.Mol object at 0x7fdcf4896d50>
C1CNCCN1.Cn1c(=O)c2c(ncn2CC(=O)O)n(C)c1=O.Cn1c(=O)c2c(ncn2CC(=O)O)n(C)c1=O,3.26,train,<rdkit.Chem.rdchem.Mol object at 0x7fdcf4896dc0>
C#CCC(Cc1cnc2nc(N)nc(N)c2n1)c1ccc(C(=O)N[C@@H](CCC(=O)O)C(=O)O)cc1,3.26,train,<rdkit.Chem.rdchem.Mol object at 0x7fdcf4896e30>
COc1ccc(OC(=O)N(CC(=O)O)[C@@H](C)c2ccc(OCCc3nc(-c4ccccc4)oc3C)cc2)cc1,3.26,train,<rdkit.Chem.rdchem.Mol object at 0x7fdcf4896ea0>
CC1(C)S[C@@H]2[C@H](NC(=O)C34CC5CC(CC(N)(C5)C3)C4)C(=O)N2[C@H]1C(=O)O,3.26,train,<rdkit.Chem.rdchem.Mol object at 0x7fdcf4896f10>
CC1=C(C(=O)O)N2C(=O)[C@@H](NC(=O)[C@H](N)C3=CCC=CC3)[C@H]2SC1,3.27,test,<rdkit.Chem.rdchem.Mol object at 0x7fdcf4896f80>
CCC(Cc1cnc2nc(N)nc(N)c2n1)c1ccc(C(=O)N[C@@H](CCC(=O)O)C(=O)O)cc1,3.27,test,<rdkit.Chem.rdchem.Mol object at 0x7fdcf4896ff0>
COc1ccc2c(c1)c(CC(=O)N[C@@H](CO)C(=O)O)c(C)n2C(=O)c1ccc(Cl)cc1,3.27,train,<rdkit.Chem.rdchem.Mol object at 0x7fdcf4897060>
CCCc1ncc(C(=O)O)s1,3.27,train,<rdkit.Chem.rdchem.Mol object at 0x7fdcf48970d0>
CS(=O)(=O)c1cccc(C[C@H](NC(=O)c2c(Cl)cc3c(c2Cl)CCN(C(=O)c2ccc4ccoc4c2)C3)C(=O)O)c1,3.27,train,<rdkit.Chem.rdchem.Mol object at 0x7fdcf4897140>
O=C(O)[C@H](Oc1cccc(C(F)(F)F)c1)c1ccc(Cl)cc1,3.27,train,<rdkit.Chem.rdchem.Mol object at 0x7fdcf48971b0>
CCCCCCCCCCCC(=O)N[C@@H](C)C(=O)N[C@H](CCC(=O)NC(CCCC(NC(=O)CN)C(N)=O)C(=O)O)C(=O)O,3.27,train,<rdkit.Chem.rdchem.Mol object at 0x7fdcf4897220>
CS(=O)(=O)c1cccc(C[C@H](NC(=O)c2c(Cl)cc3c(c2Cl)CCN(C(=O)c2ccc4ccoc4c2)C3)C(=O)[O-])c1,3.27,train,<rdkit.Chem.rdchem.Mol object at 0x7fdcf4897290>
C[C@@H](O)[C@H]1C(=O)N2C(C(=O)O)=C(S[C@@H]3CN[C@H](C(=O)N(C)C)C3)[C@H](C)[C@H]12,3.28,train,<rdkit.Chem.rdchem.Mol object at 0x7fdcf4897300>
CC1(C)S[C@@H]2[C@H](NC(=O)C(C(=O)Oc3ccccc3)c3ccccc3)C(=O)N2[C@H]1C(=O)[O-],3.29,test,<rdkit.Chem.rdchem.Mol object at 0x7fdcf4897370>
CC1(C)S[C@@H]2[C@H](NC(=O)C(C(=O)Oc3ccc4c(c3)CCC4)c3ccccc3)C(=O)N2[C@H]1C(=O)O,3.29,train,<rdkit.Chem.rdchem.Mol object at 0x7fdcf4897450>
Cc1nc2ccc3ccc(CNc4ccc5c(c4)CN([C@@H](CCC(=O)O)C(=O)O)C5=O)cc3c2c(=O)[nH]1,3.3,test,<rdkit.Chem.rdchem.Mol object at 0x7fdcf4897530>
CC1(C)S[C@@H]2[C@H](NC(=O)C(Oc3ccccc3)c3ccccc3)C(=O)N2[C@H]1C(=O)O,3.3,train,<rdkit.Chem.rdchem.Mol object at 0x7fdcf4897680>
O=C(O)C(=O)c1cn(Cc2ccccc2)c2ccc(-c3ccc(OC(F)(F)F)cc3)cc12,3.3,train,<rdkit.Chem.rdchem.Mol object at 0x7fdcf4897760>
CCOc1ccc2ccccc2c1C(=O)N[C@@H]1C(=O)N2[C@@H]1SC(C)(C)[C@@H]2C(=O)O,3.31,train,<rdkit.Chem.rdchem.Mol object at 0x7fdcf48977d0>
C[C@@H](O)[C@H]1C(=O)N2C(C(=O)[O-])=C(SC3Cn4cnc[n+]4C3)[C@H](C)[C@H]12,3.31,train,<rdkit.Chem.rdchem.Mol object at 0x7fdcf4897840>
CCOc1ccc2ccccc2c1C(=O)N[C@@H]1C(=O)N2[C@@H]1SC(C)(C)[C@@H]2C(=O)[O-],3.31,train,<rdkit.Chem.rdchem.Mol object at 0x7fdcf48978b0>
NCC(=O)N1C[C@H](NC(=O)c2ccccc2)C[C@H]1C(=O)O,3.32,test,<rdkit.Chem.rdchem.Mol object at 0x7fdcf4897a00>
O=C(O)C1N=C(c2ccccc2)c2cc(Cl)ccc2NC1=O,3.32,train,<rdkit.Chem.rdchem.Mol object at 0x7fdcf4897a70>
Nc1nc(=O)c2nc(CNc3ccc(C(=O)N[C@@H](CCC(=O)O)C(=O)O)cc3)cnc2[nH]1,3.32,train,<rdkit.Chem.rdchem.Mol object at 0x7fdcf4897ae0>
Cc1ccc(S(=O)(=O)C(CC#Cc2ccc(Cl)cc2)C(=O)O)cc1,3.32,train,<rdkit.Chem.rdchem.Mol object at 0x7fdcf4897b50>
O=C(O)[C@H]1/C(=C/CO)O[C@@H]2CC(=O)N21,3.32,train,<rdkit.Chem.rdchem.Mol object at 0x7fdcf4897ca0>
O=C(O)[C@H](Cc1ccc(Nc2nccc3ccncc23)cc1)NC1=C(Br)C(=O)C12CCCCC2,3.32,train,<rdkit.Chem.rdchem.Mol object at 0x7fdcf4897d10>
O=C([O-])[C@H]1/C(=C/CO)O[C@@H]2CC(=O)N21,3.32,train,<rdkit.Chem.rdchem.Mol object at 0x7fdcf4897df0>
O=C([O-])C1N=C(c2ccccc2)c2cc(Cl)ccc2NC1=O,3.32,train,<rdkit.Chem.rdchem.Mol object at 0x7fdcf4897ed0>
CC(=O)Oc1ccc(-c2ccc(F)cc2)cc1C(=O)O,3.33,train,<rdkit.Chem.rdchem.Mol object at 0x7fdcf48980b0>
CC1(C)S[C@@H]2[C@H](N3C(=O)[C@@H](c4ccccc4)NC3(C)C)C(=O)N2[C@H]1C(=O)O,3.33,train,<rdkit.Chem.rdchem.Mol object at 0x7fdcf4898190>
O=C(/C=C/c1ccc(O)c(O)c1)O[C@@H]1C[C@](O)(C(=O)O)C[C@@H](O)[C@H]1O,3.33,train,<rdkit.Chem.rdchem.Mol object at 0x7fdcf4898200>
CC1(C)S[C@@H]2[C@H](N3C(=O)[C@@H](c4ccccc4)NC3(C)C)C(=O)N2[C@H]1C(=O)[O-],3.33,train,<rdkit.Chem.rdchem.Mol object at 0x7fdcf4898270>
CCCCC[C@H](O)c1ccc(N2C(=O)CC[C@@H]2COCc2ccc(C(=O)O)s2)cc1,3.33,train,<rdkit.Chem.rdchem.Mol object at 0x7fdcf48982e0>
CCc1cc(/C(C)=N/OCc2ccc(C3CCCCC3)c(C(F)(F)F)c2)ccc1CN1CC(C(=O)O)C1,3.33,train,<rdkit.Chem.rdchem.Mol object at 0x7fdcf4898350>
O=C(N/N=C/c1ccc([N+](=O)[O-])o1)c1cc([N+](=O)[O-])cc([N+](=O)[O-])c1O,3.34,train,<rdkit.Chem.rdchem.Mol object at 0x7fdcf4898430>
Nc1nc2c(c(=O)[nH]1)C[C@@H](CCc1ccc(C(=O)N[C@@H](CCC(=O)O)C(=O)O)cc1)CN2,3.34,train,<rdkit.Chem.rdchem.Mol object at 0x7fdcf4898510>
NC(CO)(CO)CO.NC(CO)(CO)CO.Nc1nc(=O)c2c(CCc3ccc(C(=O)N[C@@H](CCC(=O)O)C(=O)O)cc3)c[nH]c2[nH]1,3.34,train,<rdkit.Chem.rdchem.Mol object at 0x7fdcf4898580>
Nc1nc2[nH]cc(CCc3ccc(C(=O)N[C@H](CCC(=O)O)C(=O)O)cc3)c2c(=O)[nH]1,3.34,train,<rdkit.Chem.rdchem.Mol object at 0x7fdcf48985f0>
Nc1nc2[nH]cc(CCc3ccc(C(=O)N[C@@H](CCC(=O)[O-])C(=O)[O-])cc3)c2c(=O)[nH]1,3.34,train,<rdkit.Chem.rdchem.Mol object at 0x7fdcf4898660>
CC(=O)OCC1=C(C(=O)O)N2C(=O)[C@@H](NC(=O)CSc3ccncc3)[C@H]2SC1,3.35,train,<rdkit.Chem.rdchem.Mol object at 0x7fdcf48986d0>
CN1C(=O)C(N2CCCCC2)S/C1=C\C(=O)O,3.35,train,<rdkit.Chem.rdchem.Mol object at 0x7fdcf4898740>
CC(=O)OCC1=C(C(=O)[O-])N2C(=O)[C@@H](NC(=O)CSc3ccncc3)[C@H]2SC1,3.35,train,<rdkit.Chem.rdchem.Mol object at 0x7fdcf48987b0>
C[C@@H](O)[C@H]1C(=O)N2C(C(=O)O)=C(S[C@@H]3CN[C@H](C(=O)NCc4ccc(S(N)(=O)=O)cc4)C3)[C@H](C)[C@H]12,3.35,train,<rdkit.Chem.rdchem.Mol object at 0x7fdcf4898820>
Cc1cc(F)cc(C)c1C(=O)c1sc2cc(O)ccc2c1Oc1ccc(/C=C/C(=O)O)cc1,3.35,train,<rdkit.Chem.rdchem.Mol object at 0x7fdcf4898890>
O=C(O)CCC(=O)Nc1ccc(S(=O)(=O)Nc2nccs2)cc1,3.36,test,<rdkit.Chem.rdchem.Mol object at 0x7fdcf4898900>
O=C(O)c1c(O)c(-c2ccccc2)nc2ccccc12,3.36,train,<rdkit.Chem.rdchem.Mol object at 0x7fdcf4898970>
NC(=O)N[C@@H](CCC(=O)O)C(=O)O,3.36,train,<rdkit.Chem.rdchem.Mol object at 0x7fdcf48989e0>
NCCC(=O)N[C@@H](Cc1c[nH]cn1)C(=O)O,3.36,train,<rdkit.Chem.rdchem.Mol object at 0x7fdcf4898a50>
CCCCCCCCCCCCCCCCCCOC(=O)/C=C/C(=O)O,3.36,train,<rdkit.Chem.rdchem.Mol object at 0x7fdcf4898ac0>
CCCCCCCCCCCCCCCCCCOC(=O)/C=C/C(=O)[O-],3.36,train,<rdkit.Chem.rdchem.Mol object at 0x7fdcf4898b30>
O=C(O)COCCOCCN1CCC(=C(c2ccccc2)c2ccccc2)CC1,3.37,train,<rdkit.Chem.rdchem.Mol object at 0x7fdcf4898cf0>
O=C(O)[C@@H](S)[C@@H](S)C(=O)O,3.37,train,<rdkit.Chem.rdchem.Mol object at 0x7fdcf4898d60>
Cn1cc(C(=O)c2cccc3ccccc23)cc1C(=O)O,3.37,train,<rdkit.Chem.rdchem.Mol object at 0x7fdcf4898dd0>
Cc1ccc(C#Cc2ccc(S(=O)(=O)N[C@H](Cc3c[nH]c4ccccc34)C(=O)O)s2)cc1,3.37,train,<rdkit.Chem.rdchem.Mol object at 0x7fdcf4898e40>
CCCCC[C@H](O)c1ccc(N2C(=O)CC[C@@H]2CCCc2ccc(C(=O)O)s2)cc1,3.37,train,<rdkit.Chem.rdchem.Mol object at 0x7fdcf4898eb0>
CC1(C)S[C@@H]2[C@H](NC(=O)[C@H](/N=C/c3ccco3)c3ccc(O)cc3)C(=O)N2[C@H]1C(=O)O,3.38,test,<rdkit.Chem.rdchem.Mol object at 0x7fdcf4898f20>
C=C[C@@H]1C[C@]1(NC(=O)[C@@H]1C[C@@H](Oc2cc(-c3csc(NC(=O)C(C)C)n3)nc3c(Br)c(OC)ccc23)CN1C(=O)[C@@H](NC(=O)OC1CCCC1)C(C)(C)C)C(=O)[O-],3.38,test,<rdkit.Chem.rdchem.Mol object at 0x7fdcf4898f90>
N#CC(CCN1CCC(C(=O)O)(c2ccccc2)CC1)(c1ccccc1)c1ccccc1,3.38,train,<rdkit.Chem.rdchem.Mol object at 0x7fdcf4899000>
CNCC[C@@H](O)[C@@H]1C[C@H](SC2=C(C(=O)O)N3C(=O)[C@H]([C@@H](C)O)[C@H]3[C@H]2C)CN1,3.38,train,<rdkit.Chem.rdchem.Mol object at 0x7fdcf48990e0>
Cc1c(-c2ccc(-c3ccccc3F)cc2)nc2ccc(F)cc2c1C(=O)[O-],3.38,train,<rdkit.Chem.rdchem.Mol object at 0x7fdcf48991c0>
CC1(C)CCCN1C(=O)c1ccc(-c2cc(F)ccc2OCC(=O)O)cc1Cl,3.38,train,<rdkit.Chem.rdchem.Mol object at 0x7fdcf4899230>
CC1(C)S[C@@H]2[C@H](NC(=O)COc3ccccc3)C(=O)N2[C@H]1C(=O)O,3.39,train,<rdkit.Chem.rdchem.Mol object at 0x7fdcf48992a0>
O=C(O)c1ccc2nc3ccccn3c(=O)c2c1,3.39,train,<rdkit.Chem.rdchem.Mol object at 0x7fdcf4899380>
CCN1CCN(C(=O)N[C@@H](C(=O)N[C@]2(NC=O)C(=O)N3[C@@H](C(=O)O)C(C)(C)S[C@@H]32)c2ccc(O)c(O)c2)C(=O)C1=O,3.39,train,<rdkit.Chem.rdchem.Mol object at 0x7fdcf48993f0>
CC1CNc2c(cccc2S(=O)(=O)N[C@@H](CCCNC(=N)N)C(=O)N2CC[C@@H](C)C[C@@H]2C(=O)O)C1,3.39,train,<rdkit.Chem.rdchem.Mol object at 0x7fdcf4899460>
CCC(Oc1ccccc1)C(=O)N[C@@H]1C(=O)N2[C@@H]1SC(C)(C)[C@@H]2C(=O)O,3.39,train,<rdkit.Chem.rdchem.Mol object at 0x7fdcf48994d0>
CC[C@H](Oc1ccccc1)C(=O)N[C@@H]1C(=O)N2[C@@H]1SC(C)(C)[C@@H]2C(=O)O,3.39,train,<rdkit.Chem.rdchem.Mol object at 0x7fdcf48995b0>
CO[C@@]1(NC(=O)Cc2cccs2)C(=O)N2C(C(=O)O)=C(COC(N)=O)CS[C@@H]21,3.39,train,<rdkit.Chem.rdchem.Mol object at 0x7fdcf4899690>
CO[C@@]1(NC(=O)Cc2cccs2)C(=O)N2C(C(=O)[O-])=C(COC(N)=O)CS[C@@H]21,3.39,train,<rdkit.Chem.rdchem.Mol object at 0x7fdcf4899700>
CC1(C)S[C@@H]2[C@H](NC(=O)COc3ccccc3)C(=O)N2[C@H]1C(=O)[O-],3.39,train,<rdkit.Chem.rdchem.Mol object at 0x7fdcf4899770>
CCC(C)(Oc1ccc(C2(c3ccc(OC(C)(CC)C(=O)O)cc3)CCCCC2)cc1)C(=O)O,3.4,train,<rdkit.Chem.rdchem.Mol object at 0x7fdcf4899850>
CCOC(=O)[C@H](CCc1ccccc1)N[C@H]1CCCN2CCC[C@@H](C(=O)O)N2C1=O,3.4,train,<rdkit.Chem.rdchem.Mol object at 0x7fdcf4899930>
O=C(Oc1ccccc1C(=O)O)c1cccs1,3.4,train,<rdkit.Chem.rdchem.Mol object at 0x7fdcf48999a0>
Nc1ccc(S(=O)(=O)c2ccc(NC(=O)CCC(=O)O)cc2)cc1,3.4,train,<rdkit.Chem.rdchem.Mol object at 0x7fdcf4899a10>
O=C(O)[C@H](O)[C@@H](O)CO,3.4,train,<rdkit.Chem.rdchem.Mol object at 0x7fdcf4899a80>
CCN1CCC(S(=O)(=O)NC(=O)Nc2c3c(cc4c2CCC4)CCC3)CC1,3.4,train,<rdkit.Chem.rdchem.Mol object at 0x7fdcf4899bd0>
CCN1CCC(S(=O)(=O)[N-]C(=O)Nc2c3c(cc4c2CCC4)CCC3)CC1,3.4,train,<rdkit.Chem.rdchem.Mol object at 0x7fdcf4899c40>
O=C(O)Cn1c(=O)n(Cc2ccc(Br)cc2F)c(=O)c2ccc(Cl)cc21,3.41,train,<rdkit.Chem.rdchem.Mol object at 0x7fdcf4899d20>
CC(=O)Oc1ccccc1C(=O)O.NCCCCC(N)C(=O)O,3.41,train,<rdkit.Chem.rdchem.Mol object at 0x7fdcf4899d90>
CC(C)=CCC/C(C)=C/CC/C(C)=C/CSc1ccccc1C(=O)O,3.41,train,<rdkit.Chem.rdchem.Mol object at 0x7fdcf4899e00>
CC(=O)N[C@@H]1C[C@H](O)[C@@H](CO)O[C@H]1O[C@H]1[C@H](O)[C@@H](O)[C@H](O)O[C@@H]1C(=O)O,3.41,train,<rdkit.Chem.rdchem.Mol object at 0x7fdcf4899e70>
O=C(O)C1=CS[C@@H]2/C(=C\c3cn4c(n3)COCC4)C(=O)N12,3.41,train,<rdkit.Chem.rdchem.Mol object at 0x7fdcf4899ee0>
O=C(O)CCc1ccc(S(=O)(=O)CCc2c(CCNS(=O)(=O)Cc3ccccc3C(F)(F)F)n(C(c3ccccc3)c3ccccc3)c3ccc(Cl)cc23)cc1,3.41,train,<rdkit.Chem.rdchem.Mol object at 0x7fdcf4899f50>
CCOC(=O)[C@H](CCc1ccccc1)N[C@@H](C)C(=O)N1N=C(C(C)(C)C)S[C@H]1C(=O)O,3.42,train,<rdkit.Chem.rdchem.Mol object at 0x7fdcf489a030>
CCOCc1cc(OC)c(-c2ccc(C[C@H](NC(=O)c3c(F)cccc3F)C(=O)O)cc2)c(OC)c1,3.42,train,<rdkit.Chem.rdchem.Mol object at 0x7fdcf489a0a0>
CC(C)n1cc(C#N)c2cc(-n3cc(C(=O)O)cn3)ccc21,3.42,train,<rdkit.Chem.rdchem.Mol object at 0x7fdcf489a110>
CC(=O)OCC1=C(C(=O)O)N2C(=O)[C@@H](NC(=O)Cc3cccs3)[C@H]2SC1,3.43,test,<rdkit.Chem.rdchem.Mol object at 0x7fdcf489a180>
CC(=O)NC(CCC(=O)O)C(=O)O,3.43,train,<rdkit.Chem.rdchem.Mol object at 0x7fdcf489a1f0>
O=C(O)c1ccc(S(=O)(=O)NCl)cc1,3.43,train,<rdkit.Chem.rdchem.Mol object at 0x7fdcf489a260>
CC(=O)OCC1=C(C(=O)O)N2C(=O)[C@@H](NC(=O)Cc3ccccc3)[C@H]2SC1,3.43,train,<rdkit.Chem.rdchem.Mol object at 0x7fdcf489a2d0>
O=C(O)CN1C[C@@H](c2cccs2)SC[C@H](N[C@@H](CCc2ccccc2)C(=O)O)C1=O,3.43,train,<rdkit.Chem.rdchem.Mol object at 0x7fdcf489a340>
CC(=O)NC(CCC(=O)O)C(=O)O.CN(C)CCO,3.43,train,<rdkit.Chem.rdchem.Mol object at 0x7fdcf489a490>
CC(=O)NC(CCSC(=O)C(C)(C)Oc1ccc(Cl)cc1)C(=O)O,3.43,train,<rdkit.Chem.rdchem.Mol object at 0x7fdcf489a500>
O=C(O)c1cc(NC(=O)C2(c3ccc(C(F)(F)F)cc3F)CC2)ccc1-c1cnn(C2CCC2)c1,3.43,train,<rdkit.Chem.rdchem.Mol object at 0x7fdcf489a570>
CCOc1nc2cccc(C(=O)O)c2n1Cc1ccc(-c2ccccc2-c2nnn[nH]2)cc1,3.44,test,<rdkit.Chem.rdchem.Mol object at 0x7fdcf489a5e0>
C[C@@H](O)[C@H]1C(=O)N2C(C(=O)O)=C(SCCNC=N)C[C@H]12,3.44,test,<rdkit.Chem.rdchem.Mol object at 0x7fdcf489a650>
O=C(O)COC(=O)Cc1ccccc1Nc1c(Cl)cccc1Cl,3.44,train,<rdkit.Chem.rdchem.Mol object at 0x7fdcf489a6c0>
O=C(O)CN1C(=O)c2cccc3cccc(c23)C1=O,3.45,train,<rdkit.Chem.rdchem.Mol object at 0x7fdcf489a730>
CCOc1cc(OCC)c(C(=O)CCC(=O)O)cc1OCC,3.45,train,<rdkit.Chem.rdchem.Mol object at 0x7fdcf489a7a0>
Cc1cccc(C)c1NC(=O)CN(CC(=O)O)CC(=O)O,3.45,train,<rdkit.Chem.rdchem.Mol object at 0x7fdcf489a810>
O=C(O)/C=C/c1ccc(O)c(O)c1,3.45,train,<rdkit.Chem.rdchem.Mol object at 0x7fdcf489a880>
O=C([O-])CN1C(=O)c2cccc3cccc(c23)C1=O,3.45,train,<rdkit.Chem.rdchem.Mol object at 0x7fdcf489a8f0>
CC(C)C[C@@H](OC(=O)c1ccco1)C(=O)N[C@@H]1C(=O)N2[C@@H]1SC(C)(C)[C@@H]2C(=O)O,3.45,train,<rdkit.Chem.rdchem.Mol object at 0x7fdcf489a960>
CCOC(=O)[C@H](CCc1ccccc1)N[C@@H](C)C(=O)N1Cc2cc(OC)c(OC)cc2C[C@H]1C(=O)O,3.46,train,<rdkit.Chem.rdchem.Mol object at 0x7fdcf489aa40>
O=C(O)c1c(O)c(Cc2ccc(Cl)cc2)nc2c3c(ccc12)CCCC3,3.46,train,<rdkit.Chem.rdchem.Mol object at 0x7fdcf489ab20>
COc1ccccc1[C@H](Cn1c(=O)n(C(C)(C)C(=O)O)c(=O)c2c(C)c(-c3ncco3)sc21)OC1CCOCC1,3.46,train,<rdkit.Chem.rdchem.Mol object at 0x7fdcf489ab90>
CCCCc1ncc(/C=C(\Cc2cccs2)C(=O)O)n1Cc1ccc(C(=O)O)cc1,3.47,test,<rdkit.Chem.rdchem.Mol object at 0x7fdcf489ac00>
O=C(O)c1ccc(S(=O)(=O)N(Cl)Cl)cc1,3.47,train,<rdkit.Chem.rdchem.Mol object at 0x7fdcf489ac70>
CC(C)(Oc1ccc(C(O)c2ccc(Cl)cc2)cc1)C(=O)O,3.47,train,<rdkit.Chem.rdchem.Mol object at 0x7fdcf489ad50>
CC(Oc1ccccc1)C(=O)N[C@@H]1C(=O)N2[C@@H]1SC(C)(C)[C@@H]2C(=O)O,3.47,train,<rdkit.Chem.rdchem.Mol object at 0x7fdcf489adc0>
O=C(O)COc1ccccc1/C=N/NC(=O)c1ccncc1,3.47,train,<rdkit.Chem.rdchem.Mol object at 0x7fdcf489ae30>
O=C(O)CCCCN(CCc1ccccc1OCc1ccc(CCc2ccccc2)cc1)Cc1ccc(C(=O)O)cc1,3.47,train,<rdkit.Chem.rdchem.Mol object at 0x7fdcf489aea0>
CC(Oc1ccccc1)C(=O)N[C@@H]1C(=O)N2[C@@H]1SC(C)(C)[C@@H]2C(=O)[O-],3.47,train,<rdkit.Chem.rdchem.Mol object at 0x7fdcf489af10>
O=C(O)Cn1nnc(-c2cc(N3CCC(Oc4cc(F)ccc4Br)CC3)no2)n1,3.47,train,<rdkit.Chem.rdchem.Mol object at 0x7fdcf489af80>
O=C1C(O)=C(O)C(=O)C(O)=C1O,3.48,train,<rdkit.Chem.rdchem.Mol object at 0x7fdcf489aff0>
CC1(C)S[C@@H]2[C@H](NC(=O)[C@H](NC(=O)c3ccc(-c4ccc(S(=O)(=O)N(CCO)CCO)cc4)[nH]c3=O)c3ccc(O)cc3)C(=O)N2[C@H]1C(=O)O,3.48,train,<rdkit.Chem.rdchem.Mol object at 0x7fdcf489b060>
C[C@@H]1O[C@@H](CC(=O)O)CC2=C1C(=O)c1c(O)cccc1C2=O,3.48,train,<rdkit.Chem.rdchem.Mol object at 0x7fdcf489b140>
CC1(C)S[C@@H]2[C@H](NC(=O)[C@H](NC(=O)Nc3cnc(Nc4ccc(S(N)(=O)=O)cc4)nc3O)c3ccc(O)cc3)C(=O)N2[C@H]1C(=O)O,3.48,train,<rdkit.Chem.rdchem.Mol object at 0x7fdcf489b1b0>
CC1(C)S[C@@H]2[C@H](NC(=O)[C@H](NC(=O)N3CCN(/N=C/c4ccco4)C3=O)c3ccc(O)cc3)C(=O)N2[C@H]1C(=O)O,3.48,train,<rdkit.Chem.rdchem.Mol object at 0x7fdcf489b290>
CNC(=O)C[C@@H](N)C(=O)N[C@@H](C(=O)N[C@H]1C(=O)N2[C@@H]1SC(C)(C)[C@@H]2C(=O)O)c1ccc(O)cc1,3.48,train,<rdkit.Chem.rdchem.Mol object at 0x7fdcf489b370>
Cn1c(-c2ccccn2)c(C2CCCC2)c2ccc(C(=O)NC3(C(=O)Nc4ccc(/C=C/C(=O)O)cc4)CCC3)cc21,3.48,train,<rdkit.Chem.rdchem.Mol object at 0x7fdcf489b3e0>
O=C(O)CCCCON=C(c1cccnc1)c1cccc(C(F)(F)F)c1,3.49,test,<rdkit.Chem.rdchem.Mol object at 0x7fdcf489b450>
CC(=O)N[C@H]1[C@H]([C@H](O)[C@H](O)CO)OC(C(=O)O)=C[C@@H]1NC(=N)N,3.49,test,<rdkit.Chem.rdchem.Mol object at 0x7fdcf489b4c0>
CC1(C)S[C@@H]2[C@H](NC(=O)[C@H](NC(=O)CNC(=N)c3ccncc3)c3ccccc3)C(=O)N2[C@H]1C(=O)O,3.49,test,<rdkit.Chem.rdchem.Mol object at 0x7fdcf489b5a0>
O=C(O)c1ccccc1C(=O)c1ccc(O)c(-c2ccccc2)c1,3.49,train,<rdkit.Chem.rdchem.Mol object at 0x7fdcf489b680>
CCOC(=O)[C@H](CCc1ccccc1)N[C@@H](C)C(=O)N1C(=O)N(C)C[C@H]1C(=O)O,3.49,train,<rdkit.Chem.rdchem.Mol object at 0x7fdcf489b760>
CC1(C)S[C@@H]2[C@H](NC(=O)[C@H](NC(=O)N3CCNC3=O)c3ccccc3)C(=O)N2[C@H]1C(=O)[O-],3.49,train,<rdkit.Chem.rdchem.Mol object at 0x7fdcf489b920>
CC1(C)S[C@@H]2[C@H](NC(=O)[C@H](NC(=O)N3CCN(S(C)(=O)=O)C3=O)c3ccccc3)C(=O)N2[C@H]1C(=O)[O-],3.49,train,<rdkit.Chem.rdchem.Mol object at 0x7fdcf489b990>
CC1(C)S[C@@H]2[C@H](NC(=O)[C@H](NC(=O)c3cnc4cccnc4c3O)c3ccccc3)C(=O)N2[C@H]1C(=O)[O-],3.49,train,<rdkit.Chem.rdchem.Mol object at 0x7fdcf489ba00>
O=C(c1ccccc1)c1cc2c(cc1O)C(C(=O)O)CC2,3.5,test,<rdkit.Chem.rdchem.Mol object at 0x7fdcf489ba70>
CN(CC(=O)O)C(=N)N,3.5,train,<rdkit.Chem.rdchem.Mol object at 0x7fdcf489bb50>
C=CCSCC(=O)N[C@@H]1C(=O)N2[C@@H]1SC(C)(C)[C@@H]2C(=O)O,3.5,train,<rdkit.Chem.rdchem.Mol object at 0x7fdcf489bc30>
C[C@H](CSC(=O)c1ccccc1)C(=O)N1C[C@@H](Sc2ccccc2)C[C@H]1C(=O)O,3.5,train,<rdkit.Chem.rdchem.Mol object at 0x7fdcf489bca0>
O=C(Nc1nc(-c2cc(Cl)cs2)c(N2CCN(C3CCCCC3)CC2)s1)c1cnc(N2CCC(C(=O)O)CC2)c(Cl)c1,3.5,train,<rdkit.Chem.rdchem.Mol object at 0x7fdcf489bd80>
CCOc1nc2cccc(C(=O)O)c2n1Cc1ccc(-c2ccccc2-c2noc(=O)[nH]2)cc1,3.51,test,<rdkit.Chem.rdchem.Mol object at 0x7fdcf489be60>
O=C(O)c1ccccc1Nc1cc(Cl)ccc1C(=O)O,3.51,train,<rdkit.Chem.rdchem.Mol object at 0x7fdcf489bed0>
CC(=N)N1CC[C@H](SC2=C(C(=O)O)N3C(=O)[C@H]([C@@H](C)O)[C@H]3C2)C1,3.51,train,<rdkit.Chem.rdchem.Mol object at 0x7fdcf489bf40>
O=C([O-])c1ccccc1Nc1cc(Cl)ccc1C(=O)[O-],3.51,train,<rdkit.Chem.rdchem.Mol object at 0x7fdcf489c190>
O=C(NC(Cc1cc(=O)[nH]c2ccccc12)C(=O)O)c1ccc(Cl)cc1,3.52,train,<rdkit.Chem.rdchem.Mol object at 0x7fdcf489c200>
O=C(O)c1ccc(S(=O)(=O)N(Cc2ccc(OC(F)(F)F)cc2)c2ncc3ccccc3c2C2CC2)cc1,3.52,train,<rdkit.Chem.rdchem.Mol object at 0x7fdcf489c2e0>
CCN(CC)S(=O)(=O)c1ccc(C(=O)O)cc1,3.53,test,<rdkit.Chem.rdchem.Mol object at 0x7fdcf489c3c0>
COc1ccccc1Oc1c(NS(=O)(=O)c2ccc(C(C)C)cn2)nc(-c2ccnc(-c3nnn[nH]3)c2)nc1OCCO,3.53,test,<rdkit.Chem.rdchem.Mol object at 0x7fdcf489c430>
CCCN(CCC)S(=O)(=O)c1ccc(C(=O)O)cc1,3.53,train,<rdkit.Chem.rdchem.Mol object at 0x7fdcf489c4a0>
CC1(C)S[C@@H]2[C@H](NC(=O)Cc3ccccc3)C(=O)N2[C@H]1C(=O)O,3.53,train,<rdkit.Chem.rdchem.Mol object at 0x7fdcf489c510>
CC1(C)S[C@@H]2[C@H](NC(=O)Cc3ccccc3)C(=O)N2[C@H]1C(=O)O.c1ccc(CCNCc2ccccc2)cc1,3.53,train,<rdkit.Chem.rdchem.Mol object at 0x7fdcf489c580>
CC(=O)N[C@@H](CSC(C)=O)C(=O)O,3.53,train,<rdkit.Chem.rdchem.Mol object at 0x7fdcf489c5f0>
COC(=O)[C@H](Cc1ccccc1)NC(=O)[C@@H](N)CC(=O)O,3.53,train,<rdkit.Chem.rdchem.Mol object at 0x7fdcf489c660>
CC1(C)S[C@@H]2[C@H](NC(=O)Cc3ccccc3)C(=O)N2[C@H]1C(=O)[O-],3.53,train,<rdkit.Chem.rdchem.Mol object at 0x7fdcf489c6d0>
CCOC(=O)[C@H](CCc1ccccc1)N[C@H]1CCc2ccccc2N(CC(=O)O)C1=O,3.53,train,<rdkit.Chem.rdchem.Mol object at 0x7fdcf489c740>
NS(=O)(=O)c1ccc(C(=O)O)cc1,3.54,train,<rdkit.Chem.rdchem.Mol object at 0x7fdcf489c820>
O=C1NOCC1/N=C/c1ccc(/C=N/C2CONC2=O)cc1,3.54,train,<rdkit.Chem.rdchem.Mol object at 0x7fdcf489c890>
O=C(O)CCC(=O)O,3.55,train,<rdkit.Chem.rdchem.Mol object at 0x7fdcf489c970>
O=C(O)Cc1ccccc1Oc1ccc(Cl)cc1Cl,3.55,train,<rdkit.Chem.rdchem.Mol object at 0x7fdcf489c9e0>
CC(C)(Oc1ccccc1)C(=O)N[C@@H]1C(=O)N2[C@@H]1SC(C)(C)[C@@H]2C(=O)O,3.55,train,<rdkit.Chem.rdchem.Mol object at 0x7fdcf489cac0>
COc1ccc(/C=C/C(=O)Nc2ccccc2C(=O)O)cc1OC,3.55,train,<rdkit.Chem.rdchem.Mol object at 0x7fdcf489cb30>
C[C@H](CSC(=O)[C@@H](C)NC(=O)C1CCCCC1)C(=O)N1CCC[C@H]1C(=O)O,3.55,train,<rdkit.Chem.rdchem.Mol object at 0x7fdcf489cba0>
O=S(=O)(Nc1cccc(OCc2ccc3ccccc3n2)c1)C(F)(F)F,3.56,train,<rdkit.Chem.rdchem.Mol object at 0x7fdcf489cd60>
Cc1cc(C)cc(NC(=O)Cc2ccc(OC(C)(C)C(=O)O)cc2)c1,3.56,train,<rdkit.Chem.rdchem.Mol object at 0x7fdcf489ce40>
Cc1cn(C(=O)c2c(-c3c(Cl)cc(Cl)cc3Cl)noc2C(C)(C)F)c2cccc(/C=C/C(=O)O)c12,3.56,train,<rdkit.Chem.rdchem.Mol object at 0x7fdcf489cf20>
CC(C)(C)N.Cc1cn(C(=O)c2c(-c3c(Cl)cc(Cl)cc3Cl)noc2C(C)(C)F)c2cccc(/C=C/C(=O)O)c12,3.56,train,<rdkit.Chem.rdchem.Mol object at 0x7fdcf489cf90>
O=C(O)c1cc(-c2ccccc2)nc2ccccc12,3.57,train,<rdkit.Chem.rdchem.Mol object at 0x7fdcf489d000>
O=C(O)Cc1ccc2c(c1)SCc1ccccc1C2=O,3.57,train,<rdkit.Chem.rdchem.Mol object at 0x7fdcf489d070>
O=C1CC[C@@H](C(=O)N2CSC[C@H]2C(=O)O)N1,3.57,train,<rdkit.Chem.rdchem.Mol object at 0x7fdcf489d0e0>
O=C(O)COCCN1CCN(C(c2ccc(F)cc2)c2ccc(F)cc2)CC1,3.57,train,<rdkit.Chem.rdchem.Mol object at 0x7fdcf489d150>
C[C@H](N)C(=O)N[C@@H](CCC(N)=O)C(=O)O,3.57,train,<rdkit.Chem.rdchem.Mol object at 0x7fdcf489d1c0>
COc1c(C)c2c(c(O)c1C/C=C(\C)CCC(=O)O)C(=O)OC2,3.57,train,<rdkit.Chem.rdchem.Mol object at 0x7fdcf489d230>
C[C@H](Cc1c[nH]c2c(OCC(=O)O)cccc12)NC[C@H](O)c1cccc(Cl)c1,3.57,train,<rdkit.Chem.rdchem.Mol object at 0x7fdcf489d2a0>
COc1c(C)c2c(c(O)c1C/C=C(\C)CCC(=O)[O-])C(=O)OC2,3.57,train,<rdkit.Chem.rdchem.Mol object at 0x7fdcf489d380>
C[C@@]1(C(=O)N[C@@H](CCC(=O)O)C(=O)O)CCCN1C(=O)CN,3.57,train,<rdkit.Chem.rdchem.Mol object at 0x7fdcf489d3f0>
CCOCCn1nc(C(=O)NS(C)(=O)=O)c2nc(N(C)CC)nc(Nc3cc(C)ccn3)c21,3.57,train,<rdkit.Chem.rdchem.Mol object at 0x7fdcf489d460>
CN(C)CCN(C)[C@H]1COc2ccccc2-c2c(C3CCCCC3)c3ccc(C(=O)O)cc3n2C1,3.57,train,<rdkit.Chem.rdchem.Mol object at 0x7fdcf489d4d0>
O=C(c1ccc(F)cc1)c1ccccc1N[C@@H](Cc1ccc(OCCn2c3ccccc3c3ccccc32)cc1)C(=O)O,3.57,train,<rdkit.Chem.rdchem.Mol object at 0x7fdcf489d540>
COc1cc(/C=C/C(=O)O)ccc1O,3.58,train,<rdkit.Chem.rdchem.Mol object at 0x7fdcf489d5b0>
CCCCC1(CCCC)CN(c2ccccc2)c2cc(SC)c(OCC(=O)N[C@@H](C(=O)NCC(=O)O)c3ccccc3)cc2S(=O)(=O)C1,3.58,train,<rdkit.Chem.rdchem.Mol object at 0x7fdcf489d690>
CCO[C@H](COc1ccc(C(F)(F)F)cc1)CSc1ccc(OCC(=O)O)c(C)c1.NCCCC[C@H](N)C(=O)O,3.58,train,<rdkit.Chem.rdchem.Mol object at 0x7fdcf489d770>
COc1cc(/C=C/C(=O)[O-])ccc1O,3.58,train,<rdkit.Chem.rdchem.Mol object at 0x7fdcf489d7e0>
O=C(O)Cc1nn(Cc2nc3cc(C(F)(F)F)ccc3s2)c(=O)c2nccnc12,3.58,train,<rdkit.Chem.rdchem.Mol object at 0x7fdcf489d850>
N#Cc1ccc(COc2cccc(C3CCN(Cc4nc5ccc(C(=O)O)cc5n4C[C@@H]4CCO4)CC3)n2)c(F)c1,3.58,train,<rdkit.Chem.rdchem.Mol object at 0x7fdcf489d8c0>
N#Cc1ccc(COc2cccc(C3CCN(Cc4nc5ccc(C(=O)O)cc5n4C[C@@H]4CCO4)CC3)n2)c(F)c1.NC(CO)(CO)CO,3.58,train,<rdkit.Chem.rdchem.Mol object at 0x7fdcf489d930>
O=C(O)COCCN1CCN(C(c2ccccc2)c2ccc(Cl)cc2)CC1,3.59,train,<rdkit.Chem.rdchem.Mol object at 0x7fdcf489d9a0>
O=C(O)[C@@H]1CS[C@H](c2ccccc2O)N1C(=O)CCS,3.59,train,<rdkit.Chem.rdchem.Mol object at 0x7fdcf489da10>
O=C(O)COCCN1CCN([C@H](c2ccccc2)c2ccc(Cl)cc2)CC1,3.59,train,<rdkit.Chem.rdchem.Mol object at 0x7fdcf489da80>
CCCCC/C=C\C/C=C\C=C\C=C\[C@@H](SC[C@H](N)C(=O)NCC(=O)O)[C@@H](O)CCCC(=O)O,3.59,train,<rdkit.Chem.rdchem.Mol object at 0x7fdcf489db60>
O=C(O)c1ccc(NC(=O)[C@H](CC2CCCC2)n2cnc(C(F)(F)F)c2)nc1,3.59,train,<rdkit.Chem.rdchem.Mol object at 0x7fdcf489dbd0>
CC(C)(Sc1ccncc1-c1ccc(C#N)c2ccccc12)C(=O)O,3.59,train,<rdkit.Chem.rdchem.Mol object at 0x7fdcf489dc40>
O=C(Nc1ccc(Cl)cc1)NS(=O)(=O)c1ccc2c(c1)CCC2,3.6,test,<rdkit.Chem.rdchem.Mol object at 0x7fdcf489dcb0>
CC(=O)S[C@H](C(=O)N[C@H]1Cc2ccccc2[C@H]2CCC[C@@H](C(=O)O)N2C1=O)C(C)C,3.6,test,<rdkit.Chem.rdchem.Mol object at 0x7fdcf489dd20>
C=C(C[C@H](NC(=O)c1ccc(CCc2ccc3nc(N)nc(N)c3c2)cc1)C(=O)O)C(=O)O,3.6,test,<rdkit.Chem.rdchem.Mol object at 0x7fdcf489dd90>
O=C(O)c1ccc2[nH]cc(CCCCN3CC=C(c4ccccc4)CC3)c2c1,3.6,train,<rdkit.Chem.rdchem.Mol object at 0x7fdcf489de00>
Cc1ccc2c(=O)c3cccc(CC(=O)O)c3oc2c1C,3.6,train,<rdkit.Chem.rdchem.Mol object at 0x7fdcf489dee0>
CCCc1c(OCCCOc2cc(O)c(-c3ccc(F)cc3)cc2CC)cccc1Oc1ccccc1C(=O)O,3.6,train,<rdkit.Chem.rdchem.Mol object at 0x7fdcf489dfc0>
CCOP(=O)(NC(=S)Nc1ccccc1NC(=O)NS(=O)(=O)c1ccc(C)cc1)OCC,3.6,train,<rdkit.Chem.rdchem.Mol object at 0x7fdcf489e030>
C=C(CC(NC(=O)c1ccc(CCc2ccc3nc(N)nc(N)c3c2)cc1)C(=O)O)C(=O)O,3.6,train,<rdkit.Chem.rdchem.Mol object at 0x7fdcf489e0a0>
O=C(O)c1ccc2nc(-c3cc(Cl)cc(Cl)c3)oc2c1,3.6,train,<rdkit.Chem.rdchem.Mol object at 0x7fdcf489e110>
NC(=O)CC[C@@H](C(=O)O)N(CCNC(=S)Nc1ccc2c(c1)C(=O)OC21c2ccc(O)cc2Oc2cc(O)ccc21)C(=O)c1ccc(NCc2cnc3nc(N)[nH]c(=O)c3n2)cc1,3.6,train,<rdkit.Chem.rdchem.Mol object at 0x7fdcf489e1f0>
O=C1CC[C@@H](C(=O)O)N1,3.61,train,<rdkit.Chem.rdchem.Mol object at 0x7fdcf489e260>
CN1Cc2cc(C(=O)N3CCC(C4CCNCC4)CC3)ccc2N[C@@H](CC(=O)O)C1=O,3.61,train,<rdkit.Chem.rdchem.Mol object at 0x7fdcf489e2d0>
CC(C)C1=C2[C@H]3CC[C@@H]4[C@@]5(C)CC[C@H](OC(=O)CC(C)(C)C(=O)O)C(C)(C)[C@@H]5CC[C@@]4(C)[C@]3(C)CC[C@@]2([C@@H](O)CN(CCN(C)C)Cc2ccc(Cl)cc2)CC1=O,3.61,train,<rdkit.Chem.rdchem.Mol object at 0x7fdcf489e3b0>
CCCc1nc2c(C)cc(-c3nc4ccccc4n3C)cc2n1Cc1ccc(-c2ccccc2C(=O)O)cc1,3.62,test,<rdkit.Chem.rdchem.Mol object at 0x7fdcf489e420>
CCc1c(C(=O)C(N)=O)c2c(OCC(=O)O)cccc2n1Cc1ccccc1,3.62,test,<rdkit.Chem.rdchem.Mol object at 0x7fdcf489e490>
O=C(O)c1cnccn1,3.62,train,<rdkit.Chem.rdchem.Mol object at 0x7fdcf489e500>
CCOC(=O)N1CSC[C@H]1C(=O)O,3.62,train,<rdkit.Chem.rdchem.Mol object at 0x7fdcf489e570>
N=C(N)c1ccc(-c2ccc(OC[C@@H]3C[C@@H](CC(=O)O)C(=O)N3)cc2)cc1,3.62,train,<rdkit.Chem.rdchem.Mol object at 0x7fdcf489e5e0>
O=Cc1c(O)cccc1OCCCCC(=O)O,3.62,train,<rdkit.Chem.rdchem.Mol object at 0x7fdcf489e650>
CCOC(=O)[C@H](CCc1ccccc1)N[C@@H](C)C(=O)N1CC2(C[C@H]1C(=O)O)SCCS2,3.62,train,<rdkit.Chem.rdchem.Mol object at 0x7fdcf489e6c0>
CCc1c(C(=O)C(N)=O)c2c(OCC(=O)[O-])cccc2n1Cc1ccccc1,3.62,train,<rdkit.Chem.rdchem.Mol object at 0x7fdcf489e730>
COc1ccc(CC(=O)O)cc1Oc1ccc(NC(=O)C(C)(C)C)cc1CSC(C)(C)C,3.62,train,<rdkit.Chem.rdchem.Mol object at 0x7fdcf489e7a0>
CC(=O)/C=C(/C)N[C@@H]1CON=C1O,3.62,train,<rdkit.Chem.rdchem.Mol object at 0x7fdcf489e810>
CCOC(=O)[C@H](CCc1ccccc1)N[C@H](C)C(=O)N1CC2(C[C@H]1C(=O)O)SCCS2,3.62,train,<rdkit.Chem.rdchem.Mol object at 0x7fdcf489e880>
C[C@@H](O)[C@H]1C(=O)N2C(C(=O)O)=C(S[C@H]3C[C@@H](C(=O)N4CC[C@H](NC(=O)CNC(=N)N)C4)N(C)C3)[C@H](C)[C@H]12,3.63,test,<rdkit.Chem.rdchem.Mol object at 0x7fdcf489e8f0>
CC(C(=O)O)c1ccc2c(c1)Cc1cccnc1O2,3.63,train,<rdkit.Chem.rdchem.Mol object at 0x7fdcf489e960>
O=C(O)COc1ccc(CCNS(=O)(=O)c2ccccc2)s1,3.63,train,<rdkit.Chem.rdchem.Mol object at 0x7fdcf489e9d0>
O=C(O)CCSCC(=O)O,3.63,train,<rdkit.Chem.rdchem.Mol object at 0x7fdcf489ea40>
O=C1C(I)=CC(=C(c2cc(I)c(O)c(I)c2)c2ccccc2C(=O)O)C=C1I,3.63,train,<rdkit.Chem.rdchem.Mol object at 0x7fdcf489eab0>
O=C(O)C[C@H](NC(=O)[C@@H]1CCCN(C(=O)CCC2CCNCC2)C1)c1cccnc1,3.63,train,<rdkit.Chem.rdchem.Mol object at 0x7fdcf489eb20>
O=C1C(I)=CC(=C(c2cc(I)c([O-])c(I)c2)c2ccccc2C(=O)[O-])C=C1I,3.63,train,<rdkit.Chem.rdchem.Mol object at 0x7fdcf489eb90>
CC(C(=O)O)c1ccc(Nc2ccccc2C(=O)O)cc1,3.64,train,<rdkit.Chem.rdchem.Mol object at 0x7fdcf489ec00>
CC(=O)N[C@@H](CSCC(C)C(=O)c1ccccc1)C(=O)O,3.64,train,<rdkit.Chem.rdchem.Mol object at 0x7fdcf489ec70>
C[C@H](CSC(=O)C(C)(C)C)C(=O)N(CC(=O)O)C1CCCC1,3.64,train,<rdkit.Chem.rdchem.Mol object at 0x7fdcf489ece0>
COC[C@H]1C[C@@](Cn2cccn2)(C(=O)O)N(C(=O)c2ccc(C(C)(C)C)c(OC)c2)[C@H]1c1nccs1,3.64,train,<rdkit.Chem.rdchem.Mol object at 0x7fdcf489edc0>
O=C(O)C1=CC[C@@H]2CC(=O)N12,3.65,test,<rdkit.Chem.rdchem.Mol object at 0x7fdcf489eea0>
O=C(O)c1ccccc1C(=O)N1CCSC1,3.65,train,<rdkit.Chem.rdchem.Mol object at 0x7fdcf489ef10>
O=C(O)CCC(=O)OC[C@@H](NC(=O)C(Cl)Cl)[C@H](O)c1ccc([N+](=O)[O-])cc1,3.65,train,<rdkit.Chem.rdchem.Mol object at 0x7fdcf489ef80>
CCc1ccc(Nc2c(F)c(F)cc(F)c2F)c(CC(=O)O)c1,3.65,train,<rdkit.Chem.rdchem.Mol object at 0x7fdcf489eff0>
C[C@@H](O)[C@H]1C(=O)N2C(C(=O)O)=C(S[C@H]3CC[S@@+]([O-])C3)S[C@H]12,3.65,train,<rdkit.Chem.rdchem.Mol object at 0x7fdcf489f0d0>
Cn1ncc2cc(-c3cc(CCC(=O)O)cc(N)c3OC3Cc4ccccc4C3)ccc21,3.65,train,<rdkit.Chem.rdchem.Mol object at 0x7fdcf489f140>
O=C([O-])CCC(=O)OC[C@@H](NC(=O)C(Cl)Cl)[C@H](O)c1ccc([N+](=O)[O-])cc1,3.65,train,<rdkit.Chem.rdchem.Mol object at 0x7fdcf489f1b0>
O=C(O)COc1nn(Cc2ccccc2)c2ccccc12,3.66,train,<rdkit.Chem.rdchem.Mol object at 0x7fdcf489f220>
C[C@]12CCC(=O)C=C1CC[C@@H]1[C@@H]2[C@@H](O)C[C@@]2(C)[C@H]1CC[C@]2(O)C(=O)COC(=O)CCC(=O)O,3.66,train,<rdkit.Chem.rdchem.Mol object at 0x7fdcf489f290>
C[C@H]1C[C@@H]2[C@H]([C@@H](O)C[C@@]3(C)[C@H]2CC[C@]3(O)C(=O)COC(=O)CCC(=O)O)[C@@]2(C)C=CC(=O)C=C12,3.66,train,<rdkit.Chem.rdchem.Mol object at 0x7fdcf489f300>
COc1ccc2c(C(=O)c3ccc(Cl)cc3)c(C)n(CC(=O)O)c2c1,3.66,train,<rdkit.Chem.rdchem.Mol object at 0x7fdcf489f370>
C[C@]12C=CC(=O)C=C1CC[C@@H]1[C@@H]2[C@@H](O)C[C@@]2(C)[C@H]1CC[C@]2(O)C(=O)COC(=O)CCC(=O)[O-],3.66,train,<rdkit.Chem.rdchem.Mol object at 0x7fdcf489f450>
O=C(O)CCCNC(=O)c1ccc(Cl)cc1O,3.66,train,<rdkit.Chem.rdchem.Mol object at 0x7fdcf489f4c0>
O=C([O-])CCCNC(=O)c1ccc(Cl)cc1O,3.66,train,<rdkit.Chem.rdchem.Mol object at 0x7fdcf489f530>
C[C@H]1C[C@@H]2[C@H]([C@@H](O)C[C@@]3(C)[C@H]2CC[C@]3(O)C(=O)COC(=O)CCC(=O)[O-])[C@@]2(C)C=CC(=O)C=C12,3.66,train,<rdkit.Chem.rdchem.Mol object at 0x7fdcf489f5a0>
COc1ccc(C(=O)c2c(C)n(CC(=O)O)c3cc(OC)ccc23)cc1,3.67,test,<rdkit.Chem.rdchem.Mol object at 0x7fdcf489f680>
C[C@@H](O)[C@H]1C(=O)N2C(C(=O)O)=C(S[C@H]3CNC(=O)C3)[C@H](C)[C@H]12,3.67,test,<rdkit.Chem.rdchem.Mol object at 0x7fdcf489f6f0>
O=C(O)Cc1nn(Cc2ccc(Br)cc2F)c(=O)c2ccccc12,3.67,train,<rdkit.Chem.rdchem.Mol object at 0x7fdcf489f760>
CC(C(=O)O)c1ccc2c(c1)CC(=O)c1ccccc1S2,3.67,train,<rdkit.Chem.rdchem.Mol object at 0x7fdcf489f840>
CCCCCCCCCCCCCCCCCC(=O)NCCCC[C@H](NC(=O)CC[C@@H](NC(=O)[C@H](C)NC(=O)[C@@H](C)O[C@H]1[C@H](O)[C@@H](CO)OC(O)[C@@H]1NC(C)=O)C(N)=O)C(=O)O,3.67,train,<rdkit.Chem.rdchem.Mol object at 0x7fdcf489fa00>
COc1ccc(CN(C(=O)[C@@H](N)Cc2c(C)cc(C(N)=O)cc2C)[C@@H](C)c2ncc(-c3ccccc3)[nH]2)cc1C(=O)O,3.67,train,<rdkit.Chem.rdchem.Mol object at 0x7fdcf489fa70>
Cn1c(C2(NC(=O)c3ccc4c(C5CCCC5)c(-c5ncc(Br)cn5)n(C)c4c3)CCC2)nc2ccc(/C=C/C(=O)O)cc21,3.67,train,<rdkit.Chem.rdchem.Mol object at 0x7fdcf489fae0>
Cc1cc(OCCCS(C)(=O)=O)cc(C)c1-c1cccc(COc2cc3c(cn2)[C@H]2[C@@H](C3)[C@@H]2C(=O)O)c1,3.67,train,<rdkit.Chem.rdchem.Mol object at 0x7fdcf489fb50>
Cc1c(C)c2c(c(C)c1OCC(=O)O)CC[C@@](C)(CCC[C@H](C)CCC[C@H](C)CCCC(C)C)O2,3.68,test,<rdkit.Chem.rdchem.Mol object at 0x7fdcf489fc30>
Nc1ccc(C(=O)O)c(O)c1,3.68,train,<rdkit.Chem.rdchem.Mol object at 0x7fdcf489fd10>
O=C(O)Cn1c2ccccc2c(=O)c2ccccc21,3.68,train,<rdkit.Chem.rdchem.Mol object at 0x7fdcf489fd80>
O=C(O)c1ccccc1-c1ccc(C(F)(F)F)cc1,3.68,train,<rdkit.Chem.rdchem.Mol object at 0x7fdcf489fdf0>
O=C(O)Cc1cccc2c(=O)cc(-c3ccccc3)oc12,3.68,train,<rdkit.Chem.rdchem.Mol object at 0x7fdcf489fe60>
CCc1nc2c(C)cc(-c3cn4c(n3)CCCC4)cc2n1Cc1ccc(-c2ccccc2C(=O)O)cc1,3.68,train,<rdkit.Chem.rdchem.Mol object at 0x7fdcf489ff40>
N[C@H]1C[C@@H](C(=O)O)CC1=C(F)F,3.68,train,<rdkit.Chem.rdchem.Mol object at 0x7fdcf48a0040>
Nc1ccc(C(=O)[O-])c(O)c1,3.68,train,<rdkit.Chem.rdchem.Mol object at 0x7fdcf48a00b0>
CC/C(=C(/c1ccc(/C=C/C(=O)O)cc1)c1ccc2[nH]ncc2c1)c1ccc(F)cc1Cl,3.68,train,<rdkit.Chem.rdchem.Mol object at 0x7fdcf48a0120>
COc1ccc2c(c1)CN(Cc1ccc(C(=O)O)cc1)CCS2,3.68,train,<rdkit.Chem.rdchem.Mol object at 0x7fdcf48a0190>
N=C(N)c1ccc(C(=O)N[C@@H](Cc2ccc(O)cc2)C(=O)N2CCC(OCC(=O)O)CC2)cc1,3.69,test,<rdkit.Chem.rdchem.Mol object at 0x7fdcf48a0200>
CC(C)(Oc1ccc(C2CC2(Cl)Cl)cc1)C(=O)O,3.69,train,<rdkit.Chem.rdchem.Mol object at 0x7fdcf48a0270>
O=C1NC(=O)C(C(=O)Nc2ccc(Cl)cc2)c2ccccc21,3.69,train,<rdkit.Chem.rdchem.Mol object at 0x7fdcf48a02e0>
CC1(C)CCC(C)(C)c2cc(NC(=O)c3ccc(C(=O)O)cc3)ccc21,3.69,train,<rdkit.Chem.rdchem.Mol object at 0x7fdcf48a0430>
C[C@@H](S)C(=O)NCC(=O)N1CSC[C@@H]1C(=O)O,3.69,train,<rdkit.Chem.rdchem.Mol object at 0x7fdcf48a04a0>
C[C@@H]1C/C=C/C=C/C=C/C=C/[C@H](O[C@@H]2O[C@H](C)[C@@H](O)[C@H](N)[C@@H]2O)C[C@@H]2O[C@](O)(C[C@@H](O)C[C@H]3O[C@@H]3/C=C/C(=O)O1)C[C@H](O)[C@H]2C(=O)O,3.69,train,<rdkit.Chem.rdchem.Mol object at 0x7fdcf48a0510>
CCCCC1C/C=C/C=C/C=C/C=C/C(O[C@@H]2O[C@H](C)[C@@H](O)[C@H](N)[C@@H]2O)CC2OC(O)(CC(O)CC3OC3/C=C/C(=O)O1)CC(O)C2C(=O)O,3.69,train,<rdkit.Chem.rdchem.Mol object at 0x7fdcf48a0580>
CCN1[C@@H](C(=O)NC23CCC(C(=O)O)(CC2)CC3)[C@H](c2cccc(Cl)c2F)[C@]2(C(=O)Nc3cc(Cl)ccc32)C12CCCCC2,3.69,train,<rdkit.Chem.rdchem.Mol object at 0x7fdcf48a06d0>
CC(C)COc1cc(F)cc(-c2ccc(C(=O)NS(=O)(=O)c3ccccc3)c(N3C[C@@H](C)CC3(C)C)n2)c1,3.69,train,<rdkit.Chem.rdchem.Mol object at 0x7fdcf48a0740>
COc1ccc2c(c1OCc1ccccc1)C[C@@H](C(=O)O)N(C(=O)C(c1ccccc1)c1ccccc1)C2,3.7,test,<rdkit.Chem.rdchem.Mol object at 0x7fdcf48a0820>
CC(C)(Oc1ccc(C2CCCc3ccccc32)cc1)C(=O)O,3.7,train,<rdkit.Chem.rdchem.Mol object at 0x7fdcf48a0890>
O=C(O)CCC(=O)c1ccc(C2CCCCC2)c(Cl)c1,3.7,train,<rdkit.Chem.rdchem.Mol object at 0x7fdcf48a0970>
CC(/C=C1\SC(=S)N(CC(=O)O)C1=O)=C\c1ccccc1,3.7,train,<rdkit.Chem.rdchem.Mol object at 0x7fdcf48a09e0>
CCO[C@H]1CCN(Cc2c(OC)cc(C)c3[nH]ccc23)[C@H](c2ccc(C(=O)O)cc2)C1,3.7,train,<rdkit.Chem.rdchem.Mol object at 0x7fdcf48a0ac0>
CC1CN(C2CCC(C#N)(c3ccc(F)cc3)CC2)CCC1(C(=O)O)c1ccccc1,3.71,train,<rdkit.Chem.rdchem.Mol object at 0x7fdcf48a0ba0>
C=CCOc1ccc(CC(=O)O)cc1Cl,3.71,train,<rdkit.Chem.rdchem.Mol object at 0x7fdcf48a0c10>
C[C@@H]1CN(C2CCC(C#N)(c3ccc(F)cc3)CC2)CC[C@]1(C(=O)O)c1ccccc1,3.71,train,<rdkit.Chem.rdchem.Mol object at 0x7fdcf48a0c80>
NCCN.O=C(O)CCS[C@H](c1ccccc1CCCCCCCCc1ccccc1)[C@@H](O)C(=O)O,3.71,train,<rdkit.Chem.rdchem.Mol object at 0x7fdcf48a0cf0>
O=C(O)CCS[C@H](c1ccccc1CCCCCCCCc1ccccc1)[C@@H](O)C(=O)O,3.71,train,<rdkit.Chem.rdchem.Mol object at 0x7fdcf48a0d60>
CCCOc1ccc2c(c1)[C@@H](c1ccc(OC)cc1OCCO)[C@H](C(=O)O)[C@H]2c1ccc2c(c1)OCO2,3.71,train,<rdkit.Chem.rdchem.Mol object at 0x7fdcf48a0dd0>
C[C@H]1CN(C[C@H](Cc2ccccc2)C(=O)NCC(=O)O)CC[C@@]1(C)c1cccc(O)c1,3.71,train,<rdkit.Chem.rdchem.Mol object at 0x7fdcf48a0e40>
COc1ccc2c(O[C@@H]3C[C@H]4C(=O)N[C@]5(C(=O)O)C[C@H]5/C=C\CCCCC[C@H](NC(=O)OC5CCCC5)C(=O)N4C3)cc(-c3csc(NC(C)C)n3)nc2c1,3.71,train,<rdkit.Chem.rdchem.Mol object at 0x7fdcf48a0eb0>
Cc1nc2ccccc2c(-c2ccc3c4c(ccnc24)CCO3)c1[C@H](OC(C)(C)C)C(=O)O,3.72,train,<rdkit.Chem.rdchem.Mol object at 0x7fdcf48a0f90>
O=C(O)CCCc1cc2cc(Cl)ccc2n1S(=O)(=O)c1ccc2ncsc2c1,3.72,train,<rdkit.Chem.rdchem.Mol object at 0x7fdcf48a1000>
CCO[C@@H](Cc1ccc(OCCn2c(C)ccc2-c2ccc(SC)cc2)cc1)C(=O)O,3.73,test,<rdkit.Chem.rdchem.Mol object at 0x7fdcf48a10e0>
O=C(O)c1ccncc1,3.73,train,<rdkit.Chem.rdchem.Mol object at 0x7fdcf48a1150>
COc1ccc2c(c1)c(CC(=O)O)c(C)n2C(=O)c1ccc(N=[N+]=[N-])cc1,3.73,train,<rdkit.Chem.rdchem.Mol object at 0x7fdcf48a11c0>
CC1(C)CSSC[C@@H](C(=O)O)NC1=O,3.73,train,<rdkit.Chem.rdchem.Mol object at 0x7fdcf48a1230>
CCO[C@@H](Cc1ccc(OCCc2ccc(OS(C)(=O)=O)cc2)cc1)C(=O)O,3.73,train,<rdkit.Chem.rdchem.Mol object at 0x7fdcf48a1310>
CCO[C@@H](Cc1ccc(OCCN2c3ccccc3Oc3ccccc32)cc1)C(=O)O,3.73,train,<rdkit.Chem.rdchem.Mol object at 0x7fdcf48a1380>
CCCCCCCCCCCCOCCCNC(C)CC(=O)O,3.73,train,<rdkit.Chem.rdchem.Mol object at 0x7fdcf48a13f0>
CCc1c(C)cc(C(=O)NC2(C(=O)O)CCCCC2)c(=O)n1Cc1ccc(F)cc1,3.73,train,<rdkit.Chem.rdchem.Mol object at 0x7fdcf48a14d0>
CC(C)CCN[C@@H]1CCc2cc(O)c(N3CC(=O)NS3(=O)=O)c(F)c2C1,3.73,train,<rdkit.Chem.rdchem.Mol object at 0x7fdcf48a1540>
C=C[C@@H]1C[C@]1(NC(=O)[C@@H]1C[C@@H]2CN1C(=O)[C@H](C1CCCC1)NC(=O)O[C@@H]1CCC[C@H]1CCCCCn1c(nc3cc(OC)ccc3c1=O)O2)C(=O)NS(=O)(=O)C1(C)CC1,3.74,test,<rdkit.Chem.rdchem.Mol object at 0x7fdcf48a15b0>
CC(C(=O)O)c1ccc(N2Cc3ccccc3C2=O)cc1,3.74,train,<rdkit.Chem.rdchem.Mol object at 0x7fdcf48a1620>
C[C@]12CCC(=O)C[C@H]1CC[C@@H]1[C@@H]2CC[C@]2(C)[C@@H](C(=O)COC(=O)CCC(=O)O)CC[C@@H]12,3.74,train,<rdkit.Chem.rdchem.Mol object at 0x7fdcf48a1690>
COc1ccc(N(CCCC(=O)O)C(=O)c2ccc(Cl)cc2)cc1,3.74,train,<rdkit.Chem.rdchem.Mol object at 0x7fdcf48a1700>
O=C(O)COc1ccc(CCNS(=O)(=O)c2ccccc2)cc1,3.74,train,<rdkit.Chem.rdchem.Mol object at 0x7fdcf48a1770>
C[C@@H](NC(=O)[C@@H](N)CC(=O)O)C(=O)NC1C(C)(C)SC1(C)C,3.74,train,<rdkit.Chem.rdchem.Mol object at 0x7fdcf48a17e0>
C[C@H](C(=O)O)c1ccc(N2Cc3ccccc3C2=O)cc1,3.74,train,<rdkit.Chem.rdchem.Mol object at 0x7fdcf48a1850>
C[C@H](CCOc1cccc(CC(=O)O)c1)N(Cc1cccc(C(F)(F)F)c1Cl)CC(c1ccccc1)c1ccccc1,3.74,train,<rdkit.Chem.rdchem.Mol object at 0x7fdcf48a1930>
CC(C)Oc1ccc(-c2nc(O[C@@H]3C[C@H]4C(=O)N[C@]5(C(=O)NS(=O)(=O)C6(C)CC6)C[C@H]5/C=C\CCCCC[C@H](NC(=O)OC5CCCC5)C(=O)N4C3)c3oc4ccccc4c3n2)cc1,3.74,train,<rdkit.Chem.rdchem.Mol object at 0x7fdcf48a19a0>
CC(C)(C)[C@@H]1NC(=O)O[C@@H]2CCC[C@H]2OC/C=C/C(F)(F)c2nc3ccccc3nc2O[C@@H]2C[C@@H](C(=O)N[C@]3(C(=O)NS(=O)(=O)C4(C)CC4)C[C@H]3C(F)F)N(C2)C1=O,3.74,train,<rdkit.Chem.rdchem.Mol object at 0x7fdcf48a1a10>
CC(C)(C(=O)O)c1ccc(C(=O)CCCN2CCC(OC(c3ccccc3)c3ccccc3)CC2)cc1,3.75,test,<rdkit.Chem.rdchem.Mol object at 0x7fdcf48a1af0>
Cc1onc(-c2ccccc2Cl)c1C(=O)N[C@@H]1C(=O)N2[C@@H]1SC(C)(C)[C@@H]2C(=O)[O-],3.75,test,<rdkit.Chem.rdchem.Mol object at 0x7fdcf48a1b60>
O=C(O)C(O)c1ccccc1,3.75,train,<rdkit.Chem.rdchem.Mol object at 0x7fdcf48a1bd0>
Cc1onc(-c2ccccc2Cl)c1C(=O)N[C@@H]1C(=O)N2[C@@H]1SC(C)(C)[C@@H]2C(=O)O,3.75,train,<rdkit.Chem.rdchem.Mol object at 0x7fdcf48a1c40>
Cc1onc(-c2ccccc2)c1C(=O)N[C@@H]1C(=O)N2[C@@H]1SC(C)(C)[C@@H]2C(=O)O,3.75,train,<rdkit.Chem.rdchem.Mol object at 0x7fdcf48a1cb0>
Cc1onc(-c2c(Cl)cccc2Cl)c1C(=O)N[C@@H]1C(=O)N2[C@@H]1SC(C)(C)[C@@H]2C(=O)O,3.75,train,<rdkit.Chem.rdchem.Mol object at 0x7fdcf48a1d20>
Cc1onc(-c2c(F)cccc2Cl)c1C(=O)N[C@@H]1C(=O)N2[C@@H]1SC(C)(C)[C@@H]2C(=O)O,3.75,train,<rdkit.Chem.rdchem.Mol object at 0x7fdcf48a1d90>
CCOC(=O)[C@H](CCc1ccccc1)N[C@@H](C)C(=O)N1C2CCC(CC2)[C@H]1C(=O)O,3.75,train,<rdkit.Chem.rdchem.Mol object at 0x7fdcf48a1e00>
CCOC(=O)[C@H](CCc1ccccc1)N[C@@H](C)C(=O)N1[C@H](C(=O)O)C[C@@H]2CCC[C@@H]21,3.75,train,<rdkit.Chem.rdchem.Mol object at 0x7fdcf48a1e70>
Cc1onc(-c2ccccc2)c1C(=O)N[C@@H]1C(=O)N2[C@@H]1SC(C)(C)[C@@H]2C(=O)[O-],3.75,train,<rdkit.Chem.rdchem.Mol object at 0x7fdcf48a1ee0>
Cc1onc(-c2c(Cl)cccc2Cl)c1C(=O)N[C@@H]1C(=O)N2[C@@H]1SC(C)(C)[C@@H]2C(=O)[O-],3.75,train,<rdkit.Chem.rdchem.Mol object at 0x7fdcf48a1f50>
CC(C)(C)N/C(=N\C#N)Nc1cccc(/C(=C\CCCC(=O)O)c2cccnc2)c1,3.75,train,<rdkit.Chem.rdchem.Mol object at 0x7fdcf48a1fc0>
COc1cccc(N2CCN(C3=Nc4c(F)cccc4[C@H](CC(=O)O)N3c3cc(C(F)(F)F)ccc3OC)CC2)c1,3.75,train,<rdkit.Chem.rdchem.Mol object at 0x7fdcf48a2030>
CC1=C(CCC(=O)O)c2cc3[nH]c(cc4nc(cc5[nH]c(cc1n2)c(C)c5C(C)O)C(C)=C4C(C)O)c(C)c3CCC(=O)O,3.75,train,<rdkit.Chem.rdchem.Mol object at 0x7fdcf48a2110>
CCCCC[C@@H](O)CC[C@H]1[C@@H]2Cc3cccc(OCC(=O)O)c3C[C@@H]2C[C@@H]1O,3.76,train,<rdkit.Chem.rdchem.Mol object at 0x7fdcf48a2180>
CC(C)(OCc1nn(Cc2ccccc2)c2ccccc12)C(=O)O,3.76,train,<rdkit.Chem.rdchem.Mol object at 0x7fdcf48a21f0>
CC1(C)CCSc2ccc(C#Cc3ccc(C(=O)O)cn3)cc21,3.76,train,<rdkit.Chem.rdchem.Mol object at 0x7fdcf48a2260>
Cc1oc(-c2ccccc2)nc1CCOc1ccc(C[C@H](Nc2ccccc2C(=O)c2ccccc2)C(=O)O)cc1,3.76,train,<rdkit.Chem.rdchem.Mol object at 0x7fdcf48a22d0>
CCCCC[C@H](O)CC[C@@H]1[C@H]2Cc3cccc(OCC(=O)O)c3C[C@H]2C[C@H]1O.OCCNCCO,3.76,train,<rdkit.Chem.rdchem.Mol object at 0x7fdcf48a2340>
Cc1cc(OCCCS(C)(=O)=O)cc(C)c1-c1cccc(COc2ccc3c(c2)OC[C@H]3CC(=O)O)c1,3.76,train,<rdkit.Chem.rdchem.Mol object at 0x7fdcf48a23b0>
C[C@@H](O)[C@H]1C(=O)N2C(C(=O)O)=C(COC(N)=O)S[C@H]12,3.77,train,<rdkit.Chem.rdchem.Mol object at 0x7fdcf48a2570>
O=C(N[C@H]1CCS[C@H]2CCC[C@@H](C(=O)O)N2C1=O)[C@@H](S)Cc1ccccc1,3.77,train,<rdkit.Chem.rdchem.Mol object at 0x7fdcf48a25e0>
C[C@H]1[C@H](OC(=O)CCC(=O)O)O[C@@H]2O[C@@]3(C)CC[C@H]4[C@H](C)CC[C@@H]1[C@@]24OO3,3.77,train,<rdkit.Chem.rdchem.Mol object at 0x7fdcf48a2650>
CC(C)N(CCCCOCC(=O)NS(C)(=O)=O)c1cnc(-c2ccccc2)c(-c2ccccc2)n1,3.77,train,<rdkit.Chem.rdchem.Mol object at 0x7fdcf48a2730>
O=C(O)CN1C(=O)[C@@H](NC(=O)C2(C[C@@H](CCc3cccc4ccccc34)C(=O)O)CCCC2)CCc2ccccc21,3.77,train,<rdkit.Chem.rdchem.Mol object at 0x7fdcf48a27a0>
CC(C)(C)OC(=O)N[C@H]1CCCCC/C=C\[C@@H]2C[C@@]2(C(=O)NS(=O)(=O)C2CC2)NC(=O)[C@@H]2C[C@@H](OC(=O)N3Cc4cccc(F)c4C3)CN2C1=O,3.77,train,<rdkit.Chem.rdchem.Mol object at 0x7fdcf48a2810>
CC[C@@H]1C[C@]1(NC(=O)[C@@H]1C[C@@H]2CN1C(=O)[C@H](C(C)(C)C)NC(=O)OCC(C)(C)CCCCc1cccc3c1CN(C3)C(=O)O2)C(=O)NS(=O)(=O)C1CC1,3.77,train,<rdkit.Chem.rdchem.Mol object at 0x7fdcf48a2880>
COc1ccc2c(O[C@@H]3C[C@H]4C(=O)N[C@]5(C(=O)NS(=O)(=O)C6CC6)C[C@H]5/C=C\CCCCN(C)C(=O)[C@@H]4C3)cc(-c3nc(C(C)C)cs3)nc2c1C,3.77,train,<rdkit.Chem.rdchem.Mol object at 0x7fdcf48a28f0>
C=C[C@@H]1C[C@]1(NC(=O)[C@@H]1C[C@@H]2CN1C(=O)[C@H](C(C)(C)C)NC(=O)O[C@@H]1C[C@H]1CCCCCc1nc3ccc(OC)cc3nc1O2)C(=O)NS(=O)(=O)C1CC1,3.77,train,<rdkit.Chem.rdchem.Mol object at 0x7fdcf48a2960>
Cc1cnc(C(=O)N[C@H]2CCCCC/C=C\[C@@H]3C[C@@]3(C(=O)NS(=O)(=O)C3CC3)NC(=O)[C@@H]3C[C@@H](Oc4nc5ccccc5c5ccccc45)CN3C2=O)cn1,3.77,train,<rdkit.Chem.rdchem.Mol object at 0x7fdcf48a29d0>
COc1cccc(CCc2ccccc2OCC(CN(C)C)OC(=O)CCC(=O)O)c1,3.78,train,<rdkit.Chem.rdchem.Mol object at 0x7fdcf48a2ab0>
Cc1ccc(S(=O)(=O)NC(=O)N2N=CCC2C)cc1,3.78,train,<rdkit.Chem.rdchem.Mol object at 0x7fdcf48a2b20>
O=C(O)Cc1ccc(OCCNC[C@H](O)c2ccccc2)cc1,3.78,train,<rdkit.Chem.rdchem.Mol object at 0x7fdcf48a2b90>
CC(C(=O)O)c1nc(-c2ccc(Br)cc2)cs1,3.78,train,<rdkit.Chem.rdchem.Mol object at 0x7fdcf48a2c00>
Cc1nc(-c2ccc(C(F)(F)F)cc2)sc1C(=O)NCc1ccc(OC(C)(C)C(=O)O)cc1,3.78,train,<rdkit.Chem.rdchem.Mol object at 0x7fdcf48a2ce0>
CC[C@@H](Oc1cccc(-n2c(C)c(C(=O)c3ccc(OC)cc3)c3ccc(OC(F)(F)F)cc32)c1)C(=O)O,3.78,train,<rdkit.Chem.rdchem.Mol object at 0x7fdcf48a2d50>
O=C(O)c1ccc(CN2C[C@@H]3C[C@H]2CN3Cc2ccc(Oc3ccc(-c4ncco4)cc3)cc2)cc1,3.78,train,<rdkit.Chem.rdchem.Mol object at 0x7fdcf48a2dc0>
COC[C@H]1CN(C(=O)[C@]2(F)CN(C3CCCC3)C[C@H]2c2ccc(OC)cc2)C[C@@H]1c1ccc(C(F)(F)F)cc1N1CCC(C(=O)O)CC1,3.78,train,<rdkit.Chem.rdchem.Mol object at 0x7fdcf48a2e30>
COc1ccc2c(c1)c(CC(=O)O)c(C)n2C(=O)c1ccc(Cl)cc1,3.79,test,<rdkit.Chem.rdchem.Mol object at 0x7fdcf48a2ea0>
CCCC[C@@H](NC(=O)[C@@H](Cc1cn(C(=O)OC)c2ccccc12)NC(=O)[C@H](CC(C)(C)C)NC(=O)N1[C@H](C)CCC[C@@H]1C)C(=O)O,3.79,test,<rdkit.Chem.rdchem.Mol object at 0x7fdcf48a2f10>
C=CC1=C(C)c2cc3[nH]c(cc4nc(cc5[nH]c(cc1n2)c(C)c5CCC(=O)O)C(CCC(=O)O)=C4C)c(C)c3C=C,3.79,test,<rdkit.Chem.rdchem.Mol object at 0x7fdcf48a2f80>
Cc1ccc(Cl)c(Nc2ccccc2C(=O)[O-])c1Cl,3.79,train,<rdkit.Chem.rdchem.Mol object at 0x7fdcf48a2ff0>
Cc1ccc(Cl)c(Nc2ccccc2C(=O)O)c1Cl,3.79,train,<rdkit.Chem.rdchem.Mol object at 0x7fdcf48a3060>
CCC[C@H](N[C@@H](C)C(=O)N1[C@H](C(=O)O)C[C@@H]2CCCC[C@@H]21)C(=O)OCC,3.79,train,<rdkit.Chem.rdchem.Mol object at 0x7fdcf48a3140>
CC(C)(C)N.CCC[C@H](N[C@@H](C)C(=O)N1[C@H](C(=O)O)C[C@@H]2CCCC[C@@H]21)C(=O)OCC,3.79,train,<rdkit.Chem.rdchem.Mol object at 0x7fdcf48a31b0>
COc1ccc2cc([C@H](C)C(=O)SC[C@H](NC(C)=O)C(=O)O)ccc2c1,3.79,train,<rdkit.Chem.rdchem.Mol object at 0x7fdcf48a3290>
COc1ccc2c(c1)c(CC(=O)[O-])c(C)n2C(=O)c1ccc(Cl)cc1,3.79,train,<rdkit.Chem.rdchem.Mol object at 0x7fdcf48a3300>
CCOC(=O)[C@H](CCc1ccccc1)N[C@@H](C)C(=O)N1[C@H](C(=O)O)C[C@@H]2CCCC[C@@H]21,3.8,train,<rdkit.Chem.rdchem.Mol object at 0x7fdcf48a33e0>
CCOC(=O)[C@H](CCc1ccccc1)N[C@@H](C)C(=O)N1[C@@H]2CCCC[C@@H]2C[C@H]1C(=O)O,3.8,train,<rdkit.Chem.rdchem.Mol object at 0x7fdcf48a3450>
O=C(O)CC1=C(S)CCN(Cc2ccccc2Cl)C1,3.8,train,<rdkit.Chem.rdchem.Mol object at 0x7fdcf48a34c0>
O=C(O)CCn1ccc(-c2cc(C(F)(F)F)cc(C(F)(F)F)c2)n1,3.8,train,<rdkit.Chem.rdchem.Mol object at 0x7fdcf48a3530>
Nc1c(CC(=O)O)cccc1C(=O)c1ccc(Br)cc1,3.81,test,<rdkit.Chem.rdchem.Mol object at 0x7fdcf48a35a0>
Nc1c(CC(=O)[O-])cccc1C(=O)c1ccc(Br)cc1,3.81,train,<rdkit.Chem.rdchem.Mol object at 0x7fdcf48a3610>
CCOC(=O)[C@H](CCc1ccccc1)N[C@@H](C)C(=O)N(CC(=O)O)C1Cc2ccccc2C1,3.82,test,<rdkit.Chem.rdchem.Mol object at 0x7fdcf48a3680>
CC(=O)N[C@@H](CS)C(=O)O,3.82,train,<rdkit.Chem.rdchem.Mol object at 0x7fdcf48a36f0>
CCOC(=O)[C@H](C)C[C@@H](C)C(=O)N1c2ccccc2C[C@H]1C(=O)O,3.82,train,<rdkit.Chem.rdchem.Mol object at 0x7fdcf48a3760>
O=C(O)CC1CCN(C(=O)c2ccc(Cl)c(Cn3ccc4cc(C(F)(F)F)cc(Cl)c43)c2Cl)CC1,3.82,train,<rdkit.Chem.rdchem.Mol object at 0x7fdcf48a37d0>
CC(C)(Oc1ccc(CCNC(=O)c2ccc(Cl)cc2)cc1)C(=O)O,3.83,test,<rdkit.Chem.rdchem.Mol object at 0x7fdcf48a3840>
Cc1cc(CC(=O)O)n(C)c1C(=O)c1ccc(Cl)cc1,3.83,train,<rdkit.Chem.rdchem.Mol object at 0x7fdcf48a38b0>
O=C(O)c1ccccc1Nc1cccc(Cl)c1Cl,3.83,train,<rdkit.Chem.rdchem.Mol object at 0x7fdcf48a3920>
O=[N+]([O-])c1cc(Cl)c(O)c(Cc2cc(Cl)cc([N+](=O)[O-])c2O)c1,3.83,train,<rdkit.Chem.rdchem.Mol object at 0x7fdcf48a3990>
CCC(C(=O)O)c1ccc(N2Cc3ccccc3C2=O)cc1,3.83,train,<rdkit.Chem.rdchem.Mol object at 0x7fdcf48a3a00>
Cc1cc(CC(=O)[O-])n(C)c1C(=O)c1ccc(Cl)cc1,3.83,train,<rdkit.Chem.rdchem.Mol object at 0x7fdcf48a3a70>
O=C(c1ccccc1)c1ccc2n1CCC2C(=O)O,3.84,train,<rdkit.Chem.rdchem.Mol object at 0x7fdcf48a3b50>
O=C(O)C1(CCCCCc2ccc(Cl)cc2)CO1,3.84,train,<rdkit.Chem.rdchem.Mol object at 0x7fdcf48a3bc0>
CO[C@H]1CCC[C@H]2C1=C(C(=O)O)N1C(=O)[C@H]([C@@H](C)O)[C@@H]21,3.84,train,<rdkit.Chem.rdchem.Mol object at 0x7fdcf48a3c30>
NC(CO)(CO)CO.O=C(c1ccccc1)c1ccc2n1CCC2C(=O)O,3.84,train,<rdkit.Chem.rdchem.Mol object at 0x7fdcf48a3ca0>
CCCCCc1c(-c2ccc3cc(OCc4nnn[nH]4)ccc3c2)n(Cc2ccccc2)c2ccccc12,3.84,train,<rdkit.Chem.rdchem.Mol object at 0x7fdcf48a3d10>
C[C@H](CCC(=O)N(C)CC(=O)O)[C@H]1CC[C@H]2[C@@H]3[C@H](O)C[C@@H]4C[C@H](O)CC[C@]4(C)[C@H]3C[C@H](O)[C@]12C,3.84,train,<rdkit.Chem.rdchem.Mol object at 0x7fdcf48a3df0>
CO[C@H]1CCC[C@H]2C1=C(C(=O)[O-])N1C(=O)[C@H]([C@@H](C)O)[C@@H]21,3.84,train,<rdkit.Chem.rdchem.Mol object at 0x7fdcf48a3e60>
C[C@H](CCC(=O)N([11CH3])CC(=O)O)[C@H]1CC[C@H]2[C@@H]3[C@H](O)C[C@@H]4C[C@H](O)CC[C@]4(C)[C@H]3C[C@H](O)[C@]12C,3.84,train,<rdkit.Chem.rdchem.Mol object at 0x7fdcf48a3ed0>
O=C(O)C(Cl)c1ccc(C2CCCCC2)c(Cl)c1,3.85,test,<rdkit.Chem.rdchem.Mol object at 0x7fdcf48a3f40>
CC(=O)Nc1cccc2c1c(Sc1ccc(Cl)cc1)c(C)n2CC(=O)O,3.85,test,<rdkit.Chem.rdchem.Mol object at 0x7fdcf48a4040>
CC(C)[C@]12O[C@H]1[C@@H]1O[C@]13[C@]1(O[C@H]1C[C@H]1C4=C(CC[C@@]13C)C(=O)OC4)[C@@H]2OC(=O)CCC(=O)O,3.85,train,<rdkit.Chem.rdchem.Mol object at 0x7fdcf48a4120>
CC(=O)Oc1c(C)c(C)c2c(c1C)CC(CC(=O)O)O2,3.86,test,<rdkit.Chem.rdchem.Mol object at 0x7fdcf48a4200>
O=C(O)c1ccc(-c2ccc3cc(O)ccc3n2)c(Cl)c1,3.86,test,<rdkit.Chem.rdchem.Mol object at 0x7fdcf48a4270>
C[C@@H](S)C(=O)NCC(=O)O,3.86,train,<rdkit.Chem.rdchem.Mol object at 0x7fdcf48a4350>
C[C@H](S)C(=O)NCC(=O)O,3.86,train,<rdkit.Chem.rdchem.Mol object at 0x7fdcf48a43c0>
CCOc1nn(Cc2ccc(OCc3csc(-c4ccccc4)n3)cc2)cc1CCC(=O)O,3.86,train,<rdkit.Chem.rdchem.Mol object at 0x7fdcf48a4430>
COc1cccc(-c2c(C)n(Cc3c(F)cccc3C(F)(F)F)c(=O)n(C[C@H](NCCCC(=O)O)c3ccccc3)c2=O)c1F,3.86,train,<rdkit.Chem.rdchem.Mol object at 0x7fdcf48a44a0>
COc1cccc(-c2c(C)n(Cc3c(F)cccc3C(F)(F)F)c(=O)n(C[C@H](NCCCC(=O)[O-])c3ccccc3)c2=O)c1F,3.86,train,<rdkit.Chem.rdchem.Mol object at 0x7fdcf48a4510>
NCc1ccc(C(=O)O)cc1,3.87,test,<rdkit.Chem.rdchem.Mol object at 0x7fdcf48a4580>
CCC(=O)O[C@@H](O[P@](=O)(CCCCc1ccccc1)CC(=O)N1C[C@H](C2CCCCC2)C[C@H]1C(=O)O)C(C)C,3.87,test,<rdkit.Chem.rdchem.Mol object at 0x7fdcf48a45f0>
O=C(O)C1C/C(=C2/CCN(c3ccccc3)C2=O)c2ccc(Cl)cc2N1,3.87,train,<rdkit.Chem.rdchem.Mol object at 0x7fdcf48a4660>
CCC(=O)O[C@@H](O[P@](=O)(CCCCc1ccccc1)CC(=O)N1C[C@H](C2CCCCC2)C[C@H]1C(=O)[O-])C(C)C,3.87,train,<rdkit.Chem.rdchem.Mol object at 0x7fdcf48a46d0>
CC(C(=O)O)c1cccc(C(=O)c2ccccc2)c1,3.88,train,<rdkit.Chem.rdchem.Mol object at 0x7fdcf48a4820>
CCOC(=O)[C@H](CCc1ccccc1)N[C@H]1CS[C@H](c2cccs2)CN(CC(=O)O)C1=O,3.88,train,<rdkit.Chem.rdchem.Mol object at 0x7fdcf48a4900>
Cc1c(Cl)cccc1Nc1ccccc1C(=O)O,3.88,train,<rdkit.Chem.rdchem.Mol object at 0x7fdcf48a4970>
C[C@H](C(=O)O)c1cccc(C(=O)c2ccccc2)c1,3.88,train,<rdkit.Chem.rdchem.Mol object at 0x7fdcf48a49e0>
CCCCCCC(C)(C)c1cc(O)c2c(c1)OC(C)(C)[C@@H]1CC=C(C(=O)O)C[C@@H]21,3.88,train,<rdkit.Chem.rdchem.Mol object at 0x7fdcf48a4a50>
CC(C(=O)O)c1cccc(C(=O)c2ccccc2)c1.NCCCC[C@H](N)C(=O)O,3.88,train,<rdkit.Chem.rdchem.Mol object at 0x7fdcf48a4ac0>
CC(C(=O)[O-])c1cccc(C(=O)c2ccccc2)c1,3.88,train,<rdkit.Chem.rdchem.Mol object at 0x7fdcf48a4b30>
CC1(C)SC(Nc2ccccc2O)=N[C@@H]1C(=O)O,3.88,train,<rdkit.Chem.rdchem.Mol object at 0x7fdcf48a4ba0>
Cc1cccc(Nc2ccccc2C(=O)O)c1C,3.89,train,<rdkit.Chem.rdchem.Mol object at 0x7fdcf48a4c80>
COc1ccc2c(c1)c1c(n2C(=O)c2ccccc2)CCC(C(=O)O)C1,3.89,train,<rdkit.Chem.rdchem.Mol object at 0x7fdcf48a4cf0>
NC[C@H](CC(=O)O)c1ccc(Cl)cc1,3.89,train,<rdkit.Chem.rdchem.Mol object at 0x7fdcf48a4d60>
CCC[C@H](Oc1cc(C)c(-n2cc(C(F)(F)F)cn2)c(C)c1)c1ccc(C(=O)NCCC(=O)O)cc1,3.89,train,<rdkit.Chem.rdchem.Mol object at 0x7fdcf48a4eb0>
Cc1cc(O[C@@H](CCC(F)(F)F)c2ccc(C(=O)NCCC(=O)O)cc2)cc(C)c1-c1ccc(C(C)(C)C)cc1,3.89,train,<rdkit.Chem.rdchem.Mol object at 0x7fdcf48a4f20>
CC(C(=O)O)c1ccc(C(=O)c2cccs2)c(Cl)c1,3.9,test,<rdkit.Chem.rdchem.Mol object at 0x7fdcf48a4f90>
Nc1c(-c2cccc(C(F)(F)F)c2)nsc1C(=O)O,3.9,train,<rdkit.Chem.rdchem.Mol object at 0x7fdcf48a5000>
C[C@]12C=C(C(=O)O)C(=O)C=C1CC[C@@H]1[C@@H]2[C@@H](O)C[C@@]2(C)[C@H]1CC[C@]2(C)O,3.9,train,<rdkit.Chem.rdchem.Mol object at 0x7fdcf48a5070>
c1ccc2c(c1)cc(-c1nnn[nH]1)c1nnnn12,3.91,train,<rdkit.Chem.rdchem.Mol object at 0x7fdcf48a5150>
CNC[C@H](O)[C@@H](O)[C@H](O)[C@H](O)CO.c1ccc2c(c1)cc(-c1nnn[nH]1)c1nnnn12,3.91,train,<rdkit.Chem.rdchem.Mol object at 0x7fdcf48a51c0>
O=C(O)C(CC[S+]([O-])c1ccccc1)C(=O)N(Nc1ccccc1)c1ccccc1,3.91,train,<rdkit.Chem.rdchem.Mol object at 0x7fdcf48a5230>
COc1ccc2c(c1)Sc1ccc(C(C)C(=O)O)cc1N2C,3.91,train,<rdkit.Chem.rdchem.Mol object at 0x7fdcf48a52a0>
COc1ccc2cc(OCC3(C(=O)O)CN(C(=O)c4ccc(F)cc4)C3)ccc2c1,3.91,train,<rdkit.Chem.rdchem.Mol object at 0x7fdcf48a5310>
COc1cc(C(=O)O)ccc1NC(=O)[C@@H]1N[C@@H](CC(C)(C)C)[C@](C#N)(c2ccc(Cl)cc2F)[C@H]1c1cccc(Cl)c1F,3.91,train,<rdkit.Chem.rdchem.Mol object at 0x7fdcf48a5380>
Cc1nc(SCCCC(=O)O)sc1CC(=O)O,3.92,test,<rdkit.Chem.rdchem.Mol object at 0x7fdcf48a53f0>
O=C(O)CCCCC(=O)O,3.92,train,<rdkit.Chem.rdchem.Mol object at 0x7fdcf48a5460>
O=C(O)c1cc(O)c2ccc(Cl)cc2n1,3.92,train,<rdkit.Chem.rdchem.Mol object at 0x7fdcf48a54d0>
CCC(CC)COC(=O)[C@@H]1C[C@H]2C[C@@H](Oc3cccc(Cl)c3-c3nnn[nH]3)CC[C@H]2CN1,3.93,test,<rdkit.Chem.rdchem.Mol object at 0x7fdcf48a5540>
Cc1ccc(C(=O)c2ccc(CC(=O)[O-])n2C)cc1,3.93,train,<rdkit.Chem.rdchem.Mol object at 0x7fdcf48a55b0>
Cc1ccc(C(=O)c2ccc(CC(=O)O)n2C)cc1,3.93,train,<rdkit.Chem.rdchem.Mol object at 0x7fdcf48a5620>
Cc1cc(OCC(=O)O)cc(C)c1Cc1ccc(O)c(C(C)C)c1,3.93,train,<rdkit.Chem.rdchem.Mol object at 0x7fdcf48a5700>
COc1ccc2cc(-c3cc(-c4cc(Cl)cc(Cl)c4)nn3[C@@H](C)c3ccc(C(=O)NCCC(=O)O)cc3)ccc2c1,3.93,train,<rdkit.Chem.rdchem.Mol object at 0x7fdcf48a57e0>
Cc1ccccc1SCC[C@H](Oc1ccc(C(F)(F)F)cc1)C(=O)O,3.93,train,<rdkit.Chem.rdchem.Mol object at 0x7fdcf48a5850>
O=C(O)Cn1c2c(c3cc(F)ccc31)CN(C(=O)c1cccc3ccccc13)CC2,3.93,train,<rdkit.Chem.rdchem.Mol object at 0x7fdcf48a58c0>
COc1cc(C(=O)N2CCC3(CC2)CC(=O)c2c(cnn2C(C)C)C3)cc(-c2ccc(C(=O)O)cc2)n1.NC(CO)(CO)CO,3.93,train,<rdkit.Chem.rdchem.Mol object at 0x7fdcf48a59a0>
O=C(O)c1cc(O)c(O)c(O)c1,3.94,train,<rdkit.Chem.rdchem.Mol object at 0x7fdcf48a5a10>
CC(=O)NCCC[C@H](NC(C)=O)C(=O)O,3.94,train,<rdkit.Chem.rdchem.Mol object at 0x7fdcf48a5a80>
CC[C@@H](Oc1cccc(CN(CCCOc2ccc(OC)cc2)c2nc3ccccc3o2)c1)C(=O)O,3.94,train,<rdkit.Chem.rdchem.Mol object at 0x7fdcf48a5b60>
Cc1ncc([N+](=O)[O-])n1CCOC(=O)CN(CC(=O)[O-])CC(=O)OCCn1c([N+](=O)[O-])cnc1C,3.95,test,<rdkit.Chem.rdchem.Mol object at 0x7fdcf48a5c40>
Nc1c(CC(=O)O)cccc1C(=O)c1ccccc1,3.95,train,<rdkit.Chem.rdchem.Mol object at 0x7fdcf48a5cb0>
COc1ccc2c(C(=S)N(C)CC(=O)O)cccc2c1C(F)(F)F,3.95,train,<rdkit.Chem.rdchem.Mol object at 0x7fdcf48a5d20>
O=C(O)C1CCc2cc(OCCn3ccnc3)ccc21,3.95,train,<rdkit.Chem.rdchem.Mol object at 0x7fdcf48a5d90>
CCOC(=O)c1cnc2n(c1=O)C(C)CCC2CC(=O)O,3.95,train,<rdkit.Chem.rdchem.Mol object at 0x7fdcf48a5e70>
CCC#CC[C@H](C)[C@H](O)C#C[C@@H]1[C@H]2C/C(=C/COCC(=O)O)C[C@H]2C[C@H]1O,3.95,train,<rdkit.Chem.rdchem.Mol object at 0x7fdcf48a5ee0>
Cc1ncc([N+](=O)[O-])n1CCOC(=O)CN(CC(=O)O)CC(=O)OCCn1c([N+](=O)[O-])cnc1C,3.95,train,<rdkit.Chem.rdchem.Mol object at 0x7fdcf48a5f50>
Nc1c(CC(=O)[O-])cccc1C(=O)c1ccccc1,3.95,train,<rdkit.Chem.rdchem.Mol object at 0x7fdcf48a6030>
CCCCCCCC/C([125I])=C(/[125I])CCCCCCCC(=O)O,3.95,train,<rdkit.Chem.rdchem.Mol object at 0x7fdcf48a60a0>
CCCCCCCC/C(I)=C(/I)CCCCCCCC(=O)O,3.95,train,<rdkit.Chem.rdchem.Mol object at 0x7fdcf48a6180>
C[C@@H](C(=O)O)c1cccc(Oc2ccccc2)c1,3.96,train,<rdkit.Chem.rdchem.Mol object at 0x7fdcf48a6260>
O=C(O)Cc1nn(Cc2nc3cc(C(F)(F)F)ccc3s2)c(=O)c2ccccc12,3.97,test,<rdkit.Chem.rdchem.Mol object at 0x7fdcf48a6340>
C[C@@H](O)[C@H]1C(=O)N2C(C(=O)O)=C([C@H]3CCCO3)S[C@H]12,3.97,train,<rdkit.Chem.rdchem.Mol object at 0x7fdcf48a63b0>
O=C(O)CC[C@@H](NC(=O)c1cc(Cl)cc(Cl)c1)C(=O)N1CCC2(CCCC2)CC1,3.97,train,<rdkit.Chem.rdchem.Mol object at 0x7fdcf48a6420>
CC(C)(S)C(=O)N[C@@H](CS)C(=O)O,3.97,train,<rdkit.Chem.rdchem.Mol object at 0x7fdcf48a6490>
CC1(C)CCC[C@H](NC(=O)[C@@H](S)Cc2ccccc2)C(=O)N1CC(=O)O,3.97,train,<rdkit.Chem.rdchem.Mol object at 0x7fdcf48a6570>
CC(C)(C)c1cc(-c2cc(-c3ccc(C(=O)O)cc3)ccc2OCCO)ccc1N1CCCC1,3.97,train,<rdkit.Chem.rdchem.Mol object at 0x7fdcf48a65e0>
CCOc1ccc2nc(SC(C)(C(=O)O)c3ccccc3)sc2c1,3.98,train,<rdkit.Chem.rdchem.Mol object at 0x7fdcf48a66c0>
O=C(O)/C=C/c1ccc(Cn2ccnc2)cc1,3.98,train,<rdkit.Chem.rdchem.Mol object at 0x7fdcf48a6730>
C[C@H](C[C@@H](Cc1ccc(-c2ccccc2)cc1)NC(=O)CCC(=O)O)C(=O)O,3.98,train,<rdkit.Chem.rdchem.Mol object at 0x7fdcf48a67a0>
CCC[C@H](c1ccc(C(=O)NCCC(=O)O)cc1)[C@H](c1ccc(Cl)cc1)c1c[nH]c2c(F)cc(C)cc12,3.98,train,<rdkit.Chem.rdchem.Mol object at 0x7fdcf48a6810>
COc1ccc(-c2ccc3cc(C(=O)O)ccc3c2)cc1C12CC3CC(CC(C3)C1)C2,3.99,test,<rdkit.Chem.rdchem.Mol object at 0x7fdcf48a6880>
CCC(C)(C)C(=O)C(=O)N1CCC[C@H]1C(=O)O,3.99,train,<rdkit.Chem.rdchem.Mol object at 0x7fdcf48a68f0>
O=C(O)c1ccc(C2(NC(=O)C3CC4(CCN3Cc3ccc(C(F)(F)F)cc3)CC4)CC2)cc1,3.99,train,<rdkit.Chem.rdchem.Mol object at 0x7fdcf48a6960>
O=C(O)Cc1ccccc1Nc1c(Cl)cccc1Cl,4.0,test,<rdkit.Chem.rdchem.Mol object at 0x7fdcf48a69d0>
CC(C)c1nc(N(C)S(C)(=O)=O)nc(-c2ccc(F)cc2)c1/C=C/[C@@H](O)C[C@@H](O)CC(=O)O,4.0,test,<rdkit.Chem.rdchem.Mol object at 0x7fdcf48a6a40>
CSCC[C@H](NC(=O)[C@H](Cc1c[nH]c2ccccc12)NC(=O)CCNC(=O)OC(C)(C)C)C(=O)N[C@@H](CC(=O)O)C(=O)N[C@@H](Cc1ccccc1)C(N)=O,4.0,test,<rdkit.Chem.rdchem.Mol object at 0x7fdcf48a6ab0>
O=C([O-])Cc1ccccc1Nc1c(Cl)cccc1Cl,4.0,train,<rdkit.Chem.rdchem.Mol object at 0x7fdcf48a6b90>
CCCCC(=O)N(Cc1ccc(-c2ccccc2-c2nnn[nH]2)cc1)[C@H](C(=O)O)C(C)C,4.0,train,<rdkit.Chem.rdchem.Mol object at 0x7fdcf48a6c00>
CCn1cc(C(=O)O)c(=O)c2cc(F)c(N3CCN(C(=O)CCC(=O)O)CC3)cc21,4.0,train,<rdkit.Chem.rdchem.Mol object at 0x7fdcf48a6c70>
CCC(C)(C)OC(=O)N[C@@H](Cc1c[nH]c2ccccc12)C(=O)N[C@@H](CCSC)C(=O)N[C@@H](CC(=O)O)C(=O)N[C@@H](Cc1ccccc1)C(N)=O,4.0,train,<rdkit.Chem.rdchem.Mol object at 0x7fdcf48a6ce0>
O=C(O)Cc1ccccc1Nc1c(Cl)cccc1Cl.OCCN1CCCC1,4.0,train,<rdkit.Chem.rdchem.Mol object at 0x7fdcf48a6d50>
CC(C)Cc1ccc([C@@H](C)C(=O)NS(C)(=O)=O)cc1,4.0,train,<rdkit.Chem.rdchem.Mol object at 0x7fdcf48a6e30>
C[C@@H](C(=O)NS(C)(=O)=O)c1ccc(OS(=O)(=O)C(F)(F)F)cc1,4.0,train,<rdkit.Chem.rdchem.Mol object at 0x7fdcf48a6ea0>
CN1CCN(C(=O)C2C(C(=O)O)[C@H]3CC[C@@H]2O3)CC1,4.0,train,<rdkit.Chem.rdchem.Mol object at 0x7fdcf48a6f10>
CN([C@@H]1CCc2c(CC(=O)O)c3ccccc3n2C1)S(=O)(=O)c1ccc(F)cc1,4.0,train,<rdkit.Chem.rdchem.Mol object at 0x7fdcf48a6f80>
CC(C(=O)O)c1ccc(C(=O)c2cccs2)cc1,4.01,train,<rdkit.Chem.rdchem.Mol object at 0x7fdcf48a6ff0>
Cc1nc(-c2ccc(Cl)cc2)oc1COC(C)(C)C(=O)O,4.01,train,<rdkit.Chem.rdchem.Mol object at 0x7fdcf48a7060>
Cc1cc(-c2ccccc2)n[n+](CCCC(=O)O)c1N,4.01,train,<rdkit.Chem.rdchem.Mol object at 0x7fdcf48a70d0>
COc1ccc2c(c1)c(CC(=O)O)c(C)n2C(=O)/C=C/c1ccccc1,4.01,train,<rdkit.Chem.rdchem.Mol object at 0x7fdcf48a7140>
O=C(O)c1cccc(/C=C2\C[C@H]3C[C@@H](O)[C@H](/C=C/[C@@H](O)C4CCCCC4)[C@H]3C2)c1,4.01,train,<rdkit.Chem.rdchem.Mol object at 0x7fdcf48a71b0>
O=C(O)CC/C=C\CC[C@@H]1[C@@H](N2CCCCC2)[C@@H](O)C[C@@H]1OCc1ccc(-c2ccccc2)cc1,4.01,train,<rdkit.Chem.rdchem.Mol object at 0x7fdcf48a7220>
O=C(O)c1cccc(-c2cccc(NCCNC[C@H](O)c3cccc(Cl)c3)c2)c1,4.01,train,<rdkit.Chem.rdchem.Mol object at 0x7fdcf48a7290>
CCCc1c(OCc2ccc([C@H](O)c3cccc(C(=O)O)c3)cc2)ccc(C(C)=O)c1O,4.01,train,<rdkit.Chem.rdchem.Mol object at 0x7fdcf48a7300>
C[C@H]([C@H](C(=O)Nc1cc([C@@H](CC(=O)O)C2CC2)ccc1Cl)c1ccc(Cl)cc1)C(F)(F)F,4.01,train,<rdkit.Chem.rdchem.Mol object at 0x7fdcf48a7370>
CC(=O)NC(Cc1ccccc1)C(=O)O,4.02,train,<rdkit.Chem.rdchem.Mol object at 0x7fdcf48a7450>
O=C(O)CNC(=O)C(CS)Cc1ccccc1,4.02,train,<rdkit.Chem.rdchem.Mol object at 0x7fdcf48a74c0>
C[C@H](CS)C(=O)N1CCC[C@H]1C(=O)O,4.02,train,<rdkit.Chem.rdchem.Mol object at 0x7fdcf48a7530>
C[C@@H]1NC(=O)[C@H](CC(=O)O)NC1=O,4.02,train,<rdkit.Chem.rdchem.Mol object at 0x7fdcf48a75a0>
CC(=O)CC(=O)[O-].CC(=O)CC(=O)[O-].CC(=O)CC(=O)[O-].[Al+3],4.02,train,<rdkit.Chem.rdchem.Mol object at 0x7fdcf48a7610>
Cc1noc(C)c1-c1cnc2c(-c3ccc(C(=O)O)cc3)cn([C@@H](C)c3ccccn3)c2c1,4.02,train,<rdkit.Chem.rdchem.Mol object at 0x7fdcf48a7680>
CSCCC(O)C(=O)O,4.03,train,<rdkit.Chem.rdchem.Mol object at 0x7fdcf48a76f0>
C[C@H](C(=O)O)c1ccc(C(=O)c2ccccc2)s1,4.03,train,<rdkit.Chem.rdchem.Mol object at 0x7fdcf48a77d0>
C=CC1=C(C)/C(=C/c2[nH]c(Cc3[nH]c(/C=C4\NC(=O)C(C)=C4C=C)c(C)c3CCC(=O)O)c(CCC(=O)O)c2C)NC1=O,4.03,train,<rdkit.Chem.rdchem.Mol object at 0x7fdcf48a7840>
CC(=O)N[C@H]1C(O)O[C@H](CO)[C@@H](O)[C@@H]1O[C@H](C)C(=O)N[C@H](C(=O)N[C@H](CCC(=O)O)C(N)=O)[C@@H](C)O,4.03,train,<rdkit.Chem.rdchem.Mol object at 0x7fdcf48a78b0>
CC(=O)SCC(CC(=O)c1ccc(C)cc1)C(=O)O,4.04,test,<rdkit.Chem.rdchem.Mol object at 0x7fdcf48a7920>
CC(C)(C(=O)O)c1ccc(C(O)CCCN2CCC(C(O)(c3ccccc3)c3ccccc3)CC2)cc1,4.04,train,<rdkit.Chem.rdchem.Mol object at 0x7fdcf48a7990>
COc1cc(C(=O)NCCCCCC(=O)O)cc(OC)c1OC,4.04,train,<rdkit.Chem.rdchem.Mol object at 0x7fdcf48a7a00>
CC1(C)[C@@H](OC(=O)CCC(=O)O)CC[C@]2(C)[C@H]3C(=O)C=C4[C@@H]5C[C@@](C)(C(=O)O)CC[C@]5(C)CC[C@@]4(C)[C@]3(C)CC[C@@H]12,4.04,train,<rdkit.Chem.rdchem.Mol object at 0x7fdcf48a7ae0>
CC1(C)[C@@H](OC(=O)CCC(=O)[O-])CC[C@]2(C)[C@H]3C(=O)C=C4[C@@H]5C[C@@](C)(C(=O)[O-])CC[C@]5(C)CC[C@@]4(C)[C@]3(C)CC[C@@H]12,4.04,train,<rdkit.Chem.rdchem.Mol object at 0x7fdcf48a7bc0>
O=C(O)c1ccc2c(c1)CCCC(c1ccc(Cl)cc1Cl)=C2c1ccc(O[C@H]2CCN(CCCF)C2)cc1,4.04,train,<rdkit.Chem.rdchem.Mol object at 0x7fdcf48a7c30>
NCC(=O)CCC(=O)O,4.05,train,<rdkit.Chem.rdchem.Mol object at 0x7fdcf48a7d10>
CN1c2ccccc2Sc2ccc(CC(=O)O)cc21,4.05,train,<rdkit.Chem.rdchem.Mol object at 0x7fdcf48a7d80>
CCCCCN(CCCOC)C(=O)C(CCC(=O)O)NC(=O)c1ccc(Cl)c(Cl)c1,4.05,train,<rdkit.Chem.rdchem.Mol object at 0x7fdcf48a7e60>
CCCCCN(CCCOC)C(=O)[C@@H](CCC(=O)O)NC(=O)c1ccc(Cl)c(Cl)c1,4.05,train,<rdkit.Chem.rdchem.Mol object at 0x7fdcf48a7ed0>
CC(C)(OCc1ccc(-c2ccc(Cl)cc2)cc1)C(=O)O,4.05,train,<rdkit.Chem.rdchem.Mol object at 0x7fdcf48a7f40>
COc1ccc(C(=O)CCC(=O)O)c2ccccc12,4.05,train,<rdkit.Chem.rdchem.Mol object at 0x7fdcf48a8040>
CCCCCCCCC/C=C\C=C\[C@@H](SCCC(=O)O)[C@@H](O)c1cccc(-c2nnn[nH]2)c1,4.05,train,<rdkit.Chem.rdchem.Mol object at 0x7fdcf48a80b0>
CC(=O)N[C@H]1C(O)O[C@H](CO)[C@@H](O)[C@@H]1O[C@H](C)C(=O)N[C@@H](C)C(=O)N[C@H](CCC(=O)O)C(N)=O,4.05,train,<rdkit.Chem.rdchem.Mol object at 0x7fdcf48a8120>
CC(=O)N[C@H]1C(O)O[C@H](CO)[C@@H](O)[C@@H]1OCC(=O)N[C@@H](C)C(=O)N[C@H](CCC(=O)O)C(N)=O,4.05,train,<rdkit.Chem.rdchem.Mol object at 0x7fdcf48a8190>
COCc1c(C(C)C)nc(C(C)C)c(/C=C/[C@@H](O)C[C@@H](O)CC(=O)[O-])c1-c1ccc(F)cc1,4.05,train,<rdkit.Chem.rdchem.Mol object at 0x7fdcf48a8200>
C[C@H]1C[C@@H](n2c(Nc3ccc(OC(F)(F)F)cc3)nc3cc(CCC(=O)O)ccc32)CC(C)(C)C1,4.05,train,<rdkit.Chem.rdchem.Mol object at 0x7fdcf48a82e0>
CC(C(=O)O)c1ccc(-c2cn3ccccc3n2)cc1,4.06,train,<rdkit.Chem.rdchem.Mol object at 0x7fdcf48a83c0>
CCCCCCCCCCCCCCC1(C(=O)O)CO1,4.06,train,<rdkit.Chem.rdchem.Mol object at 0x7fdcf48a8430>
C=C1C[C@H](N)[C@H](C(=O)O)C1,4.06,train,<rdkit.Chem.rdchem.Mol object at 0x7fdcf48a84a0>
COc1ccc2c(c1)C(/C=C/C(C)=C/C(=O)O)=CC(C)(C)CO2,4.06,train,<rdkit.Chem.rdchem.Mol object at 0x7fdcf48a8510>
CC1(C)CC(=C(c2ccc(O)cc2)c2ccc(C(=O)O)cc2)CC(C)(C)C1,4.06,train,<rdkit.Chem.rdchem.Mol object at 0x7fdcf48a8580>
CCCCCCCCCCCCCCC1(C(=O)[O-])CO1,4.06,train,<rdkit.Chem.rdchem.Mol object at 0x7fdcf48a85f0>
C[C@H](NC(=O)c1c(C(F)F)nn(C)c1Oc1cccc(C(F)(F)F)c1)c1ccc(C(=O)O)cc1,4.06,train,<rdkit.Chem.rdchem.Mol object at 0x7fdcf48a8660>
O=C(O)c1ccc([C@H]2C[C@@H](NC(=O)C3(c4ccc5c(c4)OC(F)(F)O5)CC3)c3ccc(OC(F)F)cc3O2)cc1,4.06,train,<rdkit.Chem.rdchem.Mol object at 0x7fdcf48a86d0>
Cc1ccc(S(=O)(=O)NC(=O)NN2CCCCCC2)cc1,4.07,train,<rdkit.Chem.rdchem.Mol object at 0x7fdcf48a87b0>
CC1(C(=O)O)CCC(C(=O)O)C1(C)C,4.07,train,<rdkit.Chem.rdchem.Mol object at 0x7fdcf48a8820>
Cc1cc(C(=O)NCCc2ccc(S(=O)(=O)NC(=O)NN3CCCCCC3)cc2)no1,4.07,train,<rdkit.Chem.rdchem.Mol object at 0x7fdcf48a8890>
COc1ccc(Cl)cc1C(=O)NCCc1ccc(C(=O)O)cc1,4.07,train,<rdkit.Chem.rdchem.Mol object at 0x7fdcf48a8900>
C=C(c1ccc(C(=O)O)cc1)c1cc2c(cc1C)C(C)(C)CCC2(C)C,4.07,train,<rdkit.Chem.rdchem.Mol object at 0x7fdcf48a8970>
O=C(NN1CCCCCC1)NS(=O)(=O)c1ccc2c(c1)CCC2,4.07,train,<rdkit.Chem.rdchem.Mol object at 0x7fdcf48a89e0>
O=C(O)CCC/C=C(\c1ccc(CCNS(=O)(=O)c2ccc(Cl)cc2)cc1)c1cccnc1,4.07,train,<rdkit.Chem.rdchem.Mol object at 0x7fdcf48a8ac0>
CC(=O)[C@H]1CC[C@H]2[C@@H]3CC=C4C[C@@H](OC(=O)CCC(=O)O)CC[C@]4(C)[C@H]3CC[C@]12C,4.07,train,<rdkit.Chem.rdchem.Mol object at 0x7fdcf48a8ba0>
C[C@H](c1ccc(F)cc1)N(Cc1cccc(C(=O)O)c1)C(=O)c1cnc2ccccc2c1,4.07,train,<rdkit.Chem.rdchem.Mol object at 0x7fdcf48a8c80>
O=C(O)c1ccccc1,4.08,test,<rdkit.Chem.rdchem.Mol object at 0x7fdcf48a8cf0>
C[C@H]1C[C@H](C(=O)O)CC[C@H]1C(=O)N1CC[C@@]2(S(=O)(=O)c3ccc(F)cc3)c3ccc(C(F)(C(F)(F)F)C(F)(F)F)cc3CC[C@@H]12,4.08,test,<rdkit.Chem.rdchem.Mol object at 0x7fdcf48a8dd0>
O=C(O)Cc1nn(-c2ccc(F)cc2)cc1-c1ccc(Cl)cc1,4.08,train,<rdkit.Chem.rdchem.Mol object at 0x7fdcf48a8e40>
O=C(O)[C@@H]1[C@H]2C[C@H]3c4[nH]c5ccccc5c4CCN3C[C@@H]2CC[C@@H]1O,4.08,train,<rdkit.Chem.rdchem.Mol object at 0x7fdcf48a8eb0>
CS(=O)(=O)NC(=O)CCC/C=C\C[C@H]1C(=O)C[C@@H](O)[C@@H]1/C=C/[C@@H](O)COc1ccccc1,4.08,train,<rdkit.Chem.rdchem.Mol object at 0x7fdcf48a8f20>
O=C(O)c1ccc(/C=C/S(=O)(=O)Cc2ccc(Cl)cc2)cc1,4.08,train,<rdkit.Chem.rdchem.Mol object at 0x7fdcf48a9000>
CCN(Cc1cc(C(F)(F)F)ccc1-c1cc(CC(=O)O)ccc1OC)C(=O)NCc1ccccc1,4.08,train,<rdkit.Chem.rdchem.Mol object at 0x7fdcf48a9070>
CC1(C)[C@@H](OC(=O)[C@H]2CCCC[C@H]2C(=O)O)CC[C@]2(C)[C@H]3C(=O)C=C4[C@@H]5C[C@@](C)(C(=O)O)CC[C@]5(C)CC[C@@]4(C)[C@]3(C)CC[C@@H]12,4.08,train,<rdkit.Chem.rdchem.Mol object at 0x7fdcf48a9150>
CCOC(=O)C1=C(CN2CCN3C(=O)N(CC(C)(C)C(=O)O)C[C@@H]3C2)N=C(c2nccs2)N[C@H]1c1cccc(F)c1C,4.08,train,<rdkit.Chem.rdchem.Mol object at 0x7fdcf48a91c0>
CCCCCN(CCCCC)C(=O)C(CCC(=O)O)NC(=O)c1ccc(Cl)c(Cl)c1,4.09,train,<rdkit.Chem.rdchem.Mol object at 0x7fdcf48a9230>
CC1=C(CC(=O)O)c2cc(F)ccc2/C1=C\c1ccc([S+](C)[O-])cc1,4.09,train,<rdkit.Chem.rdchem.Mol object at 0x7fdcf48a93f0>
CC(=O)O[C@H](CC(=O)[O-])C[N+](C)(C)C,4.09,train,<rdkit.Chem.rdchem.Mol object at 0x7fdcf48a9460>
NCC(O)CC(=O)O,4.1,train,<rdkit.Chem.rdchem.Mol object at 0x7fdcf48a94d0>
O=C(O)CCCN1CCC(O[C@@H](c2ccc(Cl)cc2)c2ccccn2)CC1.O=S(=O)(O)c1ccccc1,4.1,train,<rdkit.Chem.rdchem.Mol object at 0x7fdcf48a9540>
O=C(O)CCCN1CCC(O[C@@H](c2ccc(Cl)cc2)c2ccccn2)CC1,4.1,train,<rdkit.Chem.rdchem.Mol object at 0x7fdcf48a95b0>
C=C(C)[C@@H]1CC[C@]2(NCCN3CCS(=O)(=O)CC3)CC[C@]3(C)[C@H](CC[C@@H]4[C@@]5(C)CC=C(c6ccc(C(=O)O)cc6)C(C)(C)[C@@H]5CC[C@]43C)[C@@H]12,4.1,train,<rdkit.Chem.rdchem.Mol object at 0x7fdcf48a9620>
Cc1nn(C)cc1S(=O)(=O)NC(=O)c1ccc(-n2ccc(OCC(C)(C)C(F)(F)F)n2)nc1N1C[C@@H](C)CC1(C)C,4.1,train,<rdkit.Chem.rdchem.Mol object at 0x7fdcf48a9690>
CCCCCCC(I)CCC(I)CCCCCCCC(=O)O,4.11,train,<rdkit.Chem.rdchem.Mol object at 0x7fdcf48a9700>
O=C(O)Cc1ccc(CCNS(=O)(=O)c2ccc(Cl)cc2)cc1,4.11,train,<rdkit.Chem.rdchem.Mol object at 0x7fdcf48a9770>
O=C(O)CCNC(=O)c1ccccc1,4.11,train,<rdkit.Chem.rdchem.Mol object at 0x7fdcf48a97e0>
Cc1ccc(Nc2c(F)cccc2Cl)c(CC(=O)O)c1,4.11,train,<rdkit.Chem.rdchem.Mol object at 0x7fdcf48a9850>
CCCCC(=O)N(Cc1ccc(-c2ccccc2-c2nnn[nH]2)cc1)CC1(C(=O)O)CCCC1,4.11,train,<rdkit.Chem.rdchem.Mol object at 0x7fdcf48a98c0>
C=Cn1c([N+](=O)[O-])cnc1/C=C/c1ccc(C(=O)O)cc1,4.11,train,<rdkit.Chem.rdchem.Mol object at 0x7fdcf48a99a0>
C/C(=C\c1ccc(C(=O)O)cc1)c1ccc(C(C)C)s1,4.11,train,<rdkit.Chem.rdchem.Mol object at 0x7fdcf48a9a10>
CC1=C(/C=C/C(C)=C/C=C/c2ccc(C(=O)O)cc2)C(C)(C)CCC1,4.12,test,<rdkit.Chem.rdchem.Mol object at 0x7fdcf48a9a80>
C[C@H](C(=O)O)c1cccc(NC(=O)NCC(=O)N2[C@@H](c3ccccc3F)SC[C@H]2C(=O)OC(C)(C)C)c1,4.12,train,<rdkit.Chem.rdchem.Mol object at 0x7fdcf48a9af0>
CCCn1c(=O)c2[nH]c(C34CCC(CCC(=O)O)(CC3)CC4)nc2n(CCC)c1=O,4.13,test,<rdkit.Chem.rdchem.Mol object at 0x7fdcf48a9b60>
CC(C)Oc1ccc(S(=O)(=O)N2CCN(c3ccc(-c4ncco4)c(OCC(=O)O)c3)CC2)cc1,4.13,test,<rdkit.Chem.rdchem.Mol object at 0x7fdcf48a9bd0>
N=C1N[C@H]2[C@H](CS[C@H]2CCCCC(=O)O)N1,4.13,train,<rdkit.Chem.rdchem.Mol object at 0x7fdcf48a9c40>
CC1(C)[C@@H](OC(=O)CCC(=O)O)CC[C@]2(C)C3=CC[C@@H]4[C@@H]5C[C@@](C)(C(=O)O)CC[C@]5(C)CC[C@@]4(C)[C@]3(C)CC[C@@H]12,4.13,train,<rdkit.Chem.rdchem.Mol object at 0x7fdcf48a9cb0>
O=C(O)C[C@H](O)C[C@H](O)/C=C/c1c(C2CC2)nc2ccccc2c1-c1ccc(F)cc1,4.13,train,<rdkit.Chem.rdchem.Mol object at 0x7fdcf48a9d20>
CC[C@H]1O[C@@H](/C(C)=C/[C@H](C)/C=C/[C@H]2[C@@H](C)[C@@H]2/C=C/[C@@H]2O[C@H](CC(=O)O)C[C@H](O)[C@H]2O)CC=C1C,4.13,train,<rdkit.Chem.rdchem.Mol object at 0x7fdcf48a9e00>
CC1(C)CCC(C)(C)c2cc(Cn3cccn3)c(/C=C/c3ccc(C(=O)O)cc3)cc21,4.13,train,<rdkit.Chem.rdchem.Mol object at 0x7fdcf48a9e70>
O=C(O)CC1CC(c2ccccc2)=NO1,4.13,train,<rdkit.Chem.rdchem.Mol object at 0x7fdcf48a9ee0>
O=C([O-])C[C@H](O)C[C@H](O)/C=C/c1c(C2CC2)nc2ccccc2c1-c1ccc(F)cc1,4.13,train,<rdkit.Chem.rdchem.Mol object at 0x7fdcf48a9f50>
Cc1nn(-c2cnc(OCC(C)C)c(Cl)c2)c2ccc(C(=O)NS(C)(=O)=O)cc12,4.13,train,<rdkit.Chem.rdchem.Mol object at 0x7fdcf48a9fc0>
COCCN(CCCCC1=CC=C2CCCN=C2N1)CC[C@H](Nc1ncnc2ccccc12)C(=O)O,4.13,train,<rdkit.Chem.rdchem.Mol object at 0x7fdcf48aa030>
O=C([O-])C[C@H](O)C[C@H](O)/C=C/c1c(C2CC2)nc2ccccc2c1-c1ccc(F)cc1.O=C([O-])C[C@H](O)C[C@H](O)/C=C/c1c(C2CC2)nc2ccccc2c1-c1ccc(F)cc1,4.13,train,<rdkit.Chem.rdchem.Mol object at 0x7fdcf48aa0a0>
Cc1ccsc1C(=CCCN1CCC[C@@H](C(=O)O)C1)c1sccc1C,4.14,test,<rdkit.Chem.rdchem.Mol object at 0x7fdcf48aa110>
N#Cc1cc(I)c(O)c([N+](=O)[O-])c1,4.14,train,<rdkit.Chem.rdchem.Mol object at 0x7fdcf48aa180>
C[S+]([O-])c1ccc2oc3ccc(C(=O)O)cc3c(=O)c2c1,4.14,train,<rdkit.Chem.rdchem.Mol object at 0x7fdcf48aa1f0>
CC(C)Oc1ccc2oc3ccc(C(=O)O)cc3c(=O)c2c1,4.14,train,<rdkit.Chem.rdchem.Mol object at 0x7fdcf48aa260>
O=C(O)CSC(CCCc1ccccc1)c1ccc(OCc2ccc3ccccc3n2)cc1,4.14,train,<rdkit.Chem.rdchem.Mol object at 0x7fdcf48aa340>
CC(C)Oc1ccccc1-c1cc(=O)c2cc(C(=O)O)ccc2o1,4.14,train,<rdkit.Chem.rdchem.Mol object at 0x7fdcf48aa3b0>
CO[C@]1(CN2CCN3CCCC[C@@H]3C2)/C=C/C[C@H](C)[C@@H](C)S(=O)(=O)NC(=O)c2ccc3c(c2)N(C[C@@H]2CC[C@H]21)C[C@@]1(CCCc2cc(Cl)ccc21)CO3,4.14,train,<rdkit.Chem.rdchem.Mol object at 0x7fdcf48aa420>
CC(=O)Nc1ccc(CC(=O)O)cc1,4.15,train,<rdkit.Chem.rdchem.Mol object at 0x7fdcf48aa490>
C=C(C)CNc1ccc(C(C)C(=O)O)cc1,4.15,train,<rdkit.Chem.rdchem.Mol object at 0x7fdcf48aa500>
O=C(O)CCCCCCCC(=O)O,4.15,train,<rdkit.Chem.rdchem.Mol object at 0x7fdcf48aa570>
CCCCCCc1cc(S(C)(=N)=O)cc2c(=O)c3cc(C(=O)O)ccc3oc12,4.15,train,<rdkit.Chem.rdchem.Mol object at 0x7fdcf48aa5e0>
Cc1oc(-c2ccccc2)nc1COc1ccc(CO/N=C(\CCC(=O)O)c2ccccc2)cc1,4.15,train,<rdkit.Chem.rdchem.Mol object at 0x7fdcf48aa650>
O=C(O)CCCC(=O)NCCc1c[nH]cn1,4.15,train,<rdkit.Chem.rdchem.Mol object at 0x7fdcf48aa6c0>
CN1CCN(c2cccc3c2CCN(C(=O)/C=C/c2c(-n4cnnn4)ccc(Cl)c2F)[C@@H]3C(=O)Nc2ccc(C(=O)O)cc2)C(=O)C1,4.15,train,<rdkit.Chem.rdchem.Mol object at 0x7fdcf48aa730>
CC(=O)Nc1ccc(C(=O)O)cc1,4.16,train,<rdkit.Chem.rdchem.Mol object at 0x7fdcf48aa7a0>
CSc1ccc(/C=C2/C(C)=C(CC(=O)O)c3cc(F)ccc32)cc1,4.16,train,<rdkit.Chem.rdchem.Mol object at 0x7fdcf48aa880>
CNc1ccc2oc(C[C@H]3O[C@@]4(CC[C@H]3C)O[C@H]([C@H](C)C(=O)c3ccc[nH]3)[C@H](C)C[C@H]4C)nc2c1C(=O)O,4.16,train,<rdkit.Chem.rdchem.Mol object at 0x7fdcf48aa960>
COc1ccc2c(c1)C=C1Cn3c-2c(C2CCCCC2)c2ccc(cc23)C(=O)NS(=O)(=O)N(C)CCOCCN(C)C1=O,4.16,train,<rdkit.Chem.rdchem.Mol object at 0x7fdcf48aa9d0>
O=C(CCn1cnc2c(=O)[nH]cnc21)Nc1ccc(C(=O)O)cc1,4.16,train,<rdkit.Chem.rdchem.Mol object at 0x7fdcf48aaa40>
NC(=O)c1[nH]nc([C@@H]2O[C@H](CO)[C@@H](O)[C@H]2O)c1O,4.16,train,<rdkit.Chem.rdchem.Mol object at 0x7fdcf48aaab0>
O=C(CCn1cnc2c(=O)[nH]cnc21)Nc1ccc(C(=O)[O-])cc1,4.16,train,<rdkit.Chem.rdchem.Mol object at 0x7fdcf48aab20>
O=C(O)[C@H]1C2CCC(CC2)[C@@H]1Nc1nc(-c2n[nH]c3ncc(F)cc23)nc(C2CC2)c1F,4.17,test,<rdkit.Chem.rdchem.Mol object at 0x7fdcf48aab90>
O=C(O)c1ccc2c(c1)C=C(n1ccnc1)CC2,4.17,train,<rdkit.Chem.rdchem.Mol object at 0x7fdcf48aac00>
Cc1ccc(NC(=O)C2(c3ccc4c(c3)OC(F)(F)O4)CC2)nc1-c1cccc(C(=O)O)c1,4.17,train,<rdkit.Chem.rdchem.Mol object at 0x7fdcf48aace0>
COc1ccc2c(c1)[C@@H]1C[C@]1(C(=O)N1[C@@H]3CC[C@H]1CN(C)C3)Cn1c-2c(C2CCCCC2)c2ccc(C(=O)NS(=O)(=O)N(C)C)cc21,4.17,train,<rdkit.Chem.rdchem.Mol object at 0x7fdcf48aadc0>
O=C(C[C@H](CSc1ccccc1)C(=O)O)c1ccc(-c2ccc(Cl)cc2)cc1,4.18,train,<rdkit.Chem.rdchem.Mol object at 0x7fdcf48aaea0>
CCOC(=O)[C@H](C)C[C@@H](Cc1ccc(-c2ccccc2)cc1)NC(=O)CCC(=O)O,4.18,train,<rdkit.Chem.rdchem.Mol object at 0x7fdcf48aaf10>
CC1(C)CCC(CN2CCN(c3ccc(C(=O)NS(=O)(=O)c4ccc(NCC5CCOCC5)c([N+](=O)[O-])c4)c(Oc4cnc5[nH]ccc5c4)c3)CC2)=C(c2ccc(Cl)cc2)C1,4.18,train,<rdkit.Chem.rdchem.Mol object at 0x7fdcf48aaf80>
C[C@]1(C(=O)N(CCCC(=O)O)Cc2cccc(Cl)c2)CCN1C(=O)c1csc2ccccc12,4.18,train,<rdkit.Chem.rdchem.Mol object at 0x7fdcf48aaff0>
COc1ccc2cc([C@H](C)C(=O)O)ccc2c1,4.19,train,<rdkit.Chem.rdchem.Mol object at 0x7fdcf48ab140>
CCC(=O)O[C@H](CC(=O)O)C[N+](C)(C)C,4.19,train,<rdkit.Chem.rdchem.Mol object at 0x7fdcf48ab1b0>
CCC(CC)O[C@@H]1C=C(C(=O)O)C[C@H](N)[C@H]1NC(C)=O,4.19,train,<rdkit.Chem.rdchem.Mol object at 0x7fdcf48ab220>
COc1ccc2cc([C@H](C)C(=O)[O-])ccc2c1,4.19,train,<rdkit.Chem.rdchem.Mol object at 0x7fdcf48ab290>
C[N+](C)(C)CC(O)CC(=O)[O-],4.2,train,<rdkit.Chem.rdchem.Mol object at 0x7fdcf48ab3e0>
CC(=O)NC(CC(C)C)C(=O)O,4.2,train,<rdkit.Chem.rdchem.Mol object at 0x7fdcf48ab450>
C[N+](C)(C)C[C@H](O)CC(=O)[O-],4.2,train,<rdkit.Chem.rdchem.Mol object at 0x7fdcf48ab530>
CC(=O)NS(=O)(=O)c1cc(N)ccc1S(=O)(=O)c1ccc(N)cc1,4.2,train,<rdkit.Chem.rdchem.Mol object at 0x7fdcf48ab5a0>
CCCCCN(CCCCC)C(=O)C(CCC(=O)O)NC(=O)c1ccc(C)c(C)c1,4.2,train,<rdkit.Chem.rdchem.Mol object at 0x7fdcf48ab610>
CC(=O)N[C@@H](CC(C)C)C(=O)O,4.2,train,<rdkit.Chem.rdchem.Mol object at 0x7fdcf48ab680>
CCCCCCCCC/C(=C\C1=C(C)C(=O)C(OC)=C(OC)C1=O)C(=O)O,4.2,train,<rdkit.Chem.rdchem.Mol object at 0x7fdcf48ab6f0>
CC#CCC(C)[C@H](O)/C=C/[C@@H]1[C@H]2c3cccc(CCCC(=O)O)c3O[C@H]2C[C@H]1O,4.2,train,<rdkit.Chem.rdchem.Mol object at 0x7fdcf48ab760>
CC#CC[C@H](C)[C@H](O)/C=C/[C@@H]1[C@H]2c3cccc(CCCC(=O)O)c3O[C@H]2C[C@H]1O,4.2,train,<rdkit.Chem.rdchem.Mol object at 0x7fdcf48ab7d0>
N[C@@H]1CONC1=O,4.21,train,<rdkit.Chem.rdchem.Mol object at 0x7fdcf48ab920>
CC[C@H](C)C(=O)O[C@H]1C[C@H](O)C=C2C=C[C@H](C)[C@H](CC[C@@H](O)C[C@@H](O)CC(=O)O)[C@H]21,4.21,train,<rdkit.Chem.rdchem.Mol object at 0x7fdcf48ab990>
CSc1ccc(C(=O)c2cc(CC(=O)O)cc3ccoc23)cc1,4.21,train,<rdkit.Chem.rdchem.Mol object at 0x7fdcf48aba00>
N[C@H]1CONC1=O,4.21,train,<rdkit.Chem.rdchem.Mol object at 0x7fdcf48abae0>
O=C(O)Cc1ccc(C2=CC(=O)CCC2)cc1,4.21,train,<rdkit.Chem.rdchem.Mol object at 0x7fdcf48abb50>
CN[C@H](C(=O)N[C@H](C(=O)N(C)[C@H](/C=C(\C)C(=O)O)C(C)C)C(C)(C)C)C(C)(C)c1ccccc1,4.21,train,<rdkit.Chem.rdchem.Mol object at 0x7fdcf48abbc0>
CCCn1cnc(C[C@H](CCCN)C(=O)O)c1,4.21,train,<rdkit.Chem.rdchem.Mol object at 0x7fdcf48abc30>
CC[C@H](C)C(=O)O[C@H]1C[C@H](O)C=C2C=C[C@H](C)[C@H](CC[C@@H](O)C[C@@H](O)CC(=O)[O-])[C@H]21,4.21,train,<rdkit.Chem.rdchem.Mol object at 0x7fdcf48abca0>
O=C(O)Cc1ccc(Cc2cc(-c3cccc(Cl)c3)nc(C(F)(F)F)c2)cc1,4.21,train,<rdkit.Chem.rdchem.Mol object at 0x7fdcf48abd10>
Cc1cnc(-c2ccc(C(F)(F)F)cc2)n1Cc1ccccc1OCCC[C@@H](C)CC(=O)O,4.21,train,<rdkit.Chem.rdchem.Mol object at 0x7fdcf48abd80>
CCCN(C)C(=O)OCc1c(-c2ccc(O[C@H]3CCC[C@H](C(=O)O)C3)c(C)n2)nnn1C,4.21,train,<rdkit.Chem.rdchem.Mol object at 0x7fdcf48abdf0>
O=C(O)Cn1cc(Cc2nc3c(F)c(F)cc(F)c3s2)c2ccccc21,4.22,test,<rdkit.Chem.rdchem.Mol object at 0x7fdcf48abf40>
O=C(O)CCC(=O)c1ccc(-c2ccccc2)cc1,4.22,train,<rdkit.Chem.rdchem.Mol object at 0x7fdcf48ac040>
CN(CC(=O)NO)C(=O)[C@@H]1CCCC[C@@H]1C(=O)O,4.22,train,<rdkit.Chem.rdchem.Mol object at 0x7fdcf48ac0b0>
CC(=O)OCCCC(=O)O,4.22,train,<rdkit.Chem.rdchem.Mol object at 0x7fdcf48ac120>
CC1(C)CCC(NC(=O)[C@@H](N)CCC(=O)O)CC1,4.22,train,<rdkit.Chem.rdchem.Mol object at 0x7fdcf48ac190>
COc1ncccc1C(=O)NCCC1CCN(S(=O)(=O)NC(=O)NCC2CC3C=CC2C3)CC1,4.22,train,<rdkit.Chem.rdchem.Mol object at 0x7fdcf48ac200>
CN1c2ccccc2[C@@H](NCCCCCCC(=O)O)c2ccc(Cl)cc2S1(=O)=O,4.22,train,<rdkit.Chem.rdchem.Mol object at 0x7fdcf48ac2e0>
O=C(O)c1ccc2c(c1)CCC(Cn1ccnc1)C2,4.23,train,<rdkit.Chem.rdchem.Mol object at 0x7fdcf48ac350>
O=C(O)C1CCc2cc(C3CCCCC3)c(Cl)cc21,4.23,train,<rdkit.Chem.rdchem.Mol object at 0x7fdcf48ac3c0>
CCCCc1cc(C(=O)OC)cc(=O)n1Cc1ccc(-c2ccccc2-c2nnn[nH]2)cc1F,4.23,train,<rdkit.Chem.rdchem.Mol object at 0x7fdcf48ac430>
COC(=O)[C@@H]1CC2=CC(=O)CC[C@]2(C)[C@H]2CC[C@@]3(C)[C@@H](CC[C@@]3(O)CCC(=O)O)[C@H]12,4.23,train,<rdkit.Chem.rdchem.Mol object at 0x7fdcf48ac4a0>
CCCCc1nc(C)n(Cc2sccc2C(=O)OC)c(=O)c1Cc1ccc(-c2ccccc2-c2nnn[nH]2)cc1,4.23,train,<rdkit.Chem.rdchem.Mol object at 0x7fdcf48ac510>
C[C@@H](N[C@H]1CCN(c2ccc(CC(=O)O)cc2)C1)c1cccc2ccccc12,4.23,train,<rdkit.Chem.rdchem.Mol object at 0x7fdcf48ac580>
Cc1nc(C)c2c(n1)N(Cc1ccc(-c3ccccc3-c3nnn[nH]3)cc1)C(=O)CC2,4.24,train,<rdkit.Chem.rdchem.Mol object at 0x7fdcf48ac5f0>
CC[C@@]1([C@@H]2O[C@@H]([C@H]3O[C@@](O)(CO)[C@H](C)C[C@@H]3C)C[C@@H]2C)CC[C@H]([C@]2(C)CC[C@]3(C[C@H](O)[C@@H](C)[C@@H]([C@@H](C)[C@@H](OC)[C@H](C)C(=O)O)O3)O2)O1,4.24,train,<rdkit.Chem.rdchem.Mol object at 0x7fdcf48ac6d0>
CCCCc1nc(C)c(CC(=S)N(C)C)c(=O)n1Cc1ccc(-c2ccccc2-c2nnn[nH]2)cc1,4.24,train,<rdkit.Chem.rdchem.Mol object at 0x7fdcf48ac7b0>
O=C(O)c1ccc(CCCc2c(CCNS(=O)(=O)Cc3ccccc3C(F)(F)F)n(C(c3ccccc3)c3ccccc3)c3ccc(Cl)cc23)cc1,4.24,train,<rdkit.Chem.rdchem.Mol object at 0x7fdcf48ac820>
CC[C@@]1([C@@H]2O[C@@H]([C@H]3O[C@@](O)(CO)[C@H](C)C[C@@H]3C)C[C@@H]2C)CC[C@H]([C@]2(C)CC[C@]3(C[C@H](O)[C@@H](C)[C@@H]([C@@H](C)[C@@H](OC)[C@H](C)C(=O)[O-])O3)O2)O1,4.24,train,<rdkit.Chem.rdchem.Mol object at 0x7fdcf48ac890>
CCC(=O)[N-]S(=O)(=O)c1ccc(-c2c(-c3ccccc3)noc2C)cc1,4.24,train,<rdkit.Chem.rdchem.Mol object at 0x7fdcf48ac900>
CC(C)[C@H](N)C(=O)OCCCC(=O)O,4.24,train,<rdkit.Chem.rdchem.Mol object at 0x7fdcf48ac970>
C=C(C)[C@@H]1CC[C@]2(NCCN3CCS(=O)(=O)CC3)CC[C@]3(C)[C@H](CC[C@@H]4[C@@]5(C)CC=C(C6=CC[C@](CF)(C(=O)O)CC6)C(C)(C)[C@@H]5CC[C@]43C)[C@@H]12,4.24,train,<rdkit.Chem.rdchem.Mol object at 0x7fdcf48ac9e0>
CCCCc1nc(CCCC)n(Cc2ccc(-c3ccccc3-c3nnn[nH]3)nc2)n1,4.25,test,<rdkit.Chem.rdchem.Mol object at 0x7fdcf48aca50>
NS(=O)(=O)c1cc(C(=O)O)c(NCc2ccco2)cc1Cl,4.25,train,<rdkit.Chem.rdchem.Mol object at 0x7fdcf48acac0>
O=C(O)Cc1csc(-c2ccc(Cl)cc2)n1,4.25,train,<rdkit.Chem.rdchem.Mol object at 0x7fdcf48acb30>
CC(C(=O)O)c1ccc(N2CC=CC2)c(Cl)c1,4.25,train,<rdkit.Chem.rdchem.Mol object at 0x7fdcf48acba0>
CCC1Cc2cc(CC(=O)O)ccc2O1,4.25,train,<rdkit.Chem.rdchem.Mol object at 0x7fdcf48acc10>
O=C1c2ccccc2C(=O)C1c1ccc(F)cc1,4.25,train,<rdkit.Chem.rdchem.Mol object at 0x7fdcf48acc80>
CCCc1nc(C(C)(C)O)c(C(=O)OCc2oc(=O)oc2C)n1Cc1ccc(-c2ccccc2-c2nnn[nH]2)cc1,4.25,train,<rdkit.Chem.rdchem.Mol object at 0x7fdcf48accf0>
CCCC[C@H](C)C[C@H](O)/C=C/[C@H]1[C@H](O)CC(=O)[C@@H]1CCCC/C=C/C(=O)O,4.25,train,<rdkit.Chem.rdchem.Mol object at 0x7fdcf48acd60>
CC(C)(Cc1ccc(F)cc1)NC(=O)[C@H](CCC(=O)O)NC(=O)c1ccc(-c2ccccc2)cc1,4.25,train,<rdkit.Chem.rdchem.Mol object at 0x7fdcf48ace40>
Cc1cccc(C)c1CNc1cc(C(=O)NCCOC(=O)CCCC(=O)O)cn2c(C)c(C)nc12,4.25,train,<rdkit.Chem.rdchem.Mol object at 0x7fdcf48aceb0>
CCCCc1nc(Cl)c(CO)n1Cc1ccc(-c2ccccc2-c2nnn[nH]2)cc1,4.26,test,<rdkit.Chem.rdchem.Mol object at 0x7fdcf48acf20>
O=C(O)C[C@H]1CCc2c1[nH]c1ccc(OCc3ccc(C4CCCC4)c(C(F)(F)F)c3)cc21,4.26,test,<rdkit.Chem.rdchem.Mol object at 0x7fdcf48ad000>
CC(CC(=O)c1ccc(-c2ccccc2)cc1)C(=O)O,4.26,train,<rdkit.Chem.rdchem.Mol object at 0x7fdcf48ad070>
CCCCCCCCCCCCCCCCCC(=O)NS(=O)(=O)c1ccc(N)cc1,4.26,train,<rdkit.Chem.rdchem.Mol object at 0x7fdcf48ad0e0>
Cc1cc(C)c(NC(=O)C[C@H](CC(=O)O)c2cccc3ccccc23)c(C(=O)N2CCC3(CCCC3)CC2)c1,4.26,train,<rdkit.Chem.rdchem.Mol object at 0x7fdcf48ad150>
Cc1c(CC(=O)O)c2cccnc2n1Cc1ccc(S(C)(=O)=O)cc1C(F)(F)F,4.26,train,<rdkit.Chem.rdchem.Mol object at 0x7fdcf48ad1c0>
CCCCc1nc(Cl)c(CO)n1Cc1ccc(-c2ccccc2-c2nnn[n-]2)cc1,4.26,train,<rdkit.Chem.rdchem.Mol object at 0x7fdcf48ad230>
CCCCC[C@@H](O)/C=C/c1ccccc1/C=C/[C@@H](O)[C@@H](O)CCCC(=O)O,4.26,train,<rdkit.Chem.rdchem.Mol object at 0x7fdcf48ad2a0>
CC/C=C\C/C=C\C/C=C\C/C=C\C/C=C\CCCCOC(CC)C(=O)O,4.26,train,<rdkit.Chem.rdchem.Mol object at 0x7fdcf48ad310>
N=C(N)NCCC[C@@H](N)C(=O)O.O=C(O)C[C@H]1CCc2c1[nH]c1ccc(OCc3ccc(C4CCCC4)c(C(F)(F)F)c3)cc21,4.26,train,<rdkit.Chem.rdchem.Mol object at 0x7fdcf48ad380>
O=C(O)CCCCCc1cccc2cncn12,4.27,train,<rdkit.Chem.rdchem.Mol object at 0x7fdcf48ad460>
O=C(O)Cc1cn(-c2ccccc2)nc1-c1ccc(Cl)cc1,4.27,train,<rdkit.Chem.rdchem.Mol object at 0x7fdcf48ad4d0>
Cc1n[nH]c(C)c1CCCOc1cc(C(=O)O)ccc1F,4.27,train,<rdkit.Chem.rdchem.Mol object at 0x7fdcf48ad5b0>
CCCCOC(=O)C(=O)Nc1cccc(-c2nnn[nH]2)c1,4.28,train,<rdkit.Chem.rdchem.Mol object at 0x7fdcf48ad620>
O=c1c2cccnc2oc2c(Cl)cc(-c3nnn[nH]3)cc12,4.28,train,<rdkit.Chem.rdchem.Mol object at 0x7fdcf48ad690>
Cc1ccc(S(=O)(=O)NC(=O)N2CCCC2)cc1,4.28,train,<rdkit.Chem.rdchem.Mol object at 0x7fdcf48ad700>
COc1cccc([C@H]2O[C@H](CC(=O)N3CCC(CC(=O)O)CC3)C(=O)N(CC(C)(C)COC(C)=O)c3ccc(Cl)cc32)c1OC,4.28,train,<rdkit.Chem.rdchem.Mol object at 0x7fdcf48ad770>
C[C@H](C(=O)O)c1ccc(C[C@H]2CCC[C@@H]2O)cc1,4.28,train,<rdkit.Chem.rdchem.Mol object at 0x7fdcf48ad7e0>
COc1cc(Nc2ncc3c(n2)-c2ccc(Cl)cc2C(c2c(F)cccc2OC)=NC3)ccc1C(=O)O,4.28,train,<rdkit.Chem.rdchem.Mol object at 0x7fdcf48ad850>
COc1cc(Nc2ncc3c(n2)-c2ccc(Cl)cc2C(c2c(F)cccc2OC)=NC3)ccc1C(=O)[O-],4.28,train,<rdkit.Chem.rdchem.Mol object at 0x7fdcf48ad8c0>
CO[C@H]1/C=C/C[C@H](C)[C@@H](C)S(=O)(=O)NC(=O)c2ccc3c(c2)N(C[C@@H]2CC[C@H]21)C[C@@]1(CCCc2cc(Cl)ccc21)CO3,4.28,train,<rdkit.Chem.rdchem.Mol object at 0x7fdcf48ad930>
CCCCC1=NC2(CCCC2)C(=O)N1Cc1ccc(-c2ccccc2-c2nnn[nH]2)cc1,4.29,test,<rdkit.Chem.rdchem.Mol object at 0x7fdcf48ad9a0>
COc1cc(C(=O)NS(=O)(=O)c2ccccc2C)ccc1Cc1cn(C)c2ccc(NC(=O)OC3CCCC3)cc12,4.29,train,<rdkit.Chem.rdchem.Mol object at 0x7fdcf48adaf0>
O=C(O)C1(Cc2cccc(Nc3nccs3)n2)CCC(Oc2cccc(Cl)c2F)CC1,4.29,train,<rdkit.Chem.rdchem.Mol object at 0x7fdcf48adb60>
CCCCN1C(=O)[C@@H]([C@H](O)C2CCCCC2)NC(=O)C12CCN(Cc1ccc(Oc3ccc(C(=O)O)cc3)cc1)CC2,4.3,test,<rdkit.Chem.rdchem.Mol object at 0x7fdcf48adc40>
CC1=C(C)C(=O)C(C(CCCCCC(=O)O)c2ccccc2)=C(C)C1=O,4.3,train,<rdkit.Chem.rdchem.Mol object at 0x7fdcf48adcb0>
CC(=O)NS(=O)(=O)c1ccc(N)cc1,4.3,train,<rdkit.Chem.rdchem.Mol object at 0x7fdcf48add20>
CC(C)(C)Sc1c(CC(C)(C)C(=O)O)n(Cc2ccc(Cl)cc2)c2ccc(OCc3ccc4ccccc4n3)cc12,4.3,train,<rdkit.Chem.rdchem.Mol object at 0x7fdcf48add90>
O=C(O)CN1CSC(=S)N(Cc2ccccc2)C1,4.3,train,<rdkit.Chem.rdchem.Mol object at 0x7fdcf48ade00>
CCCCC(F)(F)[C@@]1(O)CC[C@H]2[C@@H](CC(=O)[C@@H]2CCCCCCC(=O)O)O1,4.3,train,<rdkit.Chem.rdchem.Mol object at 0x7fdcf48ade70>
CC(=O)[N-]S(=O)(=O)c1ccc(N)cc1,4.3,train,<rdkit.Chem.rdchem.Mol object at 0x7fdcf48adee0>
CCCCC[C@H](O)/C=C/[C@H]1[C@H](O)CC(=O)[C@@H]1C/C=C\CCCC(=O)O,4.3,train,<rdkit.Chem.rdchem.Mol object at 0x7fdcf48adf50>
CCCCC[C@@](C)(O)/C=C/[C@H]1[C@H](O)CC(=O)[C@@H]1C/C=C\CCCC(=O)O,4.3,train,<rdkit.Chem.rdchem.Mol object at 0x7fdcf48adfc0>
O=C(O)/C=C/CC[C@@H]1SC[C@@H]2NC(=O)N[C@@H]21,4.3,train,<rdkit.Chem.rdchem.Mol object at 0x7fdcf48ae030>
CCCCC(C)(C)[C@H](O)/C=C/[C@H]1[C@H](C)CC(=O)[C@@H]1C/C=C\CCCC(=O)O,4.3,train,<rdkit.Chem.rdchem.Mol object at 0x7fdcf48ae0a0>
CC(C)(C)Sc1c(CC(C)(C)C(=O)[O-])n(Cc2ccc(Cl)cc2)c2ccc(OCc3ccc4ccccc4n3)cc12,4.3,train,<rdkit.Chem.rdchem.Mol object at 0x7fdcf48ae110>
CO[C@@H](Cc1ccc(OCCc2nc(-c3ccccc3)oc2C)c2ccsc12)C(=O)O,4.3,train,<rdkit.Chem.rdchem.Mol object at 0x7fdcf48ae180>
CCCCCC(C)(O)CC[C@H]1CCC(=O)[C@@H]1CCCCCCC(=O)O,4.3,train,<rdkit.Chem.rdchem.Mol object at 0x7fdcf48ae1f0>
CC[C@H](C)CC(F)(F)[C@@]1(O)CC[C@H]2[C@@H](CC(=O)[C@@H]2CCCCCCC(=O)O)O1,4.3,train,<rdkit.Chem.rdchem.Mol object at 0x7fdcf48ae260>
CCOCC(C)(C)[C@H](O)/C=C/C1C(O)CC(=O)C1C/C=C\CCCC(=O)O,4.3,train,<rdkit.Chem.rdchem.Mol object at 0x7fdcf48ae2d0>
O=C(O)CCC/C=C\C[C@@H]1[C@@H](CC[C@@H](O)CCc2ccccc2)[C@H](O)C[C@@H]1O,4.31,test,<rdkit.Chem.rdchem.Mol object at 0x7fdcf48ae340>
CC(=O)c1ccc(S(=O)(=O)NC(=O)NC2CCCCC2)cc1,4.31,train,<rdkit.Chem.rdchem.Mol object at 0x7fdcf48ae3b0>
CC(C)c1ccc2oc3nc(N)c(C(=O)O)cc3c(=O)c2c1,4.31,train,<rdkit.Chem.rdchem.Mol object at 0x7fdcf48ae420>
COc1ccc(-c2noc(CC(=O)O)c2-c2ccc(OC)cc2)cc1,4.31,train,<rdkit.Chem.rdchem.Mol object at 0x7fdcf48ae490>
CC(C)c1c(C(=O)Nc2ccccc2)c(-c2ccccc2)c(-c2ccc(F)cc2)n1CC[C@@H](O)C[C@@H](O)CC(=O)O,4.31,train,<rdkit.Chem.rdchem.Mol object at 0x7fdcf48ae500>
CC(Sc1nc(-c2ccc(Cl)cc2)c(-c2ccc(Cl)cc2)o1)C(=O)O,4.31,train,<rdkit.Chem.rdchem.Mol object at 0x7fdcf48ae570>
Cc1cc(-c2c3ccccc3c(Br)c3sc(C)c(C)c23)cc(C)c1O[C@H](Cc1ccccc1)C(=O)O,4.31,train,<rdkit.Chem.rdchem.Mol object at 0x7fdcf48ae5e0>
Cc1cnc(C(=O)NCCc2ccc(S(=O)(=O)NC(=O)NC3CCCCC3)cc2)cn1,4.32,test,<rdkit.Chem.rdchem.Mol object at 0x7fdcf48ae730>
CCn1nc(C)c2c(OCCC(C)C)c(C(=O)NCCc3ccc(S(=O)(=O)NC(=O)NC4CCCCC4)cc3)cnc21,4.32,test,<rdkit.Chem.rdchem.Mol object at 0x7fdcf48ae810>
O=C1C(CC2CCCO2)C(=O)N2c3ccccc3-c3ccccc3N12,4.32,test,<rdkit.Chem.rdchem.Mol object at 0x7fdcf48ae880>
COc1ccc(Cl)cc1C(=O)NCCc1ccc(S(=O)(=O)NC(=O)NC2CCCCC2)cc1,4.32,train,<rdkit.Chem.rdchem.Mol object at 0x7fdcf48ae8f0>
Nc1ccc(S(=O)(=O)NC(=O)c2ccccc2)cc1,4.32,train,<rdkit.Chem.rdchem.Mol object at 0x7fdcf48ae960>
CC(=O)CCC(=O)O,4.32,train,<rdkit.Chem.rdchem.Mol object at 0x7fdcf48aea40>
CC(O)c1ccc(S(=O)(=O)NC(=O)NC2CCCCC2)cc1,4.32,train,<rdkit.Chem.rdchem.Mol object at 0x7fdcf48aeab0>
CSc1ccc(S(=O)(=O)NC(=O)NC2CCCCC2)cc1,4.32,train,<rdkit.Chem.rdchem.Mol object at 0x7fdcf48aed50>
CCCCCCCCCCCCCCNC(=O)N[C@H](CC(=O)[O-])C[N+](C)(C)C,4.32,train,<rdkit.Chem.rdchem.Mol object at 0x7fdcf48aee30>
CCCCC(O)c1cc(C(=O)O)ccc1O,4.32,train,<rdkit.Chem.rdchem.Mol object at 0x7fdcf48aeea0>
CC(=O)O[C@@H]1CC[C@@]2(C)[C@@H](CC[C@]3(C)[C@@H]2C(=O)C=C2[C@@H]4[C@@H](C)[C@H](C)CC[C@]4(C)CC[C@]23C)[C@@]1(C)C(=O)O,4.32,train,<rdkit.Chem.rdchem.Mol object at 0x7fdcf48aef10>
Cc1ccc(S(=O)(=O)NC(=O)N[C@H]2[C@H]3CC[C@@](C)([C@H]2O)C3(C)C)cc1,4.32,train,<rdkit.Chem.rdchem.Mol object at 0x7fdcf48aef80>
CCCCNC(=O)NS(=O)(=O)c1ccc(C)cc1,4.33,train,<rdkit.Chem.rdchem.Mol object at 0x7fdcf48af060>
Cc1ccc(S(=O)(=O)NC(=O)NC2CCCCCC2)cc1,4.33,train,<rdkit.Chem.rdchem.Mol object at 0x7fdcf48af140>
Cc1ccc(S(=O)(=O)NC(=O)NC2CCCCCCC2)cc1,4.33,train,<rdkit.Chem.rdchem.Mol object at 0x7fdcf48af1b0>
Cc1ccc(S(=O)(=O)NC(=O)N[C@@H](C)Cc2ccccc2)cc1,4.33,train,<rdkit.Chem.rdchem.Mol object at 0x7fdcf48af220>
CC(C)(Sc1cc(C(C)(C)C)c(O)c(C(C)(C)C)c1)Sc1cc(C(C)(C)C)c(OC(=O)CCC(=O)O)c(C(C)(C)C)c1,4.33,train,<rdkit.Chem.rdchem.Mol object at 0x7fdcf48af290>
N#Cc1c(N2C[C@@H]3CCCN[C@@H]3C2)c(F)cc2c(=O)c(C(=O)O)cn(C3CC3)c12,4.33,train,<rdkit.Chem.rdchem.Mol object at 0x7fdcf48af370>
CCCCCN(CCCCC)C(=O)[C@@H](CCC(=O)O)NC(=O)c1ccc2ccccc2c1,4.33,train,<rdkit.Chem.rdchem.Mol object at 0x7fdcf48af3e0>
CNC(=O)NS(=O)(=O)c1ccc(CCNC(=O)c2cc(Cl)ccc2OC)cc1,4.34,train,<rdkit.Chem.rdchem.Mol object at 0x7fdcf48af5a0>
CN1C(C(=O)Nc2nccs2)=C(O)c2ccccc2S1(=O)=O,4.34,train,<rdkit.Chem.rdchem.Mol object at 0x7fdcf48af610>
CC(C)(C)NC(=O)[C@H]1CC[C@H]2[C@@H]3CC=C4C=C(C(=O)O)CC[C@]4(C)[C@H]3CC[C@]12C,4.35,test,<rdkit.Chem.rdchem.Mol object at 0x7fdcf48af680>
CCCCC[C@H](O)/C=C/[C@H]1[C@H](O)CC(=O)[C@@H]1CCCCCCC(=O)O,4.35,test,<rdkit.Chem.rdchem.Mol object at 0x7fdcf48af6f0>
C[C@H](CCC(=O)[O-])[C@H]1CC[C@H]2[C@@H]3C(=O)C[C@@H]4CC(=O)CC[C@]4(C)[C@H]3CC(=O)[C@]12C,4.35,test,<rdkit.Chem.rdchem.Mol object at 0x7fdcf48af760>
CC(C)(CO)C(O)C(=O)NCCC(=O)O,4.35,train,<rdkit.Chem.rdchem.Mol object at 0x7fdcf48af7d0>
CC(C)(CO)[C@@H](O)C(=O)NCCC(=O)O,4.35,train,<rdkit.Chem.rdchem.Mol object at 0x7fdcf48af840>
C[C@H](CCC(=O)O)[C@H]1CC[C@H]2[C@@H]3C(=O)C[C@@H]4CC(=O)CC[C@]4(C)[C@H]3CC(=O)[C@]12C,4.35,train,<rdkit.Chem.rdchem.Mol object at 0x7fdcf48af8b0>
CCCCNC(=O)NS(=O)(=O)c1ccc(N)cc1,4.35,train,<rdkit.Chem.rdchem.Mol object at 0x7fdcf48af920>
CCCCC(C(=O)O)C(=O)N(Nc1ccccc1)c1ccccc1,4.35,train,<rdkit.Chem.rdchem.Mol object at 0x7fdcf48af990>
CCCCC(C)(O)C/C=C/[C@H]1[C@H](O)CC(=O)[C@@H]1CCCCCCC(=O)O,4.35,train,<rdkit.Chem.rdchem.Mol object at 0x7fdcf48afa00>
CCCCCC(C)(O)/C=C/C1CCC(=O)[C@@H]1CCCCCCC(=O)O,4.35,train,<rdkit.Chem.rdchem.Mol object at 0x7fdcf48afa70>
CC(OC(=O)NCC1(CC(=O)O)CCCCC1)OC(=O)C(C)C,4.35,train,<rdkit.Chem.rdchem.Mol object at 0x7fdcf48afae0>
CCCCc1c(O)c(=O)n(-c2ccccc2)n(-c2ccccc2)c1=O,4.35,train,<rdkit.Chem.rdchem.Mol object at 0x7fdcf48afb50>
CCCCCCC1CCC2(NC(=O)NC2=O)C1CCCCCCC(=O)O,4.36,test,<rdkit.Chem.rdchem.Mol object at 0x7fdcf48afbc0>
O=C(O)c1ccc(OCCc2c(CCNS(=O)(=O)Cc3ccc(Cl)c(Cl)c3)n(C(c3ccccc3)c3ccccc3)c3ccc(Cl)cc23)cc1,4.36,test,<rdkit.Chem.rdchem.Mol object at 0x7fdcf48afc30>
O=C(O)CCC/C=C\C[C@@H]1[C@@H](/C=C/C2(COc3ccccc3)OCCO2)[C@H](O)C[C@@H]1O,4.36,test,<rdkit.Chem.rdchem.Mol object at 0x7fdcf48afca0>
CC(C)(C)c1ccc(OCC(O)COc2ccc(C(=O)O)cc2)cc1,4.36,train,<rdkit.Chem.rdchem.Mol object at 0x7fdcf48afd10>
O=C(O)c1ccc(OCCn2ccnc2)cc1,4.36,train,<rdkit.Chem.rdchem.Mol object at 0x7fdcf48afd80>
CC(C)(C)c1ccc(CCC(O)COc2ccc(C(=O)O)cc2)cc1,4.36,train,<rdkit.Chem.rdchem.Mol object at 0x7fdcf48afdf0>
Cn1c(CCCC(=O)O)nc2cc(N(CCCl)CCCl)ccc21,4.36,train,<rdkit.Chem.rdchem.Mol object at 0x7fdcf48afe60>
O=C(O)CCc1nc2ccccc2[nH]1,4.36,train,<rdkit.Chem.rdchem.Mol object at 0x7fdcf48afed0>
CCCCCCC1CCC(O)C1CCCCCCC(=O)O,4.36,train,<rdkit.Chem.rdchem.Mol object at 0x7fdcf48aff40>
CCCCC[C@H](O)/C=C/[C@@H]1[C@@H](C/C=C\CCCC(=O)O)[C@@H](O)C[C@H]1O,4.36,train,<rdkit.Chem.rdchem.Mol object at 0x7fdcf48b0040>
CCCCC[C@](C)(O)/C=C/[C@@H]1[C@@H](C/C=C\CCCC(=O)O)[C@@H](O)C[C@H]1O.NC(CO)(CO)CO,4.36,train,<rdkit.Chem.rdchem.Mol object at 0x7fdcf48b00b0>
CCCCC[C@](C)(O)/C=C/[C@@H]1[C@@H](C/C=C\CCCC(=O)O)[C@@H](O)C[C@H]1O,4.36,train,<rdkit.Chem.rdchem.Mol object at 0x7fdcf48b0120>
CCCCC[C@H](O)/C=C/[C@@H]1[C@@H](C/C=C\CCCC(=O)O)[C@@H](O)C[C@H]1O.NC(CO)(CO)CO,4.36,train,<rdkit.Chem.rdchem.Mol object at 0x7fdcf48b0190>
O=C(O)CCC/C=C\C[C@@H]1[C@@H](/C=C/[C@@H](O)COc2cccc(C(F)(F)F)c2)[C@H](O)C[C@@H]1O,4.36,train,<rdkit.Chem.rdchem.Mol object at 0x7fdcf48b0200>
CCC(CC)(CC(=O)Nc1cccc(/C=C/c2nc(C3CCC3)cs2)c1)C(=O)O,4.36,train,<rdkit.Chem.rdchem.Mol object at 0x7fdcf48b0270>
O=C(O)CCC/C=C\C[C@@H]1[C@@H](/C=C/C(O)COc2ccsc2)[C@H](O)C[C@@H]1O,4.36,train,<rdkit.Chem.rdchem.Mol object at 0x7fdcf48b02e0>
O=C(O)CCC/C=C\C[C@@H]1[C@@H](/C=C/C2(COc3cccc(Cl)c3)OCCO2)[C@H](O)C[C@@H]1O,4.36,train,<rdkit.Chem.rdchem.Mol object at 0x7fdcf48b0350>
O=C(O)CCC/C=C\CC1C(O)CC(O)C1/C=C/C(O)COc1cccc(Cl)c1,4.36,train,<rdkit.Chem.rdchem.Mol object at 0x7fdcf48b03c0>
O=C1O[C@H]([C@@H](O)CO)C(O)=C1O,4.36,train,<rdkit.Chem.rdchem.Mol object at 0x7fdcf48b04a0>
Cc1nc2c(c(C)c(C)n2Cc2cnn(C)c2)c(-c2ccc(Cl)cc2)c1[C@H](OC(C)(C)C)C(=O)O,4.36,train,<rdkit.Chem.rdchem.Mol object at 0x7fdcf48b0510>
Cc1ccc2c(c1CCC(=O)O)CC[C@@H](NS(=O)(=O)c1ccc(Cl)cc1)C2,4.37,test,<rdkit.Chem.rdchem.Mol object at 0x7fdcf48b0580>
CCn1cc(C(=O)O)c(=O)c2ccc(C)nc21,4.37,train,<rdkit.Chem.rdchem.Mol object at 0x7fdcf48b05f0>
CC(C)(CO)[C@@H](O)C(=O)NCCCC(=O)O,4.37,train,<rdkit.Chem.rdchem.Mol object at 0x7fdcf48b0660>
CCn1cc(C(=O)[O-])c(=O)c2ccc(C)nc21,4.37,train,<rdkit.Chem.rdchem.Mol object at 0x7fdcf48b06d0>
CC(C)(CCCCOCCCCC(C)(C)C(=O)O)C(=O)O,4.38,test,<rdkit.Chem.rdchem.Mol object at 0x7fdcf48b0740>
CC(C(=O)O)c1ccc(-c2cccc(F)c2)cc1,4.38,train,<rdkit.Chem.rdchem.Mol object at 0x7fdcf48b0820>
CC(C)C1=CN(CCC(=O)O)C(=O)N[C@@]1(C)c1ccc(CCC(C)(C)C)c(Cl)c1,4.38,train,<rdkit.Chem.rdchem.Mol object at 0x7fdcf48b0890>
CC(C)(CCCCOCCCCC(C)(C)C(=O)[O-])C(=O)[O-],4.38,train,<rdkit.Chem.rdchem.Mol object at 0x7fdcf48b0900>
O=C1c2ccccc2C(=O)C1C(=O)C(c1ccccc1)c1ccccc1,4.39,train,<rdkit.Chem.rdchem.Mol object at 0x7fdcf48b0970>
O=C(O)CCn1c2c(c3ccccc31)C[C@H](NS(=O)(=O)c1ccc(F)cc1)CC2,4.39,train,<rdkit.Chem.rdchem.Mol object at 0x7fdcf48b09e0>
CC(C)[C@@H](C)[C@@]1(C)CC[C@]2(C)[C@H]3CC[C@@H]4[C@@]5(COC[C@@]4(C)[C@@H](OC[C@](C)(N)C(C)(C)C)[C@H](n4ncnc4-c4ccncc4)C5)C3=CC[C@@]2(C)[C@@H]1C(=O)O,4.39,train,<rdkit.Chem.rdchem.Mol object at 0x7fdcf48b0a50>
CC(C)(O)c1ccccc1CC[C@@H](SCC1(CC(=O)O)CC1)c1cccc(/C=C/c2ccc3ccc(Cl)cc3n2)c1,4.4,test,<rdkit.Chem.rdchem.Mol object at 0x7fdcf48b0ac0>
NC(=O)NS(=O)(=O)c1ccc(N)cc1,4.4,train,<rdkit.Chem.rdchem.Mol object at 0x7fdcf48b0ba0>
O=C(O)CCCC[C@@H]1SC[C@@H]2NC(=O)N[C@@H]21,4.4,train,<rdkit.Chem.rdchem.Mol object at 0x7fdcf48b0c10>
CCOCC(C)(C)C(O)/C=C/C1C=CC(=O)C1C/C=C\CCCC(=O)O,4.4,train,<rdkit.Chem.rdchem.Mol object at 0x7fdcf48b0cf0>
CC(C)(O)c1ccccc1CC[C@@H](SCC1(CC(=O)[O-])CC1)c1cccc(/C=C/c2ccc3ccc(Cl)cc3n2)c1,4.4,train,<rdkit.Chem.rdchem.Mol object at 0x7fdcf48b0d60>
CC(C(=O)O)c1ccc(C2CCCC(=NO)C2)cc1,4.41,test,<rdkit.Chem.rdchem.Mol object at 0x7fdcf48b0dd0>
CC(/C=C/C=C(\C)C(=O)O)=C\C=C\C=C(C)\C=C\C=C(/C)C(=O)O,4.41,test,<rdkit.Chem.rdchem.Mol object at 0x7fdcf48b0e40>
CC(O)CC(=O)O,4.41,train,<rdkit.Chem.rdchem.Mol object at 0x7fdcf48b0eb0>
O=C(O)CCCCCCNC1c2ccccc2CCc2ccccc21,4.41,train,<rdkit.Chem.rdchem.Mol object at 0x7fdcf48b0f90>
CC(/C=C/C=C(\C)C(=O)[O-])=C\C=C\C=C(C)\C=C\C=C(/C)C(=O)[O-],4.41,train,<rdkit.Chem.rdchem.Mol object at 0x7fdcf48b1000>
CC(C(=O)O)c1ccc2c(c1)[nH]c1ccc(Cl)cc12,4.42,train,<rdkit.Chem.rdchem.Mol object at 0x7fdcf48b10e0>
CC(C(=O)O)c1ccc(-c2ccccc2)c(F)c1,4.42,train,<rdkit.Chem.rdchem.Mol object at 0x7fdcf48b1150>
Cc1ccc(C)c(OCCCC(C)(C)C(=O)O)c1,4.42,train,<rdkit.Chem.rdchem.Mol object at 0x7fdcf48b11c0>
O=C(O)CC(O)c1ccc(-c2ccc(Cl)cc2)o1,4.42,train,<rdkit.Chem.rdchem.Mol object at 0x7fdcf48b1230>
C[C@H](C(=O)O)c1ccc(-c2ccccc2)c(F)c1,4.42,train,<rdkit.Chem.rdchem.Mol object at 0x7fdcf48b12a0>
C[C@@H](C(=O)O)c1ccc(-c2ccccc2)c(F)c1,4.42,train,<rdkit.Chem.rdchem.Mol object at 0x7fdcf48b1310>
CC(C(=O)[O-])c1ccc(-c2ccccc2)c(F)c1,4.42,train,<rdkit.Chem.rdchem.Mol object at 0x7fdcf48b1380>
CCc1cc(CC[C@]2(C3CCCC3)CC(O)=C(Cc3nc4nc(C)cc(C)n4n3)C(=O)O2)cc(CC)n1,4.42,train,<rdkit.Chem.rdchem.Mol object at 0x7fdcf48b13f0>
CCCCC[C@H](O)/C=C/[C@@H]1[C@H]2C/C(=C/CCCC(=O)O)O[C@H]2C[C@H]1O,4.43,train,<rdkit.Chem.rdchem.Mol object at 0x7fdcf48b1620>
CCCCC[C@H](O)/C=C/[C@@H]1[C@H]2C/C(=C/CCCC(=O)[O-])O[C@H]2C[C@H]1O,4.43,train,<rdkit.Chem.rdchem.Mol object at 0x7fdcf48b1690>
O=C(O)CCCO,4.44,test,<rdkit.Chem.rdchem.Mol object at 0x7fdcf48b1700>
NCC(CC(=O)O)c1ccccc1,4.44,test,<rdkit.Chem.rdchem.Mol object at 0x7fdcf48b1770>
CC(=O)O[C@H]1CC[C@]2(C)[C@H]3C(=O)C=C4[C@@H]5C[C@@](C)(C(=O)O)CC[C@]5(C)CC[C@@]4(C)[C@]3(C)CC[C@H]2C1(C)C,4.44,train,<rdkit.Chem.rdchem.Mol object at 0x7fdcf48b1850>
O=C([O-])CCCO,4.44,train,<rdkit.Chem.rdchem.Mol object at 0x7fdcf48b18c0>
CC(C)(CCCCCC(O)CCCCCC(C)(C)C(=O)O)C(=O)O,4.44,train,<rdkit.Chem.rdchem.Mol object at 0x7fdcf48b1930>
O=C(O)Cc1cscc1Nc1c(Cl)cccc1Cl,4.45,test,<rdkit.Chem.rdchem.Mol object at 0x7fdcf48b19a0>
Cc1cc(CC(=O)O)c(C)n1-c1ccc(Cl)cc1,4.45,train,<rdkit.Chem.rdchem.Mol object at 0x7fdcf48b1a10>
CC[C@@H](C(=O)[C@@H](C)[C@@H](O)[C@H](C)[C@@H]1O[C@@H]([C@@H](CC)C(=O)O)CC[C@@H]1C)[C@H]1O[C@]2(C=C[C@@H](O)[C@]3(CC[C@@](C)([C@H]4CC[C@](O)(CC)[C@H](C)O4)O3)O2)[C@H](C)C[C@@H]1C,4.45,train,<rdkit.Chem.rdchem.Mol object at 0x7fdcf48b1a80>
CCCCCCCCCCCCCCCC(=O)OC[C@H](O)[C@H]1OC(=O)C(O)=C1O,4.45,train,<rdkit.Chem.rdchem.Mol object at 0x7fdcf48b1b60>
CCCCC/C=C\C/C=C\C/C=C\CCCCC(=O)OC[C@H](O)[C@H]1OC(=O)C(O)=C1O,4.45,train,<rdkit.Chem.rdchem.Mol object at 0x7fdcf48b1bd0>
O=C(O)CCCc1ccc(N(CCCl)CCCl)cc1,4.46,test,<rdkit.Chem.rdchem.Mol object at 0x7fdcf48b1c40>
O=C1c2ccccc2C(=O)C1c1ccc(Cl)cc1,4.46,test,<rdkit.Chem.rdchem.Mol object at 0x7fdcf48b1cb0>
CC(=O)O[C@H]1C[C@@]2(C)[C@@H](C[C@@H](O)[C@H]3[C@@]4(C)CC[C@@H](O)[C@@H](C)[C@@H]4CC[C@@]32C)/C1=C(\CCC=C(C)C)C(=O)O,4.46,train,<rdkit.Chem.rdchem.Mol object at 0x7fdcf48b1d90>
CCC[C@@H]1CC2=CC(=O)CC[C@]2(C)[C@H]2CC[C@@]3(C)[C@@H](CC[C@@]3(O)CCC(=O)O)[C@H]12,4.46,train,<rdkit.Chem.rdchem.Mol object at 0x7fdcf48b1e00>
O=C(O)[C@@H]1CCCC[C@@]1(O)c1ccccc1,4.46,train,<rdkit.Chem.rdchem.Mol object at 0x7fdcf48b1e70>
Cc1cnc(NC(=O)C2=C(O)c3ccccc3S(=O)(=O)N2C)s1,4.47,test,<rdkit.Chem.rdchem.Mol object at 0x7fdcf48b1ee0>
O=C1c2ccccc2C(=O)C1c1ccc(C(F)(F)F)cc1,4.47,train,<rdkit.Chem.rdchem.Mol object at 0x7fdcf48b1f50>
O=C(O)CCCCCCCOc1nc(-c2ccccc2)c(-c2ccccc2)n1-c1ccccc1,4.47,train,<rdkit.Chem.rdchem.Mol object at 0x7fdcf48b1fc0>
C=C1C[C@@H](O)[C@H](/C=C/[C@@H](O)C(C)(C)CCCC)[C@H]1C/C=C\CCCC(=O)O,4.47,train,<rdkit.Chem.rdchem.Mol object at 0x7fdcf48b2030>
O=C(O)CCCCC(CCSCc1ccccc1)SCc1ccccc1,4.47,train,<rdkit.Chem.rdchem.Mol object at 0x7fdcf48b20a0>
C[C@]12CCC(=O)C=C1C=C[C@@H]1[C@@H]2CC[C@@]2(C)[C@H]1CC[C@@]2(O)CCC(=O)O,4.48,train,<rdkit.Chem.rdchem.Mol object at 0x7fdcf48b2180>
CCCCCCCCCCCCCCCCCCCC(=O)N[C@H]1CC[C@@]2(C)[C@@H](C1)C[C@@H](O)[C@@H]1[C@@H]2C[C@H](O)[C@]2(C)[C@@H]([C@H](C)CCC(=O)O)CC[C@@H]12,4.48,train,<rdkit.Chem.rdchem.Mol object at 0x7fdcf48b21f0>
C[C@]12CCC(=O)C=C1C=C[C@@H]1[C@@H]2CC[C@@]2(C)[C@H]1CC[C@@]2(O)CCC(=O)[O-],4.48,train,<rdkit.Chem.rdchem.Mol object at 0x7fdcf48b2260>
O=[N+]([O-])c1ccc(O)c([N+](=O)[O-])c1,4.5,train,<rdkit.Chem.rdchem.Mol object at 0x7fdcf48b22d0>
CC[C@@H](C(=O)O)[C@@H]1O[C@@H]([C@@H](C)[C@H](O)[C@H](C)C(=O)[C@H](CC)[C@H]2O[C@]3(C=C[C@@H](O)[C@]4(CC[C@@](C)([C@H]5CC[C@](O)(CC)[C@H](C)O5)O4)O3)[C@H](C)C[C@@H]2C)[C@@H](C)C[C@@H]1C,4.5,train,<rdkit.Chem.rdchem.Mol object at 0x7fdcf48b2340>
CCCCC[C@H](O)/C=C/[C@@H]1c2cc(CCCCC(=O)O)n(-c3ccccc3)c2C[C@H]1O,4.51,test,<rdkit.Chem.rdchem.Mol object at 0x7fdcf48b23b0>
O=C1O[C@H]([C@@H]2COC(c3ccccc3)O2)C(O)=C1O,4.51,test,<rdkit.Chem.rdchem.Mol object at 0x7fdcf48b2420>
CC(C(=O)O)c1ccc(C2=CCCCC2)cc1,4.51,train,<rdkit.Chem.rdchem.Mol object at 0x7fdcf48b2490>
O=C(O)c1ccc(-n2nc(-c3ccccc3O)nc2-c2ccccc2O)cc1,4.51,train,<rdkit.Chem.rdchem.Mol object at 0x7fdcf48b2500>
[2H]C1(c2ccccc2)OC[C@@H]([C@H]2OC(=O)C(O)=C2O)O1,4.51,train,<rdkit.Chem.rdchem.Mol object at 0x7fdcf48b25e0>
O=C(O)CCCCC1CCSS1,4.52,train,<rdkit.Chem.rdchem.Mol object at 0x7fdcf48b2650>
C[C@H](CCC(=O)O)[C@H]1CC[C@@H]2[C@]1(C)[C@@H](O)C[C@@H]1[C@@]3(C)CC[C@@H](O)C[C@H]3C[C@@H](O)[C@@]21C,4.52,train,<rdkit.Chem.rdchem.Mol object at 0x7fdcf48b26c0>
Cc1c(C(C)OC(=O)CCC(=O)O)oc2cc(C3=CC(=O)OC3)ccc12,4.52,train,<rdkit.Chem.rdchem.Mol object at 0x7fdcf48b2730>
NCCCC(=O)O,4.53,train,<rdkit.Chem.rdchem.Mol object at 0x7fdcf48b27a0>
C[C@H](CC(=O)O)[C@H]1CC[C@H]2[C@@H]3[C@@H](O)C[C@@H]4C[C@H](O)CC[C@]4(C)[C@H]3CC[C@]12C,4.53,train,<rdkit.Chem.rdchem.Mol object at 0x7fdcf48b2880>
CCC[C@@H](C)C[C@H](N)CC(=O)O,4.53,train,<rdkit.Chem.rdchem.Mol object at 0x7fdcf48b28f0>
Cc1noc(-c2ccc(-c3ccc(C4(C(=O)O)CC4)cc3)cc2)c1NC(=O)O[C@H](C)c1ccccc1,4.53,train,<rdkit.Chem.rdchem.Mol object at 0x7fdcf48b2960>
CC(C)n1c(/C=C/[C@H](O)C[C@H](O)CC(=O)O)c(-c2ccc(F)cc2)c2ccccc21,4.54,train,<rdkit.Chem.rdchem.Mol object at 0x7fdcf48b29d0>
CC(C)n1c(/C=C/C(O)CC(O)CC(=O)[O-])c(-c2ccc(F)cc2)c2ccccc21,4.54,train,<rdkit.Chem.rdchem.Mol object at 0x7fdcf48b2a40>
CC(=C/C=C/C(C)=C/C(=O)O)/C=C1\CCCc2ccccc21,4.54,train,<rdkit.Chem.rdchem.Mol object at 0x7fdcf48b2ab0>
CCC1=C[C@@H]2[C@H](C1)C[C@]2(CN)CC(=O)O,4.54,train,<rdkit.Chem.rdchem.Mol object at 0x7fdcf48b2b20>
CCC1=C[C@@H]2[C@H](C1)C[C@]2(CN)CC(=O)O.O=S(=O)(O)c1ccccc1,4.54,train,<rdkit.Chem.rdchem.Mol object at 0x7fdcf48b2b90>
COc1ccc(C2C(=O)c3ccccc3C2=O)cc1,4.55,train,<rdkit.Chem.rdchem.Mol object at 0x7fdcf48b2c00>
O=C(O)CCC[C@H]1CC[C@@H]2[C@@H](/C=C/[C@@H](O)COc3cc(F)ccc3F)[C@H](O)C[C@@H]2OC1,4.55,train,<rdkit.Chem.rdchem.Mol object at 0x7fdcf48b2ce0>
CCCc1nc(C)n2[nH]c(=O)nc2c1Cc1ccc(-c2ccccc2-c2nnn[nH]2)cc1,4.56,train,<rdkit.Chem.rdchem.Mol object at 0x7fdcf48b2d50>
CCC1(CC(=O)O)OCC(Cc2ccccc2)c2c1[nH]c1ccccc21,4.57,test,<rdkit.Chem.rdchem.Mol object at 0x7fdcf48b2dc0>
O=C1c2ccccc2C(=O)C1c1ccc(Br)cc1,4.57,train,<rdkit.Chem.rdchem.Mol object at 0x7fdcf48b2ea0>
C[C@H]1[C@H](C)CC[C@]2(C)CC[C@]3(C)C(=CC[C@@H]4[C@@]5(C)CC[C@@H](O)[C@](C)(C(=O)O)[C@@H]5CC[C@]43C)[C@H]12,4.57,train,<rdkit.Chem.rdchem.Mol object at 0x7fdcf48b2f10>
CC(C)(C)c1cc(C(C(=O)O)c2cc(C(C)(C)C)c(O)c(C(C)(C)C)c2)cc(C(C)(C)C)c1O,4.57,train,<rdkit.Chem.rdchem.Mol object at 0x7fdcf48b2ff0>
CC[C@@]1(CC(=O)O)OC[C@H](Cc2ccccc2)c2c1[nH]c1ccccc21,4.57,train,<rdkit.Chem.rdchem.Mol object at 0x7fdcf48b3060>
CCCCCCCCCCCCCCSCC(=O)O,4.58,train,<rdkit.Chem.rdchem.Mol object at 0x7fdcf48b30d0>
CCC(=O)N1CCN(C(=O)OC2C3=C(SCCS3)C(=O)N2c2ccc3ccc(Cl)nc3n2)CC1,4.59,train,<rdkit.Chem.rdchem.Mol object at 0x7fdcf48b31b0>
O=C(O)c1ccc(Nc2ncc3c(n2)-c2ccc(Cl)cc2C(c2c(F)cccc2F)=NC3)cc1,4.59,train,<rdkit.Chem.rdchem.Mol object at 0x7fdcf48b3290>
C[C@H](CCC(=O)O)[C@H]1CC[C@H]2[C@@H]3[C@H](O)C[C@@H]4C[C@H](O)CC[C@]4(C)[C@H]3CC[C@]12C,4.6,test,<rdkit.Chem.rdchem.Mol object at 0x7fdcf48b3300>
C[C@H](CCC(=O)O)[C@H]1CC[C@H]2[C@@H]3[C@@H](O)C[C@@H]4C[C@H](O)CC[C@]4(C)[C@H]3CC[C@]12C,4.6,train,<rdkit.Chem.rdchem.Mol object at 0x7fdcf48b3370>
CC1(C)CC[C@]2(C(=O)O)CC[C@]3(C)[C@H](C(=O)C=C4[C@@]5(C)C=C(C#N)C(=O)C(C)(C)[C@@H]5CC[C@]43C)[C@@H]2C1,4.6,train,<rdkit.Chem.rdchem.Mol object at 0x7fdcf48b33e0>
CC[C@H]1[C@@H](O)[C@@H]2[C@H](CC[C@]3(C)[C@@H]([C@H](C)CCC(=O)O)CC[C@@H]23)[C@@]2(C)CC[C@@H](O)C[C@@H]12,4.6,train,<rdkit.Chem.rdchem.Mol object at 0x7fdcf48b3450>
CC(/C=C/[C@@H]1C[C@]1(C)c1ccc2c(c1)C(C)(C)CCC2(C)C)=C\C(=O)O,4.6,train,<rdkit.Chem.rdchem.Mol object at 0x7fdcf48b34c0>
COC[C@H](C)NC(=O)c1nc(N2CC[C@@H](NC(=O)c3[nH]c(C)c(Cl)c3Cl)[C@@H](OC)C2)sc1C(=O)O,4.6,train,<rdkit.Chem.rdchem.Mol object at 0x7fdcf48b3530>
C=CC(N)CCC(=O)O,4.61,train,<rdkit.Chem.rdchem.Mol object at 0x7fdcf48b35a0>
O=C(O)CCC(=O)c1ccc2c(c1)-c1cccc3cccc-2c13,4.61,train,<rdkit.Chem.rdchem.Mol object at 0x7fdcf48b3610>
O=C1c2ccc(Br)cc2C(=O)C1c1ccccc1,4.61,train,<rdkit.Chem.rdchem.Mol object at 0x7fdcf48b3680>
O=C(O)[C@H](CC(=O)N1C[C@H]2CCCC[C@H]2C1)Cc1ccccc1,4.62,train,<rdkit.Chem.rdchem.Mol object at 0x7fdcf48b36f0>
O=C(O)CCC/C=C\C[C@@H]1[C@@H](/C=C/[C@@H](O)COc2ccccc2)[C@H](O)C[C@H]1F,4.62,train,<rdkit.Chem.rdchem.Mol object at 0x7fdcf48b3760>
CC(C)Oc1ncc(-c2nc(-c3cccc4c3ccn4CCCC(=O)O)no2)cc1Cl,4.62,train,<rdkit.Chem.rdchem.Mol object at 0x7fdcf48b37d0>
c1ccc(N2CCN(CCc3nnn[nH]3)CC2)cc1,4.63,train,<rdkit.Chem.rdchem.Mol object at 0x7fdcf48b38b0>
CCCCNc1cc(C(=O)O)cc(S(N)(=O)=O)c1Cc1ccccc1,4.63,train,<rdkit.Chem.rdchem.Mol object at 0x7fdcf48b3920>
CC(C(=O)O)c1ccc(C2CCCCC2)cc1,4.63,train,<rdkit.Chem.rdchem.Mol object at 0x7fdcf48b3990>
CO[C@@H]1[C@H](OC(=O)/C=C/C=C/C=C/C=C/C(=O)O)CC[C@]2(CO2)[C@H]1[C@@]1(C)O[C@@H]1CC=C(C)C,4.64,train,<rdkit.Chem.rdchem.Mol object at 0x7fdcf48b3a00>
NCCCCC(=O)O,4.65,train,<rdkit.Chem.rdchem.Mol object at 0x7fdcf48b3a70>
C[C@H](CCC(=O)O)[C@H]1CC[C@H]2[C@@H]3CC[C@@H]4C[C@H](O)CC[C@]4(C)[C@H]3C[C@H](O)[C@]12C,4.65,train,<rdkit.Chem.rdchem.Mol object at 0x7fdcf48b3ae0>
CCCCCNC(=O)c1coc([C@H]2[C@@H](Cc3ccccc3CCC(=O)O)[C@@H]3CC[C@H]2O3)n1,4.65,train,<rdkit.Chem.rdchem.Mol object at 0x7fdcf48b3b50>
CC[C@@H](O)/C=C/C=C\C[C@@H](O)/C=C/C=C/C=C\[C@@H](O)CCCC(=O)O,4.65,train,<rdkit.Chem.rdchem.Mol object at 0x7fdcf48b3c30>
CCCCCNC(=O)c1coc([C@H]2[C@@H](Cc3ccccc3CCC(=O)[O-])[C@@H]3CC[C@H]2O3)n1,4.65,train,<rdkit.Chem.rdchem.Mol object at 0x7fdcf48b3ca0>
CCCCCc1cccc(CC(=O)O)c1,4.66,test,<rdkit.Chem.rdchem.Mol object at 0x7fdcf48b3d10>
CCOc1ccc(-c2ccc(Cn3c(CC(C)(C)C(=O)O)c(SC(C)(C)C)c4cc(OCc5ccc(C)cn5)ccc43)cc2)cn1,4.66,test,<rdkit.Chem.rdchem.Mol object at 0x7fdcf48b3d80>
CC(C(=O)O)c1ccc2oc(-c3ccc(Cl)cc3)nc2c1,4.66,train,<rdkit.Chem.rdchem.Mol object at 0x7fdcf48b3df0>
CCC(C(=O)O)C1(O)CCC(c2ccccc2)CC1,4.66,train,<rdkit.Chem.rdchem.Mol object at 0x7fdcf48b3e60>
CC#CCC(C)[C@H](O)/C=C/[C@@H]1[C@H]2C/C(=C/CCCC(=O)O)C[C@H]2C[C@H]1O,4.66,train,<rdkit.Chem.rdchem.Mol object at 0x7fdcf48b3ed0>
O=C(O)CCC/C=C1\C[C@H]2C[C@@H](O)[C@H](/C=C/[C@@H](O)C3CCCC3)[C@H]2C1,4.66,train,<rdkit.Chem.rdchem.Mol object at 0x7fdcf48b3f40>
CCOc1ccc(-c2ccc(Cn3c(CC(C)(C)C(=O)[O-])c(SC(C)(C)C)c4cc(OCc5ccc(C)cn5)ccc43)cc2)cn1,4.66,train,<rdkit.Chem.rdchem.Mol object at 0x7fdcf48b4040>
O=C(O)CCC/C=C\CC[C@H]1[C@@H](O)CO[C@@H]1/C=C/[C@@H](O)COc1cccc(Cl)c1,4.66,train,<rdkit.Chem.rdchem.Mol object at 0x7fdcf48b40b0>
Cc1cc(C(N)=O)ccc1-n1c(CCC(=O)O)ccc1-c1ccc(-n2ccnc2)cc1,4.67,test,<rdkit.Chem.rdchem.Mol object at 0x7fdcf48b4120>
CCCC1(CC(=O)O)OCCc2c1[nH]c1ccccc21,4.67,train,<rdkit.Chem.rdchem.Mol object at 0x7fdcf48b4190>
O=C(O)CCC1(Cc2ccccc2)CCCCC1=O,4.67,train,<rdkit.Chem.rdchem.Mol object at 0x7fdcf48b4200>
Cc1cc([C@@H](C)Nc2ccccc2C(=O)O)c2nc(N3CCOCC3)cc(=O)n2c1,4.67,train,<rdkit.Chem.rdchem.Mol object at 0x7fdcf48b4270>
CC(=O)NCCCCCC(=O)O,4.68,test,<rdkit.Chem.rdchem.Mol object at 0x7fdcf48b42e0>
NS(=O)(=O)c1cc(C(=O)O)cc(N2CCCC2)c1Oc1ccccc1,4.68,test,<rdkit.Chem.rdchem.Mol object at 0x7fdcf48b4350>
CC(C(=O)O)c1ccc2c(c1)Cc1ccccc1-2,4.68,test,<rdkit.Chem.rdchem.Mol object at 0x7fdcf48b43c0>
CCOC(Nc1ccc(C(=O)O)cc1)C(=O)c1ccc(-c2ccccc2)cc1,4.68,train,<rdkit.Chem.rdchem.Mol object at 0x7fdcf48b4430>
C[C@H]1CC(CN)(CC(=O)O)C[C@@H]1C,4.68,train,<rdkit.Chem.rdchem.Mol object at 0x7fdcf48b44a0>
CCCc1nc2c(n1Cc1ccc(-c3ccccc3-c3nnn[nH]3)cc1)C(=O)CCCC2,4.68,train,<rdkit.Chem.rdchem.Mol object at 0x7fdcf48b4510>
CC(C(=O)O)c1ccc([C@H]2CCCC[C@@H]2C)cc1,4.68,train,<rdkit.Chem.rdchem.Mol object at 0x7fdcf48b4580>
CCCCNc1cc(C(=O)O)cc(S(N)(=O)=O)c1Oc1ccccc1,4.69,test,<rdkit.Chem.rdchem.Mol object at 0x7fdcf48b45f0>
O=C(O)c1ccc(NC2OC[C@@H](O)[C@H](O)[C@H]2O)cc1,4.69,test,<rdkit.Chem.rdchem.Mol object at 0x7fdcf48b4660>
C[C@H](CCC(=O)O)[C@H]1CC[C@H]2[C@]3(C)CC[C@@H]4C[C@H](O)CC[C@]4(C)[C@H]3C[C@H](O)[C@]12C,4.69,train,<rdkit.Chem.rdchem.Mol object at 0x7fdcf48b4740>
C[C@H](CCC(=O)[O-])[C@H]1CC[C@H]2[C@]3(C)CC[C@@H]4C[C@H](O)CC[C@]4(C)[C@H]3C[C@H](O)[C@]12C,4.69,train,<rdkit.Chem.rdchem.Mol object at 0x7fdcf48b47b0>
O=C(O)Cc1c(-c2ccccc2)c(-c2ccccc2)nn1-c1ccccc1,4.7,train,<rdkit.Chem.rdchem.Mol object at 0x7fdcf48b4820>
CCC(C(=O)O)C1(O)CCCCC1,4.71,test,<rdkit.Chem.rdchem.Mol object at 0x7fdcf48b4890>
O=C(O)Cc1ccc(-c2ccccc2)cc1,4.71,train,<rdkit.Chem.rdchem.Mol object at 0x7fdcf48b4900>
O=C(O)CCC(=O)c1ccc2oc3ccccc3c2c1,4.72,train,<rdkit.Chem.rdchem.Mol object at 0x7fdcf48b49e0>
N#CCNC(=O)CNc1ccc(C(=O)O)cc1,4.72,train,<rdkit.Chem.rdchem.Mol object at 0x7fdcf48b4a50>
O=C([O-])CC1(CO)CCCCC1,4.72,train,<rdkit.Chem.rdchem.Mol object at 0x7fdcf48b4b30>
NCCCCCC(=O)O,4.73,train,<rdkit.Chem.rdchem.Mol object at 0x7fdcf48b4ba0>
CCc1cccc2c3c([nH]c12)C(CC)(CC(=O)O)OCC3,4.73,train,<rdkit.Chem.rdchem.Mol object at 0x7fdcf48b4c10>
CCCCC1C(=O)N(c2ccccc2)N(c2ccc(O)cc2)C1=O,4.73,train,<rdkit.Chem.rdchem.Mol object at 0x7fdcf48b4c80>
CCc1cccc2c3c([nH]c12)[C@@](CC)(CC(=O)O)OCC3,4.73,train,<rdkit.Chem.rdchem.Mol object at 0x7fdcf48b4cf0>
COc1cccc2c1c(O)c(C(=O)N(C)c1ccc(C(F)(F)F)cc1)c(=O)n2C,4.73,train,<rdkit.Chem.rdchem.Mol object at 0x7fdcf48b4d60>
Cc1c(CC(=O)O)sc2ccc(Cl)cc12,4.74,train,<rdkit.Chem.rdchem.Mol object at 0x7fdcf48b4dd0>
CC(C(=O)O)c1ccc(C2CCCCC2)c2ccccc12,4.74,train,<rdkit.Chem.rdchem.Mol object at 0x7fdcf48b4e40>
CCCCCCCCN1CCc2c(C)c(CC(=O)O)c(C)c(NC(=O)C(C)(C)C)c21,4.74,train,<rdkit.Chem.rdchem.Mol object at 0x7fdcf48b4eb0>
C[C@H]1[C@H](C)CC[C@]2(C(=O)O)CC[C@@]3(C)C(=CC[C@@H]4[C@@]5(C)CC[C@H](O)C(C)(C)[C@@H]5CC[C@]43C)[C@H]12,4.74,train,<rdkit.Chem.rdchem.Mol object at 0x7fdcf48b4f20>
CCC(C(=O)O)c1ccc(-c2ccccc2)cc1,4.75,train,<rdkit.Chem.rdchem.Mol object at 0x7fdcf48b4f90>
CC(C)(C)C(=O)NCCCC(=O)O,4.75,train,<rdkit.Chem.rdchem.Mol object at 0x7fdcf48b50e0>
CCCCCCCCC([18F])CCCC[C@@H]1C[C@H]1CC(=O)O,4.75,train,<rdkit.Chem.rdchem.Mol object at 0x7fdcf48b5150>
CC1=C(/C=C/C(C)=C/C=C/C(C)=C/C(=O)O)C(C)(C)CCC1,4.76,test,<rdkit.Chem.rdchem.Mol object at 0x7fdcf48b51c0>
CC1=C(/C=C/C(C)=C/C=C/C(C)=C\C(=O)O)C(C)(C)CCC1,4.76,test,<rdkit.Chem.rdchem.Mol object at 0x7fdcf48b5230>
CC(O)(CC(=O)O)C1CCCCC1,4.76,train,<rdkit.Chem.rdchem.Mol object at 0x7fdcf48b52a0>
CC1=C(/C=C/C(C)=C\C=C\C(C)=C\C(=O)O)C(C)(C)CCC1,4.76,train,<rdkit.Chem.rdchem.Mol object at 0x7fdcf48b5310>
CN1C(C(=O)Nc2ccccn2)=C(O)c2ccccc2S1(=O)=O,4.76,train,<rdkit.Chem.rdchem.Mol object at 0x7fdcf48b5380>
CN1C(C(=O)Nc2ccccn2)=C(O)c2ccccc2S1(=O)=O.NCCO,4.76,train,<rdkit.Chem.rdchem.Mol object at 0x7fdcf48b53f0>
Nc1ccc(C(=O)O)cc1,4.77,train,<rdkit.Chem.rdchem.Mol object at 0x7fdcf48b5460>
Nc1ccc(C(=O)[O-])cc1,4.77,train,<rdkit.Chem.rdchem.Mol object at 0x7fdcf48b54d0>
COc1cc(C)c(/C=C/C(C)=C/C=C/C(C)=C/C(=O)O)c(C)c1C,4.77,train,<rdkit.Chem.rdchem.Mol object at 0x7fdcf48b55b0>
CC=CCC(C(=O)O)c1ccc(-c2ccccc2)cc1,4.78,train,<rdkit.Chem.rdchem.Mol object at 0x7fdcf48b5620>
C/C=C/C=C/C(=O)O,4.78,train,<rdkit.Chem.rdchem.Mol object at 0x7fdcf48b5690>
Nc1cc(N)c(/N=N/c2ccc(S(N)(=O)=O)cc2)c(C(=O)O)c1,4.79,train,<rdkit.Chem.rdchem.Mol object at 0x7fdcf48b5770>
CC(C)CCCC(C)CCCC(C)(O)CC(=O)O,4.79,train,<rdkit.Chem.rdchem.Mol object at 0x7fdcf48b57e0>
C[C@H](CCC(=O)O)[C@H]1CC[C@H]2[C@@H]3C[C@H](O)[C@@H]4C[C@H](O)CC[C@]4(C)[C@H]3CC[C@]12C,4.79,train,<rdkit.Chem.rdchem.Mol object at 0x7fdcf48b58c0>
CCC1C(c2ccccc2)=CCC(C(=O)O)C1C,4.8,train,<rdkit.Chem.rdchem.Mol object at 0x7fdcf48b59a0>
CC(C(=O)O)c1ccc2c(c1)CC(C(C)C)C2,4.8,train,<rdkit.Chem.rdchem.Mol object at 0x7fdcf48b5a10>
CC1(C)Cc2c(-c3ccccc3)c(-c3ccc(Cl)cc3)c(CC(=O)O)n2C1,4.8,train,<rdkit.Chem.rdchem.Mol object at 0x7fdcf48b5a80>
CC(C)C[C@H](CN)CC(=O)O,4.8,train,<rdkit.Chem.rdchem.Mol object at 0x7fdcf48b5af0>
O=C([O-])CCCc1ccccc1,4.81,test,<rdkit.Chem.rdchem.Mol object at 0x7fdcf48b5bd0>
O=C(O)CCCc1ccccc1,4.81,train,<rdkit.Chem.rdchem.Mol object at 0x7fdcf48b5c40>
CC(C)=CCC/C(C)=C/CC/C(C)=C/C=C/C(C)=C/C(=O)O,4.81,train,<rdkit.Chem.rdchem.Mol object at 0x7fdcf48b5d20>
O=C(Nc1ccc(Cl)c(Cl)c1)C1=C(O)c2cc(Cl)ccc2S(=O)(=O)CC1,4.81,train,<rdkit.Chem.rdchem.Mol object at 0x7fdcf48b5d90>
CC/C=C\C/C=C\C/C=C\C/C=C\C/C=C\CCCC(=O)O,4.82,test,<rdkit.Chem.rdchem.Mol object at 0x7fdcf48b5e00>
CCCCC/C=C\C/C=C\C/C=C\C/C=C\CCCC(=O)O,4.82,train,<rdkit.Chem.rdchem.Mol object at 0x7fdcf48b5fc0>
CCCCCCCCCCCCCCCCNc1ccc(C(=O)[O-])cc1,4.82,train,<rdkit.Chem.rdchem.Mol object at 0x7fdcf48b60a0>
CCOC(=O)C(c1c(O)c2ccccc2oc1=O)c1c(O)c2ccccc2oc1=O,4.82,train,<rdkit.Chem.rdchem.Mol object at 0x7fdcf48b6110>
C/C(=C\C(=O)OCCCCCCCCC(=O)O)C[C@@H]1OC[C@H](C[C@@H]2O[C@H]2[C@@H](C)[C@H](C)O)[C@@H](O)[C@H]1O,4.83,train,<rdkit.Chem.rdchem.Mol object at 0x7fdcf48b6180>
O=c1oc2ccccc2c(O)c1C(CC(O)c1ccc(Cl)cc1)c1ccc(Cl)s1,4.83,train,<rdkit.Chem.rdchem.Mol object at 0x7fdcf48b61f0>
Cn1c(=O)c(C(=O)NCCO)c(O)c2ncc(Cc3ccc(F)cc3)cc21,4.83,train,<rdkit.Chem.rdchem.Mol object at 0x7fdcf48b6260>
O=C(c1ccc(Cl)cc1)n1cc(Cc2nnn[nH]2)c2ccccc21,4.84,train,<rdkit.Chem.rdchem.Mol object at 0x7fdcf48b62d0>
CC(C)Cc1ccc(C(C)C(=O)O)cc1,4.85,train,<rdkit.Chem.rdchem.Mol object at 0x7fdcf48b63b0>
CC(C)Cc1ccc([C@H](C)C(=O)O)cc1,4.85,train,<rdkit.Chem.rdchem.Mol object at 0x7fdcf48b6420>
CC(C)Cc1ccc([C@@H](C)C(=O)O)cc1,4.85,train,<rdkit.Chem.rdchem.Mol object at 0x7fdcf48b6490>
CC(C)Cc1ccc(C(C)C(=O)[O-])cc1,4.85,train,<rdkit.Chem.rdchem.Mol object at 0x7fdcf48b6500>
CC(C)Cc1ccc(C(C)C(=O)O)cc1.N=C(N)NCCC[C@H](N)C(=O)O,4.85,train,<rdkit.Chem.rdchem.Mol object at 0x7fdcf48b6570>
O=c1oc2ccccc2c(O)c1Cc1c(O)c2ccccc2oc1=O,4.85,train,<rdkit.Chem.rdchem.Mol object at 0x7fdcf48b65e0>
CC(C)Cc1ccc(CC(=O)O)cc1,4.86,train,<rdkit.Chem.rdchem.Mol object at 0x7fdcf48b6650>
CCC[C@@H](C)C[C@H](CN)CC(=O)O,4.87,test,<rdkit.Chem.rdchem.Mol object at 0x7fdcf48b66c0>
CN[C@H]1CN(c2ccc3c(=O)c(C(=O)O)cn(-c4nccs4)c3n2)C[C@@H]1OC,4.87,train,<rdkit.Chem.rdchem.Mol object at 0x7fdcf48b6730>
COCC(c1c(O)c2ccccc2oc1=O)c1c(O)c2ccccc2oc1=O,4.87,train,<rdkit.Chem.rdchem.Mol object at 0x7fdcf48b67a0>
O=C(Nc1ccc(Br)cc1)c1cc(Br)cc(Br)c1S,4.88,train,<rdkit.Chem.rdchem.Mol object at 0x7fdcf48b6810>
[O-]c1c(Cl)cc(Cl)cc1Sc1cc(Cl)cc(Cl)c1[O-],4.89,test,<rdkit.Chem.rdchem.Mol object at 0x7fdcf48b6880>
CCC(C(=O)O)c1ccc(CC(C)C)cc1,4.89,test,<rdkit.Chem.rdchem.Mol object at 0x7fdcf48b68f0>
Oc1c(Cl)cc(Cl)cc1Sc1cc(Cl)cc(Cl)c1O,4.89,train,<rdkit.Chem.rdchem.Mol object at 0x7fdcf48b6960>
CCCCC/C=C\C/C=C\C/C=C\CCCCCCC(=O)O,4.89,train,<rdkit.Chem.rdchem.Mol object at 0x7fdcf48b6a40>
O=C(O)c1ccccc1NCCc1ccccc1,4.91,train,<rdkit.Chem.rdchem.Mol object at 0x7fdcf48b6ab0>
CCCCC/C=C\C/C=C\C/C=C\CCCCC(=O)O,4.92,test,<rdkit.Chem.rdchem.Mol object at 0x7fdcf48b6b20>
C/C(=C\C(=O)O)C1CCCCC1,4.92,test,<rdkit.Chem.rdchem.Mol object at 0x7fdcf48b6b90>
O=C1c2ccccc2C(=O)C1c1ccccc1,4.92,train,<rdkit.Chem.rdchem.Mol object at 0x7fdcf48b6c00>
CCn1nc(C(=O)O)c(=O)c2cc3c(cc21)OCO3,4.93,test,<rdkit.Chem.rdchem.Mol object at 0x7fdcf48b6c70>
[O-][S+](c1cc(Cl)cc(Cl)c1O)c1cc(Cl)cc(Cl)c1O,4.93,train,<rdkit.Chem.rdchem.Mol object at 0x7fdcf48b6d50>
CCCCCCCCCCCCCCCC(=O)O,4.95,train,<rdkit.Chem.rdchem.Mol object at 0x7fdcf48b6f10>
CCCCCCCCCCC(=O)O,4.95,train,<rdkit.Chem.rdchem.Mol object at 0x7fdcf48b6ff0>
CCCCCCCCCCCCCC(=O)O,4.95,train,<rdkit.Chem.rdchem.Mol object at 0x7fdcf48b7060>
CCCCCCCCCCCCC(=O)O,4.95,train,<rdkit.Chem.rdchem.Mol object at 0x7fdcf48b70d0>
O=C(O)CCCCCCCCCCCCCCCI,4.95,train,<rdkit.Chem.rdchem.Mol object at 0x7fdcf48b7140>
O=C(O)CCCCCCCCCCCCCCc1ccc(I)cc1,4.95,train,<rdkit.Chem.rdchem.Mol object at 0x7fdcf48b71b0>
O=C(O)CCCCCCCCCCCCCCc1ccc([123I])cc1,4.95,train,<rdkit.Chem.rdchem.Mol object at 0x7fdcf48b7220>
O=C([O-])CCc1nc(-c2ccccc2)c(-c2ccccc2)o1,4.95,train,<rdkit.Chem.rdchem.Mol object at 0x7fdcf48b7300>
CC/C=C\C/C=C\C/C=C\C/C=C\C/C=C\CCCCCC(=O)O,4.96,train,<rdkit.Chem.rdchem.Mol object at 0x7fdcf48b7370>
CCCCCCCC/C=C\CCCCCCCC(=O)O,4.99,train,<rdkit.Chem.rdchem.Mol object at 0x7fdcf48b73e0>
CCCCCCCC/C(=C\CCCCCCCC(=O)O)[N+](=O)[O-],4.99,train,<rdkit.Chem.rdchem.Mol object at 0x7fdcf48b74c0>
[2H]C([2H])(/C=C\CCCCC)/C=C\CCCCCCCC(=O)O,4.99,train,<rdkit.Chem.rdchem.Mol object at 0x7fdcf48b7530>
N#CCC/C(O)=C(\C#N)C(=O)Nc1ccc(C(F)(F)F)cc1,4.99,train,<rdkit.Chem.rdchem.Mol object at 0x7fdcf48b75a0>
CCCCC1C(=O)N(c2ccccc2)N(c2ccccc2)C1=O,5.0,train,<rdkit.Chem.rdchem.Mol object at 0x7fdcf48b7610>
CCC(C)(C)C(=O)O,5.0,train,<rdkit.Chem.rdchem.Mol object at 0x7fdcf48b7680>
CC(CCCCCCCCCCCCc1ccc(I)cc1)CC(=O)O,5.0,train,<rdkit.Chem.rdchem.Mol object at 0x7fdcf48b76f0>
CC(CCCCCCCCCCCCc1ccc([123I])cc1)CC(=O)O,5.0,train,<rdkit.Chem.rdchem.Mol object at 0x7fdcf48b7760>
CCC(C)(C)C(=O)[O-],5.0,train,<rdkit.Chem.rdchem.Mol object at 0x7fdcf48b77d0>
C=CCCCCCCCCC(=O)O,5.02,train,<rdkit.Chem.rdchem.Mol object at 0x7fdcf48b7840>
CCN(C(=O)c1c(O)c2c(Cl)cccc2n(C)c1=O)c1ccccc1,5.02,train,<rdkit.Chem.rdchem.Mol object at 0x7fdcf48b78b0>
CC(C(=O)O)c1cccc2c(-c3ccccc3)coc12,5.03,train,<rdkit.Chem.rdchem.Mol object at 0x7fdcf48b7920>
CC(C)n1ccc(S(=O)(=O)NC(=O)Nc2c3c(cc4c2CCC4)CCC3)n1,5.04,train,<rdkit.Chem.rdchem.Mol object at 0x7fdcf48b7990>
C[C@]1(O)CC[C@H]2[C@@H]3CC[C@@]45O[C@]4(C)C(O)=C(C#N)C[C@]5(C)[C@H]3CC[C@@]21C,5.05,train,<rdkit.Chem.rdchem.Mol object at 0x7fdcf48b7a00>
CCCc1c(OCCCCc2nnn[nH]2)ccc(C(C)=O)c1O,5.08,train,<rdkit.Chem.rdchem.Mol object at 0x7fdcf48b7ae0>
CC(=O)C[C@H](c1ccc([N+](=O)[O-])cc1)c1c(O)c2ccccc2oc1=O,5.09,train,<rdkit.Chem.rdchem.Mol object at 0x7fdcf48b7b50>
CC(C(=O)O)c1ccc(-c2ccsc2)cc1,5.1,train,<rdkit.Chem.rdchem.Mol object at 0x7fdcf48b7bc0>
CCc1oc2ccccc2c1C(=O)c1cc(Br)c(O)c(Br)c1,5.11,train,<rdkit.Chem.rdchem.Mol object at 0x7fdcf48b7ca0>
CC(OC(=O)c1ccc(Cc2c(O)c3ccccc3oc2=O)cc1)(C(F)(F)F)C(F)(F)F,5.13,test,<rdkit.Chem.rdchem.Mol object at 0x7fdcf48b7d10>
COn1cc(C(=O)O)c(=O)c2cc3c(cc21)OCO3,5.13,train,<rdkit.Chem.rdchem.Mol object at 0x7fdcf48b7d80>
CCCC(CCC)C(=O)O,5.14,train,<rdkit.Chem.rdchem.Mol object at 0x7fdcf48b7df0>
CCCC(CCC)C(=O)[O-],5.14,train,<rdkit.Chem.rdchem.Mol object at 0x7fdcf48b7e60>
Oc1c(Cl)cc(Cl)c(Cl)c1Cc1c(O)c(Cl)cc(Cl)c1Cl,5.15,train,<rdkit.Chem.rdchem.Mol object at 0x7fdcf48b7ed0>
O=C(O)CCCCc1ccc(CCCc2ccccc2)s1,5.18,test,<rdkit.Chem.rdchem.Mol object at 0x7fdcf48b7f40>
CCCCCCCC(=O)O,5.19,train,<rdkit.Chem.rdchem.Mol object at 0x7fdcf48b8040>
O=c1c(-n2ccnn2)c[nH]n1-c1cc(N2CCOCC2)ncn1,5.2,train,<rdkit.Chem.rdchem.Mol object at 0x7fdcf48b80b0>
O=S(=O)(CCCOCCc1ccccc1)CCNCCc1ccc(O)c2nc(O)sc12,5.22,train,<rdkit.Chem.rdchem.Mol object at 0x7fdcf48b8200>
COc1ccccc1Oc1c(NS(=O)(=O)c2ccc(C)cn2)nc(-c2ccncc2)nc1OC,5.22,train,<rdkit.Chem.rdchem.Mol object at 0x7fdcf48b8270>
O=P(O)(N1CC1)N1CC1,5.22,train,<rdkit.Chem.rdchem.Mol object at 0x7fdcf48b82e0>
CN1CCN(c2c(F)cc3c(=O)c(C(=O)O)cn4c3c2OCN4C)CC1,5.23,train,<rdkit.Chem.rdchem.Mol object at 0x7fdcf48b8350>
C[C@]12CC[C@H]3[C@@H](CC[C@@]45O[C@@H]4C(O)=C(C#N)C[C@]35C)[C@@H]1CC[C@@H]2O,5.23,train,<rdkit.Chem.rdchem.Mol object at 0x7fdcf48b83c0>
O/N=c1\cc(-c2cc3sccc3cn2)oc2ccc(CCCN3CCOCC3)cc12,5.23,train,<rdkit.Chem.rdchem.Mol object at 0x7fdcf48b8430>
O=C([N-]S(=O)(=O)c1ccc(Br)s1)c1ccc(Cl)cc1Cl,5.24,test,<rdkit.Chem.rdchem.Mol object at 0x7fdcf48b84a0>
CCCCCC[C@@H](CCC)C(=O)O,5.24,train,<rdkit.Chem.rdchem.Mol object at 0x7fdcf48b8510>
O=C(NS(=O)(=O)c1ccc(Br)s1)c1ccc(Cl)cc1Cl,5.24,train,<rdkit.Chem.rdchem.Mol object at 0x7fdcf48b8580>
CC(C)n1c(=O)c(C(=O)NCCCN2CCCCC2)c(O)c2ccsc21,5.25,test,<rdkit.Chem.rdchem.Mol object at 0x7fdcf48b85f0>
CN1CCN(c2c(F)cc3c(=O)c(C(=O)O)cn4c3c2SCC4)CC1,5.25,train,<rdkit.Chem.rdchem.Mol object at 0x7fdcf48b8660>
CN1CCN(c2cc3c(cc2F)c(=O)c(C(=O)O)cn3-c2ccc(F)cn2)CC1,5.27,train,<rdkit.Chem.rdchem.Mol object at 0x7fdcf48b86d0>
CC1COc2c(N3CCN(C)CC3)c(F)cc3c(=O)c(C(=O)O)cn1c23,5.29,test,<rdkit.Chem.rdchem.Mol object at 0x7fdcf48b87b0>
CCn1cc(C(=O)O)c(=O)c2cc(F)c(N3CCNCC3)nc21,5.31,test,<rdkit.Chem.rdchem.Mol object at 0x7fdcf48b8970>
CCn1cc(C(=O)O)c(=O)c2cc(F)c(N3CCC(N)C3)nc21,5.31,train,<rdkit.Chem.rdchem.Mol object at 0x7fdcf48b8a50>
CN1CCN(c2c(F)cc3c(=O)c(C(=O)O)cn(CCF)c3c2F)CC1,5.32,test,<rdkit.Chem.rdchem.Mol object at 0x7fdcf48b8ac0>
CO/N=C1\CN(c2nc3c(cc2F)c(=O)c(C(=O)O)cn3C2CC2)CC1CN,5.35,train,<rdkit.Chem.rdchem.Mol object at 0x7fdcf48b8c10>
CO/N=C1\CN(c2nc3c(cc2F)c(=O)c(C(=O)O)cn3C2CC2)CC12CNC2,5.35,train,<rdkit.Chem.rdchem.Mol object at 0x7fdcf48b8c80>
CC[C@H](NC(=O)c1c(NS(C)(=O)=O)c(-c2ccccc2)nc2ccccc12)c1ccccc1,5.36,train,<rdkit.Chem.rdchem.Mol object at 0x7fdcf48b8cf0>
CCN(CC)CCNC(=O)c1c(O)c2ccccc2oc1=O,5.36,train,<rdkit.Chem.rdchem.Mol object at 0x7fdcf48b8d60>
CN1C(=O)CC(=O)N(c2ccccc2)c2cc(C(F)(F)F)ccc21,5.38,train,<rdkit.Chem.rdchem.Mol object at 0x7fdcf48b8dd0>
C[C@H]1[C@H](N)CN1c1cc2c(cc1F)c(=O)c(C(=O)O)cn2-c1ccc(F)cc1F,5.38,train,<rdkit.Chem.rdchem.Mol object at 0x7fdcf48b8e40>
CCn1cc(C(=O)O)c(=O)c2cc3c(cc21)OCO3,5.39,train,<rdkit.Chem.rdchem.Mol object at 0x7fdcf48b8eb0>
CCCCCC1C(=O)N2C=C(c3ccccc3)c3ccccc3N2C1=O,5.39,train,<rdkit.Chem.rdchem.Mol object at 0x7fdcf48b8f20>
C[C@H]1COc2c(C3(N)CC3)c(F)cc3c(=O)c(C(=O)O)cn1c23,5.39,train,<rdkit.Chem.rdchem.Mol object at 0x7fdcf48b8f90>
CC1CN(c2cc3c(cc2F)c(=O)c(C(=O)O)cn3-c2ccc(F)cc2F)CCN1,5.41,train,<rdkit.Chem.rdchem.Mol object at 0x7fdcf48b9000>
O=C(Nc1cc(Cl)cc(Cl)c1O)c1c(O)c(Cl)cc(Cl)c1Cl,5.43,train,<rdkit.Chem.rdchem.Mol object at 0x7fdcf48b9070>
O=P(O)(NCCBr)NCCBr,5.43,train,<rdkit.Chem.rdchem.Mol object at 0x7fdcf48b9150>
Nc1nc(-n2cc(C(=O)O)c(=O)c3cc(F)c(N4CC(O)C4)c(Cl)c32)c(F)cc1F,5.43,train,<rdkit.Chem.rdchem.Mol object at 0x7fdcf48b91c0>
CNC[C@H](O)[C@@H](O)[C@H](O)[C@H](O)CO.Nc1nc(-n2cc(C(=O)O)c(=O)c3cc(F)c(N4CC(O)C4)c(Cl)c32)c(F)cc1F,5.43,train,<rdkit.Chem.rdchem.Mol object at 0x7fdcf48b9230>
NC(CO)(CO)CO.O=P(O)(NCCCl)NCCCl,5.43,train,<rdkit.Chem.rdchem.Mol object at 0x7fdcf48b92a0>
CCn1cc(C(=O)O)c(=O)c2cnc(N3CCCC3)nc21,5.44,train,<rdkit.Chem.rdchem.Mol object at 0x7fdcf48b9310>
NC1CCN(c2c(F)cc3c(=O)c(C(=O)O)cn(C4CC4)c3c2Cl)C1,5.45,test,<rdkit.Chem.rdchem.Mol object at 0x7fdcf48b9380>
CCn1cc(C(=O)O)c(=O)c2cc(F)c(N3CCNC(C)C3)c(F)c21,5.45,train,<rdkit.Chem.rdchem.Mol object at 0x7fdcf48b9460>
CCNCC1CCN(c2c(F)cc3c(=O)c(C(=O)O)cn(CC)c3c2F)C1,5.46,train,<rdkit.Chem.rdchem.Mol object at 0x7fdcf48b9540>
COc1nc(C)cnc1NS(=O)(=O)c1cccnc1-c1ccc(-c2nnco2)cc1,5.46,train,<rdkit.Chem.rdchem.Mol object at 0x7fdcf48b95b0>
CN1C[C@@H]2C[C@H]1CN2c1cc2c(cc1F)c(=O)c(C(=O)O)cn2C1CC1,5.47,train,<rdkit.Chem.rdchem.Mol object at 0x7fdcf48b9620>
CN1CCN(c2cc3c(cc2F)c(=O)c(C(=O)O)cn3-c2ccc(F)cc2)CC1,5.48,test,<rdkit.Chem.rdchem.Mol object at 0x7fdcf48b9690>
C/C(O)=C(\C#N)C(=O)Nc1ccc(C(F)(F)F)cc1,5.48,train,<rdkit.Chem.rdchem.Mol object at 0x7fdcf48b9700>
COc1c(N2CCNC(C)C2)c(F)cc2c(=O)c(C(=O)O)cn(C3CC3)c12,5.49,test,<rdkit.Chem.rdchem.Mol object at 0x7fdcf48b9770>
CNC1CCCN(c2c(F)cc3c(=O)c(C(=O)O)cn(C4CC4)c3c2OC)C1,5.49,test,<rdkit.Chem.rdchem.Mol object at 0x7fdcf48b97e0>
COc1c(N2C[C@@H]3CCCN[C@@H]3C2)c(F)cc2c(=O)c(C(=O)O)cn(C3CC3)c12,5.49,test,<rdkit.Chem.rdchem.Mol object at 0x7fdcf48b9850>
CCCC1C(=O)N2C(N(C)C)=Nc3ccc(C)cc3N2C1=O,5.49,train,<rdkit.Chem.rdchem.Mol object at 0x7fdcf48b98c0>
CCn1cc(C(=O)O)c(=O)c2c3sc(=O)n(C)c3ccc21,5.49,train,<rdkit.Chem.rdchem.Mol object at 0x7fdcf48b9930>
CCn1cc(C(=O)O)c(=O)c2cc(F)c(N3CCN(C)CC3)cc21,5.5,test,<rdkit.Chem.rdchem.Mol object at 0x7fdcf48b99a0>
CN[C@@H](C)[C@@H]1CCN(c2c(F)cc3c(=O)c(C(=O)O)cn(C4CC4)c3c2OC)C1,5.5,train,<rdkit.Chem.rdchem.Mol object at 0x7fdcf48b9a10>
CCn1cc(C(=O)O)c(=O)c2cc(F)c(N3CCN4CCC3CC4)cc21,5.5,train,<rdkit.Chem.rdchem.Mol object at 0x7fdcf48b9a80>
CS(=O)(=O)Nc1ccc2c(c1)S(=O)(=O)N=C(C1=C(O)[C@@H]3[C@H]4CC[C@H](C4)[C@@H]3N(Cc3ccc(F)cc3)C1=O)N2,5.5,train,<rdkit.Chem.rdchem.Mol object at 0x7fdcf48b9b60>
N[C@@H]1CN(c2c(F)cc3c(=O)c(C(=O)O)cn([C@@H]4C[C@@H]4F)c3c2Cl)CC12CC2,5.51,test,<rdkit.Chem.rdchem.Mol object at 0x7fdcf48b9bd0>
CO[C@@H]1[C@@H](OC(N)=O)[C@@H](O)[C@H](Oc2ccc3c(O)c(NC(=O)c4ccc(O)c(CC=C(C)C)c4)c(=O)oc3c2C)OC1(C)C,5.51,train,<rdkit.Chem.rdchem.Mol object at 0x7fdcf48b9d90>
COc1c(N2CCC/C(=C(\F)CN)C2)c(F)cc2c(=O)c(C(=O)O)cn(C3CC3)c12,5.52,train,<rdkit.Chem.rdchem.Mol object at 0x7fdcf48b9e70>
COc1c(N2C[C@@H](C)C[C@H](N)C2)ccc2c(=O)c(C(=O)O)cn(C3CC3)c12,5.53,test,<rdkit.Chem.rdchem.Mol object at 0x7fdcf48b9ee0>
CCCC(c1ccc(CCCl)cc1)c1c(O)c2ccccc2oc1=O,5.53,train,<rdkit.Chem.rdchem.Mol object at 0x7fdcf48b9f50>
O=c1oc2c(O)c(O)cc3c(=O)oc4c(O)c(O)cc1c4c23,5.54,train,<rdkit.Chem.rdchem.Mol object at 0x7fdcf48b9fc0>
O=[N+]([O-])c1cc(Cl)cc(-c2cc(Cl)cc([N+](=O)[O-])c2O)c1O,5.54,train,<rdkit.Chem.rdchem.Mol object at 0x7fdcf48ba030>
O=C(O)c1cn(-c2ccc(F)cc2)c2cc(N3CCNCC3)c(F)cc2c1=O,5.55,train,<rdkit.Chem.rdchem.Mol object at 0x7fdcf48ba0a0>
CC1CCc2c(N3CCN(C)CC3)c(F)cc3c(=O)c(C(=O)O)cn1c23,5.55,train,<rdkit.Chem.rdchem.Mol object at 0x7fdcf48ba110>
O=C(O)c1cn(C2CC2)c2cc(N3CCNCC3)c(F)cc2c1=O,5.56,test,<rdkit.Chem.rdchem.Mol object at 0x7fdcf48ba180>
C[C@@H]1CN(c2c(F)c(N)c3c(=O)c(C(=O)O)cn(C4CC4)c3c2F)C[C@H](C)N1,5.56,test,<rdkit.Chem.rdchem.Mol object at 0x7fdcf48ba1f0>
CC(=O)CC(c1ccccc1)c1c([O-])c2ccccc2oc1=O,5.56,train,<rdkit.Chem.rdchem.Mol object at 0x7fdcf48ba260>
CC(=O)CC(c1ccccc1)c1c(O)c2ccccc2oc1=O,5.56,train,<rdkit.Chem.rdchem.Mol object at 0x7fdcf48ba2d0>
CN(C)c1cccc(-c2c3c(=O)n(-c4ccccc4Cl)[nH]c3cc(=O)n2C)c1,5.57,train,<rdkit.Chem.rdchem.Mol object at 0x7fdcf48ba340>
CC(C)(N)CO.Cn1c(=O)c2[nH]c(Br)nc2n(C)c1=O,5.58,train,<rdkit.Chem.rdchem.Mol object at 0x7fdcf48ba420>
C[C@H]1CN(c2c(F)cc3c(=O)c(C(=O)O)cn(C4CC4)c3c2OC(F)F)CCN1,5.59,train,<rdkit.Chem.rdchem.Mol object at 0x7fdcf48ba490>
NS(=O)(=O)NCCNc1nonc1/C(=N/O)Nc1ccc(F)c(Br)c1,5.6,train,<rdkit.Chem.rdchem.Mol object at 0x7fdcf48ba570>
CCCCC1C(=O)NN(c2ccccc2)C1=O,5.61,test,<rdkit.Chem.rdchem.Mol object at 0x7fdcf48ba5e0>
CCCCC1C(=O)NC(=O)N(C2CCCCC2)C1=O,5.61,train,<rdkit.Chem.rdchem.Mol object at 0x7fdcf48ba650>
CCc1oc2ccccc2c1C(=O)c1cc(I)c(O)c(I)c1,5.61,train,<rdkit.Chem.rdchem.Mol object at 0x7fdcf48ba6c0>
CNn1cc(C(=O)O)c(=O)c2cc(F)c(N3CCN(C)CC3)cc21,5.62,test,<rdkit.Chem.rdchem.Mol object at 0x7fdcf48ba730>
Cc1cc(C(=O)c2cc(I)c(O)c(I)c2)c(C)o1,5.62,train,<rdkit.Chem.rdchem.Mol object at 0x7fdcf48ba7a0>
CC(C)c1cc(Oc2c(Cl)cc(-n3nc(C#N)c(=O)[nH]c3=O)cc2Cl)n[nH]c1=O,5.65,train,<rdkit.Chem.rdchem.Mol object at 0x7fdcf48ba880>
O=C(c1cc(Cl)c(O)c(Cl)c1)N1CS(=O)(=O)c2ccccc21,5.65,train,<rdkit.Chem.rdchem.Mol object at 0x7fdcf48ba8f0>
CC[C@H](c1ccccc1)c1c(O)c2ccccc2oc1=O,5.67,train,<rdkit.Chem.rdchem.Mol object at 0x7fdcf48ba960>
CCCCC1=NC2(CCCC2)C(=O)N1Cc1ccc(-c2ccccc2S(=O)(=O)Nc2noc(C)c2C)c(COCC)c1,5.69,train,<rdkit.Chem.rdchem.Mol object at 0x7fdcf48bab20>
CCn1cc(C(=O)O)c(=O)c2ccc(Cc3ccccc3)nc21,5.72,train,<rdkit.Chem.rdchem.Mol object at 0x7fdcf48bac00>
CC1Sc2c(C(=O)O)c(=O)c3cc(F)c(N4CCNCC4)cc3n21,5.75,test,<rdkit.Chem.rdchem.Mol object at 0x7fdcf48bac70>
CCn1cc(C(=O)O)c(=O)c2cc3c(cc21)CCO3,5.75,test,<rdkit.Chem.rdchem.Mol object at 0x7fdcf48bace0>
O=[N+]([O-])c1ccc(/C=N/O)o1,5.75,train,<rdkit.Chem.rdchem.Mol object at 0x7fdcf48bad50>
Cn1nccc1[C@H]1CCCC[C@@H]1Oc1cc(F)c(S(=O)(=O)Nc2ccncn2)cc1Cl,5.75,train,<rdkit.Chem.rdchem.Mol object at 0x7fdcf48badc0>
Cc1c(N2C[C@@H](N)C3(CC3)C2)c(F)c(N)c2c(=O)c(C(=O)O)cn(C3CC3)c12,5.76,train,<rdkit.Chem.rdchem.Mol object at 0x7fdcf48bae30>
O=c1[nH]c(=O)n(Cl)c(=O)n1Cl,5.77,train,<rdkit.Chem.rdchem.Mol object at 0x7fdcf48baea0>
CC1CC(=O)NN=C1c1ccc(NN=C(C#N)C#N)cc1,5.77,train,<rdkit.Chem.rdchem.Mol object at 0x7fdcf48baf10>
C[C@@H]1CC(=O)NN=C1c1ccc(NN=C(C#N)C#N)cc1,5.77,train,<rdkit.Chem.rdchem.Mol object at 0x7fdcf48baf80>
COc1ccccc1Oc1c(NS(=O)(=O)c2ccc(C(C)(C)C)cc2)nc(-c2ncccn2)nc1OCCO,5.8,test,<rdkit.Chem.rdchem.Mol object at 0x7fdcf48bb140>
Cc1noc(NS(=O)(=O)c2ccc(N)cc2)c1C.OCCNCCO,5.8,train,<rdkit.Chem.rdchem.Mol object at 0x7fdcf48bb1b0>
COc1ccc(NS(=O)(=O)c2c(F)c(F)c(F)c(F)c2F)cc1F,5.8,train,<rdkit.Chem.rdchem.Mol object at 0x7fdcf48bb220>
CC1CCc2cc(F)cc3c(=O)c(C(=O)O)cn1c23,5.81,train,<rdkit.Chem.rdchem.Mol object at 0x7fdcf48bb290>
O=C(NCc1ccc(Oc2ccccc2)cc1)c1nc(-c2cc(Br)c(O)c(Br)c2)no1,5.81,train,<rdkit.Chem.rdchem.Mol object at 0x7fdcf48bb300>
CN1C(=O)CC(=O)N(c2ccccc2)c2cc(Cl)ccc21,5.82,train,<rdkit.Chem.rdchem.Mol object at 0x7fdcf48bb370>
Cc1oc(=O)oc1CN1CCN(c2cc3c(cc2F)c(=O)c(C(=O)O)c2n3C(C)S2)CC1,5.82,train,<rdkit.Chem.rdchem.Mol object at 0x7fdcf48bb3e0>
CCOc1nc2cccc(C(=O)OC(C)OC(=O)OCc3nc(C)c(C)nc3C)c2n1Cc1ccc(-c2ccccc2-c2nc(=O)o[nH]2)cc1,5.82,train,<rdkit.Chem.rdchem.Mol object at 0x7fdcf48bb450>
CCOc1nc2cccc(C(=O)OCc3ccc(OC(=O)C(C)(C)C)c(OC)c3)c2n1Cc1ccc(-c2ccccc2-c2nc(=O)o[nH]2)cc1,5.82,train,<rdkit.Chem.rdchem.Mol object at 0x7fdcf48bb4c0>
CCOc1nc2cccc(C(=O)OC(C)OC(=O)OC3CCCCC3)c2n1Cc1ccc(-c2ccccc2-c2nn[nH]n2)cc1,5.85,train,<rdkit.Chem.rdchem.Mol object at 0x7fdcf48bb680>
CCC(=O)NS(=O)(=O)c1cnccc1Nc1cccc(C(F)(F)F)c1,5.85,train,<rdkit.Chem.rdchem.Mol object at 0x7fdcf48bb6f0>
C[C@H]1NCc2cc(-c3ccc4c(=O)c(C(=O)O)cn(C5CC5)c4c3OC(F)F)ccc21,5.86,train,<rdkit.Chem.rdchem.Mol object at 0x7fdcf48bb760>
CC(C)(C)c1cc(CN)c(O)c(S(C)(=O)=O)c1,5.87,train,<rdkit.Chem.rdchem.Mol object at 0x7fdcf48bb7d0>
O=C(O)c1cn(C2CC2)c2cc(N3CCC(O)(COc4ccc(N5C[C@H](CO)OC5=O)cc4F)CC3)c(F)cc2c1=O,5.87,train,<rdkit.Chem.rdchem.Mol object at 0x7fdcf48bb840>
CCOCC(=O)Nc1ccc(S(=O)(=O)Nc2cc(C)on2)cc1,5.88,train,<rdkit.Chem.rdchem.Mol object at 0x7fdcf48bb8b0>
CCOc1nc2cccc(C(=O)OCc3oc(=O)oc3C)c2n1Cc1ccc(-c2ccccc2-c2noc(=O)[n-]2)cc1,5.91,test,<rdkit.Chem.rdchem.Mol object at 0x7fdcf48bb920>
COc1nccnc1NS(=O)(=O)c1ccc(N)cc1,5.91,train,<rdkit.Chem.rdchem.Mol object at 0x7fdcf48bb990>
CCOc1nc2cccc(C(=O)OCc3oc(=O)oc3C)c2n1Cc1ccc(-c2ccccc2-c2noc(=O)[nH]2)cc1,5.91,train,<rdkit.Chem.rdchem.Mol object at 0x7fdcf48bba00>
Cc1cccc(Nc2ccncc2S(=O)(=O)NC(=O)NC(C)C)c1,5.92,test,<rdkit.Chem.rdchem.Mol object at 0x7fdcf48bba70>
Cc1nn(C)c2c1N(c1ccccc1)C(=O)CC(=O)N2C,5.94,test,<rdkit.Chem.rdchem.Mol object at 0x7fdcf48bbae0>
CC1CCc2c(N3CCC(O)CC3)c(F)cc3c(=O)c(C(=O)O)cn1c23,5.94,train,<rdkit.Chem.rdchem.Mol object at 0x7fdcf48bbb50>
O=C(Nc1ccc(Cl)c(Cl)c1)c1cc(Cl)cc(Cl)c1O,5.95,train,<rdkit.Chem.rdchem.Mol object at 0x7fdcf48bbbc0>
Cc1c(F)cc2c(=O)c(C(=O)O)cn3c2c1CCC3C,5.95,train,<rdkit.Chem.rdchem.Mol object at 0x7fdcf48bbc30>
CNc1ncc(-c2ccc3c(=O)c(C(=O)O)cn(C4CC4)c3c2C)cc1C,5.96,train,<rdkit.Chem.rdchem.Mol object at 0x7fdcf48bbca0>
COc1cc2c(cc1Cc1cccc(Cl)c1F)c(=O)c(C(=O)O)cn2[C@H](CO)C(C)C,5.97,train,<rdkit.Chem.rdchem.Mol object at 0x7fdcf48bbd80>
COc1ccc(Cl)c(Nc2nc3ccccc3nc2NS(=O)(=O)c2cccc(NC(=O)C(C)(C)N)c2)c1,5.99,train,<rdkit.Chem.rdchem.Mol object at 0x7fdcf48bbe60>
O=C1OC2(c3ccccc31)c1cc(Br)c(O)c(Br)c1Oc1c2cc(Br)c(O)c1Br,6.0,test,<rdkit.Chem.rdchem.Mol object at 0x7fdcf48bbed0>
CCn1cc(C(=O)O)c(=O)c2ccc(-c3ccncc3)cc21,6.0,train,<rdkit.Chem.rdchem.Mol object at 0x7fdcf48bbf40>
CCOC(=O)c1c(CSc2ccccc2)n(C)c2cc(Br)c(O)c(CN(C)C)c12,6.01,train,<rdkit.Chem.rdchem.Mol object at 0x7fdcf48bc040>
O=C(c1ccc(Cl)cc1)c1ccc(NC(=O)c2cc(I)cc(I)c2O)cc1Cl,6.01,train,<rdkit.Chem.rdchem.Mol object at 0x7fdcf48bc0b0>
NC(=O)c1cccc(Cc2c[nH]cn2)c1O,6.02,train,<rdkit.Chem.rdchem.Mol object at 0x7fdcf48bc120>
CCn1cc(C(=O)O)c(=O)c2cc(F)c(-n3cccc3)cc21,6.02,train,<rdkit.Chem.rdchem.Mol object at 0x7fdcf48bc190>
O=c1c(-c2ccc(O)cc2)coc2c([C@@H]3O[C@H](CO)[C@@H](O)[C@H](O)[C@H]3O)c(O)ccc12,6.03,train,<rdkit.Chem.rdchem.Mol object at 0x7fdcf48bc200>
Cc1onc(NS(=O)(=O)c2ccc(N)cc2)c1C,6.09,train,<rdkit.Chem.rdchem.Mol object at 0x7fdcf48bc350>
CCN(CC)C(=O)/C(C#N)=C/c1cc(O)c(O)c([N+](=O)[O-])c1,6.09,train,<rdkit.Chem.rdchem.Mol object at 0x7fdcf48bc3c0>
C=CC(=O)N1CC[C@H](Oc2nc(-c3n[nH]c(=O)[nH]3)cc3ccccc23)C1,6.11,test,<rdkit.Chem.rdchem.Mol object at 0x7fdcf48bc430>
Cc1cc(NS(=O)(=O)c2ccc(N)cc2)sn1,6.11,train,<rdkit.Chem.rdchem.Mol object at 0x7fdcf48bc4a0>
Cc1cc(NS(=O)(=O)c2ccc(N)cc2)nc(C)n1,6.12,test,<rdkit.Chem.rdchem.Mol object at 0x7fdcf48bc510>
Cc1c(Cl)c(C)[n+]([O-])c(Cl)c1-c1noc(-c2cc(O)c(O)c([N+](=O)[O-])c2)n1,6.12,train,<rdkit.Chem.rdchem.Mol object at 0x7fdcf48bc5f0>
NC(=S)NS(=O)(=O)c1ccc(N)cc1,6.13,train,<rdkit.Chem.rdchem.Mol object at 0x7fdcf48bc660>
COc1ncc(-c2ccc3ncc(OCCN(C)C)c(=O)n3c2)cc1NS(=O)(=O)c1ccc(F)cc1Cl,6.13,train,<rdkit.Chem.rdchem.Mol object at 0x7fdcf48bc6d0>
Cc1cc(NS(=O)(=O)c2ccc(N)cc2)no1,6.16,test,<rdkit.Chem.rdchem.Mol object at 0x7fdcf48bc740>
O=C(Nc1ccc(Br)cc1)c1cc(Br)cc(Br)c1O,6.16,train,<rdkit.Chem.rdchem.Mol object at 0x7fdcf48bc7b0>
O=C(Nc1cccc(C(F)(F)F)c1)c1cc(Br)cc(Br)c1O,6.16,train,<rdkit.Chem.rdchem.Mol object at 0x7fdcf48bc890>
Cc1cccc(C)c1NC(=O)c1cc(S(N)(=O)=O)c(Cl)cc1O,6.17,train,<rdkit.Chem.rdchem.Mol object at 0x7fdcf48bc900>
O=S1(=O)NC(C2CC=CC2)=Nc2cc(Cl)c(Cl)cc21,6.17,train,<rdkit.Chem.rdchem.Mol object at 0x7fdcf48bc970>
CC(=O)C(=Cc1cc(O)c(O)c([N+](=O)[O-])c1)C(C)=O,6.21,train,<rdkit.Chem.rdchem.Mol object at 0x7fdcf48bc9e0>
COc1ccc(-c2oc3c(CC=C(C)C)c(O)cc(O)c3c(=O)c2O)cc1,6.22,train,<rdkit.Chem.rdchem.Mol object at 0x7fdcf48bcac0>
Nc1[nH]cnc2ncnc1-2,6.23,train,<rdkit.Chem.rdchem.Mol object at 0x7fdcf48bcb30>
O=C1NC(=O)/C(=C/c2ccc3nccc(-c4ccncc4)c3c2)S1,6.23,train,<rdkit.Chem.rdchem.Mol object at 0x7fdcf48bcc10>
CCCCCOc1ccc(C2SC(=O)NC2=O)cc1OCC,6.26,train,<rdkit.Chem.rdchem.Mol object at 0x7fdcf48bccf0>
CCN1CCC[C@H]1CNC(=O)c1c(O)c(Cl)cc(Cl)c1OC,6.26,train,<rdkit.Chem.rdchem.Mol object at 0x7fdcf48bcd60>
CCN1CCC[C@H]1CNC(=O)c1c(O)c(Cl)cc(Cl)c1O[11CH3],6.26,train,<rdkit.Chem.rdchem.Mol object at 0x7fdcf48bcdd0>
CC(C)(c1ccc(OCc2ccnc(NS(C)(=O)=O)n2)cc1)c1cc(Cl)c(OCCCl)c(C#N)c1,6.27,test,<rdkit.Chem.rdchem.Mol object at 0x7fdcf48bce40>
CCc1cccc2c1c(O)c(C(=O)N(CC)c1ccccc1)c(=O)n2C,6.28,train,<rdkit.Chem.rdchem.Mol object at 0x7fdcf48bceb0>
CN1CCC(n2[nH]c(-c3ccccc3)c(Cc3ccccc3)c2=O)CC1,6.31,train,<rdkit.Chem.rdchem.Mol object at 0x7fdcf48bcf20>
O=c1c(O)c(-c2ccc(O)c(O)c2)oc2cc(O)ccc12,6.32,train,<rdkit.Chem.rdchem.Mol object at 0x7fdcf48bcf90>
Cc1cc(-n2ncc(=O)[nH]c2=O)cc(C)c1Sc1ccc(Cl)cc1,6.33,train,<rdkit.Chem.rdchem.Mol object at 0x7fdcf48bd070>
CC(SC(=S)Nc1ccc(NC(=S)SC(C)c2nc3ccccc3n2C)cc1)c1nc2ccccc2n1C,6.34,test,<rdkit.Chem.rdchem.Mol object at 0x7fdcf48bd0e0>
Oc1ccc(Cl)cc1Sc1cc(Cl)ccc1O,6.35,train,<rdkit.Chem.rdchem.Mol object at 0x7fdcf48bd150>
O=C1CSC(=O)N1,6.36,train,<rdkit.Chem.rdchem.Mol object at 0x7fdcf48bd1c0>
CCc1c(-c2ccccc2)[nH]n(C2CCN(C)CC2)c1=O,6.36,train,<rdkit.Chem.rdchem.Mol object at 0x7fdcf48bd230>
O=c1c(O[C@@H]2O[C@H](CO)[C@@H](O)[C@H](O)[C@H]2O)c(-c2ccc(O)c(O)c2)oc2cc(O)cc(O)c12,6.37,train,<rdkit.Chem.rdchem.Mol object at 0x7fdcf48bd2a0>
C[C@@H]1O[C@@H](OC[C@H]2O[C@@H](Oc3c(-c4ccc(O)c(O)c4)oc4cc(O)cc(O)c4c3=O)[C@H](O)[C@@H](O)[C@@H]2O)[C@H](O)[C@H](O)[C@H]1O,6.37,train,<rdkit.Chem.rdchem.Mol object at 0x7fdcf48bd310>
CCCCC(CC)COc1ccc(-c2nc(-c3ccc(OC)cc3)nc(-c3ccc(OCC(CC)CCCC)cc3O)n2)c(O)c1,6.37,train,<rdkit.Chem.rdchem.Mol object at 0x7fdcf48bd380>
O=c1c(O)c(-c2ccc(O)c(O)c2)oc2cc(O)cc(O)c12,6.38,train,<rdkit.Chem.rdchem.Mol object at 0x7fdcf48bd3f0>
NC(=O)NC(=O)C(Oc1ccc(Cl)cc1)Oc1ccc(Cl)cc1,6.39,train,<rdkit.Chem.rdchem.Mol object at 0x7fdcf48bd460>
Cc1c([N+](=O)[O-])cc(C(C)(C)C)c(O)c1C(=O)Nc1ccc(Br)cc1C(F)(F)F,6.39,train,<rdkit.Chem.rdchem.Mol object at 0x7fdcf48bd4d0>
C[C@@H]1O[C@@H](OC[C@H]2O[C@@H](Oc3cc4c(O)cc(O)cc4[o+]c3-c3ccc(O)c(O)c3)[C@H](O)[C@@H](O)[C@@H]2O)[C@H](O)[C@H](O)[C@H]1O,6.39,train,<rdkit.Chem.rdchem.Mol object at 0x7fdcf48bd540>
O=C1COC(N2CCN=C(c3ccccc3Cl)c3cc(Cl)ccc32)=N1,6.4,train,<rdkit.Chem.rdchem.Mol object at 0x7fdcf48bd5b0>
O=S1(=O)OC(c2cc(Br)c(O)c(Br)c2)(c2cc(Br)c(O)c(Br)c2)c2ccccc21,6.41,test,<rdkit.Chem.rdchem.Mol object at 0x7fdcf48bd620>
O=C(Nc1ccc(Oc2ccc(Cl)cc2)c(Cl)c1)c1cc(I)cc(I)c1O,6.41,test,<rdkit.Chem.rdchem.Mol object at 0x7fdcf48bd690>
O=C(NCc1ccc(Br)cc1)c1cc(Br)cc(Br)c1O,6.42,train,<rdkit.Chem.rdchem.Mol object at 0x7fdcf48bd770>
O=C(NCC1CCCO1)c1cc(Br)cc(Br)c1O,6.42,train,<rdkit.Chem.rdchem.Mol object at 0x7fdcf48bd7e0>
COc1ccccc1Oc1c(NS(=O)(=O)/C=C/c2ccccc2)nc(-c2ncccn2)nc1OC,6.44,train,<rdkit.Chem.rdchem.Mol object at 0x7fdcf48bd8c0>
COC(=O)c1c(Cl)cccc1-c1ccc([C@@H](C)NC(=O)C2(NC(=O)C(F)(F)F)CC2)c(F)c1,6.44,train,<rdkit.Chem.rdchem.Mol object at 0x7fdcf48bd930>
N#CC(c1ccc(Cl)cc1)c1ccc(-n2ncc(=O)[nH]c2=O)cc1Cl,6.45,train,<rdkit.Chem.rdchem.Mol object at 0x7fdcf48bda10>
C=CCc1ccccc1OC/C(CNC(C)C)=N/O,6.47,train,<rdkit.Chem.rdchem.Mol object at 0x7fdcf48bdaf0>
O=c1c(-c2ccc(O)cc2)coc2cc(O)ccc12,6.48,train,<rdkit.Chem.rdchem.Mol object at 0x7fdcf48bdbd0>
NS(=O)(=O)c1cc2c(cc1Cl)N=CNS2(=O)=O,6.49,train,<rdkit.Chem.rdchem.Mol object at 0x7fdcf48bdc40>
N#CC(c1ccc(F)cc1)c1c(Cl)cc(-n2ncc(=O)[nH]c2=O)cc1Cl,6.5,train,<rdkit.Chem.rdchem.Mol object at 0x7fdcf48bdd90>
N#CC(c1ccc(Cl)cc1)c1c(Cl)cc(-n2ncc(=O)[nH]c2=O)cc1Cl,6.5,train,<rdkit.Chem.rdchem.Mol object at 0x7fdcf48bde00>
O=C1OC2(c3ccccc31)c1cc(I)c([O-])c(I)c1Oc1c2cc(I)c([O-])c1I,6.5,train,<rdkit.Chem.rdchem.Mol object at 0x7fdcf48bdee0>
Cc1c(Br)cc(Br)c(O)c1Br,6.51,train,<rdkit.Chem.rdchem.Mol object at 0x7fdcf48bdf50>
CCCn1c(=O)c2nc(C3(N)CCCC3)[nH]c2n(CCC)c1=O,6.52,train,<rdkit.Chem.rdchem.Mol object at 0x7fdcf48bdfc0>
CCC(=O)Nc1nnc(S(N)(=O)=O)s1,6.54,train,<rdkit.Chem.rdchem.Mol object at 0x7fdcf48be030>
CC(=O)Nc1nnc(S(N)(=O)=O)s1,6.55,train,<rdkit.Chem.rdchem.Mol object at 0x7fdcf48be0a0>
O=c1c(-c2ccc(O)cc2)coc2cc(O)cc(O)c12,6.55,train,<rdkit.Chem.rdchem.Mol object at 0x7fdcf48be110>
CC(=O)Nc1nnc(S([NH-])(=O)=O)s1,6.55,train,<rdkit.Chem.rdchem.Mol object at 0x7fdcf48be180>
CCCOc1ccccc1-c1nc2[nH]nnc2c(=O)[nH]1,6.56,train,<rdkit.Chem.rdchem.Mol object at 0x7fdcf48be1f0>
CC(C)(C)c1nnc(NS(=O)(=O)c2ccccc2)s1,6.57,train,<rdkit.Chem.rdchem.Mol object at 0x7fdcf48be260>
O=c1cc(-c2ccc(O)c(O)c2)oc2cc(O)cc(O)c12,6.57,train,<rdkit.Chem.rdchem.Mol object at 0x7fdcf48be2d0>
C[C@@H](O[C@H]1OCCN(Cc2n[nH]c(=O)[nH]2)[C@H]1c1ccc(F)cc1)c1cc(C(F)(F)F)cc(C(F)(F)F)c1,6.59,train,<rdkit.Chem.rdchem.Mol object at 0x7fdcf48be420>
CN1CC[C@@H](c2c(O)cc(O)c3c(=O)cc(-c4ccc(C(F)(F)F)cc4Cl)oc23)[C@@H]1CO,6.6,test,<rdkit.Chem.rdchem.Mol object at 0x7fdcf48be490>
Nc1ccc(S(=O)(=O)Nc2ccc(Cl)nn2)cc1,6.6,train,<rdkit.Chem.rdchem.Mol object at 0x7fdcf48be500>
CN1CCC(c2c(O)cc(O)c3c(=O)cc(-c4ccccc4)oc23)C1CO,6.6,train,<rdkit.Chem.rdchem.Mol object at 0x7fdcf48be5e0>
Cc1oc(-c2ccccc2)nc1CCOc1ccc(CC2SC(=O)NC2=O)c2sccc12,6.61,test,<rdkit.Chem.rdchem.Mol object at 0x7fdcf48be650>
CC1(COc2ccc(CC3SC(=O)NC3=O)cc2)CCCCC1,6.61,train,<rdkit.Chem.rdchem.Mol object at 0x7fdcf48be7a0>
Cc1c(C)c2c(c(C)c1O)CCC(C)(COc1ccc(CC3SC(=O)NC3=O)cc1)O2,6.61,train,<rdkit.Chem.rdchem.Mol object at 0x7fdcf48be810>
O=[N+]([O-])c1ccc(S(=O)(=O)Nc2nccs2)cc1,6.61,train,<rdkit.Chem.rdchem.Mol object at 0x7fdcf48be880>
Cc1oc(-c2ccccc2)nc1CCC(=O)c1ccc(CC2SC(=O)NC2=O)cc1,6.61,train,<rdkit.Chem.rdchem.Mol object at 0x7fdcf48be8f0>
O=C1NC(=O)C(Cc2ccc3cc(OCc4ccccc4F)ccc3c2)S1,6.61,train,<rdkit.Chem.rdchem.Mol object at 0x7fdcf48be960>
O=C1NC(=O)C(Cc2ccc3c(c2)CC[C@H](Cc2ccccc2)O3)S1,6.61,train,<rdkit.Chem.rdchem.Mol object at 0x7fdcf48be9d0>
CCN(CC)CCOc1c2occc2c(O)c2c(=O)cc(C)oc12,6.62,train,<rdkit.Chem.rdchem.Mol object at 0x7fdcf48bea40>
COc1ccc2nc(COc3ccc(CC4SC(=O)NC4=O)cc3)n(C)c2c1,6.62,train,<rdkit.Chem.rdchem.Mol object at 0x7fdcf48beab0>
CC(O)c1ccc(CCOc2ccc(CC3SC(=O)NC3=O)cc2)nc1,6.62,train,<rdkit.Chem.rdchem.Mol object at 0x7fdcf48beb20>
COc1ccc(Oc2cc(N(C)CCOc3ccc(CC4SC(=O)NC4=O)cc3)ncn2)cc1,6.62,train,<rdkit.Chem.rdchem.Mol object at 0x7fdcf48beb90>
Cn1c(COc2ccc(CC3SC(=O)NC3=O)cc2)nc2ccccc2c1=O,6.62,train,<rdkit.Chem.rdchem.Mol object at 0x7fdcf48bec00>
Cc1cc(COc2ccc(Oc3ccc(Cl)cc3)cc2)n(O)c(=O)c1,6.63,train,<rdkit.Chem.rdchem.Mol object at 0x7fdcf48bec70>
COc1ccc(S(=O)(=O)Nc2nnc(CC(C)C)s2)cc1,6.63,train,<rdkit.Chem.rdchem.Mol object at 0x7fdcf48bece0>
COc1ccc(CC2OC(=O)NC2=O)cc1C(=O)NCc1ccc(C(F)(F)F)cc1,6.63,train,<rdkit.Chem.rdchem.Mol object at 0x7fdcf48bed50>
CN(C)N=Nc1nc[nH]c1C(N)=O,6.64,test,<rdkit.Chem.rdchem.Mol object at 0x7fdcf48bedc0>
Nc1ccc(S(=O)(=O)Nc2cnc3c(Cl)cccc3n2)cc1,6.64,train,<rdkit.Chem.rdchem.Mol object at 0x7fdcf48bee30>
CC1=NS(=O)(=O)c2cc(Cl)ccc2N1,6.66,test,<rdkit.Chem.rdchem.Mol object at 0x7fdcf48bef10>
CCc1ccc(CCOc2ccc(CC3SC(=O)NC3=O)cc2)nc1,6.66,test,<rdkit.Chem.rdchem.Mol object at 0x7fdcf48bef80>
CC1=Nc2ccc(Cl)cc2S(=O)(=O)[N-]1.C[N+](C)(C)CCO,6.66,train,<rdkit.Chem.rdchem.Mol object at 0x7fdcf48beff0>
Cc1cc(=O)c2c(O)c3ccoc3c(OCC(O)CNC(C)C)c2o1,6.67,test,<rdkit.Chem.rdchem.Mol object at 0x7fdcf48bf060>
Cc1cc(=O)c2c(O)c3ccoc3c(OCC(O)CNC(C)(C)C)c2o1,6.67,train,<rdkit.Chem.rdchem.Mol object at 0x7fdcf48bf0d0>
CN1CC[C@H](c2c(O)cc(O)c3c(=O)cc(-c4ccccc4Cl)oc23)[C@H](O)C1,6.67,train,<rdkit.Chem.rdchem.Mol object at 0x7fdcf48bf140>
CC(C)S(=O)(=O)n1c(N)nc2ccc(C(=NO)c3ccccc3)cc21,6.69,train,<rdkit.Chem.rdchem.Mol object at 0x7fdcf48bf220>
CC(C)S(=O)(=O)n1c(N)nc2ccc(/C(=N\O)c3ccccc3)cc21,6.69,train,<rdkit.Chem.rdchem.Mol object at 0x7fdcf48bf290>
CC(C)S(=O)(=O)n1c(N)nc2ccc(/C(=N/O)c3ccccc3)cc21,6.69,train,<rdkit.Chem.rdchem.Mol object at 0x7fdcf48bf300>
CS(=O)(=O)Nc1ccc([N+](=O)[O-])cc1Oc1ccccc1,6.7,test,<rdkit.Chem.rdchem.Mol object at 0x7fdcf48bf370>
CCc1nnc(NS(=O)(=O)c2ccc(N)cc2)s1,6.7,train,<rdkit.Chem.rdchem.Mol object at 0x7fdcf48bf3e0>
CC(C)(C)c1nnc(NS(=O)(=O)c2ccc(N)cc2)s1,6.7,train,<rdkit.Chem.rdchem.Mol object at 0x7fdcf48bf450>
CC(C)c1nnc(NS(=O)(=O)c2ccc(N)cc2)s1,6.7,train,<rdkit.Chem.rdchem.Mol object at 0x7fdcf48bf4c0>
Cc1nnc(NS(=O)(=O)c2ccc(N)cc2)s1,6.71,train,<rdkit.Chem.rdchem.Mol object at 0x7fdcf488b760>
NCCCC[C@H](NC(=O)[C@@H](Cc1cc(Br)c(O)c(Br)c1)NC(=O)N1CCC(N2Cc3ccccc3NC2=O)CC1)C(=O)N1CCN(c2ccncc2)CC1,6.75,train,<rdkit.Chem.rdchem.Mol object at 0x7fdcf48bf5a0>
O=c1cc(-c2ccccc2)oc2cc(O)c(O)c(O)c12,6.76,train,<rdkit.Chem.rdchem.Mol object at 0x7fdcf48bf610>
CC(=O)OC[C@H]1O[C@@H](n2ncc(=O)[nH]c2=O)[C@H](OC(C)=O)[C@@H]1OC(C)=O,6.78,train,<rdkit.Chem.rdchem.Mol object at 0x7fdcf48bf6f0>
Nc1ccc(S(=O)(=O)Nc2cnc3ccccc3n2)cc1,6.79,train,<rdkit.Chem.rdchem.Mol object at 0x7fdcf48bf760>
Cc1cc(C)cc(-c2c(O)c3ccccc3oc2=O)c1,6.79,train,<rdkit.Chem.rdchem.Mol object at 0x7fdcf48bf7d0>
O=C(c1ccc(NS(=O)(=O)c2cccc3cccnc23)cc1)N1CCN(CC2CC2)CC1,6.79,train,<rdkit.Chem.rdchem.Mol object at 0x7fdcf48bf840>
Cc1nc(NS(=O)(=O)c2ccc(N)cc2)oc1C,6.81,train,<rdkit.Chem.rdchem.Mol object at 0x7fdcf48bf920>
Nc1ccc(S(=O)(=O)Nc2ccnn2-c2ccccc2)cc1,6.82,train,<rdkit.Chem.rdchem.Mol object at 0x7fdcf48bf990>
Cc1cc(NS(=O)(=O)c2ccc(N)cc2)n(-c2cccc(Cl)c2)n1,6.82,train,<rdkit.Chem.rdchem.Mol object at 0x7fdcf48bfa70>
C[C@H]1O[C@@H](O[C@H]2[C@@H](O)C[C@H](O[C@H]3[C@@H](O)C[C@H](O[C@H]4CC[C@@]5(C)[C@H](CC[C@@H]6[C@@H]5CC[C@]5(C)[C@@H](C7=CC(=O)OC7)[C@@H](OC=O)C[C@]65O)C4)O[C@@H]3C)O[C@@H]2C)C[C@H](O)[C@@H]1O,6.82,train,<rdkit.Chem.rdchem.Mol object at 0x7fdcf48bfae0>
CO[C@H]1C[C@H](O[C@H]2CC[C@@]3(C)[C@H](CC[C@@H]4[C@@H]3CC[C@]3(C)[C@@H](C5=CC(=O)OC5)[C@@H](OC(C)=O)C[C@]43O)C2)O[C@@H](C)[C@@H]1O,6.82,train,<rdkit.Chem.rdchem.Mol object at 0x7fdcf48bfb50>
CN(CCOc1ccc(CC2SC(=O)NC2=O)cc1)c1ccccn1,6.84,test,<rdkit.Chem.rdchem.Mol object at 0x7fdcf48bfc30>
Cc1cc(C2CCCCC2)n(O)c(=O)c1,6.84,train,<rdkit.Chem.rdchem.Mol object at 0x7fdcf48bfca0>
COc1ccc(NS(=O)(=O)c2ccc(N)cc2)nn1,6.84,train,<rdkit.Chem.rdchem.Mol object at 0x7fdcf48bfd10>
Cc1cc(C2CCCCC2)n(O)c(=O)c1.NCCO,6.84,train,<rdkit.Chem.rdchem.Mol object at 0x7fdcf48bfd80>
CS(=O)(=O)Nc1cc2occ(NC=O)c(=O)c2cc1Oc1ccccc1,6.84,train,<rdkit.Chem.rdchem.Mol object at 0x7fdcf48bfdf0>
NS(=O)(=O)c1ccc(S(=O)(=O)Nc2cccc3c(Cl)c[nH]c23)cc1,6.85,train,<rdkit.Chem.rdchem.Mol object at 0x7fdcf48bfe60>
CCCCC(=O)OCC(=O)[C@]1(O)Cc2c(O)c3c(c(O)c2[C@@H](O[C@H]2C[C@H](NC(=O)C(F)(F)F)[C@H](O)[C@H](C)O2)C1)C(=O)c1c(OC)cccc1C3=O,6.86,train,<rdkit.Chem.rdchem.Mol object at 0x7fdcf48bfed0>
Cc1cc(CC(C)CC(C)(C)C)n(O)c(=O)c1.NCCO,6.87,train,<rdkit.Chem.rdchem.Mol object at 0x7fdcf48bff40>
Cc1cc(CC(C)CC(C)(C)C)n(O)c(=O)c1,6.87,train,<rdkit.Chem.rdchem.Mol object at 0x7fdcf48c0040>
COc1cccc(CNc2ccc(S(=O)(=O)Nc3nc4ccccc4s3)cc2)c1O,6.88,train,<rdkit.Chem.rdchem.Mol object at 0x7fdcf48c0120>
O=[N+]([O-])c1ccc(O)c2ncccc12,6.89,test,<rdkit.Chem.rdchem.Mol object at 0x7fdcf48c0190>
O=C(Nc1ccc([N+](=O)[O-])cc1Cl)c1cc(Cl)ccc1O,6.89,train,<rdkit.Chem.rdchem.Mol object at 0x7fdcf48c0200>
Cc1cc2c(cc1CC(=O)c1sccc1S(=O)(=O)Nc1onc(C)c1Cl)OCO2,6.89,train,<rdkit.Chem.rdchem.Mol object at 0x7fdcf48c0270>
Cc1cc2c(cc1CC(=O)c1sccc1S(=O)(=O)[N-]c1onc(C)c1Cl)OCO2,6.89,train,<rdkit.Chem.rdchem.Mol object at 0x7fdcf48c02e0>
COc1ccc(F)cc1[C@H](C)NC(=O)Cc1ccc(S(=O)(=O)Nc2ncc(CC(C)C)cn2)cc1,6.9,test,<rdkit.Chem.rdchem.Mol object at 0x7fdcf48c0350>
CC1(C)OC(=O)NC1=O,6.91,train,<rdkit.Chem.rdchem.Mol object at 0x7fdcf48c0430>
COc1cc(NS(=O)(=O)c2ccc(N)cc2)nc(OC)n1,6.91,train,<rdkit.Chem.rdchem.Mol object at 0x7fdcf48c04a0>
CCOCCOC(=O)C(=O)Nc1nc(-c2cc(C)no2)cs1,6.91,train,<rdkit.Chem.rdchem.Mol object at 0x7fdcf48c0510>
Cc1cc(C)n(O)c(=O)c1,6.91,train,<rdkit.Chem.rdchem.Mol object at 0x7fdcf48c0580>
COc1cc([N-]S(=O)(=O)c2ccc(N)cc2)nc(OC)n1,6.91,train,<rdkit.Chem.rdchem.Mol object at 0x7fdcf48c05f0>
COCCOc1cnc(NS(=O)(=O)c2ccccc2)nc1,6.92,train,<rdkit.Chem.rdchem.Mol object at 0x7fdcf48c0660>
CCOC(=O)C(=O)Nc1nc(-c2ccc(OC)cc2)cs1,6.92,train,<rdkit.Chem.rdchem.Mol object at 0x7fdcf48c06d0>
COCCOc1cnc([N-]S(=O)(=O)c2ccccc2)nc1,6.92,train,<rdkit.Chem.rdchem.Mol object at 0x7fdcf48c07b0>
Nc1ccc(S(=O)(=O)[N-]c2nccs2)cc1,6.93,train,<rdkit.Chem.rdchem.Mol object at 0x7fdcf48c0890>
CCc1nc(CC)nc(NS(=O)(=O)c2ccc(N)cc2)n1,6.94,train,<rdkit.Chem.rdchem.Mol object at 0x7fdcf48c0900>
O=C(Cc1cccc(OC(F)(F)F)c1)Nc1ccc(CCCCc2nnc(NC(=O)Cc3ccccn3)s2)nn1,6.94,train,<rdkit.Chem.rdchem.Mol object at 0x7fdcf48c0970>
CCN(CC)CCCNCc1cc(Cl)c2cccnc2c1O,6.97,train,<rdkit.Chem.rdchem.Mol object at 0x7fdcf48c0a50>
CN(C)c1nc(NP(=O)(N2CC2)N2CC2)c2c(ncn2C)n1,6.97,train,<rdkit.Chem.rdchem.Mol object at 0x7fdcf48c0ac0>
N#Cc1ccc2[nH]c(O)c(-c3ccc(CN4CCOCC4)cn3)c2c1,6.97,train,<rdkit.Chem.rdchem.Mol object at 0x7fdcf48c0b30>
C=CC(=O)N1CCN(c2nc(=O)n(-c3c(C)ccnc3C(C)C)c3nc(-c4c(O)cccc4F)c(F)cc23)[C@@H](C)C1,6.98,train,<rdkit.Chem.rdchem.Mol object at 0x7fdcf48c0ba0>
Nc1ccc(S(=O)(=O)Nc2ncccn2)cc1,6.99,test,<rdkit.Chem.rdchem.Mol object at 0x7fdcf48c0c10>
Cc1ccnc(NS(=O)(=O)c2ccc(N)cc2)n1,6.99,train,<rdkit.Chem.rdchem.Mol object at 0x7fdcf48c0c80>
Cc1cc(C)nc(NS(=O)(=O)c2ccc(N)cc2)n1,6.99,train,<rdkit.Chem.rdchem.Mol object at 0x7fdcf48c0cf0>
Cc1ccc2c(Cl)cc(Cl)c(O)c2n1,6.99,train,<rdkit.Chem.rdchem.Mol object at 0x7fdcf48c0d60>
Cc1nc(NS(=O)(=O)c2ccc(N)cc2)nc(C)c1Br,6.99,train,<rdkit.Chem.rdchem.Mol object at 0x7fdcf48c0dd0>
Nc1ccc(S(=O)(=O)[N-]c2ncccn2)cc1.[Ag+],6.99,train,<rdkit.Chem.rdchem.Mol object at 0x7fdcf48c0e40>
Cc1ccnc([N-]S(=O)(=O)c2ccc(N)cc2)n1,6.99,train,<rdkit.Chem.rdchem.Mol object at 0x7fdcf48c0eb0>
O=S(=O)(N[C@H](CO)C(C(F)(F)F)C(F)(F)F)c1ccc(Cl)s1,6.99,train,<rdkit.Chem.rdchem.Mol object at 0x7fdcf48c0f90>
NCc1cc(O)no1,7.0,train,<rdkit.Chem.rdchem.Mol object at 0x7fdcf48c1000>
COc1cc(O)c(CC=C(C)C)c(O)c1C(=O)/C=C/c1ccc(O)cc1,7.01,train,<rdkit.Chem.rdchem.Mol object at 0x7fdcf48c11c0>
CCN(CC)/C(C)=N/N=C/c1c2c(O)c3c(O)c(C)c4c(c3c1O)C(=O)[C@@](C)(O/C=C/[C@H](OC)[C@@H](C)[C@@H](OC(C)=O)[C@H](C)[C@H](O)[C@H](C)[C@@H](O)[C@@H](C)/C=C/C=C(/C)C(=O)N2)O4,7.01,train,<rdkit.Chem.rdchem.Mol object at 0x7fdcf48c1230>
Cc1nnc(C(=O)NC(C)(C)c2nc(C(=O)NCc3ccc(F)cc3)c(O)c(=O)n2C)o1,7.02,train,<rdkit.Chem.rdchem.Mol object at 0x7fdcf48c12a0>
Cc1nnc(C(=O)NC(C)(C)c2nc(C(=O)NCc3ccc(F)cc3)c([O-])c(=O)n2C)o1,7.02,train,<rdkit.Chem.rdchem.Mol object at 0x7fdcf48c1310>
CCCCc1c(O)n(-c2ccccc2)n(-c2ccccc2)c1=O,7.03,train,<rdkit.Chem.rdchem.Mol object at 0x7fdcf48c1380>
Cc1cnc(NS(=O)(=O)c2ccc(N)cc2)nc1,7.03,train,<rdkit.Chem.rdchem.Mol object at 0x7fdcf48c13f0>
Cn1c(N2CCCCS2(=O)=O)nc(C(=O)NCc2ccc(F)cc2)c(O)c1=O,7.03,train,<rdkit.Chem.rdchem.Mol object at 0x7fdcf48c14d0>
CCOP(=O)(NC(=S)Nc1ccc(NC(=S)NP(=O)(OCC)OCC)c(OC)c1)OCC,7.04,train,<rdkit.Chem.rdchem.Mol object at 0x7fdcf48c1540>
CCN1CCC[C@H]1CNC(=O)c1c(OC)ccc(I)c1O,7.05,test,<rdkit.Chem.rdchem.Mol object at 0x7fdcf48c15b0>
CC(C)(C)c1[nH]cnc1/C=c1\[nH]c(=O)/c(=C/c2ccccc2)[nH]c1=O,7.05,train,<rdkit.Chem.rdchem.Mol object at 0x7fdcf48c1620>
CCN1CCC[C@H]1CNC(=O)c1c(OC)ccc([123I])c1O,7.05,train,<rdkit.Chem.rdchem.Mol object at 0x7fdcf48c1690>
CS(=O)(=O)Nc1ccc(C(=O)O[C@@H](Cc2c(Cl)c[n+]([O-])cc2Cl)c2ccc(OC(F)F)c(OCC3CC3)c2)cc1OCC1CC1,7.06,train,<rdkit.Chem.rdchem.Mol object at 0x7fdcf48c17e0>
CCCCCCCCOc1ccc(C(=O)c2ccccc2)c(O)c1,7.07,train,<rdkit.Chem.rdchem.Mol object at 0x7fdcf48c18c0>
COc1ccc(-c2oc3c(CC=C(C)C)c(O[C@@H]4O[C@H](CO)[C@@H](O)[C@H](O)[C@H]4O)cc(O)c3c(=O)c2O[C@@H]2O[C@@H](C)[C@H](O)[C@@H](O)[C@H]2O)cc1,7.07,train,<rdkit.Chem.rdchem.Mol object at 0x7fdcf48c1930>
O=C(c1cc(O)c(O)c(O)c1)c1ccc(O)c(O)c1O,7.08,train,<rdkit.Chem.rdchem.Mol object at 0x7fdcf48c19a0>
COc1ccc(C(=O)c2ccc(C)cc2)c(O)c1,7.08,train,<rdkit.Chem.rdchem.Mol object at 0x7fdcf48c1a10>
COc1ccc(S(=O)(=O)NCc2cc(CN3CCCC3)c(O)c(CN3CCCC3)c2)cc1,7.08,train,<rdkit.Chem.rdchem.Mol object at 0x7fdcf48c1a80>
COc1cc(O)c2c(c1)C(=O)c1cc3c(c(O)c1C2=O)[C@@H](O[C@@H]1O[C@@H](C)[C@H](O)[C@@H](O)[C@H]1OC)[C@H](OC)[C@](C)(O)C3=O,7.08,train,<rdkit.Chem.rdchem.Mol object at 0x7fdcf48c1af0>
CO[C@H]1/C=C/O[C@@]2(C)Oc3c(C)c(O)c4c(O)c(cc(O)c4c3C2=O)NC(=O)/C(C)=C\C=C\[C@H](C)[C@H](O)[C@@H](C)[C@@H](O)[C@@H](C)[C@H](OC(C)=O)[C@@H]1C,7.09,train,<rdkit.Chem.rdchem.Mol object at 0x7fdcf48bde70>
CCN(CC)C(=O)COc1cc2c(O)c3c(O)c(C)c4c(c13)C(=O)[C@@](C)(O/C=C/[C@H](OC)[C@@H](C)[C@@H](OC(C)=O)[C@H](C)[C@H](O)[C@H](C)[C@@H](O)[C@@H](C)/C=C/C=C(/C)C(=O)N2)O4,7.09,train,<rdkit.Chem.rdchem.Mol object at 0x7fdcf48c1b60>
CO[C@H]1/C=C/O[C@@]2(C)Oc3c(C)c([O-])c4c(O)c(cc(O)c4c3C2=O)NC(=O)/C(C)=C\C=C\[C@H](C)[C@H](O)[C@@H](C)[C@@H](O)[C@@H](C)[C@H](OC(C)=O)[C@@H]1C,7.09,train,<rdkit.Chem.rdchem.Mol object at 0x7fdcf48c1bd0>
COc1ccc(-c2cc(=O)c3c(O)c(OC)c(O)cc3o2)cc1OC,7.1,train,<rdkit.Chem.rdchem.Mol object at 0x7fdcf48c1c40>
CC(C)(C)[C@H](NC(=O)C(F)(F)F)C(=O)N1C[C@H]2[C@@H]([C@H]1C(=O)N[C@H](C#N)C[C@@H]1CCNC1=O)C2(C)C,7.1,train,<rdkit.Chem.rdchem.Mol object at 0x7fdcf48c1cb0>
CC(CCc1ccccc1)NC(C)C(O)c1cc(I)c(O)c(I)c1,7.11,train,<rdkit.Chem.rdchem.Mol object at 0x7fdcf48c1d20>
O=S(=O)(Nc1cc(Cl)c(Oc2cnc3ccccc3c2)c(Cl)c1)c1ccc(Cl)cc1Cl,7.11,train,<rdkit.Chem.rdchem.Mol object at 0x7fdcf48c1d90>
Cc1ccc(NS(=O)(=O)c2cccc(C#N)c2)c2[nH]cc(C#N)c12,7.12,train,<rdkit.Chem.rdchem.Mol object at 0x7fdcf48c1e00>
O=C1NC(=O)C(CC2CCCCN2)(c2ccccc2)C(=O)N1,7.12,train,<rdkit.Chem.rdchem.Mol object at 0x7fdcf48c1e70>
COc1ccc(CCC(C)NCC(O)c2ccc(O)c([S+](C)[O-])c2)cc1,7.13,train,<rdkit.Chem.rdchem.Mol object at 0x7fdcf48c1ee0>
C[C@@H]1O[C@@H](OC[C@H]2O[C@@H](Oc3c(-c4ccc(O)c(O)c4)oc4cc(OCCO)cc(O)c4c3=O)[C@H](O)[C@@H](O)[C@@H]2O)[C@H](O)[C@H](O)[C@H]1O,7.13,train,<rdkit.Chem.rdchem.Mol object at 0x7fdcf48c1f50>
C[C@@H]1O[C@@H](OC[C@H]2O[C@@H](Oc3c(-c4ccc(O)c(O)c4)oc4cc(OCCN5CCOCC5)cc(O)c4c3=O)[C@H](O)[C@@H](O)[C@@H]2O)[C@H](O)[C@H](O)[C@H]1O,7.13,train,<rdkit.Chem.rdchem.Mol object at 0x7fdcf48c1fc0>
C[C@@H]1O[C@@H](OC[C@H]2O[C@@H](Oc3c(-c4ccc(OCCO)c(OCCO)c4)oc4cc(OCCO)cc(O)c4c3=O)[C@H](O)[C@@H](O)[C@@H]2O)[C@H](O)[C@H](O)[C@H]1O,7.14,test,<rdkit.Chem.rdchem.Mol object at 0x7fdcf48c2030>
CCC1(c2ccccc2)C(=O)NC(=O)NC1=O,7.14,train,<rdkit.Chem.rdchem.Mol object at 0x7fdcf48c2110>
CCC1(C2=CCCCC2)C(=O)NC(=O)NC1=O,7.14,train,<rdkit.Chem.rdchem.Mol object at 0x7fdcf48c2180>
CCC1(C2=CCCCCC2)C(=O)NC(=O)NC1=O,7.14,train,<rdkit.Chem.rdchem.Mol object at 0x7fdcf48c21f0>
C=CC1(C(C)CCC)C(=O)NC(=O)NC1=O,7.14,train,<rdkit.Chem.rdchem.Mol object at 0x7fdcf48c22d0>
CCC1(c2ccccc2)C(=O)N=C([O-])NC1=O,7.14,train,<rdkit.Chem.rdchem.Mol object at 0x7fdcf48c2340>
CC/C=C(\C)C1(CC)C(=O)[N-]C(=O)NC1=O,7.14,train,<rdkit.Chem.rdchem.Mol object at 0x7fdcf48c2420>
COc1cc(NS(=O)(=O)c2ccc(N)cc2)ncn1,7.15,train,<rdkit.Chem.rdchem.Mol object at 0x7fdcf48c2490>
CCC1(c2ccccc2)C(=O)NC(=O)N(C(=O)c2ccccc2)C1=O,7.15,train,<rdkit.Chem.rdchem.Mol object at 0x7fdcf48c2500>
O=c1oc2cc(O)ccc2s1,7.15,train,<rdkit.Chem.rdchem.Mol object at 0x7fdcf48c2570>
CO[C@H]1[C@@H](O)C[C@H](O[C@H]2[C@@H](O)C[C@H](O[C@H]3[C@@H](O)C[C@H](O[C@H]4CC[C@@]5(C)[C@H](CC[C@@H]6[C@@H]5C[C@@H](O)[C@]5(C)[C@@H](C7=CC(=O)OC7)CC[C@]65O)C4)O[C@@H]3C)O[C@@H]2C)O[C@@H]1C,7.15,train,<rdkit.Chem.rdchem.Mol object at 0x7fdcf48c25e0>
CC(=O)O[C@H]1C[C@H](O[C@H]2[C@@H](O)C[C@H](O[C@H]3[C@@H](O)C[C@H](O[C@H]4CC[C@@]5(C)[C@H](CC[C@@H]6[C@@H]5C[C@@H](O)[C@]5(C)[C@@H](C7=CC(=O)OC7)CC[C@]65O)C4)O[C@@H]3C)O[C@@H]2C)O[C@H](C)[C@H]1O,7.15,train,<rdkit.Chem.rdchem.Mol object at 0x7fdcf48c26c0>
Cc1ccc2c(Br)cc(Br)c(O)c2n1,7.16,train,<rdkit.Chem.rdchem.Mol object at 0x7fdcf48c2730>
CC(C)(C)c1nc(-c2cccc(NS(=O)(=O)c3c(F)cccc3F)c2F)c(-c2ccnc(N)n2)s1,7.16,train,<rdkit.Chem.rdchem.Mol object at 0x7fdcf48c27a0>
C[C@H]1O[C@@H](O[C@H]2[C@@H](O)C[C@H](O[C@H]3[C@@H](O)C[C@H](O[C@H]4CC[C@@]5(C)[C@H](CC[C@@H]6[C@@H]5CC[C@]5(C)[C@@H](C7=CC(=O)OC7)CC[C@]65O)C4)O[C@@H]3C)O[C@@H]2C)C[C@H](O)[C@@H]1O,7.18,test,<rdkit.Chem.rdchem.Mol object at 0x7fdcf48c2810>
O=c1[nH]cc(F)c(=O)[nH]1,7.18,train,<rdkit.Chem.rdchem.Mol object at 0x7fdcf48c2880>
CCCCC1(CCOC(N)=O)C(=O)NC(=O)NC1=O,7.18,train,<rdkit.Chem.rdchem.Mol object at 0x7fdcf48c28f0>
C=CCC1(CC(C)O)C(=O)NC(=O)NC1=O,7.18,train,<rdkit.Chem.rdchem.Mol object at 0x7fdcf48c2960>
C[C@@H]1O[C@@H](O[C@H]2C[C@@H](O)[C@]3(CO)[C@H]4[C@H](O)C[C@]5(C)[C@@H](C6=CC(=O)OC6)CC[C@]5(O)[C@@H]4CC[C@]3(O)C2)[C@H](O)[C@H](O)[C@H]1O,7.18,train,<rdkit.Chem.rdchem.Mol object at 0x7fdcf48c29d0>
CC(=O)O[C@H]1C[C@H](O[C@H]2[C@@H](O)C[C@H](O[C@H]3[C@@H](O)C[C@H](O[C@H]4CC[C@@]5(C)[C@H](CC[C@@H]6[C@@H]5CC[C@]5(C)[C@@H](C7=CC(=O)OC7)CC[C@]65O)C4)O[C@@H]3C)O[C@@H]2C)O[C@H](C)[C@H]1O,7.18,train,<rdkit.Chem.rdchem.Mol object at 0x7fdcf48c2a40>
CO[C@H]1[C@H](O)[C@H](O[C@H]2CC[C@@]3(C=O)[C@H](CC[C@@H]4[C@@H]3CC[C@]3(C)[C@@H](C5=CC(=O)OC5)CC[C@]43O)C2)O[C@@H](C)[C@@H]1O,7.18,train,<rdkit.Chem.rdchem.Mol object at 0x7fdcf48c2ab0>
C[C@@H]1O[C@@H](O[C@H]2CC[C@@]3(C)[C@H](CC[C@@H]4[C@@H]3CC[C@]3(C)[C@@H](C5=CC(=O)OC5)CC[C@]43O)C2)CC[C@H]1O,7.18,train,<rdkit.Chem.rdchem.Mol object at 0x7fdcf48c2b20>
COc1cc(NS(=O)(=O)c2ccc(N)cc2)nc(C)n1,7.19,train,<rdkit.Chem.rdchem.Mol object at 0x7fdcf48c2b90>
C=CCC1(C2C=CCCC2)C(=O)NC(=S)NC1=O,7.19,train,<rdkit.Chem.rdchem.Mol object at 0x7fdcf48c2c00>
CCCC(C)C1(CC)C(=O)NC(=S)NC1=O,7.2,test,<rdkit.Chem.rdchem.Mol object at 0x7fdcf48c2c70>
C=CCC1(C(C)CCC)C(=O)NC(=S)NC1=O,7.2,train,<rdkit.Chem.rdchem.Mol object at 0x7fdcf48c2ce0>
CCCC(C)C1(CCSC)C(=O)NC(=S)NC1=O,7.2,train,<rdkit.Chem.rdchem.Mol object at 0x7fdcf48c2d50>
C=CCC1(CC(C)C)C(=O)NC(=S)NC1=O,7.2,train,<rdkit.Chem.rdchem.Mol object at 0x7fdcf48c2dc0>
CCCC(CC)C1(CC)C(=O)NC(=S)NC1=O,7.2,train,<rdkit.Chem.rdchem.Mol object at 0x7fdcf48c2e30>
C=CCC1(C(C)CCC)C(=O)[N-]C(=S)NC1=O,7.2,train,<rdkit.Chem.rdchem.Mol object at 0x7fdcf48c2ea0>
CCCC(C)C1(CC)C(=O)[N-]C(=S)NC1=O,7.2,train,<rdkit.Chem.rdchem.Mol object at 0x7fdcf48c2f10>
C=CCC1(CC(C)C)C(=O)[N-]C(=S)NC1=O,7.2,train,<rdkit.Chem.rdchem.Mol object at 0x7fdcf48c2f80>
NC1CCCN(c2c(/C=C3/SC(=O)NC3=O)cccc2-c2ccccc2)C1,7.2,train,<rdkit.Chem.rdchem.Mol object at 0x7fdcf48c2ff0>
CC(=O)/N=c1/sc(S(N)(=O)=O)nn1C,7.21,train,<rdkit.Chem.rdchem.Mol object at 0x7fdcf48c3060>
COc1cc(F)c(F)c(Nc2ccc(I)cc2F)c1NS(=O)(=O)C1(C[C@H](O)CO)CC1,7.21,train,<rdkit.Chem.rdchem.Mol object at 0x7fdcf48c3140>
CCC1(CC)C(=O)NC(=O)N(c2ccccc2)C1=O,7.22,train,<rdkit.Chem.rdchem.Mol object at 0x7fdcf48c3220>
Cc1cc(NC(=O)C(=O)c2cc(Cc3ccc(C#N)cc3)n3ccccc23)sn1,7.22,train,<rdkit.Chem.rdchem.Mol object at 0x7fdcf48c3290>
N=C1CCCN1Cc1[nH]c(=O)[nH]c(=O)c1Cl,7.28,test,<rdkit.Chem.rdchem.Mol object at 0x7fdcf48c3300>
CCCn1c(=O)c2[nH]c([C@H]3CCC(=O)C3)nc2n(CCC)c1=O,7.29,train,<rdkit.Chem.rdchem.Mol object at 0x7fdcf48c33e0>
CC(C)c1cc(NS(=O)(=O)c2cc(C3(O)CCC(=O)N3C)ccc2Cl)cc(C(C)C)c1O,7.29,train,<rdkit.Chem.rdchem.Mol object at 0x7fdcf48c3450>
CC(C)(C)c1ccc(S(=O)(=O)Nc2ccc(Cl)cc2C(=O)c2cc[n+]([O-])cc2)cc1,7.3,train,<rdkit.Chem.rdchem.Mol object at 0x7fdcf48c34c0>
COc1ccc(-c2cc(=O)c3c(O)cc(O[C@@H]4O[C@H](CO[C@@H]5O[C@@H](C)[C@H](O)[C@@H](O)[C@H]5O)[C@@H](O)[C@H](O)[C@H]4O)cc3o2)cc1O,7.31,train,<rdkit.Chem.rdchem.Mol object at 0x7fdcf48c3530>
C[C@@H]1CN2c3c(cc4c(N5C(=O)OC[C@@H]5C)noc4c3F)CC3(C(=O)NC(=O)NC3=O)[C@H]2[C@H](C)O1,7.31,train,<rdkit.Chem.rdchem.Mol object at 0x7fdcf48c35a0>
Sc1ncnc2[nH]ncc12,7.31,train,<rdkit.Chem.rdchem.Mol object at 0x7fdcf48c3610>
Oc1c(I)cc(Cl)c2cccnc12,7.34,train,<rdkit.Chem.rdchem.Mol object at 0x7fdcf48c3680>
O=C1CCCC(=O)C1C(=O)c1ccc(C(F)(F)F)cc1[N+](=O)[O-],7.38,test,<rdkit.Chem.rdchem.Mol object at 0x7fdcf48c3760>
O=C(Nc1cccc(Cl)c1)Nc1ncc(CCNc2ncnc3ccsc23)s1,7.38,train,<rdkit.Chem.rdchem.Mol object at 0x7fdcf48c37d0>
Oc1c(I)cc(I)c2cccnc12,7.39,train,<rdkit.Chem.rdchem.Mol object at 0x7fdcf48c3840>
COC[C@]1(OC)CC[C@H]2[C@@H]3CCC4=CC(=O)CCC4=C3[C@@H](c3ccc(/C=N/O)cc3)C[C@@]21C,7.39,train,<rdkit.Chem.rdchem.Mol object at 0x7fdcf48c3920>
CCc1c(O)cc(O)c(C(=O)c2ccc(OCCN3CCOCC3)c(OC)c2)c1CC(=O)N(CCOC)CCOC,7.39,train,<rdkit.Chem.rdchem.Mol object at 0x7fdcf48c3990>
CCC1(c2ccccc2)C(=O)NC(=O)N(C)C1=O,7.4,train,<rdkit.Chem.rdchem.Mol object at 0x7fdcf48c3a00>
CN1C(=O)NC(=O)C(C)(C2=CCCCC2)C1=O,7.41,train,<rdkit.Chem.rdchem.Mol object at 0x7fdcf48c3a70>
Cc1cc(-n2c(=O)[nH]c(=O)n(C)c2=O)ccc1Oc1ccc(SC(F)(F)F)cc1,7.42,train,<rdkit.Chem.rdchem.Mol object at 0x7fdcf48c3ae0>
CCOc1ncc(S(=O)(=O)N2CCN(CC)CC2)cc1-c1nc(=O)c2nn(CCOC)c(CC)c2[nH]1,7.43,train,<rdkit.Chem.rdchem.Mol object at 0x7fdcf48c3bc0>
CCOc1ncc(S(=O)(=O)N2CCN(CC)CC2)cc1-c1nc2c(CC)n(CCOC)nc2c(=O)[nH]1.O=S(=O)(O)c1ccccc1,7.43,train,<rdkit.Chem.rdchem.Mol object at 0x7fdcf48c3c30>
CC1(C)CC=C(c2nc(C3CC(C)(C)OC(C)(C)C3)ccc2NC(=O)c2nc(C#N)c[nH]2)CC1,7.44,test,<rdkit.Chem.rdchem.Mol object at 0x7fdcf48c3ca0>
CC(=O)Nc1ccc(S(=O)(=O)Nc2ccc([N+](=O)[O-])cc2)cc1,7.44,train,<rdkit.Chem.rdchem.Mol object at 0x7fdcf48c3d10>
OC[C@H]1O[C@@H](n2cnc3c(S)ncnc32)[C@H](O)[C@@H]1O,7.44,train,<rdkit.Chem.rdchem.Mol object at 0x7fdcf48c3d80>
CCCCNC(=O)c1ccc(Cl)cc1O,7.45,train,<rdkit.Chem.rdchem.Mol object at 0x7fdcf48c3df0>
O/N=C/c1cc[n+](C[n+]2ccc(/C=N/O)cc2)cc1,7.45,train,<rdkit.Chem.rdchem.Mol object at 0x7fdcf48c3e60>
C=CCC1(CC(C)C)C(=O)NC(=O)NC1=O,7.48,test,<rdkit.Chem.rdchem.Mol object at 0x7fdcf48c4040>
CCCC(CC)C1(CC)C(=O)NC(=O)NC1=O,7.48,test,<rdkit.Chem.rdchem.Mol object at 0x7fdcf48c4120>
C=CCC1(CC(C)(C)C)C(=O)NC(=O)NC1=O,7.48,test,<rdkit.Chem.rdchem.Mol object at 0x7fdcf48c4190>
CCC1(CCC(C)C)C(=O)N=C([O-])NC1=O,7.48,train,<rdkit.Chem.rdchem.Mol object at 0x7fdcf48c4200>
CCC1(CCC(C)C)C(=O)NC(=O)NC1=O,7.48,train,<rdkit.Chem.rdchem.Mol object at 0x7fdcf48c4270>
CCC1(CC)C(=O)NC(=O)NC1=O,7.48,train,<rdkit.Chem.rdchem.Mol object at 0x7fdcf48c42e0>
CCC(C)C1(CC)C(=O)NC(=O)NC1=O,7.48,train,<rdkit.Chem.rdchem.Mol object at 0x7fdcf48c4350>
CCCC(C)C1(CC)C(=O)NC(=O)NC1=O,7.48,train,<rdkit.Chem.rdchem.Mol object at 0x7fdcf48c43c0>
C=CCC1(C(C)CCC)C(=O)NC(=O)NC1=O,7.48,train,<rdkit.Chem.rdchem.Mol object at 0x7fdcf48c4430>
C=CCC1(CC=C)C(=O)NC(=O)NC1=O,7.48,train,<rdkit.Chem.rdchem.Mol object at 0x7fdcf48c44a0>
C=CCC1(CC)C(=O)NC(=O)NC1=O,7.48,train,<rdkit.Chem.rdchem.Mol object at 0x7fdcf48c4660>
CCC1(CC)C(=O)[N-]C(=O)NC1=O,7.48,train,<rdkit.Chem.rdchem.Mol object at 0x7fdcf48c46d0>
CCCC(C)C1(CC)C(=O)N=C([O-])NC1=O,7.48,train,<rdkit.Chem.rdchem.Mol object at 0x7fdcf48c4740>
CCC(C)C1(CC)C(=O)[N-]C(=O)NC1=O,7.48,train,<rdkit.Chem.rdchem.Mol object at 0x7fdcf48c47b0>
C=CCC1(C(C)CCC)C(=O)[N-]C(=O)NC1=O,7.48,train,<rdkit.Chem.rdchem.Mol object at 0x7fdcf48c4820>
O=C(Nc1ccc(Br)cc1)c1cc(Br)ccc1O,7.49,train,<rdkit.Chem.rdchem.Mol object at 0x7fdcf48c4890>
O=C(Nc1ccc(Cl)cc1)c1cc(Br)ccc1O,7.49,train,<rdkit.Chem.rdchem.Mol object at 0x7fdcf48c4900>
O=c1[nH]c(C2CCCN2)nc2c1oc1ccc(Cl)cc12,7.49,train,<rdkit.Chem.rdchem.Mol object at 0x7fdcf48c4970>
O=C(c1cc(S(=O)(=O)Nc2ccccc2F)c(F)cc1Cl)N1CCN2CCC[C@@H]2C1,7.5,test,<rdkit.Chem.rdchem.Mol object at 0x7fdcf48c49e0>
CNCC(=O)c1ccc(O)c(O)c1,7.5,train,<rdkit.Chem.rdchem.Mol object at 0x7fdcf48c4a50>
CN1CCc2cc(Cl)c(O)cc2[C@H]2c3ccccc3CC[C@@H]21,7.5,train,<rdkit.Chem.rdchem.Mol object at 0x7fdcf48c4ac0>
CCOc1ccc2nc(S(N)(=O)=O)sc2c1,7.51,train,<rdkit.Chem.rdchem.Mol object at 0x7fdcf48c4b30>
Sc1ncnc2nc[nH]c12,7.51,train,<rdkit.Chem.rdchem.Mol object at 0x7fdcf48c4c10>
CCCn1c(=O)c2[nH]cnc2n(-c2ccc(Cl)cc2)c1=O,7.53,train,<rdkit.Chem.rdchem.Mol object at 0x7fdcf48c4cf0>
C=Cc1cc(O)cc2nc(-c3ccc(O)c(F)c3)oc12,7.53,train,<rdkit.Chem.rdchem.Mol object at 0x7fdcf48c4d60>
Cc1[nH]c(=O)c(C#N)cc1-c1ccncc1,7.54,test,<rdkit.Chem.rdchem.Mol object at 0x7fdcf48c4dd0>
CC(O)C(=O)O.Cc1[nH]c(=O)c(C#N)cc1-c1ccncc1,7.54,train,<rdkit.Chem.rdchem.Mol object at 0x7fdcf48c4e40>
O=C(c1ccc(O)c(F)c1)N(c1ccc(O)cc1)c1ccc(F)cc1,7.54,train,<rdkit.Chem.rdchem.Mol object at 0x7fdcf48c4eb0>
O=C(NCNC(=O)NC1C(=O)NC(=O)N1CO)NC1C(=O)NC(=O)N1CO,7.55,train,<rdkit.Chem.rdchem.Mol object at 0x7fdcf48c4f20>
Cc1[nH]c(=O)c(C#N)cc1-c1ccc2nccn2c1,7.56,train,<rdkit.Chem.rdchem.Mol object at 0x7fdcf48c5000>
CC(C)(C)CC(C)(C)c1cc(Cc2cc(C(C)(C)CC(C)(C)C)cc(-n3nc4ccccc4n3)c2O)c(O)c(-n2nc3ccccc3n2)c1,7.56,train,<rdkit.Chem.rdchem.Mol object at 0x7fdcf48c50e0>
COC(=O)[C@@H]1c2cc3c(c(O)c2[C@@H](O[C@@H]2O[C@@H](C)[C@H](OC)[C@@](C)(OC)[C@H]2OC)C[C@]1(C)O)C(=O)c1c(O)cc2c(c1C3=O)O[C@@H]1O[C@@]2(C)[C@H](O)[C@@H](N(C)C)[C@@H]1O,7.56,train,<rdkit.Chem.rdchem.Mol object at 0x7fdcf48c5150>
CN(C)c1cccc2c(S(=O)(=O)Nc3ccc(NC(=O)C(C)(C)CO)cc3)cccc12,7.58,train,<rdkit.Chem.rdchem.Mol object at 0x7fdcf48c5230>
C#Cc1cc(Nc2nccc(Oc3ccc(NC(=O)Nc4cc(C(C)(C)C)cc(NS(C)(=O)=O)c4OC)c4ccccc34)n2)cc(C(=O)NCCOCCOCCOC)c1,7.59,train,<rdkit.Chem.rdchem.Mol object at 0x7fdcf48c52a0>
CC(=O)C1C(=O)C=C(C)OC1=O,7.6,train,<rdkit.Chem.rdchem.Mol object at 0x7fdcf48c5310>
CC(=O)c1c([O-])cc(C)oc1=O,7.6,train,<rdkit.Chem.rdchem.Mol object at 0x7fdcf48c5380>
CCOCc1[nH]c(=O)c(-c2nnc(Cc3ccc(Cl)cn3)o2)c(O)c1-c1c(OC)cccc1OC,7.61,test,<rdkit.Chem.rdchem.Mol object at 0x7fdcf48c54d0>
CCCc1nn(C)c2c(=O)[nH]c(-c3cc(S(=O)(=O)N4CCN(C)CC4)ccc3OCC)nc12,7.63,test,<rdkit.Chem.rdchem.Mol object at 0x7fdcf48c55b0>
C[n+]1ccccc1/C=N/O,7.63,train,<rdkit.Chem.rdchem.Mol object at 0x7fdcf48c5620>
CCOC(=O)C(C)(N)Cc1cc(I)c(Oc2cc(I)c(O)c(I)c2)c(I)c1,7.63,train,<rdkit.Chem.rdchem.Mol object at 0x7fdcf48c5700>
C=CCC1(CC(=C)Br)C(=O)NC(=O)NC1=O,7.63,train,<rdkit.Chem.rdchem.Mol object at 0x7fdcf48c5770>
O=C(Nc1ncc(SCCN2CCCC2)s1)[C@]1(c2ccc(S(=O)(=O)C3CC3)cc2)C[C@H]1C1CCCCC1,7.63,train,<rdkit.Chem.rdchem.Mol object at 0x7fdcf48c57e0>
CCCc1nn(C)c2c(=O)[nH]c(-c3cc(S(=O)(=O)N4CCN(C)CC4)ccc3OCC)nc12.O=C(O)CC(O)(CC(=O)O)C(=O)O,7.63,train,<rdkit.Chem.rdchem.Mol object at 0x7fdcf48c58c0>
CC(=O)NC(=O)c1ccccc1O,7.64,train,<rdkit.Chem.rdchem.Mol object at 0x7fdcf48c5930>
OC(CNc1nc(-c2cc(-c3ccon3)n(Cc3ccccc3F)n2)ncc1F)(C(F)(F)F)C(F)(F)F,7.64,train,<rdkit.Chem.rdchem.Mol object at 0x7fdcf48c59a0>
CCNCc1c(CSC)cnc(C)c1O,7.65,train,<rdkit.Chem.rdchem.Mol object at 0x7fdcf48c5a10>
Cc1cc(O)c(Cl)c(C)c1Cl,7.67,train,<rdkit.Chem.rdchem.Mol object at 0x7fdcf48c5a80>
Cc1csc(NC(=O)C(C(=O)OC(C)C)=C2SCS2)n1,7.67,train,<rdkit.Chem.rdchem.Mol object at 0x7fdcf48c5b60>
COc1cc2cc(-c3ccc(CC(=O)Nc4cc(C(C)(C)C(F)(F)F)no4)cn3)cnc2cc1OC,7.67,train,<rdkit.Chem.rdchem.Mol object at 0x7fdcf48c5bd0>
Oc1cc(Cl)ccc1Oc1ccc(Cl)cc1Cl,7.68,train,<rdkit.Chem.rdchem.Mol object at 0x7fdcf48c5c40>
CCCOc1ccc(S(=O)(=O)N2CCN(CCO)CC2)cc1-c1nc2c(CCC)cn(CC)c2c(=O)[nH]1,7.68,train,<rdkit.Chem.rdchem.Mol object at 0x7fdcf48c5cb0>
COc1cc2c(cc1OC)[C@H]1CN(C)CC[C@H]1N=C2c1ccc(NS(=O)(=O)c2ccc(C)cc2)cc1,7.69,train,<rdkit.Chem.rdchem.Mol object at 0x7fdcf48c5d20>
Nc1nccc(-c2ccc(O)c(-c3ccnc(N)n3)n2)n1,7.69,train,<rdkit.Chem.rdchem.Mol object at 0x7fdcf48c5d90>
Oc1cc(Cl)ccc1Oc1ccc(Cl)cc1,7.7,train,<rdkit.Chem.rdchem.Mol object at 0x7fdcf48c5e00>
CN1CCc2cc(Cl)c(O)cc2[C@@H](c2cccc3c2OCC3)C1,7.7,train,<rdkit.Chem.rdchem.Mol object at 0x7fdcf48c5e70>
CN(C)c1cccc2c(S(=O)(=O)Nc3ccc(NC(=O)C(C)(C)COC(=O)CN)cc3)cccc12,7.7,train,<rdkit.Chem.rdchem.Mol object at 0x7fdcf48c5ee0>
O=C1c2c(O)cc(O)cc2O[C@H](c2cc(O)c(O)c(O)c2)[C@H]1O,7.72,test,<rdkit.Chem.rdchem.Mol object at 0x7fdcf48c5f50>
COc1ccccc1N1CCN(CC(O)COc2ccc(-c3cc(C#N)c(=O)[nH]c3C)cc2)CC1,7.72,train,<rdkit.Chem.rdchem.Mol object at 0x7fdcf48c60a0>
C=CCC1(C(C)C#CCC)C(=O)NC(=O)N(C)C1=O,7.73,test,<rdkit.Chem.rdchem.Mol object at 0x7fdcf48c6110>
O=C(NC(CCl)C(=O)c1ccc(Cl)cc1)C(Cl)Cl,7.73,train,<rdkit.Chem.rdchem.Mol object at 0x7fdcf48c6180>
C=CCC1(C(C)C#CCC)C(=O)N=C([O-])N(C)C1=O,7.73,train,<rdkit.Chem.rdchem.Mol object at 0x7fdcf48c61f0>
O=c1cc(CN2CCOCC2)c2ccc(O)cc2o1,7.75,test,<rdkit.Chem.rdchem.Mol object at 0x7fdcf48c62d0>
CCC1(CC)C(=O)NC(=O)N(C)C1=O,7.75,train,<rdkit.Chem.rdchem.Mol object at 0x7fdcf48c6340>
COc1cc([C@H]2Oc3cc([C@H]4Oc5cc(O)cc(O)c5C(=O)[C@@H]4O)ccc3O[C@@H]2CO)ccc1O,7.75,train,<rdkit.Chem.rdchem.Mol object at 0x7fdcf48c63b0>
COc1cc(C2Oc3cc([C@H]4Oc5cc(O)cc(O)c5C(=O)[C@@H]4O)ccc3OC2CO)ccc1O,7.75,train,<rdkit.Chem.rdchem.Mol object at 0x7fdcf48c6420>
COc1cc([C@@H]2[C@H]3CO[C@@]4(O)C(=O)[C@@H]2C=C([C@H]2Oc5cc(O)cc(O)c5C(=O)[C@@H]2O)[C@@H]34)ccc1O,7.75,train,<rdkit.Chem.rdchem.Mol object at 0x7fdcf48c6490>
COc1cc(C2Oc3c(O)cc([C@H]4Oc5cc(O)cc(O)c5C(=O)[C@@H]4O)cc3C2CO)ccc1O,7.75,train,<rdkit.Chem.rdchem.Mol object at 0x7fdcf48c6500>
C/C(=N\O)c1ccc(OCC(=O)N2CCCCC2)cc1,7.76,test,<rdkit.Chem.rdchem.Mol object at 0x7fdcf48c6570>
C/C(=N\O)c1ccc(OCC(=O)N2CCOCC2)cc1,7.76,train,<rdkit.Chem.rdchem.Mol object at 0x7fdcf48c65e0>
CCCNS(=O)(=O)Nc1ncnc(OCCOc2ncc(Br)cn2)c1-c1ccc(Br)cc1,7.76,train,<rdkit.Chem.rdchem.Mol object at 0x7fdcf48c6650>
O=C(Nc1ccc(Br)cc1)c1c(O)cccc1O,7.77,train,<rdkit.Chem.rdchem.Mol object at 0x7fdcf48c66c0>
CCC(=O)c1ccc(O)cc1,7.78,train,<rdkit.Chem.rdchem.Mol object at 0x7fdcf48c6730>
COC(=O)C1Nc2cc(Cl)c(S(N)(=O)=O)cc2S(=O)(=O)N1C,7.78,train,<rdkit.Chem.rdchem.Mol object at 0x7fdcf48c67a0>
O=C1C[C@@H](c2ccc(O)c(O)c2)Oc2cc(O)ccc21,7.78,train,<rdkit.Chem.rdchem.Mol object at 0x7fdcf48c6810>
CC(=O)[C@]1(O)Cc2c(O)c3c(c(O)c2[C@@H](O[C@H]2C[C@H](N)[C@H](O)[C@H](C)O2)C1)C(=O)c1c(O)cccc1C3=O,7.78,train,<rdkit.Chem.rdchem.Mol object at 0x7fdcf48c6880>
CN[C@@H](C)C(=O)N[C@H](C(=O)N1CCC[C@H]1C(=O)Nc1sc(-c2ncco2)nc1-c1ccccc1)C1CCCCC1,7.78,train,<rdkit.Chem.rdchem.Mol object at 0x7fdcf48c68f0>
C=CCn1c(=O)n([C@@H]2O[C@H](CO)[C@@H](O)[C@H]2O)c2nc(N)[nH]c(=O)c21,7.78,train,<rdkit.Chem.rdchem.Mol object at 0x7fdcf48c6960>
Cc1cc(-c2nc(-c3ccnc(N)c3F)ccc2O)nc(N)n1,7.78,train,<rdkit.Chem.rdchem.Mol object at 0x7fdcf48c69d0>
CCOc1cc(C=O)ccc1O,7.79,train,<rdkit.Chem.rdchem.Mol object at 0x7fdcf48c6a40>
CCOC(=O)NC(=S)Nc1ccccc1NC(=S)NC(=O)OCC,7.79,train,<rdkit.Chem.rdchem.Mol object at 0x7fdcf48c6ab0>
NS(=O)(=O)Nc1ncnc(OCCOc2ncc(Br)cn2)c1-c1ccc(Br)cc1,7.79,train,<rdkit.Chem.rdchem.Mol object at 0x7fdcf48c6b20>
Cc1cc2c(C(C)C)c(O)c(O)c(C=O)c2c(O)c1-c1c(C)cc2c(C(C)C)c(O)c(O)c(C=O)c2c1O,7.8,test,<rdkit.Chem.rdchem.Mol object at 0x7fdcf48c6c00>
Cc1c(Cl)cc(C(C)C)c(O)c1Cc1c(C)c(Cl)cc(C(C)C)c1O,7.8,train,<rdkit.Chem.rdchem.Mol object at 0x7fdcf48c6c70>
CCc1oc2ccccc2c1C(=O)c1ccc(O)cc1,7.8,train,<rdkit.Chem.rdchem.Mol object at 0x7fdcf48c6ce0>
Cc1cc(=O)oc2cc(O)ccc12,7.8,train,<rdkit.Chem.rdchem.Mol object at 0x7fdcf48c6d50>
Cc1ncc(CO)c(CN)c1O,7.81,train,<rdkit.Chem.rdchem.Mol object at 0x7fdcf48c6dc0>
COc1cc(C=O)ccc1O,7.81,train,<rdkit.Chem.rdchem.Mol object at 0x7fdcf48c6e30>
Cn1c(=O)c2nc[nH]c2n(C)c1=O,7.82,test,<rdkit.Chem.rdchem.Mol object at 0x7fdcf48c6ea0>
O=CNc1ncc([N+](=O)[O-])s1,7.82,test,<rdkit.Chem.rdchem.Mol object at 0x7fdcf48c6f10>
Cn1c(=O)c2[nH]cnc2n(C)c1=O.Cn1c(=O)c2[nH]cnc2n(C)c1=O.NCCN,7.82,train,<rdkit.Chem.rdchem.Mol object at 0x7fdcf48c6ff0>
Cn1c(=O)c2[nH]cnc2n(C)c1=O.NCCO,7.82,train,<rdkit.Chem.rdchem.Mol object at 0x7fdcf48c7060>
C/C(=N/Nc1nnc2c(n1)[nH]c1c(C)cccc12)c1ccccn1,7.82,train,<rdkit.Chem.rdchem.Mol object at 0x7fdcf48c7140>
O=C(/C=C/c1cccc(S(=O)(=O)Nc2ccccc2)c1)NO,7.82,train,<rdkit.Chem.rdchem.Mol object at 0x7fdcf48c71b0>
COc1cc(F)ccc1Cn1ccc2c3c(ncc21)C(=O)N(O)CC3,7.82,train,<rdkit.Chem.rdchem.Mol object at 0x7fdcf48c7220>
C[C@H](O)[C@H](O)[C@H]1CNc2nc(N)[nH]c(=O)c2N1,7.82,train,<rdkit.Chem.rdchem.Mol object at 0x7fdcf48c7290>
NC(=O)c1c(OCc2c(F)cc(Br)cc2F)nsc1NC(=O)NCCCCN1CCCC1,7.83,train,<rdkit.Chem.rdchem.Mol object at 0x7fdcf48c7370>
Cc1cc(Br)c(O)c2ncccc12,7.84,train,<rdkit.Chem.rdchem.Mol object at 0x7fdcf48c73e0>
C[C@H]1[C@H]2C(=O)c3ccc(O)cc3[C@]1(C)CCN2CC1CC1,7.84,train,<rdkit.Chem.rdchem.Mol object at 0x7fdcf48c7450>
COc1ccc(CCNC(C)C(O)c2ccc(O)c(NS(C)(=O)=O)c2)cc1,7.85,test,<rdkit.Chem.rdchem.Mol object at 0x7fdcf48c74c0>
NS(=O)(=O)c1cc2c(cc1Cl)NC(C(Cl)(Cl)Cl)NS2(=O)=O,7.85,train,<rdkit.Chem.rdchem.Mol object at 0x7fdcf48c7530>
O=c1[nH]c(=S)[nH]cc1I,7.85,train,<rdkit.Chem.rdchem.Mol object at 0x7fdcf48c7610>
CC(C)(Cc1cccc(CC(=O)NCc2cccc(-c3ccc(O)cc3)c2)c1)NC[C@H](O)c1ccc(O)c(NS(C)(=O)=O)c1,7.85,train,<rdkit.Chem.rdchem.Mol object at 0x7fdcf48c7680>
CC(C)NCC(O)c1ccc(O)c(NS(C)(=O)=O)c1,7.86,train,<rdkit.Chem.rdchem.Mol object at 0x7fdcf48c76f0>
CC(C)(Cc1ccccc1)NCC(O)c1ccc(O)c(NS(C)(=O)=O)c1,7.86,train,<rdkit.Chem.rdchem.Mol object at 0x7fdcf48c7760>
Cn1cc[nH]c1=S,7.87,train,<rdkit.Chem.rdchem.Mol object at 0x7fdcf48c78b0>
CCCCCCNC(=O)n1cc(F)c(=O)[nH]c1=O,7.88,train,<rdkit.Chem.rdchem.Mol object at 0x7fdcf48c7920>
COc1cccc2c1C(=O)c1c(O)c3c(c(O)c1C2=O)C[C@@](O)(C(=O)CO)C[C@@H]3O[C@H]1C[C@H](NC(=O)[C@@H](N)CC(C)C)[C@H](O)[C@H](C)O1,7.88,train,<rdkit.Chem.rdchem.Mol object at 0x7fdcf48c7990>
NC(=O)c1ccc2c(c1O)[C@]13CCN(CC4CC4)[C@H](C2)[C@]1(O)CCC(=O)C3,7.88,train,<rdkit.Chem.rdchem.Mol object at 0x7fdcf48c7a00>
NC(=O)c1ccc2c(c1O)[C@]13CCN(CC4CC4)[C@H](C2)[C@]1(O)CCC(=O)C3.O=C(O)C[C@H](O)C(=O)O,7.88,train,<rdkit.Chem.rdchem.Mol object at 0x7fdcf48c7a70>
O=c1[nH]nc(CCc2ccc(C(F)(F)F)cc2)cc1O,7.89,test,<rdkit.Chem.rdchem.Mol object at 0x7fdcf48c7ae0>
O=C1c2cccc(O)c2C(=O)c2c(O)cccc21,7.89,train,<rdkit.Chem.rdchem.Mol object at 0x7fdcf48c7b50>
C=C(Br)CC1(C(C)C)C(=O)NC(=O)N(C)C1=O,7.89,train,<rdkit.Chem.rdchem.Mol object at 0x7fdcf48c7bc0>
CC(=O)Nc1nc(F)c(CN2CC[C@H](OCc3noc(C)n3)C[C@@H]2C)s1,7.91,train,<rdkit.Chem.rdchem.Mol object at 0x7fdcf48c7d10>
O=C(Nc1ccc(O)cc1)c1ccccc1O,7.92,test,<rdkit.Chem.rdchem.Mol object at 0x7fdcf48c7d80>
CC(=O)N(O)CCCCCNC(=O)CCC(=O)N(O)CCCCCNC(=O)CCC(=O)N(O)CCCCCN,7.92,train,<rdkit.Chem.rdchem.Mol object at 0x7fdcf48c7df0>
CC(=O)N(O)CCCCCNC(=O)CCC(=O)N(O)CCCCCNC(=O)CCC(=O)N(O)CCCCCNC(=S)Nc1ccc(N=C=S)cc1,7.92,train,<rdkit.Chem.rdchem.Mol object at 0x7fdcf48c7e60>
O=C(Nc1ccccc1)c1ccccc1O,7.93,train,<rdkit.Chem.rdchem.Mol object at 0x7fdcf48c7ed0>
CCCCNC(=O)c1cccc(-c2ccccc2)c1O,7.93,train,<rdkit.Chem.rdchem.Mol object at 0x7fdcf48c7f40>
O=C(Nc1cccc(C(F)(F)F)c1)c1ccccc1O,7.93,train,<rdkit.Chem.rdchem.Mol object at 0x7fdcf48c8040>
Cc1ccc(S(=O)(=O)NO)o1,7.93,train,<rdkit.Chem.rdchem.Mol object at 0x7fdcf48c80b0>
NS(=O)(=O)c1cc(Cl)c(Cl)c(S(N)(=O)=O)c1,7.94,test,<rdkit.Chem.rdchem.Mol object at 0x7fdcf48c8120>
C=CCS[S+]([O-])CC=C,7.94,train,<rdkit.Chem.rdchem.Mol object at 0x7fdcf48c8190>
C[N@+]1(CC2CC2)CC[C@]23CC(=O)CC[C@@]2(O)[C@H]1Cc1ccc(C(N)=O)c(O)c13,7.94,train,<rdkit.Chem.rdchem.Mol object at 0x7fdcf48c8270>
NC(=O)NC1NC(=O)NC1=O,7.95,train,<rdkit.Chem.rdchem.Mol object at 0x7fdcf48c82e0>
COc1ccc(N2CCOCC2)c2sc(NC(=O)N3CCC(C)(O)CC3)nc12,7.96,test,<rdkit.Chem.rdchem.Mol object at 0x7fdcf48c83c0>
COc1ccc2nc3cc(Cl)ccc3c(Nc3cc(CN4CCCC4)c(O)c(CN4CCCC4)c3)c2n1,7.96,train,<rdkit.Chem.rdchem.Mol object at 0x7fdcf48c8430>
Cc1ncc(CO)c(C=O)c1O,7.97,train,<rdkit.Chem.rdchem.Mol object at 0x7fdcf48c84a0>
CCC(=O)c1c(O)cc(O)cc1O,7.97,train,<rdkit.Chem.rdchem.Mol object at 0x7fdcf48c8510>
NOCc1ccc(Br)c(O)c1,7.99,train,<rdkit.Chem.rdchem.Mol object at 0x7fdcf48c8580>
O=C(O[C@@H]1Cc2c(O)cc(O)cc2O[C@@H]1c1cc(O)c(O)c(O)c1)c1cc(O)c(O)c(O)c1,7.99,train,<rdkit.Chem.rdchem.Mol object at 0x7fdcf48c85f0>
C=C1/C(=C\C=C2/CCC[C@]3(C)[C@@H]([C@H](C)CCCC(O)(C(F)(F)F)C(F)(F)F)CC[C@@H]23)C[C@@H](O)C[C@@H]1O,7.99,train,<rdkit.Chem.rdchem.Mol object at 0x7fdcf48c86d0>
COc1cccc2c1C(=O)c1c(O)c3c(c(O)c1C2=O)C[C@@](O)(C(=O)CO)C[C@@H]3O[C@H]1C[C@H](N)[C@H](OCc2ccccc2)[C@H](C)O1,7.99,train,<rdkit.Chem.rdchem.Mol object at 0x7fdcf48c8740>
COc1cccc2c1C(=O)c1c(O)c3c(c(O)c1C2=O)C[C@@](O)(C(=O)CO)C[C@@H]3O[C@H]1C[C@H](N)[C@H](O)[C@H](C)O1,8.0,test,<rdkit.Chem.rdchem.Mol object at 0x7fdcf48c8820>
CC[C@@]1(O)C(=O)OCc2c1cc1n(c2=O)Cc2cc3c(CN(C)C)c(O)ccc3nc2-1,8.0,train,<rdkit.Chem.rdchem.Mol object at 0x7fdcf48c8900>
COc1cccc2c1C(=O)c1c(O)c3c(c(O)c1C2=O)C[C@@](O)(C(C)=O)C[C@@H]3O[C@H]1C[C@H](N)[C@H](O)[C@H](C)O1.O=C(O)CC(O)(CC(=O)O)C(=O)O,8.0,train,<rdkit.Chem.rdchem.Mol object at 0x7fdcf48c89e0>
COc1cccc2c1C(=O)c1c(O)c3c(c(O)c1C2=O)C[C@@](O)(C(=O)CO)C[C@@H]3O[C@H]1C[C@H](N)C[C@H](C)O1,8.01,train,<rdkit.Chem.rdchem.Mol object at 0x7fdcf48c8a50>
COc1ccc(Cl)cc1-c1cc(=O)[nH]c(=S)n1CC(N)=O,8.01,train,<rdkit.Chem.rdchem.Mol object at 0x7fdcf48c8b30>
CC(=O)[C@]1(O)Cc2c(O)c3c(c(O)c2[C@@H](O[C@H]2C[C@H](N)[C@H](O)[C@H](C)O2)C1)C(=O)c1ccccc1C3=O,8.02,train,<rdkit.Chem.rdchem.Mol object at 0x7fdcf48c8ba0>
Nc1cc2[nH]cnc2c(=O)[nH]1,8.02,train,<rdkit.Chem.rdchem.Mol object at 0x7fdcf48c8c10>
COc1cccc2c1C(=O)c1c(O)c3c(c(O)c1C2=O)C[C@@](O)(C(=O)CO)C[C@@H]3O[C@H]1C[C@H](N2CCO[C@H](OC)C2)[C@H](O)[C@H](C)O1,8.02,train,<rdkit.Chem.rdchem.Mol object at 0x7fdcf48c8c80>
C[C@@H]1O[C@@H](O[C@H]2C[C@](O)(C(=O)CO)Cc3c(O)c4c(c(O)c32)C(=O)c2ccccc2C4=O)C[C@H](N)[C@@H]1O,8.02,train,<rdkit.Chem.rdchem.Mol object at 0x7fdcf48c8cf0>
CC[C@H](NC(=O)c1c(O)c(-c2ccccc2)nc2ccccc12)c1ccccc1,8.03,train,<rdkit.Chem.rdchem.Mol object at 0x7fdcf48c8d60>
CC(=O)Nc1nc2c(Oc3cc(-c4ccc(C(F)(F)F)cc4)ncn3)cccc2s1,8.03,train,<rdkit.Chem.rdchem.Mol object at 0x7fdcf48c8dd0>
C[C@@H]1O[C@@H](O[C@@H]2[C@H](C)O[C@@H](O[C@H]3C[C@](O)(C(=O)CO)Cc4c(O)c5c(c(O)c43)C(=O)c3ccccc3C5=O)C[C@@H]2O)C[C@H](N)[C@@H]1O,8.04,train,<rdkit.Chem.rdchem.Mol object at 0x7fdcf48c8eb0>
CC(CCc1ccccc1)NCC(O)c1ccc(O)c(C(N)=O)c1,8.05,test,<rdkit.Chem.rdchem.Mol object at 0x7fdcf48c8f20>
O=C(Nc1ccc2nc(O)oc2c1)C(=O)N1CCC(Cc2ccc(F)cc2)CC1,8.05,test,<rdkit.Chem.rdchem.Mol object at 0x7fdcf48c8f90>
CC(CCc1ccc2c(c1)OCO2)NCC(O)c1ccc(O)c(C(N)=O)c1,8.05,train,<rdkit.Chem.rdchem.Mol object at 0x7fdcf48c9000>
CC(=O)[C@]1(O)Cc2c(O)c3c(c(O)c2[C@@H](O[C@H]2C[C@H](N4CC4)[C@H](OS(C)(=O)=O)[C@H](C)O2)C1)C(=O)c1ccccc1C3=O,8.05,train,<rdkit.Chem.rdchem.Mol object at 0x7fdcf48c9070>
OCc1cccc(Cc2c[nH]cn2)c1O,8.06,train,<rdkit.Chem.rdchem.Mol object at 0x7fdcf48c90e0>
CC[C@@H](Nc1c(Nc2cccc(C(=O)N(C)C)c2O)c(=O)c1=O)c1ccc(C)o1,8.06,train,<rdkit.Chem.rdchem.Mol object at 0x7fdcf48c91c0>
O=c1[nH]c(=O)n([C@@H]2O[C@H](CO)[C@@H](O)[C@H]2O)cc1F,8.07,test,<rdkit.Chem.rdchem.Mol object at 0x7fdcf48c9230>
C[C@H]1O[C@@H](n2cc(F)c(=O)[nH]c2=O)[C@H](O)[C@@H]1O,8.07,train,<rdkit.Chem.rdchem.Mol object at 0x7fdcf48c92a0>
CN(c1nccc(=O)[nH]1)C1CCN(c2nc3ccccc3n2Cc2ccc(F)cc2)CC1,8.08,test,<rdkit.Chem.rdchem.Mol object at 0x7fdcf48c9310>
O=c1[nH]c(=O)n(C2CCCO2)cc1F,8.08,train,<rdkit.Chem.rdchem.Mol object at 0x7fdcf48c9380>
O=c1[nH]c(=O)n([C@H]2C[C@H](O)[C@@H](CO)O2)cc1F,8.08,train,<rdkit.Chem.rdchem.Mol object at 0x7fdcf48c93f0>
Oc1cc(CNC(=S)/C=C/c2ccc(O)c(O)c2Br)cc(O)c1O,8.08,train,<rdkit.Chem.rdchem.Mol object at 0x7fdcf48c94d0>
Cc1cc(=O)[nH]c(=S)[nH]1,8.09,train,<rdkit.Chem.rdchem.Mol object at 0x7fdcf48c95b0>
O=C(C[S+]([O-])C(c1ccccc1)c1ccccc1)NO,8.1,train,<rdkit.Chem.rdchem.Mol object at 0x7fdcf48c9620>
CC(=O)[C@]1(N)Cc2c(O)c3c(c(O)c2[C@@H](O[C@H]2C[C@H](O)[C@H](O)CO2)C1)C(=O)c1ccccc1C3=O,8.1,train,<rdkit.Chem.rdchem.Mol object at 0x7fdcf48c9690>
CCOC(=O)COC1CCN(C(=O)[C@H](C)NC(=O)c2ccc(/C(N)=N/O)cc2)CC1,8.11,train,<rdkit.Chem.rdchem.Mol object at 0x7fdcf48c98c0>
CC1(C)CC(Oc2ccc(-c3ccc(-c4cn[nH]c4)cc3O)nn2)CC(C)(C)N1,8.12,test,<rdkit.Chem.rdchem.Mol object at 0x7fdcf48c99a0>
COc1ccc2[nH]c([S+]([O-])Cc3ncc(C)c(OC)c3C)nc2n1,8.12,train,<rdkit.Chem.rdchem.Mol object at 0x7fdcf48c9a10>
Oc1ccc([C@H]2CNCCc3c2cc(O)c(O)c3Cl)cc1,8.12,train,<rdkit.Chem.rdchem.Mol object at 0x7fdcf48c9a80>
Cc1nc(C)c(Cl)c(NS(=O)(=O)c2ccc(N)cc2)n1,8.13,train,<rdkit.Chem.rdchem.Mol object at 0x7fdcf48c9af0>
CCN(CC)CCNC(=O)c1ccccc1O,8.14,train,<rdkit.Chem.rdchem.Mol object at 0x7fdcf48c9b60>
C/C(=N\NC(=O)c1cccc(S(=O)(=O)N2CCN(C)CC2)c1)c1cc(Cl)ccc1O,8.15,train,<rdkit.Chem.rdchem.Mol object at 0x7fdcf48c9bd0>
CC(=O)N(O)CC1=C(n2ccccc2=O)c2cc(C(F)(F)F)ccc2OC1(C)C,8.16,test,<rdkit.Chem.rdchem.Mol object at 0x7fdcf48c9c40>
Cc1cc(Br)cc(C(N)=O)c1O,8.16,train,<rdkit.Chem.rdchem.Mol object at 0x7fdcf48c9cb0>
CC(C)NCCN(C(C)C)S(=O)(=O)c1ccc(NS(C)(=O)=O)cc1,8.16,train,<rdkit.Chem.rdchem.Mol object at 0x7fdcf48c9d20>
CS(=O)(=O)NN(CCCl)S(C)(=O)=O,8.17,test,<rdkit.Chem.rdchem.Mol object at 0x7fdcf48c9e00>
CCCC/N=C(/c1cc(Cl)ccc1O)c1ccccc1Cl,8.19,train,<rdkit.Chem.rdchem.Mol object at 0x7fdcf48ca030>
CC(C)CN[C@H]1CCS(=O)(=O)c2sc(S(N)(=O)=O)cc21,8.19,train,<rdkit.Chem.rdchem.Mol object at 0x7fdcf48ca0a0>
CC/C=C\C/C=C\C/C=C\C/C=C\C/C=C\C/C=C\CCC(=O)NCCNC(=O)c1ccccc1O,8.19,train,<rdkit.Chem.rdchem.Mol object at 0x7fdcf48ca110>
COc1cccc2c1C(=O)c1c(O)c3c(c(O)c1C2=O)C[C@@](O)(/C(C)=N/NC(=O)c1ccccc1)C[C@@H]3O[C@H]1C[C@H](N)[C@H](O)[C@H](C)O1,8.2,train,<rdkit.Chem.rdchem.Mol object at 0x7fdcf48ca180>
C[C@H](NS(=O)(=O)c1cc(C(=O)Nc2ccc(F)c(C#N)c2)n(C)c1)C(F)(F)F,8.2,train,<rdkit.Chem.rdchem.Mol object at 0x7fdcf48ca260>
Oc1nc(O)c2cn[nH]c2n1,8.2,train,<rdkit.Chem.rdchem.Mol object at 0x7fdcf48ca2d0>
O=C1c2c(O)ccc(O)c2C(=O)c2c(NCCNCCO)ccc(NCCNCCO)c21,8.21,test,<rdkit.Chem.rdchem.Mol object at 0x7fdcf48ca340>
NC(=O)c1ccccc1O,8.21,train,<rdkit.Chem.rdchem.Mol object at 0x7fdcf48ca3b0>
CC1OC2OC(=O)OC2C2=C1C(=O)c1c(O)cccc1C2=O,8.21,train,<rdkit.Chem.rdchem.Mol object at 0x7fdcf48ca420>
Cc1cc(O)c(C(C)C)cc1/N=N/c1ccc(S(=O)(=O)c2ccc(/N=N/c3cc(C(C)C)c(O)cc3C)cc2)cc1,8.21,train,<rdkit.Chem.rdchem.Mol object at 0x7fdcf48ca490>
COc1cccc2c1C(=O)c1c(O)c3c(c(O)c1C2=O)C[C@@](O)(CCO)C[C@@H]3O[C@H]1C[C@H](N)[C@H](O)[C@H](C)O1,8.21,train,<rdkit.Chem.rdchem.Mol object at 0x7fdcf48ca500>
N=C(N)c1ccc(/C=C/c2ccc(C(=N)N)cc2O)cc1,8.22,train,<rdkit.Chem.rdchem.Mol object at 0x7fdcf48ca5e0>
N=C(N)c1ccc(/C=C/c2ccc(C(=N)N)cc2O)cc1.O=S(=O)(O)CCO.O=S(=O)(O)CCO,8.22,train,<rdkit.Chem.rdchem.Mol object at 0x7fdcf48ca650>
O=C1CN(/N=C/c2ccc(-c3ccc([N+](=O)[O-])cc3)o2)C(=O)[N-]1,8.23,test,<rdkit.Chem.rdchem.Mol object at 0x7fdcf48ca6c0>
[O-][S+](Cc1cc(OCC(F)(F)C(F)(F)C(F)(F)F)ccn1)c1nc2cscc2[nH]1,8.23,train,<rdkit.Chem.rdchem.Mol object at 0x7fdcf48ca730>
O=C1CN(/N=C/c2ccc([N+](=O)[O-])o2)C(=O)N1,8.23,train,<rdkit.Chem.rdchem.Mol object at 0x7fdcf48ca7a0>
O=C1CN(/N=C/C=C/c2ccc([N+](=O)[O-])o2)C(=O)N1,8.23,train,<rdkit.Chem.rdchem.Mol object at 0x7fdcf48ca810>
O=C1CN(/N=C/c2ccc(-c3ccc([N+](=O)[O-])cc3)o2)C(=O)N1,8.23,train,<rdkit.Chem.rdchem.Mol object at 0x7fdcf48ca880>
C/C(=N\O)C(C)(C)NCCCCNC(C)(C)/C(C)=N/O,8.23,train,<rdkit.Chem.rdchem.Mol object at 0x7fdcf48ca9d0>
O=C1CN(/N=C/c2ncc(-c3ccc(Br)cc3)o2)C(=O)[N-]1,8.23,train,<rdkit.Chem.rdchem.Mol object at 0x7fdcf48caa40>
[O-]n1ccccc1=S.[O-]n1ccccc1=S.[Zn+2],8.24,train,<rdkit.Chem.rdchem.Mol object at 0x7fdcf48cac00>
COc1cc(O)c(C(=O)Nc2nc(C(=O)NCCN(C(C)C)C(C)C)cs2)cc1OC,8.24,train,<rdkit.Chem.rdchem.Mol object at 0x7fdcf48cac70>
Nc1nc2c([nH]1)c(=O)n(CC1CC1)c(=O)n2CC1CC1,8.25,train,<rdkit.Chem.rdchem.Mol object at 0x7fdcf48cad50>
COc1cc2nccc(Oc3ccc(NC(=O)Nc4cc(C)on4)c(Cl)c3)c2cc1OC,8.27,test,<rdkit.Chem.rdchem.Mol object at 0x7fdcf48cae30>
Cc1nc2c([nH]1)c(=O)n(C)c(=O)n2Cc1ccco1,8.27,train,<rdkit.Chem.rdchem.Mol object at 0x7fdcf48caf10>
CC1=CC(=O)c2c(O)cccc2C1=O,8.28,train,<rdkit.Chem.rdchem.Mol object at 0x7fdcf48caf80>
COc1cccc2c1C(=N)c1c(O)c3c(c(O)c1C2=O)C[C@@](O)(CCO)C[C@@H]3O[C@H]1C[C@H](N)[C@H](O)[C@H](C)O1,8.28,train,<rdkit.Chem.rdchem.Mol object at 0x7fdcf48cb060>
CC(C)c1cc2[nH]c(=O)n(NS(C)(=O)=O)c(=O)c2cc1-c1ccnn1C,8.3,train,<rdkit.Chem.rdchem.Mol object at 0x7fdcf48cb1b0>
COc1ccc2c(c1)N(C(=O)OC(C)C)[C@@H](CSC)C(=S)N2,8.31,train,<rdkit.Chem.rdchem.Mol object at 0x7fdcf48cb290>
O=C1c2c(O)cccc2C([C@@H]2O[C@H](CO)[C@@H](O)[C@H](O)[C@H]2O)c2cc(CO)cc(O)c21,8.31,train,<rdkit.Chem.rdchem.Mol object at 0x7fdcf48cb300>
COc1ccc(C(=O)Nc2cccc(O)c2NC(=O)c2ccc(N3CCCN(C)CC3)cc2)cc1,8.32,test,<rdkit.Chem.rdchem.Mol object at 0x7fdcf48cb370>
NS(=O)(=O)c1cc2c(cc1Cl)NC(C(Cl)Cl)NS2(=O)=O,8.32,train,<rdkit.Chem.rdchem.Mol object at 0x7fdcf48cb3e0>
CCC(C)Cn1c(=O)n(C)c(=O)c2[nH]c(C)nc21,8.32,train,<rdkit.Chem.rdchem.Mol object at 0x7fdcf48cb450>
CCCC(=O)C1c2cccc(O)c2C(=O)c2c(O)cccc21,8.32,train,<rdkit.Chem.rdchem.Mol object at 0x7fdcf48cb4c0>
NCc1ccccc1O,8.32,train,<rdkit.Chem.rdchem.Mol object at 0x7fdcf48cb530>
O=C(N/N=C/c1ccc([N+](=O)[O-])o1)c1ccc(O)cc1,8.33,train,<rdkit.Chem.rdchem.Mol object at 0x7fdcf48cb610>
O=C(Nc1nc(-c2ccc(O)c(O)c2)c(-c2ccccc2)s1)c1ccc(O)c(O)c1,8.33,train,<rdkit.Chem.rdchem.Mol object at 0x7fdcf48cb680>
CN1CCc2cc(Cl)c(O)cc2[C@@H](c2cc(Br)cc3c2OCC3)C1,8.34,train,<rdkit.Chem.rdchem.Mol object at 0x7fdcf48cb6f0>
Cc1cc(Cl)cc2c1N(Cc1cccc(C(F)(F)F)c1)C(=O)C21NC(=O)NC1=O,8.35,train,<rdkit.Chem.rdchem.Mol object at 0x7fdcf48cb760>
CCNCCS(=O)(=O)NC[C@@]1(c2ccccc2)SC(NC(=O)C(C)(C)C)=NN1C(=O)C(C)(C)C,8.35,train,<rdkit.Chem.rdchem.Mol object at 0x7fdcf48cb7d0>
Oc1ccc(Cl)c2cccnc12,8.37,train,<rdkit.Chem.rdchem.Mol object at 0x7fdcf48cb840>
C[C@@H](c1ccc(O)c(F)c1)[C@H](CC(F)(F)F)c1ccc(O)c(F)c1,8.37,train,<rdkit.Chem.rdchem.Mol object at 0x7fdcf48cb920>
CS(=O)(=O)c1ccccc1S(=O)(=O)NO,8.38,test,<rdkit.Chem.rdchem.Mol object at 0x7fdcf48cb990>
CCC(c1ccc(O)c(F)c1)C(C)c1ccc(O)c(F)c1,8.39,test,<rdkit.Chem.rdchem.Mol object at 0x7fdcf48cba00>
CC1=C(c2ccc(O)cc2)[C@H](c2ccc(OCCN3CCCCC3)cc2)Oc2cc(O)ccc21,8.39,train,<rdkit.Chem.rdchem.Mol object at 0x7fdcf48cba70>
CCCn1c(=O)c2[nH]c(C34CC5CC(CC3C5)C4)nc2n(CCC)c1=O,8.4,train,<rdkit.Chem.rdchem.Mol object at 0x7fdcf48cbb50>
C=CCN1CCCC1CNC(=O)c1cc2[nH]nnc2cc1OC,8.41,test,<rdkit.Chem.rdchem.Mol object at 0x7fdcf48cbbc0>
O=c1[nH]c(=O)n([C@H]2C[C@H](O)[C@@H](CO)O2)cc1Br,8.44,train,<rdkit.Chem.rdchem.Mol object at 0x7fdcf48cbd80>
Oc1ccc(Cc2nccc3cc(O)c(O)cc23)cc1O,8.44,train,<rdkit.Chem.rdchem.Mol object at 0x7fdcf48cbe60>
C[N+](C)([O-])CCNc1ccc(NCC[N+](C)(C)[O-])c2c1C(=O)c1c(O)ccc(O)c1C2=O,8.45,train,<rdkit.Chem.rdchem.Mol object at 0x7fdcf48cbed0>
Nc1ccc(S(=O)(=O)Nc2ccccc2)cc1,8.46,test,<rdkit.Chem.rdchem.Mol object at 0x7fdcf48cc040>
CC(C)n1nccc1-c1ncccc1COc1cccc(O)c1C=O,8.46,test,<rdkit.Chem.rdchem.Mol object at 0x7fdcf48cc0b0>
O=c1[nH]c(=O)n([C@H]2C[C@H](O)[C@@H](CO)O2)cc1I,8.46,train,<rdkit.Chem.rdchem.Mol object at 0x7fdcf48cc120>
COC(=O)Nc1nc2ccc(C(=O)C3CC3)cc2[nH]1,8.46,train,<rdkit.Chem.rdchem.Mol object at 0x7fdcf48cc190>
CC(C#Cc1cccc(Oc2ccc(F)cc2)c1)N(O)C(N)=O,8.46,train,<rdkit.Chem.rdchem.Mol object at 0x7fdcf48cc200>
CCOC(=O)CCCn1nnnc1-c1ccc2c(c1)[C@@H](Oc1ccc(=O)[nH]n1)[C@](C)(O)C(C)(C)O2,8.46,train,<rdkit.Chem.rdchem.Mol object at 0x7fdcf48cc270>
C[C@H](C#Cc1ccc(Cc2ccc(F)cc2)s1)N(O)C(N)=O,8.46,train,<rdkit.Chem.rdchem.Mol object at 0x7fdcf48cc2e0>
O=c1[nH]c2ccc(C(F)(F)F)cc2c(-c2cc(Cl)ccc2O)c1CCO,8.46,train,<rdkit.Chem.rdchem.Mol object at 0x7fdcf48cc350>
CC(C)(C)c1cc(NC(=O)NCc2ccccc2Sc2ccc3nnc(-c4ccccc4SCCO)n3c2)n(-c2ccc(O)c(Cl)c2)n1,8.46,train,<rdkit.Chem.rdchem.Mol object at 0x7fdcf48cc3c0>
O=C1c2c(O)cccc2Cc2cccc(O)c21,8.47,train,<rdkit.Chem.rdchem.Mol object at 0x7fdcf48cc4a0>
O=C1N=C([O-])NC1(c1ccccc1)c1ccccc1,8.49,train,<rdkit.Chem.rdchem.Mol object at 0x7fdcf48cc5f0>
CCOC(=O)C1N=C(c2ccccc2F)c2cc(Cl)ccc2N(C(=O)NC)C1=O,8.49,train,<rdkit.Chem.rdchem.Mol object at 0x7fdcf48cc660>
CS(=O)(=O)c1ccc([C@@H](O)[C@@H](CF)NC(=O)C(Cl)Cl)cc1,8.49,train,<rdkit.Chem.rdchem.Mol object at 0x7fdcf48cc6d0>
Oc1ccc(/C=C/c2cc(O)cc(O)c2)cc1,8.49,train,<rdkit.Chem.rdchem.Mol object at 0x7fdcf48cc740>
C=CCN(/C=C1/C(=O)O[C@H](COC)[C@@]2(C)C1=C(O)C(=O)C1=C2[C@H](OC(C)=O)C[C@]2(C)C(=O)CC[C@@H]12)CC=C,8.49,train,<rdkit.Chem.rdchem.Mol object at 0x7fdcf48cc7b0>
CCCCOC(=O)c1ccc(O)cc1,8.5,train,<rdkit.Chem.rdchem.Mol object at 0x7fdcf48cc900>
COC(=O)c1ccc(O)cc1,8.5,train,<rdkit.Chem.rdchem.Mol object at 0x7fdcf48cc970>
NC(=O)CCC/N=C(\c1ccc(Cl)cc1)c1cc(F)ccc1O,8.5,train,<rdkit.Chem.rdchem.Mol object at 0x7fdcf48cca50>
COC(=O)c1ccc([O-])cc1,8.5,train,<rdkit.Chem.rdchem.Mol object at 0x7fdcf48ccb30>
CCCOC(=O)c1ccc([O-])cc1,8.5,train,<rdkit.Chem.rdchem.Mol object at 0x7fdcf48ccba0>
CC(C)(C)NCc1ccc(Nc2ccnc3cc(Cl)ccc23)cc1O,8.5,train,<rdkit.Chem.rdchem.Mol object at 0x7fdcf48ccc10>
CCc1cc2c(cc1CC)CC(NC[C@H](O)c1ccc(O)c3[nH]c(=O)ccc13)C2,8.51,test,<rdkit.Chem.rdchem.Mol object at 0x7fdcf48ccc80>
O=c1ccc2c([C@@H](O)CNCCCCCCOCC(F)(F)c3ccccc3)ccc(O)c2[nH]1,8.51,test,<rdkit.Chem.rdchem.Mol object at 0x7fdcf48cccf0>
CC(C)c1cc(C(=O)N2Cc3ccc(CN4CCN(C)CC4)cc3C2)c(O)cc1O,8.51,train,<rdkit.Chem.rdchem.Mol object at 0x7fdcf48ccd60>
CC(C)c1cc(C(=O)N2Cc3ccc(CN4CCN(C)CC4)cc3C2)c(O)cc1O.C[C@H](O)C(=O)O,8.51,train,<rdkit.Chem.rdchem.Mol object at 0x7fdcf48ccdd0>
Cc1nc(=O)c(C#N)c(NCc2cccnc2)[nH]1,8.51,train,<rdkit.Chem.rdchem.Mol object at 0x7fdcf48cce40>
CCC(NC(C)C)C(O)c1ccc(O)c2[nH]c(=O)ccc12,8.52,train,<rdkit.Chem.rdchem.Mol object at 0x7fdcf48ccf20>
COc1ccc(C[C@@H](C)NC[C@H](O)c2ccc(O)c3[nH]c(=O)ccc23)cc1,8.52,train,<rdkit.Chem.rdchem.Mol object at 0x7fdcf48ccf90>
Cc1nc(Nc2ncc(C(=O)Nc3c(C)cccc3Cl)s2)cc(N2CCN(CCO)CC2)n1,8.52,train,<rdkit.Chem.rdchem.Mol object at 0x7fdcf48cd000>
CC(C)(C)NCC(O)c1ccc(O)c(NC(N)=O)c1,8.53,test,<rdkit.Chem.rdchem.Mol object at 0x7fdcf48cd070>
CC(C)c1cc(-c2n[nH]c(=O)n2-c2ccc3c(ccn3C)c2)c(O)cc1O,8.53,test,<rdkit.Chem.rdchem.Mol object at 0x7fdcf48cd0e0>
CCCn1c(=O)c2nc([C@H]3C[C@H]4C[C@@H]3[C@@H]3O[C@H]43)[nH]c2n(CCC)c1=O,8.53,train,<rdkit.Chem.rdchem.Mol object at 0x7fdcf48cd1c0>
CS(=O)(=O)CC(=O)N1CC2(C1)OCc1cc(C3=NO[C@@](c4cc(Cl)c(F)c(Cl)c4)(C(F)(F)F)C3)ccc12,8.53,train,<rdkit.Chem.rdchem.Mol object at 0x7fdcf48cd230>
CCc1c2c(nc3ccc(OC(=O)N4CCC(CCn5ccc6cc(-n7c(-c8cc(C(C)C)c(O)cc8O)n[nH]c7=O)ccc65)CC4)cc13)-c1cc3c(c(=O)n1C2)COC(=O)[C@]3(O)CC,8.53,train,<rdkit.Chem.rdchem.Mol object at 0x7fdcf48cd2a0>
C=CCN1CC(=O)N2[C@@H](Cc3ccc(O)cc3F)C(=O)N(Cc3cccc(N4CC(N5CCN(CC)CC5)C4)n3)C[C@@H]2N1C(=O)NCc1ccccc1,8.54,test,<rdkit.Chem.rdchem.Mol object at 0x7fdcf48cd310>
C#Cc1c[nH]c(=O)[nH]c1=O,8.54,train,<rdkit.Chem.rdchem.Mol object at 0x7fdcf48cd3f0>
CC(C)[C@](O)(c1ccc2cc(OC(F)F)c(OC(F)F)cc2c1)c1c[nH]nn1,8.54,train,<rdkit.Chem.rdchem.Mol object at 0x7fdcf48cd460>
Cc1nc(C2CCCCC2)c(-c2ccc(S(N)(=O)=O)c(F)c2)o1,8.55,train,<rdkit.Chem.rdchem.Mol object at 0x7fdcf48cd4d0>
Oc1ccc(CC2NCCc3cc(O)c(O)cc32)cc1,8.56,train,<rdkit.Chem.rdchem.Mol object at 0x7fdcf48cd540>
CC(=O)NC[C@H]1CN(c2ccc(-c3ccc(CNCc4cnn[nH]4)cc3)c(F)c2)C(=O)O1,8.56,train,<rdkit.Chem.rdchem.Mol object at 0x7fdcf48cd5b0>
CN1CCN(c2ccc3nc(-c4c(N)c5c(F)cccc5[nH]c4=O)[nH]c3c2)CC1,8.56,train,<rdkit.Chem.rdchem.Mol object at 0x7fdcf48cd620>
CC(O)C(=O)O.CN1CCN(c2ccc3nc(-c4c(N)c5c(F)cccc5[nH]c4=O)[nH]c3c2)CC1,8.56,train,<rdkit.Chem.rdchem.Mol object at 0x7fdcf48cd690>
Cc1ncc2c(c1O)COC2c1ccc(Cl)cc1,8.57,train,<rdkit.Chem.rdchem.Mol object at 0x7fdcf48cd700>
Cc1nc(N(C)C(=O)Cc2ccc(-c3ccccn3)cc2)sc1S(N)(=O)=O,8.58,train,<rdkit.Chem.rdchem.Mol object at 0x7fdcf48cd7e0>
C=CCc1cccc(/C=N/NC(=O)CN2CCN(Cc3ccccc3)CC2)c1O,8.58,train,<rdkit.Chem.rdchem.Mol object at 0x7fdcf48cd8c0>
Cc1cc(N2C(=O)NC(=O)C2(C)C)cc(C)c1CCS(=O)(=O)N1CCC2(CC1)N=C(c1ccc(OC(F)(F)F)cc1)NC2=O,8.59,test,<rdkit.Chem.rdchem.Mol object at 0x7fdcf48cd930>
CC[N+](C)(C)c1cccc(O)c1,8.59,train,<rdkit.Chem.rdchem.Mol object at 0x7fdcf48cd9a0>
NCCSC(C[N+](=O)[O-])c1ccccc1Cl,8.59,train,<rdkit.Chem.rdchem.Mol object at 0x7fdcf48cda10>
Cc1cccc(C(N)=O)c1O,8.59,train,<rdkit.Chem.rdchem.Mol object at 0x7fdcf48cda80>
NS(=O)(=O)c1ccc(Cl)c(S(N)(=O)=O)c1,8.59,train,<rdkit.Chem.rdchem.Mol object at 0x7fdcf48cdaf0>
Cc1cc(Cl)cc(/C(=N/CCCC(N)=O)c2ccc(Cl)cc2)c1O,8.6,test,<rdkit.Chem.rdchem.Mol object at 0x7fdcf48cdbd0>
OC[C@H]1O[C@@H](Oc2cc(O)cc(/C=C/c3ccc(O)cc3)c2)[C@H](O)[C@@H](O)[C@@H]1O,8.6,train,<rdkit.Chem.rdchem.Mol object at 0x7fdcf48cdc40>
CO[C@H](C(=O)NO)[C@@H](CC(C)C)C(=O)N[C@H](C(=O)Nc1ccccn1)C(C)(C)C,8.61,test,<rdkit.Chem.rdchem.Mol object at 0x7fdcf48cdcb0>
COc1ccc(CC(C)NCC(O)c2ccc(O)c(NC=O)c2)cc1,8.61,train,<rdkit.Chem.rdchem.Mol object at 0x7fdcf48cdd20>
COc1ccc([C@@H]2CC(=O)c3c(O)cc(O[C@@H]4O[C@H](CO[C@@H]5O[C@@H](C)[C@H](O)[C@@H](O)[C@H]5O)[C@@H](O)[C@H](O)[C@H]4O)cc3O2)cc1O,8.61,train,<rdkit.Chem.rdchem.Mol object at 0x7fdcf48cdd90>
CNC(=O)[C@@H](NC(=O)[C@H](CC(C)C)[C@H](O)C(=O)NO)C(C)(C)C,8.61,train,<rdkit.Chem.rdchem.Mol object at 0x7fdcf48cde00>
O=CNc1cc([C@@H](O)CNCCc2ccc(NC[C@H](O)c3ccccc3)cc2)ccc1O,8.61,train,<rdkit.Chem.rdchem.Mol object at 0x7fdcf48cdee0>
CC(C)C[C@@H](C(=O)N[C@H](C(=O)OC1CCCC1)c1ccccc1)[C@H](O)C(=O)NO,8.61,train,<rdkit.Chem.rdchem.Mol object at 0x7fdcf48cdf50>
COc1ccc(CC(C)NCC(O)c2ccc(O)c(NC=O)c2)cc1.COc1ccc(CC(C)NCC(O)c2ccc(O)c(NC=O)c2)cc1,8.61,train,<rdkit.Chem.rdchem.Mol object at 0x7fdcf48cdfc0>
COc1c(O)cc2c(c1O)[C@@H]1O[C@H](CO)[C@@H](O)[C@H](O)[C@H]1OC2=O,8.62,test,<rdkit.Chem.rdchem.Mol object at 0x7fdcf48ce0a0>
O=C1NC(c2cccc([N+](=O)[O-])c2)=CCN1c1ccccc1O,8.63,test,<rdkit.Chem.rdchem.Mol object at 0x7fdcf48ce180>
COCCOc1ccc(OCC(O)CNCCOc2ccc(O)c(C(N)=O)c2)cc1,8.63,train,<rdkit.Chem.rdchem.Mol object at 0x7fdcf48ce2d0>
Oc1ccc(C2=Cc3ccc(O)cc3OC2)cc1,8.63,train,<rdkit.Chem.rdchem.Mol object at 0x7fdcf48ce340>
CC/C(=C(/CC)c1ccc(O)cc1)c1ccc(O)cc1,8.63,train,<rdkit.Chem.rdchem.Mol object at 0x7fdcf48ce3b0>
CCN(CC)CCOc1ccc(/C(=C(/Cl)c2ccccc2)c2ccc(O)cc2)cc1,8.64,train,<rdkit.Chem.rdchem.Mol object at 0x7fdcf48ce420>
COc1cc(NC(=O)CCN2CCC(OC(=O)Nc3ccccc3-c3ccccc3)CC2)c(Cl)cc1CNC[C@H](O)c1ccc(O)c2[nH]c(=O)ccc12,8.64,train,<rdkit.Chem.rdchem.Mol object at 0x7fdcf48ce490>
COc1cc(NC(=O)CCN2CCC(OC(=O)Nc3ccccc3-c3ccccc3)CC2)c(Cl)cc1CNC[C@H](O)c1ccc(O)c2[nH]c(=O)ccc12.O=C(O)CCC(=O)O,8.64,train,<rdkit.Chem.rdchem.Mol object at 0x7fdcf48ce500>
Cc1c(NCCN2CCCC2)cc(C(=O)CCC(F)(F)F)cc1N1CCN(c2ncnc3[nH]nc(Br)c23)CC1,8.64,train,<rdkit.Chem.rdchem.Mol object at 0x7fdcf48ce570>
O=C1NC(=O)C2(N1)c1cc(F)ccc1-c1ccc(F)cc12,8.65,train,<rdkit.Chem.rdchem.Mol object at 0x7fdcf48ce5e0>
CN[C@@H]1[C@H](O)[C@H](NC)[C@H]2O[C@@]3(O)C(=O)C[C@@H](C)O[C@H]3O[C@@H]2[C@H]1O,8.66,test,<rdkit.Chem.rdchem.Mol object at 0x7fdcf48ce650>
CCCC[C@@H]1CC(=O)[C@]2(O)O[C@@H]3[C@@H](NC)[C@@H](O)[C@@H](NC)[C@H](O)[C@H]3O[C@@H]2O1,8.66,train,<rdkit.Chem.rdchem.Mol object at 0x7fdcf48ce730>
NC(=O)[C@@H]1C[C@]2(NC(=O)NC2=O)c2cc(F)ccc2O1,8.67,train,<rdkit.Chem.rdchem.Mol object at 0x7fdcf48ce810>
O=C1NC(=O)[C@@]2(CCOc3ccc(F)cc32)N1,8.67,train,<rdkit.Chem.rdchem.Mol object at 0x7fdcf48ce880>
[C-]#[N+]C(=C\c1ccc(O)cc1)/C(=C/c1ccc(O)cc1)[N+]#[C-],8.67,train,<rdkit.Chem.rdchem.Mol object at 0x7fdcf48ce8f0>
CC(C)CC(=O)Nc1cncc(-c2ccc3[nH]nc(-c4nc5cncc(-c6cccc(F)c6)c5[nH]4)c3c2)c1,8.67,train,<rdkit.Chem.rdchem.Mol object at 0x7fdcf48ce960>
C[C@H]1CCC[C@@H](O)CCCCCc2cc(O)cc(O)c2C(=O)O1,8.68,test,<rdkit.Chem.rdchem.Mol object at 0x7fdcf48ce9d0>
CN(CC1(C)CCCO1)S(=O)(=O)c1ccc(Cl)c(S(N)(=O)=O)c1,8.68,train,<rdkit.Chem.rdchem.Mol object at 0x7fdcf48cea40>
NC(=O)c1ncn([C@@H]2O[C@H](CO)[C@@H](O)[C@H]2O)c1O,8.68,train,<rdkit.Chem.rdchem.Mol object at 0x7fdcf48ceab0>
C[C@H]1CCC[C@H](O)CCCCCc2cc(O)cc(O)c2C(=O)O1,8.68,train,<rdkit.Chem.rdchem.Mol object at 0x7fdcf48ceb20>
CCN(CC)CCNC(=O)c1ccc(NS(C)(=O)=O)cc1,8.69,test,<rdkit.Chem.rdchem.Mol object at 0x7fdcf48ceb90>
Oc1ccc(C(O)CNCCCCCCNCC(O)c2ccc(O)c(O)c2)cc1O,8.69,train,<rdkit.Chem.rdchem.Mol object at 0x7fdcf48cec00>
CCOC(=O)CN[C@@H](C(=O)N1CC[C@H]1C(=O)NCc1ccc(/C(N)=N\O)cc1)C1CCCCC1,8.69,train,<rdkit.Chem.rdchem.Mol object at 0x7fdcf48cece0>
Cn1cc(CNCC2CCN(c3ncc(C(=O)NO)cn3)CC2)c2ccccc21,8.69,train,<rdkit.Chem.rdchem.Mol object at 0x7fdcf48ced50>
C=CCc1cc(OC)c(O)c(C(=O)NCCO)c1,8.7,test,<rdkit.Chem.rdchem.Mol object at 0x7fdcf48cedc0>
CC1(C)SCCN(S(=O)(=O)c2ccc(Oc3ccncc3)cc2)[C@H]1C(=O)NO,8.7,train,<rdkit.Chem.rdchem.Mol object at 0x7fdcf48ceea0>
CC1(C)SCCN(S(=O)(=O)c2ccc(OCC#CCO)cc2)[C@H]1C(=O)NO,8.7,train,<rdkit.Chem.rdchem.Mol object at 0x7fdcf48cef10>
CC(C)C[C@@H](C(=O)Nc1ccn(C[C@@H](O)CO)n1)N1CC(Oc2ccccc2Cl)=CC1=O,8.71,train,<rdkit.Chem.rdchem.Mol object at 0x7fdcf48cef80>
CS(=N)(=O)c1ccc(-c2ccc([C@@H](O)[C@@H](CF)NC(=O)C(F)F)cc2)cn1,8.71,train,<rdkit.Chem.rdchem.Mol object at 0x7fdcf48ceff0>
O=C(NO)c1cnc(N2CCN(S(=O)(=O)c3ccc4ccccc4c3)CC2)nc1,8.72,train,<rdkit.Chem.rdchem.Mol object at 0x7fdcf48cf060>
O=C(N/N=C/c1ccccc1O)c1ccncc1,8.73,train,<rdkit.Chem.rdchem.Mol object at 0x7fdcf48cf1b0>
Cc1cc(C)c2cccc(OCc3c(Cl)ccc(S(=O)(=O)NC4(C(=O)N5CCN(C(=O)[C@@H](N)CCC[N+](C)(C)C)CC5)CCOCC4)c3Cl)c2n1,8.74,train,<rdkit.Chem.rdchem.Mol object at 0x7fdcf48cf220>
CS(=O)(=O)c1ccc(C(O)C(CO)NC(=O)C(Cl)Cl)cc1,8.75,train,<rdkit.Chem.rdchem.Mol object at 0x7fdcf48cf290>
CS(=O)(=O)c1ccc([C@@H](O)[C@@H](CO)NC(=O)C(Cl)Cl)cc1,8.75,train,<rdkit.Chem.rdchem.Mol object at 0x7fdcf48cf300>
O=C(CNC(=O)c1ccc(Cl)cc1)NO,8.75,train,<rdkit.Chem.rdchem.Mol object at 0x7fdcf48cf370>
CCC1C(C)CC(C)C12C(=O)NC(S)NC2=O,8.75,train,<rdkit.Chem.rdchem.Mol object at 0x7fdcf48cf3e0>
N#Cc1cc(-c2n[nH]c(-c3ccncc3)n2)ccn1,8.75,train,<rdkit.Chem.rdchem.Mol object at 0x7fdcf48cf450>
CN(C)CCCNC(=O)/C(=C/CCCCC(=O)NO)COc1cccc2ccccc12,8.76,train,<rdkit.Chem.rdchem.Mol object at 0x7fdcf48cf530>
CCN(CC)CCc1oc(=O)[nH]c1-c1ccc(F)cc1,8.77,train,<rdkit.Chem.rdchem.Mol object at 0x7fdcf48cf610>
O=[N+]([O-])c1ccc(NN=C(c2ccc(O)cc2)c2ccc(O)cc2)c([N+](=O)[O-])c1,8.77,train,<rdkit.Chem.rdchem.Mol object at 0x7fdcf48cf680>
CC(C)(C)NCC(O)c1ccc(O)c(CO)n1,8.79,train,<rdkit.Chem.rdchem.Mol object at 0x7fdcf48cf6f0>
COc1cc(/C=C/C(=O)/C=C(O)/C=C/c2ccc(O)c(OC)c2)ccc1O,8.79,train,<rdkit.Chem.rdchem.Mol object at 0x7fdcf48cf760>
Cc1cccc(OC2CCN(Cc3cc(=O)[nH]c(=O)[nH]3)CC2)c1C,8.79,train,<rdkit.Chem.rdchem.Mol object at 0x7fdcf48cf7d0>
O=c1cc[nH]c(=O)[nH]1,8.8,train,<rdkit.Chem.rdchem.Mol object at 0x7fdcf48cf840>
CCOC(=O)C1=CCCC[C@H]1S(=O)(=O)Nc1ccc(F)cc1Cl,8.8,train,<rdkit.Chem.rdchem.Mol object at 0x7fdcf48cf8b0>
Cn1cc(S(=O)(=O)[C@@](C)(F)C2CCN(C(=O)Nc3ccon3)CC2)c(C(F)F)n1,8.81,train,<rdkit.Chem.rdchem.Mol object at 0x7fdcf48cf920>
CNC(=O)c1ccc(Cl)c(S(=O)(=O)NC)c1,8.82,train,<rdkit.Chem.rdchem.Mol object at 0x7fdcf48cf990>
O=C(NO)C1(CS(=O)(=O)c2ccc(Oc3ccc(Cl)cc3)cc2)CCOCC1,8.82,train,<rdkit.Chem.rdchem.Mol object at 0x7fdcf48cfa00>
O=C1c2c(c3c4ccc(O)cc4n([C@@H]4O[C@H](CO)[C@@H](O)[C@H](O)[C@H]4O)c3c3[nH]c4cc(O)ccc4c23)C(=O)N1NC(CO)CO,8.82,train,<rdkit.Chem.rdchem.Mol object at 0x7fdcf48cfa70>
Cc1ccc(C(=O)NNC(=O)c2c(C)cccc2Cl)cc1C#Cc1cnc2ccccc2c1,8.82,train,<rdkit.Chem.rdchem.Mol object at 0x7fdcf48cfae0>
CC(C)Cc1ccc(C(C)C(=O)NO)cc1,8.83,test,<rdkit.Chem.rdchem.Mol object at 0x7fdcf48cfb50>
C/C(=N\Cc1ccccc1)c1ccccc1O,8.83,train,<rdkit.Chem.rdchem.Mol object at 0x7fdcf48cfbc0>
Cc1nnnn1N=Cc1ccc(O)c(C(c2ccc(O)cc2)c2cc(C=Nn3nnnc3C)ccc2O)c1,8.83,train,<rdkit.Chem.rdchem.Mol object at 0x7fdcf48cfc30>
NC(=O)C[S+]([O-])C(c1ccccc1)c1ccccc1,8.84,test,<rdkit.Chem.rdchem.Mol object at 0x7fdcf48cfca0>
CC(c1cc2ccccc2s1)N(O)C(N)=O,8.84,test,<rdkit.Chem.rdchem.Mol object at 0x7fdcf48cfd10>
CC(C)NCC(O)c1cc(O)cc(O)c1,8.84,train,<rdkit.Chem.rdchem.Mol object at 0x7fdcf48cfd80>
NC(=O)C[S@@+]([O-])C(c1ccccc1)c1ccccc1,8.84,train,<rdkit.Chem.rdchem.Mol object at 0x7fdcf48cfe60>
CC(C)NCC(O)c1cc(O)cc(O)c1.CC(C)NCC(O)c1cc(O)cc(O)c1,8.84,train,<rdkit.Chem.rdchem.Mol object at 0x7fdcf48cfed0>
CN1C(=O)[C@@H](NC(=O)c2n[nH]c(Cc3ccccc3)n2)COc2ccccc21,8.84,train,<rdkit.Chem.rdchem.Mol object at 0x7fdcf48cff40>
CN1C(=O)[C@@H](NC(=O)c2n[nH]c(Cc3ccccc3)n2)COc2cccnc21,8.84,train,<rdkit.Chem.rdchem.Mol object at 0x7fdcf48d0040>
N#CCC(=O)NN=Cc1c[n+]([O-])c2ccccc2[n+]1[O-],8.84,train,<rdkit.Chem.rdchem.Mol object at 0x7fdcf48d00b0>
CC1CCCC(C)N1NC(=O)c1ccc(Cl)c(S(N)(=O)=O)c1,8.85,train,<rdkit.Chem.rdchem.Mol object at 0x7fdcf48d0190>
NS(=O)(=O)c1cc2c(cc1Cl)CN(C1CCCCC1)C2=O,8.85,train,<rdkit.Chem.rdchem.Mol object at 0x7fdcf48d0270>
CN(C)NC(=O)c1ccc(Cl)c(S(N)(=O)=O)c1,8.85,train,<rdkit.Chem.rdchem.Mol object at 0x7fdcf48d02e0>
Cc1cnc(NCCCN(C)C)c2c1[nH]c1ccc3cc(O)ccc3c12,8.85,train,<rdkit.Chem.rdchem.Mol object at 0x7fdcf48d0350>
Cc1cc(Cl)c(S(N)(=O)=O)cc1S(N)(=O)=O,8.85,train,<rdkit.Chem.rdchem.Mol object at 0x7fdcf48d03c0>
NS(=O)(=O)c1cc(C(=O)NN2C[C@@H]3[C@H]4CC[C@H](C4)[C@@H]3C2)ccc1Cl,8.85,train,<rdkit.Chem.rdchem.Mol object at 0x7fdcf48d0430>
COC(=S)NCCn1c([N+](=O)[O-])cnc1C,8.85,train,<rdkit.Chem.rdchem.Mol object at 0x7fdcf48d04a0>
CCc1ncc([N+](=O)[O-])n1CCNC(=S)OC,8.85,train,<rdkit.Chem.rdchem.Mol object at 0x7fdcf48d0580>
CN1C(=O)N(C[C@H](C(=O)NO)[C@@H](CC2CCCC2)C(=O)N2CCCCC2)C(=O)C1(C)C,8.85,train,<rdkit.Chem.rdchem.Mol object at 0x7fdcf48d05f0>
N#C/C(=C\C=C\c1ccc(O)c(O)c1)C(=O)NCc1ccccc1,8.85,train,<rdkit.Chem.rdchem.Mol object at 0x7fdcf48d0660>
COC(=O)N1CC2(CC2)C[C@H](C(=O)NO)[C@H]1C(=O)N1CCN(c2ccccc2)CC1,8.85,train,<rdkit.Chem.rdchem.Mol object at 0x7fdcf48d06d0>
CC(C)(C)NCC(O)c1cc(O)cc(O)c1,8.86,test,<rdkit.Chem.rdchem.Mol object at 0x7fdcf48d07b0>
COc1ccc2[nH]c(C)c(CC(=O)NO)c2c1,8.86,train,<rdkit.Chem.rdchem.Mol object at 0x7fdcf48d0890>
O=C(N/N=C/C=C/c1ccc([N+](=O)[O-])o1)c1ccc([N+](=O)[O-])s1,8.87,test,<rdkit.Chem.rdchem.Mol object at 0x7fdcf48d0970>
NC(=O)c1ccc(Cl)c(S(N)(=O)=O)c1,8.87,train,<rdkit.Chem.rdchem.Mol object at 0x7fdcf48d0a50>
CCCS(=O)(=O)Nc1ccc(F)c(C(=O)c2c[nH]c3ncc(-c4ccc(Cl)cc4)cc23)c1F,8.87,train,<rdkit.Chem.rdchem.Mol object at 0x7fdcf48d0ba0>
Oc1ccccc1/C=N/Cc1ccccc1,8.88,train,<rdkit.Chem.rdchem.Mol object at 0x7fdcf48d0c10>
CC(C)=CCC/C(C)=C/CC/C(C)=C/CN1C(=O)c2cccc(O)c2Nc2c(O)cc(O)cc21,8.88,train,<rdkit.Chem.rdchem.Mol object at 0x7fdcf48d0c80>
O=C(c1ccc(OCCN2CCCCC2)cc1)c1c(-c2ccc(O)cc2)sc2cc(O)ccc12,8.89,test,<rdkit.Chem.rdchem.Mol object at 0x7fdcf48d0d60>
CC(C)(C)NCC(O)c1ccc(O)c(CS(C)(=O)=O)c1,8.89,train,<rdkit.Chem.rdchem.Mol object at 0x7fdcf48d0dd0>
CNC(=O)[C@H](Cc1c[nH]c2ccccc12)NC(=O)[C@@H](CC(=O)NO)CC(C)C,8.9,train,<rdkit.Chem.rdchem.Mol object at 0x7fdcf48d0e40>
O=C(CCc1ccc(CN[C@H](C(=O)OC2CCCC2)C2CCCCC2)cn1)NO,8.9,train,<rdkit.Chem.rdchem.Mol object at 0x7fdcf48d0eb0>
C[C@H]1CN(C(=O)CC[C@@]2(C3CC3)NC(=O)NC2=O)CCN1c1cc(F)cc(F)c1,8.9,train,<rdkit.Chem.rdchem.Mol object at 0x7fdcf48d0f90>
O=C(CCCCCCC(=O)Nc1cccnc1)NO,8.91,train,<rdkit.Chem.rdchem.Mol object at 0x7fdcf48d1000>
O=C(CCCCCCC(=O)Nc1ccccc1)NO,8.91,train,<rdkit.Chem.rdchem.Mol object at 0x7fdcf48d1070>
CC[C@](O)(c1nnc(NCc2ccc3c(-c4ccc(F)cc4)cc(=O)oc3c2)o1)C(F)(F)F,8.91,train,<rdkit.Chem.rdchem.Mol object at 0x7fdcf48d10e0>
O=C(CCCCCCC(=O)Nc1ccc(CN[C@H](C(=O)OC2CCCC2)c2ccccc2)cc1)NO,8.91,train,<rdkit.Chem.rdchem.Mol object at 0x7fdcf48d1150>
C#Cc1cccc(Nc2ncnc3cc(OC)c(OCCCCCCC(=O)NO)cc23)c1,8.91,train,<rdkit.Chem.rdchem.Mol object at 0x7fdcf48d11c0>
COC(=O)c1ccc(OC(=O)CCCCCCC(=O)NO)cc1,8.91,train,<rdkit.Chem.rdchem.Mol object at 0x7fdcf48d1230>
O=C(CCCCCCNC(=O)c1cnc(N(c2ccccc2)c2ccccc2Cl)nc1)NO,8.91,train,<rdkit.Chem.rdchem.Mol object at 0x7fdcf48d12a0>
O=C(CCCCNC(=O)c1nc(-c2nccs2)sc1C1CC1)NO,8.91,train,<rdkit.Chem.rdchem.Mol object at 0x7fdcf48d1380>
Cn1c(CCCCCCC(=O)NO)nc2cc(N(CCCl)CCCl)ccc21,8.92,train,<rdkit.Chem.rdchem.Mol object at 0x7fdcf48d1460>
CC[C@H]1OC(=O)[C@H](C)C(=O)[C@H](C)[C@@H](O[C@@H]2O[C@H](C)C[C@H](N(C)C)[C@H]2O)[C@@]2(C)C[C@@H](C)/C(=N\C(C)=O)[C@H](C)[C@@H](OC/C(=N\OCc3ccc(-n4cccn4)nc3)CO2)[C@]1(C)O,8.93,train,<rdkit.Chem.rdchem.Mol object at 0x7fdcf48d15b0>
C[C@@H](OC[C@@]1(c2ccccc2)CC[C@]2(CN1)NC(=O)NC2=O)c1cc(C(F)(F)F)cc(C(F)(F)F)c1,8.93,train,<rdkit.Chem.rdchem.Mol object at 0x7fdcf48d1620>
CC[C@H]1OC(=O)[C@H](C)C(=O)[C@H](C)[C@@H](O[C@@H]2O[C@H](C)C[C@H](N(C)C)[C@H]2O)[C@](C)(OC)C[C@@H](C)C(=O)[C@H](C)[C@H]2[C@H](/C(N)=N/O[C@@H](C)c3nnc(-c4ccccn4)s3)C(=O)O[C@@]21C,8.93,train,<rdkit.Chem.rdchem.Mol object at 0x7fdcf48d1690>
CC[C@H]1OC(=O)[C@H](C)C(=O)[C@H](C)[C@@H](O[C@@H]2O[C@H](C)C[C@H](N(C)C)[C@H]2O)[C@](C)(OC)C[C@@H](C)C(=O)[C@H](C)[C@H]2N(CCCCn3cnc(-c4cccnc4)c3)C(=O)O[C@]12C,8.95,test,<rdkit.Chem.rdchem.Mol object at 0x7fdcf48d18c0>
CCN(CC)C(=O)c1ccc(O)c(OC)c1,8.95,train,<rdkit.Chem.rdchem.Mol object at 0x7fdcf48d19a0>
COc1cc(C(=O)Nc2ccccc2CCC2CCCCN2C)ccc1O,8.95,train,<rdkit.Chem.rdchem.Mol object at 0x7fdcf48d1a10>
Oc1cc(O)c2c(c1)OC(c1ccc(O)c(O)c1)C(O)C2O,8.95,train,<rdkit.Chem.rdchem.Mol object at 0x7fdcf48d1a80>
CC(C)(C)NCc1cc(Nc2ccnc3cc(Cl)ccc23)cc(-c2ccc(Cl)cc2)c1O,8.95,train,<rdkit.Chem.rdchem.Mol object at 0x7fdcf48d1af0>
O=c1nc(OCCc2ccc(Oc3ccc(Cl)c(C(F)(F)F)c3)cc2)[nH]cc1Cc1cncnc1,8.95,train,<rdkit.Chem.rdchem.Mol object at 0x7fdcf48d1b60>
Oc1ccc(Cl)cc1,8.96,train,<rdkit.Chem.rdchem.Mol object at 0x7fdcf48d1bd0>
CSC[S@@+]([O-])CC(CO)NC(=O)/C=C/c1c(C)[nH]c(=O)[nH]c1=O,8.97,test,<rdkit.Chem.rdchem.Mol object at 0x7fdcf48d1cb0>
CN(C)CCc1c[nH]c2cccc(O)c12,8.97,train,<rdkit.Chem.rdchem.Mol object at 0x7fdcf48d1d20>
CNCC(O)c1cc(OC)c(O)c(OC)c1,8.97,train,<rdkit.Chem.rdchem.Mol object at 0x7fdcf48d1d90>
Oc1ccc(CCCCNC[C@H](O)c2ccc(O)c(O)c2)cc1,8.97,train,<rdkit.Chem.rdchem.Mol object at 0x7fdcf48d1e00>
CCOc1cc(=O)[nH]cc1-c1ccc(CC(=O)Nc2cc(C(C)(C)C(F)(F)F)on2)c(F)c1,8.97,train,<rdkit.Chem.rdchem.Mol object at 0x7fdcf48d1e70>
CC1=C(c2cc(F)cc(F)c2)[C@H](c2ccc(/C=C/CN3CC(CF)C3)cc2)Oc2cc(O)ccc21,8.98,train,<rdkit.Chem.rdchem.Mol object at 0x7fdcf48d1f50>
O=C(NC(O)C(Cl)(Cl)Cl)NC(O)C(Cl)(Cl)Cl,8.99,train,<rdkit.Chem.rdchem.Mol object at 0x7fdcf48d1fc0>
C=CCc1c(O)ccc2nc3c(cc12)Cn1c-3cc2c(c1=O)COC(=O)[C@]2(O)CC,8.99,train,<rdkit.Chem.rdchem.Mol object at 0x7fdcf48d2030>
CC(=O)N[C@@H](Cc1c[nH]c2ccccc12)C(=O)N[C@@H](CCC(=O)C=[N+]=[N-])C(=O)OC(C)C,8.99,train,<rdkit.Chem.rdchem.Mol object at 0x7fdcf48d20a0>
Oc1cc(O)c2c(c1)O[C@H](c1ccc(O)c(O)c1)[C@H](O)C2,9.0,train,<rdkit.Chem.rdchem.Mol object at 0x7fdcf48d2180>
Oc1cc(O)c2c(c1)O[C@@H](c1ccc(O)c(O)c1)[C@@H](O)C2,9.0,train,<rdkit.Chem.rdchem.Mol object at 0x7fdcf48d21f0>
COc1cc(/C=C/c2ccc(O)cc2)cc(OC)c1,9.0,train,<rdkit.Chem.rdchem.Mol object at 0x7fdcf48d2260>
CO[C@H]1Cc2c(O)cc(O)cc2O[C@@H]1c1ccc(O)c(O)c1,9.0,train,<rdkit.Chem.rdchem.Mol object at 0x7fdcf48d22d0>
COc1cc(/C=C/C(=O)/C=C/C=C/c2cc(OC)c(O)c(OC)c2)cc(OC)c1,9.0,train,<rdkit.Chem.rdchem.Mol object at 0x7fdcf48d23b0>
COc1ccccc1OCCNCC(O)COc1cccc2[nH]nnc12,9.01,train,<rdkit.Chem.rdchem.Mol object at 0x7fdcf48d2420>
CC(C)[C@@H](CN1CC[C@@](C)(c2cccc(O)c2)[C@@H](C)C1)NC(=O)[C@H]1Cc2ccc(O)cc2CN1,9.01,train,<rdkit.Chem.rdchem.Mol object at 0x7fdcf48d2490>
CC(=O)Oc1cccc(O)c1,9.03,train,<rdkit.Chem.rdchem.Mol object at 0x7fdcf48d2570>
C[C@H](N)[C@H](O)c1cccc(O)c1,9.03,train,<rdkit.Chem.rdchem.Mol object at 0x7fdcf48d25e0>
CN=C1SCC(O)(c2ccc(Cl)c(S(N)(=O)=O)c2)N1C,9.03,train,<rdkit.Chem.rdchem.Mol object at 0x7fdcf48d2650>
Oc1ccc(C2=COc3cc(O)ccc3C2)cc1,9.03,train,<rdkit.Chem.rdchem.Mol object at 0x7fdcf48d26c0>
O=C1CCCCC1c1c(O)ccc2ccccc12,9.04,train,<rdkit.Chem.rdchem.Mol object at 0x7fdcf48d27a0>
CC(C)(C)c1cc(C(=O)c2cccs2)cc(C(C)(C)C)c1O,9.04,train,<rdkit.Chem.rdchem.Mol object at 0x7fdcf48d2810>
NS(=O)(=O)c1cc2c(cc1Cl)NC(CN1C(=O)CCC1=O)NS2(=O)=O,9.04,train,<rdkit.Chem.rdchem.Mol object at 0x7fdcf48d2880>
O=C1CC[C@H]2[C@H]3Cc4cccc(O)c4[C@@]2(CCN3CC2CC2)C1,9.04,train,<rdkit.Chem.rdchem.Mol object at 0x7fdcf48d28f0>
COc1ccc(/C=C/C(=O)/C=C(O)/C=C/c2ccc(OC)c(OC)c2)cc1OC,9.04,train,<rdkit.Chem.rdchem.Mol object at 0x7fdcf48d2960>
CCN(CC)Cc1ccc2cc(COC(=O)Nc3ccc(C(=O)NO)cc3)ccc2c1,9.04,train,<rdkit.Chem.rdchem.Mol object at 0x7fdcf48d29d0>
C=CCSCC1Nc2cc(Cl)c(S(N)(=O)=O)cc2S(=O)(=O)N1,9.05,test,<rdkit.Chem.rdchem.Mol object at 0x7fdcf48d2a40>
NS(=O)(=O)c1cc2c(cc1Cl)NC(CSCC(F)(F)F)NS2(=O)=O,9.05,test,<rdkit.Chem.rdchem.Mol object at 0x7fdcf48d2ab0>
CCCCCC1Nc2cc(C(F)(F)F)c(S(N)(=O)=O)cc2S(=O)(=O)N1,9.05,train,<rdkit.Chem.rdchem.Mol object at 0x7fdcf48d2b20>
CC(C)NCC(O)c1cccc(O)c1,9.05,train,<rdkit.Chem.rdchem.Mol object at 0x7fdcf48d2b90>
C#CCCCC(=O)c1cc(C(C)(C)C)c(O)c(C(C)(C)C)c1,9.05,train,<rdkit.Chem.rdchem.Mol object at 0x7fdcf48d2c00>
O=C(NC(=O)c1c(F)cccc1F)Nc1ccc(Cl)c(Oc2ncc(C(F)(F)F)cc2Cl)c1,9.05,train,<rdkit.Chem.rdchem.Mol object at 0x7fdcf48d2c70>
NS(=O)(=O)c1cc2c(cc1Cl)NC(CSCc1ccccc1)NS2(=O)=O,9.05,train,<rdkit.Chem.rdchem.Mol object at 0x7fdcf48d2ce0>
O=C(NO)c1ccc(CN(c2cnccn2)c2cnccn2)cc1,9.05,train,<rdkit.Chem.rdchem.Mol object at 0x7fdcf48d2d50>
NS(=O)(=O)c1cc2c(cc1Cl)NC(C1CC3C=CC1C3)NS2(=O)=O,9.06,test,<rdkit.Chem.rdchem.Mol object at 0x7fdcf48d2e30>
CC(c1ccccc1)C1Nc2cc(Cl)c(S(N)(=O)=O)cc2S(=O)(=O)N1,9.06,test,<rdkit.Chem.rdchem.Mol object at 0x7fdcf48d2ea0>
NS(=O)(=O)c1cc2c(cc1Cl)NC(Cc1ccccc1)NS2(=O)=O,9.06,train,<rdkit.Chem.rdchem.Mol object at 0x7fdcf48d2f10>
Oc1ccc(Cl)cc1Cc1ccccc1,9.06,train,<rdkit.Chem.rdchem.Mol object at 0x7fdcf48d2f80>
CCC(C)C(C)C1Nc2cc(Cl)c(S(N)(=O)=O)cc2S(=O)(=O)N1,9.06,train,<rdkit.Chem.rdchem.Mol object at 0x7fdcf48d2ff0>
NS(=O)(=O)c1cc2c(cc1Cl)NC(Cc1ccc(F)cc1)NS2(=O)=O,9.06,train,<rdkit.Chem.rdchem.Mol object at 0x7fdcf48d3060>
CCCCCCCCCCCCCCCC(=O)OC[C@@H](NC(=O)C(Cl)Cl)[C@H](O)c1ccc([N+](=O)[O-])cc1,9.07,test,<rdkit.Chem.rdchem.Mol object at 0x7fdcf48d30d0>
CONC(=O)Nc1ccc(-c2sc3c(c2CN(C)Cc2ccccc2)c(=O)n(-c2ccccc2)c(=O)n3Cc2c(F)cccc2F)cc1,9.07,test,<rdkit.Chem.rdchem.Mol object at 0x7fdcf48d3140>
NS(=O)(=O)c1cc2c(cc1Cl)NC(CC1CCCC1)NS2(=O)=O,9.07,train,<rdkit.Chem.rdchem.Mol object at 0x7fdcf48d31b0>
NS(=O)(=O)c1cc2c(cc1C(F)(F)F)NCNS2(=O)=O,9.07,train,<rdkit.Chem.rdchem.Mol object at 0x7fdcf48d3220>
CNC[C@H](O)c1cccc(O)c1,9.07,train,<rdkit.Chem.rdchem.Mol object at 0x7fdcf48d3290>
OC(OCC(COC(O)C(Cl)(Cl)Cl)(COC(O)C(Cl)(Cl)Cl)COC(O)C(Cl)(Cl)Cl)C(Cl)(Cl)Cl,9.07,train,<rdkit.Chem.rdchem.Mol object at 0x7fdcf48d3300>
CCC1Nc2cc(Cl)c(S(N)(=O)=O)cc2S(=O)(=O)N1,9.07,train,<rdkit.Chem.rdchem.Mol object at 0x7fdcf48d3370>
CC(C)CC1Nc2cc(Cl)c(S(N)(=O)=O)cc2S(=O)(=O)N1,9.07,train,<rdkit.Chem.rdchem.Mol object at 0x7fdcf48d33e0>
COc1ccccc1N1CCN(CCc2oc(=O)[nH]c2-c2ccc(F)cc2)CC1,9.07,train,<rdkit.Chem.rdchem.Mol object at 0x7fdcf48d3450>
COc1cnc(-n2cnc(C)n2)c2[nH]cc(C(=O)C(=O)N3CCN(C(=O)c4ccccc4)CC3)c12,9.07,train,<rdkit.Chem.rdchem.Mol object at 0x7fdcf48d3530>
NC(=O)[C@](O)(CNc1nc(-c2cc(-c3ccon3)n(Cc3ccccc3F)n2)ncc1F)C(F)(F)F,9.07,train,<rdkit.Chem.rdchem.Mol object at 0x7fdcf48d3610>
CCCCc1oc2ccc(NS(C)(=O)=O)cc2c1C(=O)c1ccc(OCCCN(CCCC)CCCC)cc1,9.08,test,<rdkit.Chem.rdchem.Mol object at 0x7fdcf48d3680>
Cc1cc(O)ccc1Cl,9.08,train,<rdkit.Chem.rdchem.Mol object at 0x7fdcf48d36f0>
CCC(=O)C(CCCCCCOc1ccc(OC)cc1Cl)C(=O)CC,9.08,train,<rdkit.Chem.rdchem.Mol object at 0x7fdcf48d3760>
O=c1[nH]c(-c2ccc(F)cc2)c(CCN2CCN(c3cc(Cl)cc(Cl)c3)CC2)o1,9.08,train,<rdkit.Chem.rdchem.Mol object at 0x7fdcf48d37d0>
NS(=O)(=O)c1cc2c(cc1Cl)NCNS2(=O)=O,9.09,train,<rdkit.Chem.rdchem.Mol object at 0x7fdcf48d3840>
Oc1ccc(Nc2ccnc3cc(Cl)ccc23)cc1CN1CCCC1,9.09,train,<rdkit.Chem.rdchem.Mol object at 0x7fdcf48d38b0>
COc1c(-c2ccc3cc(NS(C)(=O)=O)ccc3c2)cc(-n2ccc(=O)[n-]c2=O)cc1C(C)(C)C,9.09,train,<rdkit.Chem.rdchem.Mol object at 0x7fdcf48d3a00>
CCNCC(O)c1cccc(O)c1,9.1,test,<rdkit.Chem.rdchem.Mol object at 0x7fdcf48d3ae0>
C/C=C(C(=C/C)/c1ccc(O)cc1)\c1ccc(O)cc1,9.1,train,<rdkit.Chem.rdchem.Mol object at 0x7fdcf48d3b50>
CC(=O)c1ccc([C@@H](O)[C@@H](CO)NC(=O)C(Cl)Cl)cc1,9.1,train,<rdkit.Chem.rdchem.Mol object at 0x7fdcf48d3bc0>
O=C(c1cc(Cn2c(=O)[nH]c(=O)c3c(F)cccc32)ccc1F)N1CCN(c2ncccn2)CC1,9.1,train,<rdkit.Chem.rdchem.Mol object at 0x7fdcf48d3c30>
COc1cc(S(C)(=O)=O)ccc1Nc1nc2ccc(-c3ccc(NC(=O)[C@H](C)c4ccc(F)cc4)cc3)cn2n1,9.1,train,<rdkit.Chem.rdchem.Mol object at 0x7fdcf48d3ca0>
Cc1cc(O)c2c(ccc3nc(-c4ccco4)[nH]c32)n1,9.11,train,<rdkit.Chem.rdchem.Mol object at 0x7fdcf48d3df0>
CC/C(=C(\c1ccc(O)cc1)c1ccc(OCCN(C)C)cc1)c1ccc(C(C)C)cc1,9.11,train,<rdkit.Chem.rdchem.Mol object at 0x7fdcf48d3e60>
Oc1cccc(-c2c3nc(c(-c4cccc(O)c4)c4ccc([nH]4)c(-c4cccc(O)c4)c4nc(c(-c5cccc(O)c5)c5ccc2[nH]5)CC4)C=C3)c1,9.12,train,<rdkit.Chem.rdchem.Mol object at 0x7fdcf48d3f40>
CC/C(=C(\c1ccc(O)cc1)c1ccc(OCCNC)cc1)c1ccccc1,9.12,train,<rdkit.Chem.rdchem.Mol object at 0x7fdcf48d4040>
Cn1cc(-c2ccc(F)c(C(F)(F)F)c2)nc1C1CCN(c2ncnc3[nH]ncc23)CC1,9.12,train,<rdkit.Chem.rdchem.Mol object at 0x7fdcf48d40b0>
Oc1cc(O)cc(O)c1,9.13,train,<rdkit.Chem.rdchem.Mol object at 0x7fdcf48d4120>
C=C(C)[C@@H]1CCC(C)=C[C@H]1c1c(O)cc(CCCCC)cc1O,9.13,train,<rdkit.Chem.rdchem.Mol object at 0x7fdcf48d4190>
O=C(CCN1CCOCC1)c1ccccc1O,9.13,train,<rdkit.Chem.rdchem.Mol object at 0x7fdcf48d4200>
C=C(C)[C@@H]1CCC(C)=C[C@H]1c1c(O)cc(CCC)cc1O,9.13,train,<rdkit.Chem.rdchem.Mol object at 0x7fdcf48d4270>
CN(C)CCCOc1ccc2[nH]nc(S(=O)(=O)c3cccc4ccccc34)c2c1,9.13,train,<rdkit.Chem.rdchem.Mol object at 0x7fdcf48d42e0>
O=c1[nH]c(Cc2ccccn2)nc2c1cnn2C1CCOCC1,9.13,train,<rdkit.Chem.rdchem.Mol object at 0x7fdcf48d4350>
Cc1ncc(CSSCc2cnc(C)c(O)c2CO)c(CO)c1O,9.14,test,<rdkit.Chem.rdchem.Mol object at 0x7fdcf48d43c0>
C[C@H]1CN(C(=O)CC#N)[C@]12CCN(c1ncnc3[nH]ccc13)C2,9.14,train,<rdkit.Chem.rdchem.Mol object at 0x7fdcf48d4430>
CC(NCCc1ccc(O)cc1)C(O)c1ccc(O)cc1,9.15,test,<rdkit.Chem.rdchem.Mol object at 0x7fdcf48d44a0>
O=[N+]([O-])c1cccc(S(=O)(=O)NCCNS(=O)(=O)c2cccc([N+](=O)[O-])c2)c1,9.15,train,<rdkit.Chem.rdchem.Mol object at 0x7fdcf48d4510>
O=c1[nH]c(=O)c2ccccc2o1,9.15,train,<rdkit.Chem.rdchem.Mol object at 0x7fdcf48d4580>
O=c1[nH]ncc(NCCNCC(O)COc2ccccc2Cl)c1Cl,9.15,train,<rdkit.Chem.rdchem.Mol object at 0x7fdcf48d45f0>
C[C@@H]1CCN(C(=O)CC#N)C[C@@H]1N(C)c1ncnc2[nH]ccc12,9.15,train,<rdkit.Chem.rdchem.Mol object at 0x7fdcf48d46d0>
C[C@@H]1CCN(C(=O)CC#N)C[C@@H]1N(C)c1ncnc2[nH]ccc12.O=C(O)CC(O)(CC(=O)O)C(=O)O,9.15,train,<rdkit.Chem.rdchem.Mol object at 0x7fdcf48d4740>
O=C(NN1C(=O)[C@@H]2[C@@H]3C=C[C@@H]([C@H]4C[C@@H]34)[C@@H]2C1=O)c1ccc(C(F)(F)F)cc1,9.15,train,<rdkit.Chem.rdchem.Mol object at 0x7fdcf48d47b0>
COc1c(/C=C/c2ccc(NS(C)(=O)=O)cc2)cc(-n2ccc(=O)[nH]c2=O)cc1C(C)(C)C,9.15,train,<rdkit.Chem.rdchem.Mol object at 0x7fdcf48d4820>
C[C@@H]1CN(Cc2ncccn2)C[C@H]1c1nc2c(cnn2C2CCOCC2)c(=O)[nH]1,9.15,train,<rdkit.Chem.rdchem.Mol object at 0x7fdcf48d4890>
O=C1OC(c2ccc(O)cc2)(c2ccc(O)cc2)c2ccccc21,9.16,train,<rdkit.Chem.rdchem.Mol object at 0x7fdcf48d4900>
O=S1(=O)OC(c2ccc(O)cc2)(c2ccc(O)cc2)c2ccccc21,9.16,train,<rdkit.Chem.rdchem.Mol object at 0x7fdcf48d4970>
COc1cc2c(c(OC)c1OC)-c1ccc(O)cc1[C@@H](NC(C)=O)CC2,9.16,train,<rdkit.Chem.rdchem.Mol object at 0x7fdcf48d4a50>
CCCCCc1cc(O)c(C/C=C(\C)CCC=C(C)C)c(O)c1,9.16,train,<rdkit.Chem.rdchem.Mol object at 0x7fdcf48d4ac0>
COC(=O)Nc1nc2cc(C(=O)c3ccc(F)cc3)ccc2[nH]1,9.17,train,<rdkit.Chem.rdchem.Mol object at 0x7fdcf48d4ba0>
COc1cc(C=C2CCCC(=Cc3ccc(O)c(OC)c3)C2=O)ccc1O,9.18,train,<rdkit.Chem.rdchem.Mol object at 0x7fdcf48d4c10>
O=C1Nc2ccccc2C1(c1ccc(O)cc1)c1ccc(O)cc1,9.18,train,<rdkit.Chem.rdchem.Mol object at 0x7fdcf48d4c80>
C[C@@H](C(=O)N1CCOCC1)N1CC[C@H](NS(=O)(=O)/C=C/c2ccc(Cl)s2)C1=O,9.18,train,<rdkit.Chem.rdchem.Mol object at 0x7fdcf48d4cf0>
CNC(C)C(O)c1ccc(O)cc1,9.19,test,<rdkit.Chem.rdchem.Mol object at 0x7fdcf48d4d60>
Oc1ccc(Oc2sc3cc(O)ccc3c2-c2ccc(F)cc2)cc1,9.19,test,<rdkit.Chem.rdchem.Mol object at 0x7fdcf48d4e40>
O=C1NC(=O)C2(CCc3ccccc3C2)N1,9.19,train,<rdkit.Chem.rdchem.Mol object at 0x7fdcf48d4f20>
CC(C)c1c(O)cc(/C=C/c2ccccc2)cc1O,9.19,train,<rdkit.Chem.rdchem.Mol object at 0x7fdcf48d4f90>
C[N+](C)(C)CCO.[O-]c1ccc(Cc2cc3cccccc-3c2)cc1[C@@H]1O[C@H](CO)[C@@H](O)[C@H](O)[C@H]1O,9.19,train,<rdkit.Chem.rdchem.Mol object at 0x7fdcf48d5000>
CCOC(=O)c1nc(=O)c2cc3cc(OC)c(OC)cc3nc2[nH]1,9.2,test,<rdkit.Chem.rdchem.Mol object at 0x7fdcf48d5070>
CCCCNCC(O)c1ccc(O)cc1,9.2,train,<rdkit.Chem.rdchem.Mol object at 0x7fdcf48d50e0>
C=CCN1C(=O)OC(C)C1=O,9.2,train,<rdkit.Chem.rdchem.Mol object at 0x7fdcf48d5150>
CC(C)[C@H](C(=O)Nc1ccc(C(=O)NO)cc1)c1ccccc1,9.2,train,<rdkit.Chem.rdchem.Mol object at 0x7fdcf48d51c0>
C[C@]12CCC(=O)C(O)=C1CC[C@@H]1[C@@H]2CC[C@]2(C)C(=O)CC[C@@H]12,9.21,train,<rdkit.Chem.rdchem.Mol object at 0x7fdcf48d5310>
C[C@H](Cc1ccc(O)c(O)c1)[C@@H](C)Cc1ccc(O)c(O)c1,9.21,train,<rdkit.Chem.rdchem.Mol object at 0x7fdcf48d5380>
COc1ccc(CCNC[C@H](O)c2ccc(O)cc2)cc1OC,9.22,train,<rdkit.Chem.rdchem.Mol object at 0x7fdcf48d5540>
COc1ccc(CC(C)(C)NC[C@H](O)c2cc(O)cc3c2OCC(=O)N3)cc1,9.22,train,<rdkit.Chem.rdchem.Mol object at 0x7fdcf48d55b0>
CNc1ccc(-c2nc3ccc(O)cc3s2)cc1[18F],9.23,test,<rdkit.Chem.rdchem.Mol object at 0x7fdcf48d5620>
CC(C)NCC(O)c1ccc(O)cc1,9.23,train,<rdkit.Chem.rdchem.Mol object at 0x7fdcf48d5690>
C[C@]12CC[C@H]3[C@@H](CCC4=C(O)C(=O)CC[C@@H]43)[C@@H]1CC[C@@H]2OC(=O)CCC1CCCC1,9.23,train,<rdkit.Chem.rdchem.Mol object at 0x7fdcf48d5700>
CNc1ccc(-c2nc3ccc(O)cc3s2)cc1F,9.23,train,<rdkit.Chem.rdchem.Mol object at 0x7fdcf48d57e0>
CNc1ccc(-c2nc3ccc(O)cc3s2)cc1,9.23,train,<rdkit.Chem.rdchem.Mol object at 0x7fdcf48d5850>
Cn1cnc2c1c(=O)[nH]c(=O)n2C,9.24,train,<rdkit.Chem.rdchem.Mol object at 0x7fdcf48d5930>
CCCCCC(C)C(C)c1cc(O)c2c(c1)OC(C)(C)C=C2c1ccncc1,9.24,train,<rdkit.Chem.rdchem.Mol object at 0x7fdcf48d59a0>
Cc1cc(O)ccc1/C=N/NC1=NCCN1,9.24,train,<rdkit.Chem.rdchem.Mol object at 0x7fdcf48d5a10>
CC(CCc1ccccc1)NC(C)C(O)c1ccc(O)cc1,9.25,train,<rdkit.Chem.rdchem.Mol object at 0x7fdcf48d5a80>
CCCCCC(C)C(C)c1cc(O)c2c(c1)OC(C)(C)C1=C2CCCS1,9.25,train,<rdkit.Chem.rdchem.Mol object at 0x7fdcf48d5af0>
Nc1nc(N)c2nc(-c3cccc(O)c3)c(-c3cccc(O)c3)nc2n1,9.25,train,<rdkit.Chem.rdchem.Mol object at 0x7fdcf48d5bd0>
Oc1cccc(O)c1,9.26,train,<rdkit.Chem.rdchem.Mol object at 0x7fdcf48d5c40>
COC(=O)Nc1nc2cc([S+]([O-])c3ccccc3)ccc2[nH]1,9.26,train,<rdkit.Chem.rdchem.Mol object at 0x7fdcf48d5d20>
CCC[S+]([O-])c1ccc2[nH]c(NC(=O)OC)nc2c1,9.26,train,<rdkit.Chem.rdchem.Mol object at 0x7fdcf48d5d90>
CN(C)Cc1c(C(=O)NCCOc2ccc(C(=O)NO)cc2)oc2ccccc12,9.26,train,<rdkit.Chem.rdchem.Mol object at 0x7fdcf48d5e00>
CCCS(=O)(=O)Nc1ccc(F)c(-n2cc(-c3cncnc3)c3nc(N(C)C4CCN(CC)CC4)ccc32)c1F,9.26,train,<rdkit.Chem.rdchem.Mol object at 0x7fdcf48d5e70>
COc1cc(C(=S)N2CCOCC2)ccc1O,9.27,train,<rdkit.Chem.rdchem.Mol object at 0x7fdcf48d5ee0>
COCCNCc1ccc(-c2cc3nccc(Oc4ccc(NC(=S)NC(=O)Cc5ccc(F)cc5)cc4F)c3s2)nc1,9.27,train,<rdkit.Chem.rdchem.Mol object at 0x7fdcf48d5f50>
Cn1cnc2[nH]c(=O)[nH]c(=O)c21,9.28,train,<rdkit.Chem.rdchem.Mol object at 0x7fdcf48d5fc0>
N=C(N)Nc1nc(CSCCC(=N)NS(N)(=O)=O)cs1,9.29,test,<rdkit.Chem.rdchem.Mol object at 0x7fdcf48d60a0>
COC(=O)[C@@H](N)Cc1ccc(O)c(O)c1,9.29,test,<rdkit.Chem.rdchem.Mol object at 0x7fdcf48d6110>
CN1C(CCl)Nc2cc(Cl)c(S(N)(=O)=O)cc2S1(=O)=O,9.29,train,<rdkit.Chem.rdchem.Mol object at 0x7fdcf48d6180>
CCOC(=O)[C@@](C)(N)Cc1ccc(O)c(O)c1,9.29,train,<rdkit.Chem.rdchem.Mol object at 0x7fdcf48d61f0>
O=C(NCCc1ccc(O)c(O)c1)C12CC3CC(CC(C3)C1)C2,9.29,train,<rdkit.Chem.rdchem.Mol object at 0x7fdcf48d6260>
CCOC(=O)[C@@H](N)Cc1ccc(O)c(O)c1,9.29,train,<rdkit.Chem.rdchem.Mol object at 0x7fdcf48d62d0>
CC(=O)Nc1ccc(O)cc1OC[C@@](C)(O)CNC1CCN(Cc2ccc(Cl)cc2)CC1,9.29,train,<rdkit.Chem.rdchem.Mol object at 0x7fdcf48d6340>
CCCCc1nc2cc(/C=C/C(=O)NO)ccc2n1CCN(CC)CC,9.29,train,<rdkit.Chem.rdchem.Mol object at 0x7fdcf48d63b0>
C[C@H](NC(=O)C(C)(F)F)[C@H](Oc1ccc2c(cnn2-c2cccc(C(=O)N[C@@H]3CCOC3)c2)c1)c1ccc2c(c1)OCCO2,9.29,train,<rdkit.Chem.rdchem.Mol object at 0x7fdcf48d6490>
CC(C)(C)CC(C)(C)c1ccc(O)c(-n2nc3ccccc3n2)c1,9.3,train,<rdkit.Chem.rdchem.Mol object at 0x7fdcf48d6500>
Cc1ccc(=O)n(-c2ccc(O)cc2)c1,9.3,train,<rdkit.Chem.rdchem.Mol object at 0x7fdcf48d6570>
CN1C(CSCC(F)(F)F)Nc2cc(Cl)c(S(N)(=O)=O)cc2S1(=O)=O,9.31,train,<rdkit.Chem.rdchem.Mol object at 0x7fdcf48d6650>
C=CCSCC1Nc2cc(Cl)c(S(N)(=O)=O)cc2S(=O)(=O)N1C,9.31,train,<rdkit.Chem.rdchem.Mol object at 0x7fdcf48d6730>
COc1ccc(Cn2c(C)c(CCN)c3cc(O)ccc32)cc1,9.31,train,<rdkit.Chem.rdchem.Mol object at 0x7fdcf48d67a0>
Oc1cc(Cc2ccccc2)nc(S)n1,9.31,train,<rdkit.Chem.rdchem.Mol object at 0x7fdcf48d6810>
Cc1[nH]c2ccccc2c1CCNCc1ccc(/C=C/C(=O)NO)cc1,9.31,train,<rdkit.Chem.rdchem.Mol object at 0x7fdcf48d6880>
CNC(=O)[C@@H](NC(=O)[C@H](CC(C)C)NC(=O)[C@@H](S)CCN1C(=O)N(C)C(C)(C)C1=O)C(C)(C)C,9.31,train,<rdkit.Chem.rdchem.Mol object at 0x7fdcf48d68f0>
CC(O)C(=O)O.Cc1[nH]c2ccccc2c1CCNCc1ccc(/C=C/C(=O)NO)cc1,9.31,train,<rdkit.Chem.rdchem.Mol object at 0x7fdcf48d6960>
CC(C)OC(=O)[C@H](C)NP(=S)(OC[C@H]1O[C@@H](n2ccc(=O)[nH]c2=O)[C@](C)(O)[C@@H]1O)Oc1ccccc1,9.31,train,<rdkit.Chem.rdchem.Mol object at 0x7fdcf48d69d0>
CCCCCc1cc(O)c2c(c1)OC(C)(C)c1ccc(C)cc1-2,9.32,train,<rdkit.Chem.rdchem.Mol object at 0x7fdcf48d6a40>
Cc1c(O)cccc1C(=O)N[C@@H](CSc1ccccc1)[C@H](O)CN1C[C@H]2CCCC[C@H]2C[C@H]1C(=O)NC(C)(C)C,9.32,train,<rdkit.Chem.rdchem.Mol object at 0x7fdcf48d6ab0>
COc1ccnc2c1CCCCC2[S+]([O-])c1nc2ccccc2[nH]1,9.32,train,<rdkit.Chem.rdchem.Mol object at 0x7fdcf48d6b20>
N#CCC1CCN(c2nc(Nc3ccc(N4CCC(O)CC4)cc3)c3c(=O)[nH]ncc3n2)CC1,9.32,train,<rdkit.Chem.rdchem.Mol object at 0x7fdcf48d6c00>
CCCCCCC(C)(C)c1cc(O)c2c(c1)OC(C)(C)C1CCC(=O)CC21,9.33,test,<rdkit.Chem.rdchem.Mol object at 0x7fdcf48d6c70>
COc1cc([C@@H]2c3cc4c(cc3[C@@H](O[C@@H]3O[C@@H]5CO[C@@H](C)O[C@H]5[C@H](O)[C@H]3O)[C@H]3COC(=O)[C@H]23)OCO4)cc(OC)c1O,9.33,train,<rdkit.Chem.rdchem.Mol object at 0x7fdcf48d6ce0>
CC(C)NC(C)Cc1ccc(O)cn1,9.33,train,<rdkit.Chem.rdchem.Mol object at 0x7fdcf48d6d50>
O=C1CC2(C(=O)N1)C(=O)N(Cc1ccc(Br)cc1F)C(=O)c1ccc(F)cc12,9.33,train,<rdkit.Chem.rdchem.Mol object at 0x7fdcf48d6dc0>
COc1ccc2[nH]c3c(c2c1)CCN[C@]31CS[C@@H]2c3c(OC(C)=O)c(C)c4c(c3[C@H](COC1=O)N1[C@@H]2[C@H]2c3c(cc(C)c(OC)c3O)C[C@@H]([C@@H]1O)N2C)OCO4,9.34,test,<rdkit.Chem.rdchem.Mol object at 0x7fdcf48d6ea0>
Oc1ccc(Cl)c2c1CCC2,9.34,train,<rdkit.Chem.rdchem.Mol object at 0x7fdcf48d6f10>
CCCCCc1cc(O)c2c(c1)OC(C)(C)[C@@H]1CCC(C)=C[C@@H]21,9.34,train,<rdkit.Chem.rdchem.Mol object at 0x7fdcf48d6f80>
CN(C)C(=O)COc1ccc2c(c1)C[C@@H](NC[C@H](O)c1ccc(O)c(CCO)c1)CC2,9.34,train,<rdkit.Chem.rdchem.Mol object at 0x7fdcf48d7060>
CN(C)C(=O)COc1ccc2c(c1)C[C@@H](NC[C@H](O)c1ccc(O)c(CCO)c1)CC2.CN(C)C(=O)COc1ccc2c(c1)C[C@@H](NC[C@H](O)c1ccc(O)c(CCO)c1)CC2,9.34,train,<rdkit.Chem.rdchem.Mol object at 0x7fdcf48d70d0>
Cc1c(OCC(F)(F)F)ccnc1C[S+]([O-])c1nc2ccccc2[nH]1,9.35,test,<rdkit.Chem.rdchem.Mol object at 0x7fdcf48d7140>
COCCCOc1ccnc(C[S+]([O-])c2nc3ccccc3[nH]2)c1C,9.35,test,<rdkit.Chem.rdchem.Mol object at 0x7fdcf48d71b0>
Cn1c(=O)c2c(ncn2CCNCC(O)c2ccc(O)c(O)c2)n(C)c1=O,9.35,test,<rdkit.Chem.rdchem.Mol object at 0x7fdcf48d7220>
CCSc1ccnc(C[S+]([O-])c2nc3ccccc3[nH]2)c1C,9.35,train,<rdkit.Chem.rdchem.Mol object at 0x7fdcf48d7290>
COCCCOc1ccnc(C[S+]([O-])c2nc3ccccc3[n-]2)c1C,9.35,train,<rdkit.Chem.rdchem.Mol object at 0x7fdcf48d7370>
Oc1ccc([C@@H]2Oc3ccc(O)cc3[C@@H]3CCC[C@@H]32)cc1,9.35,train,<rdkit.Chem.rdchem.Mol object at 0x7fdcf48d73e0>
COc1c(C)cc2c(c1O)[C@@H]1[C@@H]3Cc4c(OC(C)=O)c(C)c5c(c4[C@H](CNC(=O)/C=C/c4cccc(C(F)(F)F)c4)N3[C@@H](O)[C@H](C2)N1C)OCO5,9.35,train,<rdkit.Chem.rdchem.Mol object at 0x7fdcf48d7450>
Cc1cnc(C[S@@+]([O-])c2nc3ccccc3[nH]2)c(C)c1OCC1COC(C)(C)OC1,9.35,train,<rdkit.Chem.rdchem.Mol object at 0x7fdcf48d74c0>
Oc1cccc2cccnc12,9.36,train,<rdkit.Chem.rdchem.Mol object at 0x7fdcf48d7530>
CC(C)CN(C)c1ccccc1C[S+]([O-])c1nc2ccccc2[nH]1,9.36,train,<rdkit.Chem.rdchem.Mol object at 0x7fdcf48d75a0>
COCCN1CCN(Cc2ccc(-c3n[nH]c4c3C(=O)c3c(NC(=O)NN5CCOCC5)cccc3-4)cc2)CC1,9.36,train,<rdkit.Chem.rdchem.Mol object at 0x7fdcf48d7610>
CS(=O)(=O)Nc1ccc2oc3c(OC(F)F)ccc(C(=O)Nc4c(Cl)cncc4Cl)c3c2c1,9.36,train,<rdkit.Chem.rdchem.Mol object at 0x7fdcf48d7680>
CN1C[C@@H](c2cccc(O)c2)OC1C(C)(C)C,9.36,train,<rdkit.Chem.rdchem.Mol object at 0x7fdcf48d76f0>
Oc1cccc2cccnc12.Oc1cccc2cccnc12,9.36,train,<rdkit.Chem.rdchem.Mol object at 0x7fdcf48d7760>
Cc1cccc2c1NC(=O)[C@@H](NC(=O)[C@H](CCC(F)(F)F)[C@H](CCC(F)(F)F)C(N)=O)N=C2c1cccc(F)c1,9.36,train,<rdkit.Chem.rdchem.Mol object at 0x7fdcf48d77d0>
Cc1ccccc1OCC(COC(O)C(Cl)(Cl)Cl)OC(O)C(Cl)(Cl)Cl,9.37,train,<rdkit.Chem.rdchem.Mol object at 0x7fdcf48d7840>
O=c1[nH]c2cc(Cl)c(Br)cc2o1,9.38,train,<rdkit.Chem.rdchem.Mol object at 0x7fdcf48d78b0>
O=c1[nH]c2ccc([S+]([O-])CCN3CCC(Cc4ccc(F)cc4)CC3)cc2o1,9.38,train,<rdkit.Chem.rdchem.Mol object at 0x7fdcf48d7920>
O=c1[nH]c2cc(Cl)ccc2o1,9.39,train,<rdkit.Chem.rdchem.Mol object at 0x7fdcf48d7990>
CC(C)Nc1cccnc1N1CCN(C(=O)c2cc3cc(NS(C)(=O)=O)ccc3[nH]2)CC1,9.39,train,<rdkit.Chem.rdchem.Mol object at 0x7fdcf48d7a00>
CN(C(=O)C(Cl)Cl)c1ccc(O)cc1,9.39,train,<rdkit.Chem.rdchem.Mol object at 0x7fdcf48d7a70>
NC(=O)c1nc(F)cnc1O,9.39,train,<rdkit.Chem.rdchem.Mol object at 0x7fdcf48d7ae0>
COc1ccc(/C=C\c2cc(OC)c(OC)c(OC)c2)c(O)c1O,9.39,train,<rdkit.Chem.rdchem.Mol object at 0x7fdcf48d7bc0>
N#CC(c1ccnc(OCc2ccc(CN3CCOCC3)cc2)n1)c1nc2ccccc2s1,9.39,train,<rdkit.Chem.rdchem.Mol object at 0x7fdcf48d7c30>
Cc1ncc(CO)c(CO)c1O,9.4,train,<rdkit.Chem.rdchem.Mol object at 0x7fdcf48d7ca0>
O=C(Nc1ccc(O)cc1)C(Cl)(Cl)Cl,9.41,train,<rdkit.Chem.rdchem.Mol object at 0x7fdcf48d7d80>
CCCO[C@H]1[C@@H]([C@@H](COC(=O)c2ccccc2O)OC(=O)c2ccccc2O)OC(OCC)[C@@H]1O,9.41,train,<rdkit.Chem.rdchem.Mol object at 0x7fdcf48d7df0>
COc1cc(/C=N/NC(=O)c2ccncc2)ccc1O,9.41,train,<rdkit.Chem.rdchem.Mol object at 0x7fdcf48d7e60>
NCCS,9.42,train,<rdkit.Chem.rdchem.Mol object at 0x7fdcf48d7ed0>
Cc1ccc(O)c(-n2nc3ccccc3n2)c1,9.43,train,<rdkit.Chem.rdchem.Mol object at 0x7fdcf48d7f40>
CCOC(=O)C1(c2cccc(O)c2)CCN(C)CC1,9.43,train,<rdkit.Chem.rdchem.Mol object at 0x7fdcf48d8040>
Oc1cc(O)c2c(c1)O[C@H](c1ccc3c(c1)OC(c1ccccc1)(c1ccccc1)O3)[C@@H](O)C2,9.43,train,<rdkit.Chem.rdchem.Mol object at 0x7fdcf48d80b0>
Oc1cc2c(cc1O)C(COc1ccc(Cl)cc1)NCC2,9.43,train,<rdkit.Chem.rdchem.Mol object at 0x7fdcf48d8190>
CC/C(=C(/c1ccc(OCCN(C)C)cc1)c1cccc(O)c1)c1ccccc1.O=C(O)CC(O)(CC(=O)O)C(=O)O,9.43,train,<rdkit.Chem.rdchem.Mol object at 0x7fdcf48d8200>
CC/C(=C(/c1ccc(OCCN(C)C)cc1)c1cccc(O)c1)c1ccccc1,9.43,train,<rdkit.Chem.rdchem.Mol object at 0x7fdcf48d8270>
O=C1CC[C@@H](C(=O)Oc2ccc(O)cc2)N1,9.43,train,<rdkit.Chem.rdchem.Mol object at 0x7fdcf48d82e0>
CC(C)c1nc2c([nH]1)C(=O)C(=O)c1ccccc1-2,9.43,train,<rdkit.Chem.rdchem.Mol object at 0x7fdcf48d8350>
CCC(=O)C1(c2cccc(O)c2)CCN(C)CC1,9.44,test,<rdkit.Chem.rdchem.Mol object at 0x7fdcf48d83c0>
CC#Cc1cn([C@@H]2O[C@H](CO)[C@@H](O)[C@@H]2O)c(=O)[nH]c1=O,9.44,train,<rdkit.Chem.rdchem.Mol object at 0x7fdcf48d84a0>
Cc1ncc(COC(=O)CCC(=O)OCCN(C)C)c(CO)c1O,9.44,train,<rdkit.Chem.rdchem.Mol object at 0x7fdcf48d8580>
NS(=O)(=O)c1ccc(N2C(=O)CC(c3ccccc3)C2=O)c(Cl)c1,9.44,train,<rdkit.Chem.rdchem.Mol object at 0x7fdcf48d85f0>
Cc1ccc(C(O)C(C)NCCCc2ccccc2)cc1O,9.44,train,<rdkit.Chem.rdchem.Mol object at 0x7fdcf48d8660>
Cc1occc(=O)c1O,9.45,train,<rdkit.Chem.rdchem.Mol object at 0x7fdcf48d86d0>
CC/C(=C(\c1ccc(O)cc1)c1ccc(OCCN(C)C)cc1)c1ccccc1,9.45,train,<rdkit.Chem.rdchem.Mol object at 0x7fdcf48d87b0>
CC1=C(/C=C/C(C)=C/C=C/C(C)=C/C(=O)Nc2ccc(O)cc2)C(C)(C)CCC1,9.45,train,<rdkit.Chem.rdchem.Mol object at 0x7fdcf48d8820>
COc1cc(Nc2ncc(C)c(Nc3ccc4oc(=O)[nH]c4c3)n2)cc(C)c1F,9.45,train,<rdkit.Chem.rdchem.Mol object at 0x7fdcf48d8890>
CC(=O)Nc1ccc(O)cc1,9.46,train,<rdkit.Chem.rdchem.Mol object at 0x7fdcf48d8970>
CCC(=O)Nc1ccc(O)cc1,9.46,train,<rdkit.Chem.rdchem.Mol object at 0x7fdcf48d89e0>
CN1CCN(c2cccc3[nH]c(=O)oc23)CC1,9.46,train,<rdkit.Chem.rdchem.Mol object at 0x7fdcf48d8a50>
CNc1ccc(-c2cc3cc(O)ccc3o2)c(F)n1,9.46,train,<rdkit.Chem.rdchem.Mol object at 0x7fdcf48d8b30>
CNc1ccc(-c2cc3cc(O)ccc3o2)c([18F])n1,9.46,train,<rdkit.Chem.rdchem.Mol object at 0x7fdcf48d8ba0>
C/C=C\C=C\[C@@H]1O[C@](O)([C@H](CC)C(=O)NC/C=C/C=C(\C)[C@@H](OC)[C@H](C)[C@@H]2O[C@H](/C=C/C=C/C=C(\C)C(=O)c3c(O)cc[nH]c3=O)[C@H](O)[C@@H]2O)[C@H](O)[C@H](O)C1(C)C,9.46,train,<rdkit.Chem.rdchem.Mol object at 0x7fdcf48d8c10>
O=c1[nH]c2cccc(N3CCN(Cc4cccc(-c5ccccc5)c4)CC3)c2o1,9.47,test,<rdkit.Chem.rdchem.Mol object at 0x7fdcf48d8c80>
C=C1CCO[C@]2([C@@H](O)[C@@](C)(O)CO)NC(=O)[C@@]1(O)NC2=O,9.47,train,<rdkit.Chem.rdchem.Mol object at 0x7fdcf48d8cf0>
CN(C)CCO/N=C(/C=C/c1ccc(O)cc1)c1ccccc1F,9.47,train,<rdkit.Chem.rdchem.Mol object at 0x7fdcf48d8dd0>
O=C1[C@H](CC[C@H](O)c2ccc(F)cc2)[C@@H](c2ccc(O)cc2)N1c1ccc(F)cc1,9.48,train,<rdkit.Chem.rdchem.Mol object at 0x7fdcf48d8eb0>
COCOC(=O)[C@@H]1N2C(=O)[C@@H](N3C(=O)C(c4ccc(O)cc4)NC3(C)C)[C@H]2SC1(C)C,9.48,train,<rdkit.Chem.rdchem.Mol object at 0x7fdcf48d8f20>
O=C1[C@H](C/C=C(\CO)c2ccc(F)cc2)[C@@H](c2ccc(O)cc2)N1c1ccc(F)cc1,9.48,train,<rdkit.Chem.rdchem.Mol object at 0x7fdcf48d9000>
Cn1ncnc1[C@H]1c2n[nH]c(=O)c3cc(F)cc(c23)N[C@@H]1c1ccc(F)cc1,9.48,train,<rdkit.Chem.rdchem.Mol object at 0x7fdcf48d90e0>
CCOC(=O)C1N=C(c2ccccc2F)c2cc(Cl)ccc2NC1=O,9.49,train,<rdkit.Chem.rdchem.Mol object at 0x7fdcf48d9150>
O=c1[nH]sc2cc(Cl)ccc12,9.49,train,<rdkit.Chem.rdchem.Mol object at 0x7fdcf48d91c0>
Oc1cccc(C2CNC3(CCCCCC3)O2)c1,9.49,train,<rdkit.Chem.rdchem.Mol object at 0x7fdcf48d92a0>
CCOC(=O)c1c(C)n(C)c2ccc(O)cc12,9.49,train,<rdkit.Chem.rdchem.Mol object at 0x7fdcf48d9310>
Oc1ccc(CN2CCN(C(c3ccccc3)c3ccccc3)CC2)cc1,9.5,train,<rdkit.Chem.rdchem.Mol object at 0x7fdcf48d9380>
NC[C@H](O)c1ccc(O)c(O)c1,9.5,train,<rdkit.Chem.rdchem.Mol object at 0x7fdcf48d93f0>
COc1cc(N2CCC(N3CCN(C)CC3)CC2)ccc1Nc1ncnc(Nc2ccccc2S(=O)(=O)C(C)C)n1,9.5,train,<rdkit.Chem.rdchem.Mol object at 0x7fdcf48d9460>
Cc1c(-c2ccc(O)cc2)n(Cc2ccc(OCCN3CCCCC3)cc2)c2ccc(O)cc12,9.51,test,<rdkit.Chem.rdchem.Mol object at 0x7fdcf48d94d0>
OC(O)C(Cl)(Cl)Cl,9.51,train,<rdkit.Chem.rdchem.Mol object at 0x7fdcf48d9540>
CN(C)[C@@H](c1cccc(O)c1)[C@H]1CCCC[C@H]1O,9.51,train,<rdkit.Chem.rdchem.Mol object at 0x7fdcf48d95b0>
CC(=O)Nc1ccc(OC(O)C(Cl)(Cl)Cl)cc1,9.51,train,<rdkit.Chem.rdchem.Mol object at 0x7fdcf48d9690>
CC1CCC(C)N1CCCOC(=O)c1ccccc1O,9.51,train,<rdkit.Chem.rdchem.Mol object at 0x7fdcf48d9700>
CNCc1ccc(CSCCN/C(=N/S(C)(=O)=O)NCC(O)c2ccc(O)cc2)o1,9.51,train,<rdkit.Chem.rdchem.Mol object at 0x7fdcf48d9770>
OCCCc1ccc(O)c(O)c1,9.51,train,<rdkit.Chem.rdchem.Mol object at 0x7fdcf48d97e0>
COCCCOc1cccc(C[S+]([O-])c2nc3cc4c(cc3[nH]2)OCC4)c1C,9.52,train,<rdkit.Chem.rdchem.Mol object at 0x7fdcf48d9850>
NS(=O)(=O)c1cc2c(cc1Cl)NC(c1ccccc1)NC2=O,9.53,test,<rdkit.Chem.rdchem.Mol object at 0x7fdcf48d9930>
CC(C)=CCC/C(C)=C/Cc1cc(O)ccc1O,9.53,train,<rdkit.Chem.rdchem.Mol object at 0x7fdcf48d9a10>
COCCOc1cc(F)c(N2CCN(c3nc4c(nnn4C)c(=O)[nH]3)CC2)c(F)c1,9.53,train,<rdkit.Chem.rdchem.Mol object at 0x7fdcf48d9af0>
COc1ccnc(C[S+]([O-])c2nc3ccc(OC(F)F)cc3[nH]2)c1OC,9.54,test,<rdkit.Chem.rdchem.Mol object at 0x7fdcf48d9b60>
Cc1ccccc1N1C(=O)c2cc(S(N)(=O)=O)c(Cl)cc2NC1C,9.54,train,<rdkit.Chem.rdchem.Mol object at 0x7fdcf48d9bd0>
C[C@@H]([C@@H](O)c1ccc(O)cc1)N1CCC(O)(c2ccccc2)CC1,9.54,train,<rdkit.Chem.rdchem.Mol object at 0x7fdcf48d9c40>
Cc1cc(O)c(C(C)C)cc1Cl,9.55,test,<rdkit.Chem.rdchem.Mol object at 0x7fdcf48d9d20>
Cc1cccc(Oc2cnc(=O)[nH]c2)c1,9.55,test,<rdkit.Chem.rdchem.Mol object at 0x7fdcf48d9d90>
CCCCCCc1ccc(O)cc1O,9.55,train,<rdkit.Chem.rdchem.Mol object at 0x7fdcf48d9e00>
Cc1cc(-c2ccc(O)cc2)nnc1NCCN1CCOCC1,9.55,train,<rdkit.Chem.rdchem.Mol object at 0x7fdcf48d9e70>
COc1ccc(-c2cc(=O)c3c(OCCO)cc(O[C@@H]4O[C@H](CO[C@@H]5O[C@@H](C)[C@H](O)[C@@H](O)[C@H]5O)[C@@H](O)[C@H](O)[C@H]4O)cc3o2)cc1O,9.55,train,<rdkit.Chem.rdchem.Mol object at 0x7fdcf48d9ee0>
CC(C)[C@H](NC(=O)C(C)(F)F)[C@H](Oc1ccc2c(cnn2-c2ccc(=O)n(C)c2)c1)c1ccccc1,9.55,train,<rdkit.Chem.rdchem.Mol object at 0x7fdcf48d9f50>
NCC(O)c1cccc(O)c1,9.56,train,<rdkit.Chem.rdchem.Mol object at 0x7fdcf48d9fc0>
CCC1NC(=O)c2cc(S(N)(=O)=O)c(Cl)cc2N1,9.56,train,<rdkit.Chem.rdchem.Mol object at 0x7fdcf48da030>
CC(Oc1cccc2ccccc12)/C(N)=N/O,9.56,train,<rdkit.Chem.rdchem.Mol object at 0x7fdcf48da0a0>
Oc1ccc(C(c2ccc(O)cc2)c2ccccn2)cc1,9.57,train,<rdkit.Chem.rdchem.Mol object at 0x7fdcf48da180>
COC(=O)Nc1nc2cc(OS(=O)(=O)c3ccc(F)cc3)ccc2[nH]1,9.57,train,<rdkit.Chem.rdchem.Mol object at 0x7fdcf48da1f0>
CCCC(=O)O[C@]1(C(=O)CS)CC[C@H]2[C@@H]3CCC4=CC(=O)CC[C@]4(C)[C@H]3[C@@H](O)C[C@@]21C,9.57,train,<rdkit.Chem.rdchem.Mol object at 0x7fdcf48da260>
CC(/C=C/C(=O)NO)=C\[C@@H](C)C(=O)c1ccc(N(C)C)cc1,9.57,train,<rdkit.Chem.rdchem.Mol object at 0x7fdcf48da2d0>
CN(C)Cc1ccc(S(=O)(=O)n2ccc(/C=C/C(=O)NO)c2)cc1,9.57,train,<rdkit.Chem.rdchem.Mol object at 0x7fdcf48da340>
CCN(Cc1nc2c(N)nc3cc(-c4cc[nH]n4)ccc3c2[nH]1)C(C)=O,9.57,train,<rdkit.Chem.rdchem.Mol object at 0x7fdcf48da3b0>
OCC(S)CS,9.58,train,<rdkit.Chem.rdchem.Mol object at 0x7fdcf48da420>
CCN(CC)CCOC(=O)c1cccc(-c2ccccc2)c1O,9.58,train,<rdkit.Chem.rdchem.Mol object at 0x7fdcf48da490>
N#Cc1ccccc1OCC(O)CNCCNC(=O)Cc1ccc(O)cc1,9.58,train,<rdkit.Chem.rdchem.Mol object at 0x7fdcf48da500>
C[C@]12CC[C@@H]3c4ccc(O)cc4CC[C@H]3[C@@H]1CC[C@@H]2OC(O)C(Cl)(Cl)Cl,9.58,train,<rdkit.Chem.rdchem.Mol object at 0x7fdcf48da570>
CO[C@H]1C[C@H](O[C@@H]2/C(C)=C/C[C@@H]3C[C@@H](C[C@]4(CC[C@H](C)[C@@H](C5CCCCC5)O4)O3)OC(=O)[C@@H]3C=C(C)/C(=N/O)[C@H]4OC/C(=C\C=C\[C@@H]2C)[C@]43O)O[C@@H](C)[C@@H]1O,9.58,train,<rdkit.Chem.rdchem.Mol object at 0x7fdcf48da5e0>
CC(C)N(CC[C@H](c1ccccc1)c1cc(CO)ccc1O)C(C)C,9.58,train,<rdkit.Chem.rdchem.Mol object at 0x7fdcf48da650>
O=c1[nH]nc2c3c(cccc13)Oc1ccc(CN3CCC(O)CC3)cc1-2,9.58,train,<rdkit.Chem.rdchem.Mol object at 0x7fdcf48da6c0>
COC(=O)Nc1nc2cc(Sc3ccccc3)ccc2[nH]1,9.59,train,<rdkit.Chem.rdchem.Mol object at 0x7fdcf48da730>
COC(=O)Nc1nc2cc(Sc3ccc(NC(=O)[C@H](C)N)cc3)ccc2[nH]1,9.6,train,<rdkit.Chem.rdchem.Mol object at 0x7fdcf48da8f0>
Nc1cc(C(Cl)=C(Cl)Cl)c(S(N)(=O)=O)cc1S(N)(=O)=O,9.61,test,<rdkit.Chem.rdchem.Mol object at 0x7fdcf48da960>
CN(C)c1cccc(F)c1C(=O)NC(=O)Nc1ccc(Cl)cc1,9.61,train,<rdkit.Chem.rdchem.Mol object at 0x7fdcf48da9d0>
O=C(ON1CCOCC1)c1ccccc1O,9.61,train,<rdkit.Chem.rdchem.Mol object at 0x7fdcf48daa40>
CN(C)CC1CCCCC1(O)c1cccc(O)c1,9.62,train,<rdkit.Chem.rdchem.Mol object at 0x7fdcf48daab0>
Cc1c(-c2ccc(O)cc2)n(Cc2ccc(OCCN3CCCCCC3)cc2)c2ccc(O)cc12,9.62,train,<rdkit.Chem.rdchem.Mol object at 0x7fdcf48dab20>
CCOC(=O)C1N=C(c2ccccc2Cl)c2cc(Cl)ccc2NC1=O,9.62,train,<rdkit.Chem.rdchem.Mol object at 0x7fdcf48dab90>
C=CCNc1c(O)cc2c(O)c1C[C@@H](C)C[C@H](OC)[C@H](O)[C@@H](C)/C=C(\C)[C@H](OC(N)=O)[C@@H](OC)/C=C\C=C(/C)C(=O)N2,9.62,train,<rdkit.Chem.rdchem.Mol object at 0x7fdcf48dac00>
CC(N)C(O)c1ccc(O)c(O)c1,9.63,train,<rdkit.Chem.rdchem.Mol object at 0x7fdcf48dace0>
CCCN(CCC)C1Cc2cccc3cc(O)cc(c23)C1,9.63,train,<rdkit.Chem.rdchem.Mol object at 0x7fdcf48dad50>
C[C@H](N)[C@H](O)c1ccc(O)c(O)c1,9.63,train,<rdkit.Chem.rdchem.Mol object at 0x7fdcf48dadc0>
Cc1c[nH]c(-c2ccc(-c3ccc(NC(=O)Nc4c(F)cc(F)cc4F)cc3F)c3c2C(=O)NC3)n1,9.64,test,<rdkit.Chem.rdchem.Mol object at 0x7fdcf48dae30>
NCC(O)c1ccc(O)cc1,9.64,train,<rdkit.Chem.rdchem.Mol object at 0x7fdcf48daea0>
CCN(CC)CCNc1ccc2ncn3c4ccc(O)cc4c(=O)c1c23,9.64,train,<rdkit.Chem.rdchem.Mol object at 0x7fdcf48daf10>
COC(=O)Nc1nc2cc(C3(O)c4ccccc4C(=O)N3c3cc(Cl)ccc3C)ccc2[nH]1,9.64,train,<rdkit.Chem.rdchem.Mol object at 0x7fdcf48daf80>
CC(COc1ccccc1)NC(C)C(O)c1ccc(O)cc1,9.65,train,<rdkit.Chem.rdchem.Mol object at 0x7fdcf48db060>
CCN(CC)CC[n+]1ccc2c(C)c3[nH]c4ccc(O)cc4c3c(C)c2c1,9.65,train,<rdkit.Chem.rdchem.Mol object at 0x7fdcf48db0d0>
CC[C@@]1(O)C(=O)OCc2c1cc1n(c2=O)Cc2cc3cc(O)ccc3nc2-1,9.65,train,<rdkit.Chem.rdchem.Mol object at 0x7fdcf48db140>
Cc1c(OCC2=NCCN2)ccc(Cl)c1NS(C)(=O)=O,9.65,train,<rdkit.Chem.rdchem.Mol object at 0x7fdcf48db220>
C/C(=N\O)C(C)NCC(C)(C)CNC(C)/C(C)=N/O,9.65,train,<rdkit.Chem.rdchem.Mol object at 0x7fdcf48db290>
CCc1c2c(nc3ccc(O)cc13)-c1cc3c(c(=O)n1C2)COC(=O)[C@]3(O)CC,9.66,train,<rdkit.Chem.rdchem.Mol object at 0x7fdcf48db370>
CC(C)(C)c1cc(C(C)(C)C)c(NC(=O)c2c[nH]c3ccccc3c2=O)cc1O,9.66,train,<rdkit.Chem.rdchem.Mol object at 0x7fdcf48db3e0>
Cn1c(Cn2ccc(C(F)(F)F)c(Oc3cc(Cl)cc(C#N)c3)c2=O)n[nH]c1=O,9.66,train,<rdkit.Chem.rdchem.Mol object at 0x7fdcf48db450>
COc1cc(C(C)C)c(Oc2cnc(N)nc2N)cc1S(N)(=O)=O,9.67,test,<rdkit.Chem.rdchem.Mol object at 0x7fdcf48db530>
CC(=O)Nc1ccc(OC(=O)c2ccccc2O)cc1,9.67,train,<rdkit.Chem.rdchem.Mol object at 0x7fdcf48db5a0>
O=C(Oc1ccccc1)c1ccccc1O,9.67,train,<rdkit.Chem.rdchem.Mol object at 0x7fdcf48db680>
CCC(N)C(O)c1ccc(O)c(O)c1,9.67,train,<rdkit.Chem.rdchem.Mol object at 0x7fdcf48db6f0>
CC(CC(C)(C)O)OC(O)C(Cl)(Cl)Cl,9.67,train,<rdkit.Chem.rdchem.Mol object at 0x7fdcf48db760>
CCc1[nH]c(=O)[nH]c1C(=O)c1ccncc1,9.67,train,<rdkit.Chem.rdchem.Mol object at 0x7fdcf48db7d0>
CCN1CCCC1CNS(=O)(=O)c1cc(Cl)c(N)cc1OC,9.67,train,<rdkit.Chem.rdchem.Mol object at 0x7fdcf48db840>
Cn1c(=O)c2c(ncn2CCOC(O)C(Cl)(Cl)Cl)n(C)c1=O,9.67,train,<rdkit.Chem.rdchem.Mol object at 0x7fdcf48db920>
C[C@]12CC[C@H]3[C@@H](CCC4=CC(=O)CC[C@@]43C)[C@@H]1CC[C@@H]2OC(O)C(Cl)(Cl)Cl,9.67,train,<rdkit.Chem.rdchem.Mol object at 0x7fdcf48db990>
COc1cc(C(C)C)c(Oc2cnc(N)nc2N)cc1S(N)(=O)=O.O=C(O)CC(O)(CC(=O)O)C(=O)O,9.67,train,<rdkit.Chem.rdchem.Mol object at 0x7fdcf48dba00>
COc1ccc2[n-]c([S@@+]([O-])Cc3ncc(C)c(OC)c3C)nc2c1.COc1ccc2[n-]c([S@@+]([O-])Cc3ncc(C)c(OC)c3C)nc2c1.[Sr+2],9.68,test,<rdkit.Chem.rdchem.Mol object at 0x7fdcf48dbae0>
Oc1ccc(O)cc1,9.68,train,<rdkit.Chem.rdchem.Mol object at 0x7fdcf48dbb50>
CCCSc1ccc2[nH]c(NC(=O)OC)nc2c1,9.68,train,<rdkit.Chem.rdchem.Mol object at 0x7fdcf48dbbc0>
CSc1ccc(C(=O)c2[nH]c(=O)[nH]c2C)cc1,9.68,train,<rdkit.Chem.rdchem.Mol object at 0x7fdcf48dbc30>
CCCN1CCO[C@@H]2c3cc(O)ccc3CC[C@H]21,9.68,train,<rdkit.Chem.rdchem.Mol object at 0x7fdcf48dbca0>
COc1ccc2[n-]c([S+]([O-])Cc3ncc(C)c(OC)c3C)nc2c1,9.68,train,<rdkit.Chem.rdchem.Mol object at 0x7fdcf48dbd10>
COc1ccc2[n-]c([S@@+]([O-])Cc3ncc(C)c(OC)c3C)nc2c1,9.68,train,<rdkit.Chem.rdchem.Mol object at 0x7fdcf48dbd80>
COc1ccc2[n-]c([S+]([O-])Cc3ncc(C)c(OC)c3C)nc2c1.COc1ccc2[n-]c([S+]([O-])Cc3ncc(C)c(OC)c3C)nc2c1,9.68,train,<rdkit.Chem.rdchem.Mol object at 0x7fdcf48dbdf0>
CN1C[C@H](C(=O)N[C@]2(C)O[C@@]3(O)[C@@H]4CCCN4C(=O)[C@H](Cc4ccccc4)N3C2=O)C=C2c3cccc4[nH]cc(c34)C[C@H]21,9.69,test,<rdkit.Chem.rdchem.Mol object at 0x7fdcf48dbe60>
Cc1[nH]c2cccc3c2c1C[C@@H]1C3=C[C@@H](C(=O)N[C@]2(C(C)C)O[C@@]3(O)[C@@H]4CCCN4C(=O)[C@H](CC(C)C)N3C2=O)CN1C,9.69,test,<rdkit.Chem.rdchem.Mol object at 0x7fdcf48dbed0>
CNCC(O)c1ccc(O)c(O)c1,9.69,train,<rdkit.Chem.rdchem.Mol object at 0x7fdcf48dbf40>
CN1C[C@H](C(=O)N[C@]2(C)O[C@@]3(O)[C@@H]4CCCN4C(=O)[C@H](Cc4ccccc4)N3C2=O)C[C@@H]2c3cccc4[nH]cc(c34)C[C@H]21,9.69,train,<rdkit.Chem.rdchem.Mol object at 0x7fdcf48dc0b0>
CN1C[C@H](C(=O)N[C@]2(C)O[C@@]3(O)[C@@H]4CCCN4C(=O)[C@H](Cc4ccccc4)N3C2=O)C=C2c3cccc4c3c(cn4C)C[C@H]21,9.69,train,<rdkit.Chem.rdchem.Mol object at 0x7fdcf48dc200>
CC(C)[C@@]1(NC(=O)[C@@H]2C[C@@H]3c4cccc5[nH]cc(c45)C[C@H]3N(C)C2)O[C@@]2(O)[C@@H]3CCCN3C(=O)[C@H](Cc3ccccc3)N2C1=O,9.69,train,<rdkit.Chem.rdchem.Mol object at 0x7fdcf48dc270>
CC(C)C[C@H]1C(=O)N2CCC[C@H]2[C@]2(O)O[C@](NC(=O)[C@@H]3C[C@@H]4c5cccc6[nH]cc(c56)C[C@H]4N(C)C3)(C(C)C)C(=O)N12,9.69,train,<rdkit.Chem.rdchem.Mol object at 0x7fdcf48dc2e0>
O=c1ccn([C@@H]2O[C@H](CO)[C@@H](O)[C@H]2O)c(=O)[nH]1,9.7,train,<rdkit.Chem.rdchem.Mol object at 0x7fdcf48dc3c0>
CC(=O)OC[C@H]1O[C@@H](n2ccc(=O)[nH]c2=O)[C@H](OC(C)=O)[C@@H]1OC(C)=O,9.7,train,<rdkit.Chem.rdchem.Mol object at 0x7fdcf48dc430>
CCOC(=O)Nc1nc2ccccc2[nH]1,9.7,train,<rdkit.Chem.rdchem.Mol object at 0x7fdcf48dc4a0>
Cn1cnc([N+](=O)[O-])c1Sc1nc(N)nc2[nH]cnc12,9.7,train,<rdkit.Chem.rdchem.Mol object at 0x7fdcf48dc580>
C=CCNc1nc(C(=O)N/N=C/C=C/c2ccc([N+](=O)[O-])o2)cs1,9.7,train,<rdkit.Chem.rdchem.Mol object at 0x7fdcf48dc5f0>
CO[C@@H]1[C@H](OP(=O)(OC[C@H]2O[C@@H](n3cnc4c(N)ncnc43)C[C@@H]2O)SCOC(=O)OC(C)C)[C@@H](CO)O[C@H]1n1ccc(=O)[nH]c1=O,9.7,train,<rdkit.Chem.rdchem.Mol object at 0x7fdcf48dc660>
CC(C)OC(=O)[C@H](C)N[P@](=O)(OC[C@H]1O[C@@H](n2ccc(=O)[nH]c2=O)[C@](C)(F)[C@@H]1O)Oc1ccccc1,9.7,train,<rdkit.Chem.rdchem.Mol object at 0x7fdcf48dc6d0>
CC(C)OC(=O)[C@H](C)N[P@](=O)(OC[C@@]1(F)O[C@@H](n2ccc(=O)[nH]c2=O)[C@](C)(O)[C@@H]1O)Oc1ccccc1,9.7,train,<rdkit.Chem.rdchem.Mol object at 0x7fdcf48dc7b0>
[N-]=[N+]=N[C@H]1C[C@H](n2ccc(=O)[nH]c2=O)O[C@@H]1CO,9.71,train,<rdkit.Chem.rdchem.Mol object at 0x7fdcf48dc820>
C#CCCN1CCC2(O)c3cc(O)ccc3CC1C2(C)C,9.71,train,<rdkit.Chem.rdchem.Mol object at 0x7fdcf48dc890>
CO[C@@H]1[C@H](OC(=O)NC(=O)CCl)CC[C@]2(CO2)[C@H]1[C@@]1(C)O[C@@H]1CC=C(C)C,9.71,train,<rdkit.Chem.rdchem.Mol object at 0x7fdcf48dc900>
Cn1cc(C2=C(c3cn(C)c4cc([N+](=O)[O-])ccc34)C(=O)NC2=O)c2ccccc21,9.71,train,<rdkit.Chem.rdchem.Mol object at 0x7fdcf48dc970>
Cn1cc(-c2cnc3ccc4ccc(CS(=O)(=O)NCc5ccccn5)cc4c(=O)c3c2)cn1,9.71,train,<rdkit.Chem.rdchem.Mol object at 0x7fdcf48dc9e0>
COC(=O)c1ccccc1O,9.72,train,<rdkit.Chem.rdchem.Mol object at 0x7fdcf48dcac0>
CC1CC(OC(=O)c2ccccc2O)CC(C)(C)C1,9.72,train,<rdkit.Chem.rdchem.Mol object at 0x7fdcf48dcb30>
CCCCC(CC)COC(=O)c1ccccc1O,9.72,train,<rdkit.Chem.rdchem.Mol object at 0x7fdcf48dcba0>
Cc1cc(/C=C/c2ccc(F)cc2)cc(C)c1O,9.72,train,<rdkit.Chem.rdchem.Mol object at 0x7fdcf48dccf0>
O=C1NC(=O)[C@@H](c2cn3c4c(cccc24)CCC3)[C@@H]1c1c[nH]c2ccccc12,9.72,train,<rdkit.Chem.rdchem.Mol object at 0x7fdcf48dcd60>
Cc1c(Nc2c(F)ccc(NS(=O)(=O)CCCF)c2Cl)ccc2ncn(C)c(=O)c12,9.72,train,<rdkit.Chem.rdchem.Mol object at 0x7fdcf48dcdd0>
O=CNC(O)C(Cl)(Cl)Cl,9.73,train,<rdkit.Chem.rdchem.Mol object at 0x7fdcf48dce40>
Cn1cc(C2=C(c3cn(C4CCN(Cc5ccccn5)CC4)c4ccccc34)C(=O)NC2=O)c2ccccc21,9.73,train,<rdkit.Chem.rdchem.Mol object at 0x7fdcf48dceb0>
Cc1ccc2c(c1O)NC(O)C1CC(/C=C/C(N)=O)=CN1C2=O,9.73,train,<rdkit.Chem.rdchem.Mol object at 0x7fdcf48dcf20>
[11CH3]Oc1ccc(-c2c(C#N)c(C(=O)NN3CCCCC3)nn2-c2ccc(Cl)cc2Cl)cc1,9.73,train,<rdkit.Chem.rdchem.Mol object at 0x7fdcf48dcf90>
COc1ccc(-c2c(C#N)c(C(=O)NN3CCCCC3)nn2-c2ccc(Cl)cc2Cl)cc1,9.73,train,<rdkit.Chem.rdchem.Mol object at 0x7fdcf48dd000>
Oc1ccc(C(O)C2CCCCN2)cc1O,9.74,train,<rdkit.Chem.rdchem.Mol object at 0x7fdcf48dd150>
O=c1[nH]c(=O)n([C@H]2C[C@H](O)[C@@H](CO)O2)cc1/C=C/Br,9.74,train,<rdkit.Chem.rdchem.Mol object at 0x7fdcf48dd1c0>
O=c1[nH]c(=O)n([C@@H]2O[C@H](CO)[C@@H](O)[C@@H]2O)cc1/C=C/Br,9.74,train,<rdkit.Chem.rdchem.Mol object at 0x7fdcf48dd230>
Oc1cc2c(cc1O)[C@H]1c3ccccc3CN[C@@H]1CC2,9.74,train,<rdkit.Chem.rdchem.Mol object at 0x7fdcf48dd2a0>
Oc1ccc2[nH]cc(CCCCN3CC=C(c4ccccc4)CC3)c2c1,9.75,train,<rdkit.Chem.rdchem.Mol object at 0x7fdcf48dd310>
CCCCCCCCC/C=C/C=C/C(=O)NCC(=O)N[C@@H]1C(O)[C@H](O)C(Nc2ncnc3[nH]cnc23)OC1[C@H](O)CO,9.75,train,<rdkit.Chem.rdchem.Mol object at 0x7fdcf48dd380>
CNC(C)C(O)c1ccc(O)c(O)c1,9.76,test,<rdkit.Chem.rdchem.Mol object at 0x7fdcf48dd3f0>
CNCC(O)c1ccc(O)cc1,9.76,train,<rdkit.Chem.rdchem.Mol object at 0x7fdcf48dd460>
CN(C)C[C@@H]1CCn2cc(c3ccccc32)C2=C(C(=O)NC2=O)c2cn(c3ccccc23)CCO1,9.76,train,<rdkit.Chem.rdchem.Mol object at 0x7fdcf48dd4d0>
COc1c(C)c2c(c(O)c1C/C=C(\C)CCC(=O)OCCN1CCOCC1)C(=O)OC2,9.76,train,<rdkit.Chem.rdchem.Mol object at 0x7fdcf48dd540>
CCCc1cc2c(s1)CN[C@@H]1CCc3cc(O)c(O)cc3[C@@H]21,9.76,train,<rdkit.Chem.rdchem.Mol object at 0x7fdcf48dd5b0>
Cn1cc(-c2ccc(S(=O)(=O)[C@@H]3C[C@@H](C(=O)NC4(C#N)CC4)N(C(=O)C4(C(F)(F)F)CC4)C3)c(C(F)(F)F)c2)cn1,9.77,test,<rdkit.Chem.rdchem.Mol object at 0x7fdcf48dd620>
Cc1cccc(C)c1NC(=O)c1cccnc1O,9.77,train,<rdkit.Chem.rdchem.Mol object at 0x7fdcf48dd690>
CN1CC[C@]2(C)C[C@@H](Cc3ccc(O)cc32)C1,9.77,train,<rdkit.Chem.rdchem.Mol object at 0x7fdcf48dd700>
O=C(NCCS)c1cccc(C(=O)NCCS)c1,9.77,train,<rdkit.Chem.rdchem.Mol object at 0x7fdcf48dd770>
CC(C)(NC(=O)C1=C(O)[C@@H]2Oc3c(O)ccc4c3[C@@]23CCN(CC2CC2)[C@H](C4)[C@]3(O)C1)c1nc(-c2ccccc2)no1,9.77,train,<rdkit.Chem.rdchem.Mol object at 0x7fdcf48dd7e0>
CCc1cc(O)ccc1-c1ccc2c(-c3nc4c([nH]3)C[C@@H](C(=O)N3CC(N(C)C)C3)N(C(C)C)C4)n[nH]c2c1,9.77,train,<rdkit.Chem.rdchem.Mol object at 0x7fdcf48dd850>
O=C(/C=C/c1ccc(CN(CCO)CCc2c[nH]c3ccccc23)cc1)NO,9.78,test,<rdkit.Chem.rdchem.Mol object at 0x7fdcf48dd8c0>
Cc1cc(O)c(C2CCCCC2)c(C)c1I,9.79,train,<rdkit.Chem.rdchem.Mol object at 0x7fdcf48dda10>
CCCCN(CCCC)CCC[C@@H](O)c1ccc(NS(C)(=O)=O)cc1,9.79,train,<rdkit.Chem.rdchem.Mol object at 0x7fdcf48dda80>
CCN(CC)CCOC(=O)c1ccccc1O,9.79,train,<rdkit.Chem.rdchem.Mol object at 0x7fdcf48ddaf0>
CO[C@]12CC[C@@]3(C[C@@H]1[C@](C)(O)C(C)(C)C)[C@H]1Cc4ccc(O)c5c4[C@@]3(CCN1)[C@H]2O5,9.8,train,<rdkit.Chem.rdchem.Mol object at 0x7fdcf48ddb60>
CN(C)CC1CCCCC1(O)c1cccc(OC(=O)c2ccccc2O)c1,9.8,train,<rdkit.Chem.rdchem.Mol object at 0x7fdcf48ddbd0>
CC(C)NCC(O)c1ccc(O)c(O)c1,9.81,test,<rdkit.Chem.rdchem.Mol object at 0x7fdcf48ddc40>
CC(C)NCC(O)c1ccc(O)c(O)c1.CC(C)NCC(O)c1ccc(O)c(O)c1,9.81,train,<rdkit.Chem.rdchem.Mol object at 0x7fdcf48ddcb0>
CC(O)c1cc(C(=O)N[C@@H](C)Cn2ccc(-c3ccc(C#N)c(Cl)c3)n2)n[nH]1,9.81,train,<rdkit.Chem.rdchem.Mol object at 0x7fdcf48ddd20>
CC[C@H](C)[C@H]1CN2CCC[C@H]2[C@]2(O)O[C@](NC(=O)[C@@H]3C[C@@H]4c5cccc6[nH]cc(c56)C[C@H]4N(C)C3)(C(C)C)C(=O)N12,9.81,train,<rdkit.Chem.rdchem.Mol object at 0x7fdcf48dde00>
O=C(NCc1c(F)cc(F)cc1F)c1cn2c(c([O-])c1=O)C(=O)N1[C@H]3CC[C@H](C3)O[C@@H]1C2,9.81,train,<rdkit.Chem.rdchem.Mol object at 0x7fdcf48dde70>
CCNC(C)C(O)c1ccc(O)c(O)c1,9.82,train,<rdkit.Chem.rdchem.Mol object at 0x7fdcf48ddf50>
O=C1NC(=O)C(c2cnc3ccccn23)=C1c1cn2c3c(cc(F)cc13)CN(C(=O)N1CCCCC1)CC2,9.82,train,<rdkit.Chem.rdchem.Mol object at 0x7fdcf48de0a0>
CC(C)=CCN1Cc2c(Cl)ccc3[nH]c(=S)n(c23)C[C@@H]1C,9.84,test,<rdkit.Chem.rdchem.Mol object at 0x7fdcf48de180>
Cn1cnc([N+](=O)[O-])c1Sc1ncnc2[nH]cnc12,9.84,train,<rdkit.Chem.rdchem.Mol object at 0x7fdcf48de1f0>
NS(=O)(=O)Cc1noc2ccccc12,9.84,train,<rdkit.Chem.rdchem.Mol object at 0x7fdcf48de260>
COc1cc2c3c(c1O)C1(C=CC(=O)C=C1)CC3N(C)CC2,9.84,train,<rdkit.Chem.rdchem.Mol object at 0x7fdcf48de2d0>
COc1ccc(/C=C\c2cc(OC)c(OC)c(OC)c2)cc1O,9.84,train,<rdkit.Chem.rdchem.Mol object at 0x7fdcf48de340>
CN1C(=O)C(F)=C[C@]2(C)C3CC[C@@]4(C)C(CC[C@@H]4C(=O)NCc4nc5ncccc5[nH]4)C3CCC12,9.84,train,<rdkit.Chem.rdchem.Mol object at 0x7fdcf48de3b0>
O=C(CO)N1CCC(c2n[nH]c(-c3ccc(Cl)cc3)c2-c2ccncn2)CC1,9.85,test,<rdkit.Chem.rdchem.Mol object at 0x7fdcf48de420>
NCCc1cc(O)c(O)cc1O,9.85,train,<rdkit.Chem.rdchem.Mol object at 0x7fdcf48de490>
O=C(O)CCC(=O)O.Oc1cccc([C@@]23CCCC[C@H]2CN(CC2CC2)CC3)c1,9.85,train,<rdkit.Chem.rdchem.Mol object at 0x7fdcf48de500>
Oc1cccc([C@@]23CCCC[C@H]2CN(CC2CC2)CC3)c1,9.85,train,<rdkit.Chem.rdchem.Mol object at 0x7fdcf48de570>
O=C(Nc1c[nH]nc1-c1nc2ccc(CN3CCOCC3)cc2[nH]1)NC1CC1,9.85,train,<rdkit.Chem.rdchem.Mol object at 0x7fdcf48de5e0>
CN1CC(=O)N=C1NC(=O)Nc1cccc(Cl)c1,9.85,train,<rdkit.Chem.rdchem.Mol object at 0x7fdcf48de650>
Oc1ccc2c(c1)[C@@]13CCCC[C@@]1(O)[C@@H](C2)N(CC1CCC1)CC3,9.86,test,<rdkit.Chem.rdchem.Mol object at 0x7fdcf48de6c0>
CC[C@H](Nc1ncnc2[nH]cnc12)c1nc2cccc(F)c2c(=O)n1-c1ccccc1,9.86,test,<rdkit.Chem.rdchem.Mol object at 0x7fdcf48de730>
CNC(C)Cc1ccc(O)cc1,9.86,train,<rdkit.Chem.rdchem.Mol object at 0x7fdcf48de7a0>
CCNc1cc(O)c2c(c1)/C=C/C[C@H](O)[C@H](O)C(=O)/C=C\[C@@H](C)[C@H](C)OC2=O,9.86,train,<rdkit.Chem.rdchem.Mol object at 0x7fdcf48de880>
CC/C=C\C/C=C\C/C=C\C/C=C\CC/C=C/CSCC(=O)C(F)(F)F,9.86,train,<rdkit.Chem.rdchem.Mol object at 0x7fdcf48de8f0>
Cn1cc(C2=C(c3coc4ccc(F)cc34)C(=O)NC2=O)c2cc3c(cc21)OCO3,9.86,train,<rdkit.Chem.rdchem.Mol object at 0x7fdcf48de9d0>
Cc1csc2nc([C@H](C)Nc3ncnc4[nH]cnc34)c(-c3cccc(F)c3)c(=O)n12,9.86,train,<rdkit.Chem.rdchem.Mol object at 0x7fdcf48dea40>
CC[C@H](Nc1ncnc2[nH]cnc12)c1oc2ccccc2c(=O)c1-c1cccc(F)c1,9.86,train,<rdkit.Chem.rdchem.Mol object at 0x7fdcf48deab0>
Cc1cn([C@H]2O[C@@H](CO[P@@](=O)(N[C@@H](C)C(=O)OC(C)C)Oc3ccccc3)[C@H](O)[C@H]2F)c(=O)[nH]c1=O,9.87,test,<rdkit.Chem.rdchem.Mol object at 0x7fdcf48deb20>
CN1C(=N)N(c2ccc(Cl)cc2)CC1=O,9.87,train,<rdkit.Chem.rdchem.Mol object at 0x7fdcf48dec00>
COC(=O)[C@H]1[C@H]2C[C@@H]3c4[nH]c5cc(OC)ccc5c4CCN3C[C@H]2C[C@@H](OC(=O)/C=C/c2ccc(O)c(OC)c2)[C@@H]1OC,9.87,train,<rdkit.Chem.rdchem.Mol object at 0x7fdcf48ded50>
CCC[C@@H](N(NC(=O)c1cccc(OC)c1CC)C(=O)c1cc(C)cc(C)c1)C(C)(C)C,9.87,train,<rdkit.Chem.rdchem.Mol object at 0x7fdcf48dedc0>
CCC12CCN(CC3CC3)C(Cc3ccc(O)cc31)C2(C)C,9.88,train,<rdkit.Chem.rdchem.Mol object at 0x7fdcf48dee30>
Oc1ccc2c(c1)[C@]13CCN(CC4CC4)[C@H](C2)[C@@H]1CCOC3,9.88,train,<rdkit.Chem.rdchem.Mol object at 0x7fdcf48deea0>
C/C=C/C=N\NC(=O)c1ccncc1,9.88,train,<rdkit.Chem.rdchem.Mol object at 0x7fdcf48def10>
COc1ccc(/C=N/NC(=O)c2ccncc2)cc1OC,9.88,train,<rdkit.Chem.rdchem.Mol object at 0x7fdcf48def80>
CO[C@H]1C[C@H](O[C@H]2CC[C@]3(OC)[C@H]4CC[C@]5(C)[C@@H](C6=CC(=O)OC6)CC[C@]5(O)[C@@H]4CC[C@]3(O)C2)O[C@H](C)[C@H]1O,9.88,train,<rdkit.Chem.rdchem.Mol object at 0x7fdcf48deff0>
CC(C)(C)NCC(O)c1ccc(O)c(O)c1,9.89,train,<rdkit.Chem.rdchem.Mol object at 0x7fdcf48df060>
CCOCC1COc2c(cc3[nH]cc(C(=O)OCC)c(=O)c3c2Cl)O1,9.89,train,<rdkit.Chem.rdchem.Mol object at 0x7fdcf48df1b0>
Oc1ccc2c(c1)[C@@]13CCCC[C@H]1[C@@H](C2)NCC3,9.89,train,<rdkit.Chem.rdchem.Mol object at 0x7fdcf48df220>
N#Cc1cc(Cl)cc(Oc2c(Cl)ccc3c2cnn3Cc2n[nH]c3ncccc23)c1,9.9,test,<rdkit.Chem.rdchem.Mol object at 0x7fdcf48df290>
COc1cc([S+](C)[O-])ccc1-c1nc2cnccc2[nH]1,9.9,train,<rdkit.Chem.rdchem.Mol object at 0x7fdcf48df300>
COc1ccc2c(c1)-c1c(ccc(OC)c1O)CC(CCc1ccccc1)N(C)CC2,9.9,train,<rdkit.Chem.rdchem.Mol object at 0x7fdcf48df370>
O=C(CCCN1CCC(n2c(=S)[nH]c3ccccc32)CC1)c1ccc(F)cc1,9.9,train,<rdkit.Chem.rdchem.Mol object at 0x7fdcf48df3e0>
C[N+]1(CC2CC2)CC[C@]23c4c5ccc(O)c4O[C@H]2C(=O)CC[C@@]3(O)[C@H]1C5,9.9,train,<rdkit.Chem.rdchem.Mol object at 0x7fdcf48df450>
CCCCCCCOC(=O)NC1=NC(=O)N([C@H]2C[C@H](O)[C@@H](CO)O2)CN1,9.9,train,<rdkit.Chem.rdchem.Mol object at 0x7fdcf48df4c0>
COc1cc(C(=O)c2c[nH]c(-c3c[nH]c4ccccc34)n2)cc(OC)c1OC,9.9,train,<rdkit.Chem.rdchem.Mol object at 0x7fdcf48df530>
O=C(c1c(F)ccc(NS(=O)(=O)N2CC[C@@H](F)C2)c1F)c1c[nH]c2ncc(-c3cnc(C4CC4)nc3)cc12,9.9,train,<rdkit.Chem.rdchem.Mol object at 0x7fdcf48df5a0>
C[C@@H](Nc1nc(N[C@H](C)C(F)(F)F)nc(-c2cccc(Cl)n2)n1)C(F)(F)F,9.9,train,<rdkit.Chem.rdchem.Mol object at 0x7fdcf48df610>
Oc1ccc(OCc2ccccc2)cc1,9.91,train,<rdkit.Chem.rdchem.Mol object at 0x7fdcf48df680>
CNCC(O)c1cccc(NS(C)(=O)=O)c1,9.91,train,<rdkit.Chem.rdchem.Mol object at 0x7fdcf48df6f0>
CCCCNc1ccc(C(=O)OCCN(C)C)c(O)c1,9.91,train,<rdkit.Chem.rdchem.Mol object at 0x7fdcf48df760>
C[C@@H](c1ccc(O)cc1)[C@H](CC(F)(F)F)c1ccc(O)cc1,9.91,train,<rdkit.Chem.rdchem.Mol object at 0x7fdcf48df7d0>
OCC(O)CS,9.92,train,<rdkit.Chem.rdchem.Mol object at 0x7fdcf48df8b0>
CCCCc1ccc2[nH]c(NC(=O)OC)nc2c1,9.92,train,<rdkit.Chem.rdchem.Mol object at 0x7fdcf48df920>
COc1ccc(C(=O)CC(=O)c2ccc(C(C)(C)C)cc2)cc1,9.92,train,<rdkit.Chem.rdchem.Mol object at 0x7fdcf48df990>
COc1cc(CO)ccc1O,9.92,train,<rdkit.Chem.rdchem.Mol object at 0x7fdcf48dfa00>
COc1cc2nc(CCN3CCN(c4ccccc4OC)CC3)[nH]c(=O)c2cc1OC,9.92,train,<rdkit.Chem.rdchem.Mol object at 0x7fdcf48dfa70>
CCC(c1ccc(O)cc1)C(CC)c1ccc(O)cc1,9.93,test,<rdkit.Chem.rdchem.Mol object at 0x7fdcf48dfae0>
CCCCCCCCC(=O)NCc1ccc(O)c(OC)c1,9.93,train,<rdkit.Chem.rdchem.Mol object at 0x7fdcf48dfbc0>
COc1cc(CNC(=O)CCCC/C=C\C(C)C)ccc1O,9.93,train,<rdkit.Chem.rdchem.Mol object at 0x7fdcf48dfc30>
CCCCCCCC/C=C\CCCCCCCC(=O)NCc1ccc(O)c(OC)c1,9.93,train,<rdkit.Chem.rdchem.Mol object at 0x7fdcf48dfd10>
CNC(=O)COc1cccc(Nc2ncc(F)c(Nc3ccc4c(c3)NC(=O)C(F)(F)O4)n2)c1.O=C(O)c1ccc2ccccc2c1O,9.94,test,<rdkit.Chem.rdchem.Mol object at 0x7fdcf48dfdf0>
C=CCc1ccc(O)c(OC)c1,9.94,train,<rdkit.Chem.rdchem.Mol object at 0x7fdcf48dfe60>
COc1ccc(O)cc1,9.94,train,<rdkit.Chem.rdchem.Mol object at 0x7fdcf48dfed0>
C[C@H]1[C@H]2Cc3ccc(O)cc3[C@]1(C)CCN2CC1CC1,9.94,train,<rdkit.Chem.rdchem.Mol object at 0x7fdcf48dff40>
C=C(C)[C@]12C[C@@H](C)[C@@]34O[C@](Cc5ccccc5)(O[C@@H]1[C@@H]3C=C(COC(=O)Cc1ccc(O)c(OC)c1)C[C@]1(O)C(=O)C(C)=C[C@@H]41)O2,9.94,train,<rdkit.Chem.rdchem.Mol object at 0x7fdcf48e0040>
Cc1cn([C@H]2C=C[C@@H](CO)O2)c(=O)[nH]c1=O,9.95,test,<rdkit.Chem.rdchem.Mol object at 0x7fdcf48e0120>
O=C(NCCNCC(O)COc1ccc(O)cc1)N1CCOCC1,9.95,test,<rdkit.Chem.rdchem.Mol object at 0x7fdcf48e0190>
CCC(c1ccc(O)cc1)C(CC)C(C)c1ccc(O)cc1,9.95,train,<rdkit.Chem.rdchem.Mol object at 0x7fdcf48e0200>
CC1CC(=O)NN=C1c1ccc2[nH]c(-c3cc[nH]n3)nc2c1,9.95,train,<rdkit.Chem.rdchem.Mol object at 0x7fdcf48e0270>
CCc1cn([C@H]2C[C@H](O)[C@@H](CO)O2)c(=O)[nH]c1=O,9.95,train,<rdkit.Chem.rdchem.Mol object at 0x7fdcf48e02e0>
CCC12CCN(CC3CCC3)C(Cc3ccc(O)cc31)C2(C)C,9.95,train,<rdkit.Chem.rdchem.Mol object at 0x7fdcf48e0350>
CC(C)c1cn([C@H]2C[C@H](O)[C@@H](CO)O2)c(=O)[nH]c1=O,9.95,train,<rdkit.Chem.rdchem.Mol object at 0x7fdcf48e03c0>
COC(=O)C(N)CS,9.96,train,<rdkit.Chem.rdchem.Mol object at 0x7fdcf48e0510>
CC1C2Cc3ccc(O)cc3C1(C)CCN2CCc1ccccc1,9.96,train,<rdkit.Chem.rdchem.Mol object at 0x7fdcf48e0660>
Cc1cn([C@H]2C[C@H](N=[N+]=[N-])[C@@H](CO)O2)c(=O)[nH]c1=O,9.96,train,<rdkit.Chem.rdchem.Mol object at 0x7fdcf48e06d0>
O=C1CC(c2cccc(Br)c2)C(=O)N1,9.96,train,<rdkit.Chem.rdchem.Mol object at 0x7fdcf48e0740>
Cc1cn([C@@H]2C[C@@H](O)[C@H](CO)O2)c(=O)[nH]c1=O,9.96,train,<rdkit.Chem.rdchem.Mol object at 0x7fdcf48e07b0>
CCOC(=O)C(=O)Nc1cc(C)c(Oc2ccc(O)c(C(O)c3ccc(F)cc3)c2)c(C)c1,9.96,train,<rdkit.Chem.rdchem.Mol object at 0x7fdcf48e0820>
C=CC[C@@H]1/C=C(/C)C[C@H](C)C[C@H](OC)[C@H]2O[C@@](O)(C(=O)C(=O)N3CCCC[C@H]3C(=O)O[C@H](/C(C)=C/[C@@H]3CC[C@@H](O)[C@H](OC)C3)[C@H](C)[C@@H](O)CC1=O)[C@H](C)C[C@@H]2OC,9.96,train,<rdkit.Chem.rdchem.Mol object at 0x7fdcf48e0890>
C[C@]12C=CC(=O)C(O)=C1CC[C@@H]1[C@@H]2CC[C@@]2(C)[C@H]1CC[C@]2(C)O,9.96,train,<rdkit.Chem.rdchem.Mol object at 0x7fdcf48e0970>
O=C1CC(c2c[nH]c3ccc(F)cc23)C(=O)N1,9.96,train,<rdkit.Chem.rdchem.Mol object at 0x7fdcf48e09e0>
O=C(c1cc(Cc2n[nH]c(=O)c3ccccc23)ccc1F)N1CCN(C(=O)C2CC2)CC1,9.96,train,<rdkit.Chem.rdchem.Mol object at 0x7fdcf48e0a50>
COC1CCN(C(=O)c2cc(Cc3n[nH]c(=O)c4ccccc34)ccc2F)CC1,9.96,train,<rdkit.Chem.rdchem.Mol object at 0x7fdcf48e0ac0>
O=C(c1cc(Cc2n[nH]c(=O)c3ccccc23)ccc1F)N1CCn2nc(C(F)(F)F)nc2C1,9.96,train,<rdkit.Chem.rdchem.Mol object at 0x7fdcf48e0b30>
O=C(c1ccc(F)cc1)N1CCN(C(=O)c2cc(Cc3n[nH]c(=O)c4ccccc34)ccc2F)CC1,9.96,train,<rdkit.Chem.rdchem.Mol object at 0x7fdcf48e0ba0>
CCN(CC)CCOC(=O)c1ccc(N)cc1O,9.97,test,<rdkit.Chem.rdchem.Mol object at 0x7fdcf48e0c10>
O=C(N[C@@H]1CN2CCC1CC2)c1n[nH]c2ccccc12,9.97,train,<rdkit.Chem.rdchem.Mol object at 0x7fdcf48e0cf0>
COc1ccccc1O,9.98,train,<rdkit.Chem.rdchem.Mol object at 0x7fdcf48e0d60>
C[C@@H](Nc1ncnc2[nH]c(-c3ccc(O)cc3)cc12)c1ccccc1,9.98,train,<rdkit.Chem.rdchem.Mol object at 0x7fdcf48e0eb0>
Cc1cccc([C@H](C)c2c[nH]c(=S)[nH]2)c1C,9.98,train,<rdkit.Chem.rdchem.Mol object at 0x7fdcf48e0f20>
CCN1CCN(c2ccc(Nc3cc(N(C)C(=O)Nc4c(Cl)c(OC)cc(OC)c4Cl)ncn3)cc2)CC1,9.98,train,<rdkit.Chem.rdchem.Mol object at 0x7fdcf48e0f90>
Cc1cc(Oc2ncccc2C(F)(F)F)ccc1-c1c(C)c(=O)[nH]c(=O)n1C,9.98,train,<rdkit.Chem.rdchem.Mol object at 0x7fdcf48e1000>
C=CC(=O)Nc1cc(N2CCN(CC)CC2)ccc1Nc1cc(N(C)C(=O)Nc2c(Cl)c(OC)cc(OC)c2Cl)ncn1,9.98,train,<rdkit.Chem.rdchem.Mol object at 0x7fdcf48e1070>
CCCCCCC(C)(C)c1cc(O)c2c(c1)OC(C)(C)C1CCC(O)CC21,9.99,train,<rdkit.Chem.rdchem.Mol object at 0x7fdcf48e10e0>
COc1ccc(C[C@@H](O)c2cc(OC)c(OC)c(OC)c2)cc1O,9.99,train,<rdkit.Chem.rdchem.Mol object at 0x7fdcf48e1150>
C[C@H]1OC2(CCCC[C@H]2Oc2cccc(Cl)c2)NC1=O,9.99,train,<rdkit.Chem.rdchem.Mol object at 0x7fdcf48e11c0>
Cc1nc(Nc2cccc(N3CCCC3=O)n2)sc1-c1cc2c(c(S(C)(=O)=O)c1)C(=O)N([C@@H](C)C1CC1)C2,9.99,train,<rdkit.Chem.rdchem.Mol object at 0x7fdcf48e1230>
CCCOc1ccc2[nH]c(NC(=O)OC)nc2c1,10.0,train,<rdkit.Chem.rdchem.Mol object at 0x7fdcf48e1310>
Oc1ccc2c(c1)[C@@]13CCCC[C@H]1[C@@H](C2)N(CCc1ccccc1)CC3,10.0,train,<rdkit.Chem.rdchem.Mol object at 0x7fdcf48e1380>
O=C(Nc1c(Cl)cncc1Cl)C(=O)c1cn(Cc2ccc(F)cc2)c2ncccc12,10.0,train,<rdkit.Chem.rdchem.Mol object at 0x7fdcf48e13f0>
NCCc1ccc(O)c(O)c1,10.01,test,<rdkit.Chem.rdchem.Mol object at 0x7fdcf48e1460>
Cc1cn([C@H]2C[C@H](O)[C@]3(CO)C[C@H]23)c(=O)[nH]c1=O,10.01,train,<rdkit.Chem.rdchem.Mol object at 0x7fdcf48e1540>
CCNP(=S)(OC)O/C(C)=C/C(=O)OC(C)C,10.01,train,<rdkit.Chem.rdchem.Mol object at 0x7fdcf48e15b0>
CCN1C(=O)CNc2ncc(-c3ccc(-c4nc[nH]n4)nc3C)nc21,10.02,test,<rdkit.Chem.rdchem.Mol object at 0x7fdcf48e1690>
CC1N(CC(=O)c2ccccc2)CCCC1(C)c1cccc(O)c1,10.02,train,<rdkit.Chem.rdchem.Mol object at 0x7fdcf48e1700>
[O-]c1ccccc1,10.02,train,<rdkit.Chem.rdchem.Mol object at 0x7fdcf48e17e0>
COc1cccc(OCCCN)c1-c1cc(Nc2cnc(C#N)cn2)n[nH]1,10.02,train,<rdkit.Chem.rdchem.Mol object at 0x7fdcf48e1850>
O=c1[nH]cnc2c([C@@H]3N[C@H](CO)[C@@H](O)[C@H]3O)c[nH]c12,10.03,test,<rdkit.Chem.rdchem.Mol object at 0x7fdcf48e18c0>
CCCN(CCc1cccs1)[C@H]1CCc2c(O)cccc2C1,10.03,train,<rdkit.Chem.rdchem.Mol object at 0x7fdcf48e1930>
Cc1ccccc1OCC(O)CNCCn1cc(C)c(=O)[nH]c1=O,10.03,train,<rdkit.Chem.rdchem.Mol object at 0x7fdcf48e19a0>
O=c1[nH]cnc2c(CN3C[C@H](CO)[C@@H](O)C3)c[nH]c12,10.03,train,<rdkit.Chem.rdchem.Mol object at 0x7fdcf48e1af0>
O=C(O)CCC(=O)O.O=c1[nH]cnc2c(CN3C[C@H](CO)[C@@H](O)C3)c[nH]c12.O=c1[nH]cnc2c(CN3C[C@H](CO)[C@@H](O)C3)c[nH]c12,10.03,train,<rdkit.Chem.rdchem.Mol object at 0x7fdcf48e1b60>
C[C@H]1CO[C@@H]2Cn3cc(C(=O)NCc4ccc(F)cc4F)c(=O)c(O)c3C(=O)N12,10.04,test,<rdkit.Chem.rdchem.Mol object at 0x7fdcf48e1bd0>
O=C(CC(=O)c1ccccc1)c1ccccc1,10.04,train,<rdkit.Chem.rdchem.Mol object at 0x7fdcf48e1cb0>
CNC(C)C(O)c1ccc(NS(C)(=O)=O)cc1,10.04,train,<rdkit.Chem.rdchem.Mol object at 0x7fdcf48e1d20>
O=C(Cc1c(Cl)c[n+]([O-])cc1Cl)c1ccc(OC(F)F)c2c1OC1(CCS(=O)(=O)CC1)O2,10.04,train,<rdkit.Chem.rdchem.Mol object at 0x7fdcf48e1d90>
CN1C(=O)[C@@H](NC(=O)[C@H](CCC(F)(F)F)[C@H](CCC(F)(F)F)C(N)=O)N=C(c2ccccc2)c2ccccc21,10.04,train,<rdkit.Chem.rdchem.Mol object at 0x7fdcf48e1e00>
Cn1c([N+](=O)[O-])cnc1C(O)c1cc(C(C)(C)C)ccc1O,10.05,train,<rdkit.Chem.rdchem.Mol object at 0x7fdcf48e1e70>
Cc1onc(-c2ccccc2)c1-c1ccc(S(N)(=O)=O)cc1,10.06,test,<rdkit.Chem.rdchem.Mol object at 0x7fdcf48e1ee0>
CCCCC(CC)C1NC(=O)N(SC(Cl)(Cl)Cl)C1=O,10.06,train,<rdkit.Chem.rdchem.Mol object at 0x7fdcf48e1f50>
O=C(CCCCCl)NNC(=O)N1Cc2ccccc2Oc2ccc(Cl)cc21,10.06,train,<rdkit.Chem.rdchem.Mol object at 0x7fdcf48e1fc0>
C=CCN1CCCC1CNC(=O)c1cc(S(N)(=O)=O)cc(OC)c1OC,10.06,train,<rdkit.Chem.rdchem.Mol object at 0x7fdcf48e2030>
C=CCN1CC[C@]23c4c5ccc(O)c4O[C@H]2C(=O)CC[C@@]3(O)[C@H]1C5,10.07,test,<rdkit.Chem.rdchem.Mol object at 0x7fdcf48e2110>
CC(C)=CCN1CC[C@]23c4c5ccc(O)c4O[C@H]2C(=O)CC[C@@]3(O)[C@H]1C5,10.07,test,<rdkit.Chem.rdchem.Mol object at 0x7fdcf48e2180>
CCCC1(c2cccc(O)c2)CCN(C)C1,10.07,train,<rdkit.Chem.rdchem.Mol object at 0x7fdcf48e21f0>
CN1CC[C@]23c4c5ccc(O)c4O[C@H]2C(=O)CC[C@@]3(O)[C@H]1C5,10.07,train,<rdkit.Chem.rdchem.Mol object at 0x7fdcf48e2260>
COCCN1CC[C@]23c4c5ccc(O)c4O[C@H]2C(=O)CC[C@@]3(O)[C@H]1C5,10.07,train,<rdkit.Chem.rdchem.Mol object at 0x7fdcf48e22d0>
C[C@@H](COCCC(=O)N1CCN(c2ncc(C(F)(F)F)cn2)CC1)Nc1cn[nH]c(=O)c1C(F)(F)F,10.07,train,<rdkit.Chem.rdchem.Mol object at 0x7fdcf48e2340>
C[C@H](Oc1cc2cc(F)ccc2nc1N)c1[nH]c(=O)ccc1-n1cccn1,10.07,train,<rdkit.Chem.rdchem.Mol object at 0x7fdcf48e23b0>
Cc1cc(-n2nc3ccc(Cl)cc3n2)c(O)c(C(C)(C)C)c1,10.08,train,<rdkit.Chem.rdchem.Mol object at 0x7fdcf48e2420>
Cc1cc(S(C)(=O)=O)c(S(C)(=O)=O)cc1C(=O)NC(=N)N,10.08,train,<rdkit.Chem.rdchem.Mol object at 0x7fdcf48e2490>
CCCCCN[C@@]12C=CC(=O)[C@@H]3Oc4c(O)ccc5c4[C@@]31CCN(C)[C@@H]2C5,10.09,train,<rdkit.Chem.rdchem.Mol object at 0x7fdcf48e2570>
CC1(C)OC(c2ccc(S(N)(=O)=O)cc2)=C(c2cccc(F)c2)C1=O,10.09,train,<rdkit.Chem.rdchem.Mol object at 0x7fdcf48e25e0>
Cc1cn([C@@H]2O[C@H](CO)[C@@H](O)[C@@H]2F)c(=O)[nH]c1=O,10.1,train,<rdkit.Chem.rdchem.Mol object at 0x7fdcf48e2650>
Cc1cn([C@H]2O[C@@H](CO)[C@H](O)[C@H]2F)c(=O)[nH]c1=O,10.1,train,<rdkit.Chem.rdchem.Mol object at 0x7fdcf48e26c0>
COc1ccnc(C[S+]([O-])c2nc3cc(-n4cccc4)ccc3[nH]2)c1C,10.1,train,<rdkit.Chem.rdchem.Mol object at 0x7fdcf48e2730>
CN1CC[C@]23c4c5ccc(O)c4O[C@@]2(C)C(=O)CC[C@H]3[C@H]1C5,10.1,train,<rdkit.Chem.rdchem.Mol object at 0x7fdcf48e27a0>
Cc1cn([C@@H]2O[C@H](CO)[C@@H](O)[C@@H]2[18F])c(=O)[nH]c1=O,10.1,train,<rdkit.Chem.rdchem.Mol object at 0x7fdcf48e2810>
COc1cc2cc(c1Cl)N(C)C(=O)C[C@H](OC(=O)[C@H](C)N(C)C(=O)CCS)[C@]1(C)O[C@H]1[C@H](C)[C@@H]1C[C@@](O)(NC(=O)O1)[C@H](OC)/C=C/C=C(\C)C2,10.1,train,<rdkit.Chem.rdchem.Mol object at 0x7fdcf48e2880>
C[C@@H]1CCO[C@H]2Cn3cc(C(=O)NCc4ccc(F)cc4F)c(=O)c(O)c3C(=O)N12,10.1,train,<rdkit.Chem.rdchem.Mol object at 0x7fdcf48e28f0>
C[C@@H]1CCO[C@H]2Cn3cc(C(=O)NCc4ccc(F)cc4F)c(=O)c([O-])c3C(=O)N12,10.1,train,<rdkit.Chem.rdchem.Mol object at 0x7fdcf48e2960>
CN(C)CC(c1ccc(O)cc1)C1(O)CCCCC1,10.11,train,<rdkit.Chem.rdchem.Mol object at 0x7fdcf48e2b20>
CN1CC[C@]23c4c5ccc(O)c4O[C@H]2C(=O)CC[C@H]3[C@H]1C5,10.11,train,<rdkit.Chem.rdchem.Mol object at 0x7fdcf48e2b90>
O=C1CC[C@@]2(O)[C@H]3Cc4ccc(O)c5c4[C@@]2(CCN3CC2CC2)[C@H]1O5,10.11,train,<rdkit.Chem.rdchem.Mol object at 0x7fdcf48e2c00>
CN(C)C[C@H](c1ccc(O)cc1)C1(O)CCCCC1,10.11,train,<rdkit.Chem.rdchem.Mol object at 0x7fdcf48e2ce0>
O=C1NC(=O)[C@H]2[C@@H]3C=C[C@H]([C@@H]12)[C@@H]1[C@H]2C(=O)NC(=O)[C@H]2[C@H]31,10.11,train,<rdkit.Chem.rdchem.Mol object at 0x7fdcf48e2d50>
CC1(C)CC[C@]2(NC(=O)C(C)(F)F)CC[C@]3(C)[C@H](C(=O)C=C4[C@@]5(C)C=C(C#N)C(=O)C(C)(C)[C@@H]5CC[C@]43C)[C@@H]2C1,10.11,train,<rdkit.Chem.rdchem.Mol object at 0x7fdcf48e2dc0>
CC(C)(C)NCC(O)c1ccc(O)c(CO)c1,10.12,train,<rdkit.Chem.rdchem.Mol object at 0x7fdcf48e2e30>
OCc1cc(C(O)CNCCCCCCOCCCCc2ccccc2)ccc1O,10.12,train,<rdkit.Chem.rdchem.Mol object at 0x7fdcf48e2ea0>
COP(=O)(OC)C(O)C(Cl)(Cl)Cl,10.12,train,<rdkit.Chem.rdchem.Mol object at 0x7fdcf48e2f10>
O=C(O)c1ccc2ccccc2c1O.OCc1cc(C(O)CNCCCCCCOCCCCc2ccccc2)ccc1O,10.12,train,<rdkit.Chem.rdchem.Mol object at 0x7fdcf48e2f80>
CC(C)(C)NC[C@H](O)c1ccc(O)c(CO)c1,10.12,train,<rdkit.Chem.rdchem.Mol object at 0x7fdcf48e3060>
OCc1cc([C@@H](O)CNCCCCCCOCCOCc2c(Cl)cccc2Cl)ccc1O,10.12,train,<rdkit.Chem.rdchem.Mol object at 0x7fdcf48e30d0>
CC(C)(C)NCC(O)c1ccc(O)c(CO)c1.CC(C)(C)NCC(O)c1ccc(O)c(CO)c1,10.12,train,<rdkit.Chem.rdchem.Mol object at 0x7fdcf48e3140>
O=C(O)C(c1ccccc1)(c1ccccc1)c1ccccc1.OCc1cc([C@@H](O)CNCCCCCCOCCOCc2c(Cl)cccc2Cl)ccc1O,10.12,train,<rdkit.Chem.rdchem.Mol object at 0x7fdcf48e31b0>
CC(C)(C)NC[C@H](O)c1ccc(O)c(CO)c1.CC(C)(C)NC[C@H](O)c1ccc(O)c(CO)c1,10.12,train,<rdkit.Chem.rdchem.Mol object at 0x7fdcf48e3220>
Cc1cccc(O)c1,10.13,train,<rdkit.Chem.rdchem.Mol object at 0x7fdcf48e3290>
COc1ccc(CC(C)NCC(O)c2ccc(O)c(CO)c2)cc1,10.13,train,<rdkit.Chem.rdchem.Mol object at 0x7fdcf48e3300>
C#CC(C)(C)NS(=O)(=O)c1ccc(OC)c(C(=O)NCC2CCCN2CC)c1,10.13,train,<rdkit.Chem.rdchem.Mol object at 0x7fdcf48e3370>
C=CCN1CC[C@]23c4c5ccc(O)c4O[C@H]2[C@@H](OCCOCCOCCOCCOCCOCCOCCOC)CC[C@@]3(O)[C@H]1C5,10.13,train,<rdkit.Chem.rdchem.Mol object at 0x7fdcf48e33e0>
O=C(NOCCO)c1cc2scnc2c(F)c1Nc1ccc(I)cc1F,10.13,train,<rdkit.Chem.rdchem.Mol object at 0x7fdcf48e3450>
CC(CCc1ccc(O)cc1)NCCc1ccc(O)c(O)c1,10.14,train,<rdkit.Chem.rdchem.Mol object at 0x7fdcf48e34c0>
C[C@H](CCc1ccc(O)cc1)NCCc1ccc(O)c(O)c1,10.14,train,<rdkit.Chem.rdchem.Mol object at 0x7fdcf48e3530>
C[C@@H](CCc1ccc(O)cc1)NCCc1ccc(O)c(O)c1,10.14,train,<rdkit.Chem.rdchem.Mol object at 0x7fdcf48e35a0>
C[C@@H](CCc1ccc(O)cc1)NCCc1ccc(O)c(O)c1.O=C(O)[C@H](O)[C@@H](O)[C@H](O[C@@H]1O[C@H](CO)[C@H](O)[C@H](O)[C@H]1O)[C@H](O)CO,10.14,train,<rdkit.Chem.rdchem.Mol object at 0x7fdcf48e3680>
CN(CCOc1ccc(NS(C)(=O)=O)cc1)CCc1ccc(NS(C)(=O)=O)cc1,10.15,test,<rdkit.Chem.rdchem.Mol object at 0x7fdcf48e36f0>
N=C(N)NC(=O)c1cnn(-c2cccc3ncccc23)c1C1CC1,10.15,test,<rdkit.Chem.rdchem.Mol object at 0x7fdcf48e3760>
CN(C)CCS,10.15,train,<rdkit.Chem.rdchem.Mol object at 0x7fdcf48e37d0>
CCCCc1cc2c(=O)c(C(=O)OC)c[nH]c2cc1OCc1ccccc1,10.15,train,<rdkit.Chem.rdchem.Mol object at 0x7fdcf48e3840>
Nc1nc2c(ncn2/C=C2/CC2(CO)CO)c(=O)[nH]1,10.15,train,<rdkit.Chem.rdchem.Mol object at 0x7fdcf48e38b0>
Nc1nc2c(ncn2COCCO)c(=O)[nH]1,10.16,test,<rdkit.Chem.rdchem.Mol object at 0x7fdcf48e3920>
Nc1nc2c(ncn2COC(CO)CO)c(=O)[nH]1,10.16,test,<rdkit.Chem.rdchem.Mol object at 0x7fdcf48e3990>
COC(=O)C[C@@H]1C[C@@H](COc2ccc(-c3ccc(C(=N)NC(=O)OC)cc3)cc2)NC1=O,10.16,train,<rdkit.Chem.rdchem.Mol object at 0x7fdcf48e3a00>
CCOC(=O)CN1CCN(C[C@@H]2CN(c3ccc(C(=N)NC(=O)OC)cc3)C(=O)O2)CC1,10.16,train,<rdkit.Chem.rdchem.Mol object at 0x7fdcf48e3a70>
CC(C)[C@H](N)C(=O)OCC(CO)OCn1cnc2c(=O)[nH]c(N)nc21,10.16,train,<rdkit.Chem.rdchem.Mol object at 0x7fdcf48e3b50>
Nc1nc([O-])c2ncn(COCCO)c2n1,10.16,train,<rdkit.Chem.rdchem.Mol object at 0x7fdcf48e3bc0>
CCCC1(c2cccc(O)c2)CCN(C)CC1C,10.17,train,<rdkit.Chem.rdchem.Mol object at 0x7fdcf48e3d10>
C=C1[C@H](CO)[C@@H](O)C[C@@H]1n1cnc2c(=O)[nH]c(N)nc21,10.17,train,<rdkit.Chem.rdchem.Mol object at 0x7fdcf48e3d80>
CCCCCCCCCCCCCCCCCC(=O)OC[C@H](CCOC(=O)[C@@H](N)C(C)C)Cn1cnc2c(=O)[nH]c(N)nc21,10.17,train,<rdkit.Chem.rdchem.Mol object at 0x7fdcf48e3df0>
Nc1nc2c(ncn2CC[C@@H](O)CO)c(=O)[nH]1,10.17,train,<rdkit.Chem.rdchem.Mol object at 0x7fdcf48e3e60>
Nc1nc2c(ncn2CC(CO)CO)c(=O)[nH]1,10.17,train,<rdkit.Chem.rdchem.Mol object at 0x7fdcf48e3f40>
CC(C)[C@H](N)C(=O)OCC[C@@H](CO)Cn1cnc2c(=O)[nH]c(N)nc21,10.17,train,<rdkit.Chem.rdchem.Mol object at 0x7fdcf48e4040>
Nc1nc(OCc2cc(Br)cs2)c2[nH]cnc2n1,10.19,train,<rdkit.Chem.rdchem.Mol object at 0x7fdcf48e40b0>
C[C@H](Nc1ncnc2nc[nH]c12)c1cc2cccc(Cl)c2c(=O)n1-c1ccccc1,10.2,test,<rdkit.Chem.rdchem.Mol object at 0x7fdcf48e4190>
CCCN1CC(NS(=O)(=O)N(CC)CC)CC2Cc3c(O)cccc3CC21,10.2,train,<rdkit.Chem.rdchem.Mol object at 0x7fdcf48e4200>
NS(=O)(=O)c1ccc(NC(=O)Nc2ccc(F)cc2)cc1,10.2,train,<rdkit.Chem.rdchem.Mol object at 0x7fdcf48e4270>
C=CCN1CC[C@]23c4c5ccc(O)c4O[C@H]2[C@@H](O)C=C[C@H]3[C@H]1C5,10.2,train,<rdkit.Chem.rdchem.Mol object at 0x7fdcf48e4350>
CC(C)OC(=O)Nc1ccc2[nH]c(-c3cscn3)nc2c1,10.21,test,<rdkit.Chem.rdchem.Mol object at 0x7fdcf48e43c0>
O=C(O)CCC(=O)O.OC(CSc1ncnc2[nH]cnc12)CN1CCN(C(c2ccc(F)cc2)c2ccc(F)cc2)CC1,10.21,test,<rdkit.Chem.rdchem.Mol object at 0x7fdcf48e4430>
O=C(Nc1ncc([N+](=O)[O-])s1)c1cccs1,10.21,train,<rdkit.Chem.rdchem.Mol object at 0x7fdcf48e44a0>
OC(CSc1ncnc2[nH]cnc12)CN1CCN(C(c2ccc(F)cc2)c2ccc(F)cc2)CC1,10.21,train,<rdkit.Chem.rdchem.Mol object at 0x7fdcf48e4510>
COc1ccc(Cl)cc1C(=O)NC(=O)NCCCN1CCN(c2cccc(C)c2)CC1,10.21,train,<rdkit.Chem.rdchem.Mol object at 0x7fdcf48e4580>
CCC[C@@](C)(O)[C@H]1C[C@@]23C=C[C@]1(OC)[C@@H]1Oc4c(O)ccc5c4[C@@]12CCN(C)[C@@H]3C5,10.21,train,<rdkit.Chem.rdchem.Mol object at 0x7fdcf48e4660>
NS(=O)(=O)c1ccc(NC(=O)OCCO)cc1,10.21,train,<rdkit.Chem.rdchem.Mol object at 0x7fdcf48e46d0>
NS(=O)(=O)NC[C@H]1COc2cc(Cl)ccc2O1,10.21,train,<rdkit.Chem.rdchem.Mol object at 0x7fdcf48e4740>
C#C[C@]1(O)CC[C@H]2[C@@H]3CCc4cc(O)ccc4[C@H]3[C@@H](OC)C[C@@]21C,10.21,train,<rdkit.Chem.rdchem.Mol object at 0x7fdcf48e47b0>
Cc1cnc(Nc2ccc(OCCN3CCCC3)cc2)nc1Nc1cccc(S(=O)(=O)NC(C)(C)C)c1,10.21,train,<rdkit.Chem.rdchem.Mol object at 0x7fdcf48e4820>
CCOC(=O)NC(=N)NC(=O)Cc1c(Cl)cccc1Cl,10.21,train,<rdkit.Chem.rdchem.Mol object at 0x7fdcf48e4890>
C[C@@H]1COCCN1c1cc(-c2ccnn2C)c2ccnc(-c3ccn[nH]3)c2n1,10.21,train,<rdkit.Chem.rdchem.Mol object at 0x7fdcf48e4900>
O=C(OC[C@H]1O[C@](O)(COC(=O)c2cccnc2)[C@@H](OC(=O)c2cccnc2)[C@@H]1OC(=O)c1cccnc1)c1cccnc1,10.22,train,<rdkit.Chem.rdchem.Mol object at 0x7fdcf48e4970>
C[C@H](NP(=O)(OC[C@H]1O[C@@H](n2ccc(N)nc2=O)C(F)(F)[C@@H]1O)Oc1ccccc1)C(=O)OCc1ccccc1,10.22,train,<rdkit.Chem.rdchem.Mol object at 0x7fdcf48e4a50>
CCC1(c2cccc(O)c2)CCCCN(C)C1,10.23,test,<rdkit.Chem.rdchem.Mol object at 0x7fdcf48e4b30>
COc1ccc(S(N)(=O)=O)cc1C(=O)NCC1CCCN1Cc1ccc(F)cc1,10.23,train,<rdkit.Chem.rdchem.Mol object at 0x7fdcf48e4c10>
COc1nc(N)nc2c1ncn2[C@@H]1O[C@H](COP(=O)(N[C@@H](C)C(=O)OCC(C)(C)C)Oc2cccc3ccccc23)[C@@H](O)[C@@]1(C)O,10.23,train,<rdkit.Chem.rdchem.Mol object at 0x7fdcf48e4c80>
CCC[C@H](C)OC(=O)[C@H](C)N[P@](=O)(OC[C@H]1OC[C@@H](n2ccc(N)nc2=O)O1)Oc1ccc(Br)cc1,10.24,test,<rdkit.Chem.rdchem.Mol object at 0x7fdcf48e4e40>
CCN1CCC[C@@H]1CNC(=O)c1cc(S(N)(=O)=O)ccc1OC,10.24,train,<rdkit.Chem.rdchem.Mol object at 0x7fdcf48e4f20>
CCN1CCC[C@H]1CNC(=O)c1cc(S(N)(=O)=O)ccc1OC,10.24,train,<rdkit.Chem.rdchem.Mol object at 0x7fdcf48e4f90>
COc1ccc(S(N)(=O)=O)cc1C(=O)NCC1CCCN1C,10.24,train,<rdkit.Chem.rdchem.Mol object at 0x7fdcf48e5000>
C[C@]1(c2nc3c(C(N)=O)cccc3[nH]2)CCCN1,10.24,train,<rdkit.Chem.rdchem.Mol object at 0x7fdcf48e5070>
CNc1nc(N)nc2c1ncn2[C@@H]1O[C@H](COP(=O)(N[C@@H](C)C(=O)OC(C)C)Oc2ccccc2)[C@@H](O)[C@@]1(C)F,10.24,train,<rdkit.Chem.rdchem.Mol object at 0x7fdcf48e5150>
CCCCCCCCCCCCS[C@H](C(=O)Nc1cc(C)c(O)c(C)c1C)c1ccccc1,10.25,test,<rdkit.Chem.rdchem.Mol object at 0x7fdcf48e51c0>
O=C(CN1CCCC1=O)NNC(=O)CN1CCCC1=O,10.25,train,<rdkit.Chem.rdchem.Mol object at 0x7fdcf48e52a0>
COc1ccc(S(N)(=O)=O)cc1C(=O)NCC1CCCN1CC1CC1,10.25,train,<rdkit.Chem.rdchem.Mol object at 0x7fdcf48e5310>
CCCN1CCCC1CNC(=O)c1cc(S(N)(=O)=O)ccc1OC,10.25,train,<rdkit.Chem.rdchem.Mol object at 0x7fdcf48e5380>
O=C1c2c(O)c(=O)ccn2N([C@@H]2c3ccccc3SCc3c2ccc(F)c3F)[C@@H]2COCCN12,10.25,train,<rdkit.Chem.rdchem.Mol object at 0x7fdcf48e53f0>
CN1CC[C@]23c4c5ccc(O)c4O[C@H]2[C@@H](O)C=C[C@H]3[C@H]1C5,10.26,test,<rdkit.Chem.rdchem.Mol object at 0x7fdcf48e54d0>
O=C(CN1CC[C@]23CCCC[C@H]2[C@H]1Cc1ccc(O)cc13)c1ccccc1,10.26,test,<rdkit.Chem.rdchem.Mol object at 0x7fdcf48e5540>
Cn1cnc2c(F)c(Nc3ccc(Br)cc3Cl)c(C(=O)NOCCO)cc21,10.26,train,<rdkit.Chem.rdchem.Mol object at 0x7fdcf48e55b0>
Cn1cnc2c(F)c(Nc3ccc(Br)cc3F)c(C(=O)NOCCO)cc21,10.26,train,<rdkit.Chem.rdchem.Mol object at 0x7fdcf48e5620>
C=CC(=O)N1C[C@H](COc2nc(Nc3cnn(C)c3)nc3[nH]cc(Cl)c23)[C@@H](OC)C1,10.26,train,<rdkit.Chem.rdchem.Mol object at 0x7fdcf48e5690>
COP(=S)(OC)Oc1ccc(S(N)(=O)=O)cc1,10.27,train,<rdkit.Chem.rdchem.Mol object at 0x7fdcf48e5700>
CN1CC[C@]23c4c5ccc(O)c4O[C@H]2[C@@](C)(O)CC[C@H]3[C@H]1C5,10.27,train,<rdkit.Chem.rdchem.Mol object at 0x7fdcf48e5770>
CCN1CCN(Cc2ccc(Nc3ncc(F)c(-c4cc(F)c5nc(C)n(C(C)C)c5c4)n3)nc2)CC1,10.27,train,<rdkit.Chem.rdchem.Mol object at 0x7fdcf48e57e0>
CCC(c1ccc(O)c(C)c1)C(CC)c1ccc(O)c(C)c1,10.28,test,<rdkit.Chem.rdchem.Mol object at 0x7fdcf48e5850>
Cc1ccc(O)c([C@H](CCN(C(C)C)C(C)C)c2ccccc2)c1,10.28,test,<rdkit.Chem.rdchem.Mol object at 0x7fdcf48e58c0>
CC(C)(C)CC(C)(C)c1ccc(O)c(Cc2ccc(Cl)cc2Cl)c1,10.28,train,<rdkit.Chem.rdchem.Mol object at 0x7fdcf48e5930>
OC[C@H]1O[C@@H](O[C@@H]2[C@@H](CO)O[C@](O)(CO)[C@H]2O)[C@H](O)[C@@H](O)[C@H]1O,10.28,train,<rdkit.Chem.rdchem.Mol object at 0x7fdcf48e5a10>
OC[C@H]1O[C@](O)(CO)[C@@H](O)[C@@H]1O,10.28,train,<rdkit.Chem.rdchem.Mol object at 0x7fdcf48e5a80>
CN1CC[C@]2(C)c3cc(O)ccc3C[C@H]1C2(C)CCC(=O)CCC1CCCC1,10.28,train,<rdkit.Chem.rdchem.Mol object at 0x7fdcf48e5af0>
CCCN1CCC[C@@H](c2cccc(O)c2)C1,10.28,train,<rdkit.Chem.rdchem.Mol object at 0x7fdcf48e5b60>
CN(C)C[C@@H]1CCCC[C@H]1c1cccc(O)c1,10.28,train,<rdkit.Chem.rdchem.Mol object at 0x7fdcf48e5bd0>
CCCCCC(=O)CCC1(C)[C@@H]2Cc3ccc(O)cc3[C@@]1(C)CCN2C,10.28,train,<rdkit.Chem.rdchem.Mol object at 0x7fdcf48e5cb0>
CC(C)CCC(=O)CCC1(C)[C@@H]2Cc3ccc(O)cc3[C@@]1(C)CCN2C,10.28,train,<rdkit.Chem.rdchem.Mol object at 0x7fdcf48e5d20>
CCN1CCN(Cc2ccc(Nc3ncc(F)c(-c4ccc5nn(C)c(C(C)C)c5c4)n3)nc2)CC1,10.28,train,<rdkit.Chem.rdchem.Mol object at 0x7fdcf48e5d90>
C[C@]12CCCN1CC1=NNC(=O)c3cc(F)cc4[nH]c2c1c34,10.28,train,<rdkit.Chem.rdchem.Mol object at 0x7fdcf48e5e00>
CC(C)(Sc1cc(C(C)(C)C)c(O)c(C(C)(C)C)c1)Sc1cc(C(C)(C)C)c(O)c(C(C)(C)C)c1,10.29,test,<rdkit.Chem.rdchem.Mol object at 0x7fdcf48e5e70>
COc1cc2c(cc1O)CC[C@@H]1[C@@H]2CC[C@]2(C)[C@@H](O)CC[C@@H]12,10.29,train,<rdkit.Chem.rdchem.Mol object at 0x7fdcf48e5ee0>
CN(C(=O)/C=C/c1ccoc1)[C@@H]1CC[C@@]2(O)[C@H]3Cc4ccc(O)c5c4[C@@]2(CCN3CC2CC2)[C@H]1O5,10.29,train,<rdkit.Chem.rdchem.Mol object at 0x7fdcf48e5f50>
CC(C)[C@@]1(C(=O)N[C@H]2CC(=O)O[C@]2(O)CF)CC(c2nccc3ccccc23)=NO1,10.29,train,<rdkit.Chem.rdchem.Mol object at 0x7fdcf48e5fc0>
O=C1c2ccccc2C(=O)N1[C@@H]1CC[C@@]2(O)C3Cc4ccc(O)c5c4[C@@]2(CCN3CC2CC2)C1O5,10.29,train,<rdkit.Chem.rdchem.Mol object at 0x7fdcf48e6030>
CCS(=O)(=O)[O-].OC1(c2ccc(Cl)cc2)NC=N[n+]2ccc3ccccc3c21,10.3,train,<rdkit.Chem.rdchem.Mol object at 0x7fdcf48e6110>
OC1(c2ccc(Cl)cc2)NC=N[n+]2ccc3ccccc3c21,10.3,train,<rdkit.Chem.rdchem.Mol object at 0x7fdcf48e6180>
C[C@@H](CN1CC[C@@]2(C)c3cccc(O)c3C[C@@H]1C2(C)C)OCc1ccccc1,10.3,train,<rdkit.Chem.rdchem.Mol object at 0x7fdcf48e6260>
NC1=N[C@H](O)[C@H]2[C@H]3O[C@]4(O)O[C@@H]([C@@H](O)[C@@]2(N1)[C@@H]4O)[C@]3(O)CO,10.3,train,<rdkit.Chem.rdchem.Mol object at 0x7fdcf48e62d0>
O=c1cc(NCCCN[C@@H]2CCOc3c(Br)cc(Br)cc32)[nH]c2ccsc12,10.3,train,<rdkit.Chem.rdchem.Mol object at 0x7fdcf48e6340>
CSc1nc2cc(Cl)c(Oc3cccc(Cl)c3Cl)cc2[nH]1,10.31,test,<rdkit.Chem.rdchem.Mol object at 0x7fdcf48e63b0>
C[C@@H]1Cc2cc(O)ccc2[C@H]2CC[C@]3(C)C(=O)CC[C@H]3[C@H]12,10.32,train,<rdkit.Chem.rdchem.Mol object at 0x7fdcf48e6420>
C[C@@]12OC(=O)[C@]1([C@@H](O)[C@@H]1C=CCCC1)NC(=O)[C@@H]2CCCl,10.32,train,<rdkit.Chem.rdchem.Mol object at 0x7fdcf48e6500>
C[C@]12CC[C@@H]3c4ccc(O)cc4CC[C@H]3[C@@H]1C[C@@H](O)[C@@H]2O,10.33,test,<rdkit.Chem.rdchem.Mol object at 0x7fdcf48e6570>
C[C@]12CC[C@@H]3c4ccc(O)cc4CC[C@H]3[C@@H]1CC[C@@H]2O,10.33,test,<rdkit.Chem.rdchem.Mol object at 0x7fdcf48e65e0>
CCCCC(=O)O[C@H]1CC[C@H]2[C@@H]3CCc4cc(O)ccc4[C@H]3CC[C@]12C,10.33,test,<rdkit.Chem.rdchem.Mol object at 0x7fdcf48e6650>
C[C@]12CC[C@@H]3c4ccc(O)cc4CC[C@H]3[C@@H]1[C@@H](O)[C@@H](O)[C@@H]2O,10.33,test,<rdkit.Chem.rdchem.Mol object at 0x7fdcf48e66c0>
C#C[C@]1(O)CC[C@H]2[C@@H]3CCc4cc(O)ccc4[C@H]3CC[C@@]21C,10.33,train,<rdkit.Chem.rdchem.Mol object at 0x7fdcf48e6810>
C[C@]12CC[C@@H]3c4ccc(O)cc4CC[C@H]3[C@@H]1CC[C@@H]2OC(=O)CCC1CCCC1,10.33,train,<rdkit.Chem.rdchem.Mol object at 0x7fdcf48e6880>
CCCCCCC(=O)O[C@H]1CC[C@H]2[C@@H]3CCc4cc(O)ccc4[C@H]3CC[C@]12C,10.33,train,<rdkit.Chem.rdchem.Mol object at 0x7fdcf48e6960>
CN(C)c1ccc(O)cc1,10.33,train,<rdkit.Chem.rdchem.Mol object at 0x7fdcf48e69d0>
C[C@]12CC[C@@H]3c4ccc(O)cc4CC[C@H]3[C@@H]1CC[C@H]2O,10.33,train,<rdkit.Chem.rdchem.Mol object at 0x7fdcf48e6a40>
C[C@]12CC[C@@H]3c4ccc(O)cc4CC[C@H]3[C@@H]1C[C@@H](F)[C@@H]2O,10.33,train,<rdkit.Chem.rdchem.Mol object at 0x7fdcf48e6ab0>
C[C@]12CC[C@@H]3c4ccc(O)cc4CC[C@H]3[C@@H]1C[C@@H]([18F])[C@@H]2O,10.33,train,<rdkit.Chem.rdchem.Mol object at 0x7fdcf48e6b20>
Cc1cnc(NC(=O)Nc2cc(Br)c(C)cc2OC[C@@H]2CNCCO2)cn1,10.33,train,<rdkit.Chem.rdchem.Mol object at 0x7fdcf48e6b90>
CC#C[C@]1(O)CC[C@H]2[C@@H]3CCc4cc(O)ccc4[C@H]3CC[C@@]21C,10.33,train,<rdkit.Chem.rdchem.Mol object at 0x7fdcf48e6c00>
CCN(CC)Cc1ccc(OCC[C@H]2CCC3C4C(CC[C@@]32C)c2ccc(O)cc2C[C@H]4C)c(OC)c1,10.34,test,<rdkit.Chem.rdchem.Mol object at 0x7fdcf48e6c70>
CCC1C(=O)NC(=O)C1(C)c1ccccc1,10.34,train,<rdkit.Chem.rdchem.Mol object at 0x7fdcf48e6d50>
Cc1ccccc1N1CCN(C2CCc3cc(O)ccc3C2)CC1,10.34,train,<rdkit.Chem.rdchem.Mol object at 0x7fdcf48e6dc0>
CCS(=O)(=O)Nc1ccc(Oc2ccc(F)cc2F)c(-c2cn(C)c(=O)c3[nH]ccc23)c1,10.34,train,<rdkit.Chem.rdchem.Mol object at 0x7fdcf48e6ea0>
Oc1ccc2c(c1)C(Cc1c[nH]cn1)CC2,10.35,test,<rdkit.Chem.rdchem.Mol object at 0x7fdcf48e6f10>
COc1cc2ncnc(Nc3ccc(O)cc3)c2cc1OC,10.35,train,<rdkit.Chem.rdchem.Mol object at 0x7fdcf48e6f80>
COC(=O)[C@H](CCCNC(=N)N)NS(=O)(=O)c1ccc(C)cc1,10.35,train,<rdkit.Chem.rdchem.Mol object at 0x7fdcf48e6ff0>
C=C1CC[C@@]2(O)[C@H]3Cc4ccc(O)c5c4[C@@]2(CCN3CC2CC2)[C@H]1O5,10.35,train,<rdkit.Chem.rdchem.Mol object at 0x7fdcf48e7060>
C[N+]1(C)[C@@H]2CC(OC(=O)C(O)(c3cccs3)c3cccs3)C[C@H]1[C@@H]1O[C@@H]12,10.35,train,<rdkit.Chem.rdchem.Mol object at 0x7fdcf48e7140>
CSc1ccc(Oc2ccc(S(N)(=O)=O)cc2CN(C)C)cc1,10.35,train,<rdkit.Chem.rdchem.Mol object at 0x7fdcf48e71b0>
CO[C@]12C=C[C@@]3(C[C@@H]1C(C)(C)O)[C@H]1Cc4ccc(O)c5c4[C@@]3(CCN1CC1CC1)[C@H]2O5,10.35,train,<rdkit.Chem.rdchem.Mol object at 0x7fdcf48e7290>
Fc1cc(F)c2c(c1)C[C@@H](n1c(CCNCc3ccccc3)c[nH]c1=S)CO2,10.35,train,<rdkit.Chem.rdchem.Mol object at 0x7fdcf48e7300>
O=C1CN=C(c2ccccc2)c2c(sc3c2CCCC3)N1,10.36,test,<rdkit.Chem.rdchem.Mol object at 0x7fdcf48e7370>
N/N=c1/cc2c(n[nH]1)CCN(C(=O)c1ccccc1)C2,10.36,train,<rdkit.Chem.rdchem.Mol object at 0x7fdcf48e73e0>
C[C@H](N)Cc1cccc(O)c1,10.36,train,<rdkit.Chem.rdchem.Mol object at 0x7fdcf48e74c0>
C=CCN1CC[C@]23CCCC[C@H]2[C@H]1Cc1ccc(O)cc13,10.36,train,<rdkit.Chem.rdchem.Mol object at 0x7fdcf48e7530>
Cc1nc(Nc2n[nH]c3c2CN(C(=O)N[C@H](CN(C)C)c2ccccc2)C3(C)C)c2sccc2n1,10.36,train,<rdkit.Chem.rdchem.Mol object at 0x7fdcf48e75a0>
CC(C)=CCN1CCC2(C)c3cc(O)ccc3CC1C2(C)C,10.38,test,<rdkit.Chem.rdchem.Mol object at 0x7fdcf48e76f0>
CC(C)(C)c1cc(/C=C2\SC(=N)NC2=O)cc(C(C)(C)C)c1O,10.38,train,<rdkit.Chem.rdchem.Mol object at 0x7fdcf48e7760>
COC(=O)N1CCN(Cc2cccc(NC(=O)Nc3ccc(C)nc3)c2F)CC1,10.38,train,<rdkit.Chem.rdchem.Mol object at 0x7fdcf48e77d0>
CNC(=O)c1ccc(N2CCN(Cc3ccc4nc(C)c(=O)[nH]c4c3F)CC2)c(F)n1,10.38,train,<rdkit.Chem.rdchem.Mol object at 0x7fdcf48e7840>
CCCCCc1ccc(C)cc1O,10.39,train,<rdkit.Chem.rdchem.Mol object at 0x7fdcf48e78b0>
Oc1ccc2c3c1O[C@H]1[C@@H](O)CC[C@@]4(O)[C@@H](C2)N(CC2CCC2)CC[C@]314,10.39,train,<rdkit.Chem.rdchem.Mol object at 0x7fdcf48e7920>
NCCc1ccc(O)cc1,10.41,train,<rdkit.Chem.rdchem.Mol object at 0x7fdcf48e7a70>
O=C1N=C2SCCN2C(=O)C1Cc1ccc(Cl)cc1,10.41,train,<rdkit.Chem.rdchem.Mol object at 0x7fdcf48e7bc0>
Cc1ccc(Nc2nccc(N(C)c3ccc4c(C)n(C)nc4c3)n2)cc1S(N)(=O)=O,10.41,train,<rdkit.Chem.rdchem.Mol object at 0x7fdcf48e7d80>
C=CC(=O)N[C@@H]1CN(c2nc(Nc3cn(C)nc3OC)c3ncn(C)c3n2)C[C@H]1F,10.41,train,<rdkit.Chem.rdchem.Mol object at 0x7fdcf48e7df0>
Cc1cc(C(=O)NNCc2ccccc2)no1,10.42,train,<rdkit.Chem.rdchem.Mol object at 0x7fdcf48e7e60>
CC(C)=CCN1CCC2(C)c3cc(O)ccc3CC1C2C,10.42,train,<rdkit.Chem.rdchem.Mol object at 0x7fdcf48e7ed0>
Cc1ccc(C(C)C)cc1O,10.42,train,<rdkit.Chem.rdchem.Mol object at 0x7fdcf48e7f40>
CO[C@]12CC[C@@]3(C[C@@H]1C(C)(C)O)[C@H]1Cc4ccc(O)c5c4[C@@]3(CCN1CC1CC1)[C@H]2O5,10.42,train,<rdkit.Chem.rdchem.Mol object at 0x7fdcf48e80b0>
CO[C@@]12CC[C@@]3(C[C@@H]1[C@](C)(O)C(C)(C)C)[C@H]1Cc4ccc(O)c5c4[C@@]3(CCN1CC1CC1)[C@H]2O5,10.42,train,<rdkit.Chem.rdchem.Mol object at 0x7fdcf48e8200>
CC(C)=CCN1CCC2(C)c3cc(O)ccc3CC1C2C.CC(O)C(=O)O,10.42,train,<rdkit.Chem.rdchem.Mol object at 0x7fdcf48e8270>
C[C@@H]1CCCN1CCCOc1ccc(-c2ccc(=O)[nH]n2)cc1,10.43,train,<rdkit.Chem.rdchem.Mol object at 0x7fdcf48e83c0>
COC(=O)N/N=C/c1c[n+]([O-])c2ccccc2[n+]1[O-],10.43,train,<rdkit.Chem.rdchem.Mol object at 0x7fdcf48e8430>
CN1CC(=O)NC1=N,10.45,train,<rdkit.Chem.rdchem.Mol object at 0x7fdcf48e8510>
CN1CC[C@]23CCCC[C@H]2[C@H]1Cc1ccc(O)cc13,10.46,test,<rdkit.Chem.rdchem.Mol object at 0x7fdcf48e8580>
Cc1cc2cc(Oc3ccnc(Nc4cccc(CS(=O)(=O)NCCN(C)C)c4)n3)ccc2[nH]1,10.46,test,<rdkit.Chem.rdchem.Mol object at 0x7fdcf48e85f0>
CN1CCC23CCCCC2C1Cc1ccc(O)cc13,10.46,train,<rdkit.Chem.rdchem.Mol object at 0x7fdcf48e8660>
Cn1nnc2c(C(N)=O)ncn2c1=O,10.46,train,<rdkit.Chem.rdchem.Mol object at 0x7fdcf48e86d0>
Cc1nc(NCCCCCCc2ccccc2)nc(C)c1O,10.46,train,<rdkit.Chem.rdchem.Mol object at 0x7fdcf48e87b0>
NC(=O)c1ncn2c(=O)n(CCCl)nnc12,10.46,train,<rdkit.Chem.rdchem.Mol object at 0x7fdcf48e8820>
CNC(=S)C1(c2ccccn2)CCCS1,10.46,train,<rdkit.Chem.rdchem.Mol object at 0x7fdcf48e8890>
CNC(=S)C1(c2cccc(C)n2)CCCS1,10.46,train,<rdkit.Chem.rdchem.Mol object at 0x7fdcf48e8900>
CN1CC[C@@]23CCCC[C@@H]2[C@@H]1Cc1ccc(O)cc13,10.46,train,<rdkit.Chem.rdchem.Mol object at 0x7fdcf48e8970>
CC(C)N(C)[C@@H]1CC[C@H](N2CC[C@H](Nc3ncnc4ccc(C(F)(F)F)cc34)C2=O)[C@H](NS(C)(=O)=O)C1,10.46,train,<rdkit.Chem.rdchem.Mol object at 0x7fdcf48e8a50>
CCC12CCN(CC3(O)CC3)C(Cc3ccc(O)cc31)C2(C)C,10.47,train,<rdkit.Chem.rdchem.Mol object at 0x7fdcf48e8ac0>
Cc1c(O)cc2c(c1C)O[C@](C)(CCC[C@H](C)CCC[C@H](C)CCCC(C)C)CC2,10.47,train,<rdkit.Chem.rdchem.Mol object at 0x7fdcf48e8b30>
Oc1ccc2c3c1O[C@H]1[C@@H](O)C=C[C@H]4[C@@H](C2)NCC[C@@]341,10.47,train,<rdkit.Chem.rdchem.Mol object at 0x7fdcf48e8ba0>
CCNC(=O)c1cc2c(-c3cc(C(C)(C)O)ccc3Oc3c(C)cc(F)cc3C)cn(C)c(=O)c2[nH]1,10.48,test,<rdkit.Chem.rdchem.Mol object at 0x7fdcf48e8c80>
CNC(=O)NC(O)C(Cl)(Cl)Cl,10.48,train,<rdkit.Chem.rdchem.Mol object at 0x7fdcf48e8cf0>
CCC1(CC)COC(=O)NC1=O,10.49,test,<rdkit.Chem.rdchem.Mol object at 0x7fdcf48e8d60>
CC1(C)C(C=C(Cl)Cl)C1C(=O)OC(C#N)c1ccc(F)c(Oc2ccccc2)c1,10.49,train,<rdkit.Chem.rdchem.Mol object at 0x7fdcf48e8eb0>
O=C1NC(=O)/C(=C\c2ccccc2)C2=C1CCCC2,10.49,train,<rdkit.Chem.rdchem.Mol object at 0x7fdcf48e8f20>
COc1ccc(NC(=O)Nc2ccc(F)cc2F)cc1-c1c(Br)cnn1C,10.49,train,<rdkit.Chem.rdchem.Mol object at 0x7fdcf48e8f90>
C=CCN1CCC[C@H]1CNC(=O)c1cc(S(=O)(=O)NC)c(N)cc1OC,10.49,train,<rdkit.Chem.rdchem.Mol object at 0x7fdcf48e9000>
CCOC(=O)NP(=O)(N1CC1(C)C)N1CC1(C)C,10.5,train,<rdkit.Chem.rdchem.Mol object at 0x7fdcf48e9070>
Cn1c(=O)c(F)c(Nc2ccc(I)cc2F)c2c(=O)n(C[C@@H](O)CO)cnc21,10.5,train,<rdkit.Chem.rdchem.Mol object at 0x7fdcf48e90e0>
C[C@@H]1CNS(=O)(=O)N(c2ccc3c(C#N)nccc3c2)C1,10.51,train,<rdkit.Chem.rdchem.Mol object at 0x7fdcf48e9150>
C=C1C(=O)[C@]23C(O)[C@H]1CC[C@H]2[C@@]12CO[C@]3(O)[C@@H](O)[C@@H]1C(C)(C)CC[C@@H]2O,10.51,train,<rdkit.Chem.rdchem.Mol object at 0x7fdcf48e91c0>
CNC(=O)c1cc(Oc2ccc(NC(=O)Nc3ccc(Cl)c(C(F)(F)F)c3)c(F)c2)ccn1,10.52,test,<rdkit.Chem.rdchem.Mol object at 0x7fdcf48e9230>
CC[C@]12CCCN3CCc4c(n(c5ccccc45)[C@@](O)(C(=O)OC)C1)[C@@H]32,10.52,train,<rdkit.Chem.rdchem.Mol object at 0x7fdcf48e92a0>
O=C(NP(=O)(N1CC1)N1CC1)OCc1ccccc1,10.52,train,<rdkit.Chem.rdchem.Mol object at 0x7fdcf48e9310>
Cc1nc(NC(=N)NS(=O)(=O)c2ccc(N)cc2)oc1C,10.52,train,<rdkit.Chem.rdchem.Mol object at 0x7fdcf48e9380>
CC[C@]12CCCN3CCc4c(n(c5cc(Br)ccc45)[C@@](O)(C(=O)OC)C1)[C@@H]32,10.52,train,<rdkit.Chem.rdchem.Mol object at 0x7fdcf48e93f0>
CN(C[C@@H]1COCCO1)S(=O)(=O)Nc1ccc2ccc3ncc(-c4cnn(C)c4)cc3c(=O)c2c1,10.52,train,<rdkit.Chem.rdchem.Mol object at 0x7fdcf48e9460>
N=C(N)NS(=O)(=O)c1ccc(N)cc1,10.53,train,<rdkit.Chem.rdchem.Mol object at 0x7fdcf48e94d0>
O=S1(=O)CCN(CN2CCS(=O)(=O)NC2)CN1,10.53,train,<rdkit.Chem.rdchem.Mol object at 0x7fdcf48e95b0>
CCOC(C)C(=O)C(O)O,10.54,train,<rdkit.Chem.rdchem.Mol object at 0x7fdcf48e9620>
CC(=O)Nc1ccc(OC(=O)[C@@H]2CCC(=O)N2)cc1,10.54,train,<rdkit.Chem.rdchem.Mol object at 0x7fdcf48e9690>
CC(C)(C)NCC(O)COc1ccc(O)c2c1C1CCC2CC1,10.54,train,<rdkit.Chem.rdchem.Mol object at 0x7fdcf48e9700>
CCn1ccc(NS(=O)(=O)c2ccc(N)cc2)nc1=O,10.55,train,<rdkit.Chem.rdchem.Mol object at 0x7fdcf48e97e0>
NS(=O)(=O)c1ccc(N2CCCCS2(=O)=O)cc1,10.55,train,<rdkit.Chem.rdchem.Mol object at 0x7fdcf48e9850>
Cc1ccc2oc(N[C@@H](CC3CCCCC3)c3ccccn3)nc2c1,10.55,train,<rdkit.Chem.rdchem.Mol object at 0x7fdcf48e98c0>
Cc1nnc(-c2cc(C(=O)N3CCC(c4ccc(C#N)cc4)CC3)c(C)cc2C2CCC2)[nH]1,10.55,train,<rdkit.Chem.rdchem.Mol object at 0x7fdcf48e9930>
Cc1c(NC(=O)c2cccnc2)c(=O)n(-c2ccccc2)n1C,10.56,train,<rdkit.Chem.rdchem.Mol object at 0x7fdcf48e99a0>
CC(C)NC(=O)c1no[n+]([O-])c1C(=O)NC(C)C,10.56,train,<rdkit.Chem.rdchem.Mol object at 0x7fdcf48e9a10>
COc1ccc(Br)cc1NC(=O)Nc1cccc2c1ccn2Cc1ccnc(N)c1,10.56,train,<rdkit.Chem.rdchem.Mol object at 0x7fdcf48e9a80>
COc1ccc(-n2c(C)c[nH]c2=O)cc1,10.58,train,<rdkit.Chem.rdchem.Mol object at 0x7fdcf48e9af0>
C[C@@H]1CN(c2ccc(F)cc2C(F)(F)F)CCN1S(=O)(=O)c1cccc([C@@](C)(O)C(F)(F)F)c1,10.58,train,<rdkit.Chem.rdchem.Mol object at 0x7fdcf48e9b60>
CCNCCc1ccc(CN(CC)c2cc(OC)ccc2[C@@H]2CCc3cc(O)ccc3C2)cc1,10.58,train,<rdkit.Chem.rdchem.Mol object at 0x7fdcf48e9bd0>
Fc1cc(-c2cccc(-c3nc[nH]n3)c2)cc(F)c1CNC1Cc2ccccc2C1,10.58,train,<rdkit.Chem.rdchem.Mol object at 0x7fdcf48e9c40>
Cc1ccc(C(C)C)c(O)c1,10.59,train,<rdkit.Chem.rdchem.Mol object at 0x7fdcf48e9cb0>
Cc1c(C(=O)NCCO)[n+]([O-])c2ccccc2[n+]1[O-],10.59,train,<rdkit.Chem.rdchem.Mol object at 0x7fdcf48e9d20>
CS(=O)(=O)Nc1ccc(OC[C@@H](O)CNCCOc2ccc(-n3ccnc3)cc2)cc1,10.59,train,<rdkit.Chem.rdchem.Mol object at 0x7fdcf48e9d90>
COc1c(O)c(C)c(CCCCCCCCCC[P+](c2ccccc2)(c2ccccc2)c2ccccc2)c(O)c1OC,10.59,train,<rdkit.Chem.rdchem.Mol object at 0x7fdcf48e9e00>
Cc1ccc(-c2cc(C(F)(F)F)nn2-c2ccc(S(N)(=O)=O)cc2)cc1,10.6,train,<rdkit.Chem.rdchem.Mol object at 0x7fdcf48e9ee0>
N#CNc1nncs1,10.6,train,<rdkit.Chem.rdchem.Mol object at 0x7fdcf48e9f50>
CCOC(=O)C[C@H](NC(=O)CN1C(=O)N[C@@](C)(c2ccc(C(=N)N)cc2)C1=O)c1ccccc1,10.6,train,<rdkit.Chem.rdchem.Mol object at 0x7fdcf48e9fc0>
Cc1c(C(=O)NCCC#N)[n+]([O-])c2ccccc2[n+]1[O-],10.6,train,<rdkit.Chem.rdchem.Mol object at 0x7fdcf48ea030>
NS(=O)(=O)c1ccc(-n2nc(C(F)(F)F)cc2-c2ccc(F)cc2)cc1,10.6,train,<rdkit.Chem.rdchem.Mol object at 0x7fdcf48ea110>
O=C1Nc2ccc(Cl)cc2C(c2ccccc2Cl)=NC1O,10.61,train,<rdkit.Chem.rdchem.Mol object at 0x7fdcf48ea180>
O=C1Nc2ccc(Cl)cc2C(c2ccccc2)=NC1O,10.61,train,<rdkit.Chem.rdchem.Mol object at 0x7fdcf48ea1f0>
COc1ccc(C2(c3ccc(OC)cc3)NC(=O)N(CCN3CCCCC3)C2=O)cc1,10.61,train,<rdkit.Chem.rdchem.Mol object at 0x7fdcf48ea260>
COc1cc(OC)cc(N2CCN(C(=O)Nc3nc4cc(F)ccc4nc3OC)CC2)c1,10.61,train,<rdkit.Chem.rdchem.Mol object at 0x7fdcf48ea2d0>
CC(=O)Oc1ccccc1C(=O)Nc1ncc([N+](=O)[O-])s1,10.62,train,<rdkit.Chem.rdchem.Mol object at 0x7fdcf48ea340>
Cc1cc(OC[P@@]2(=O)OCC[C@@H](c3cccc(Cl)c3)O2)cc(C)c1Cc1ccc(O)c(C(C)C)c1,10.62,train,<rdkit.Chem.rdchem.Mol object at 0x7fdcf48ea3b0>
Cc1ccccc1C(=O)NP(N)(N)=O,10.63,test,<rdkit.Chem.rdchem.Mol object at 0x7fdcf48ea420>
CCC(Br)(CC)C(=O)NC(=O)NC(C)=O,10.63,train,<rdkit.Chem.rdchem.Mol object at 0x7fdcf48ea490>
C[C@@H]1CO[C@@](O)(c2cc(F)cc(F)c2)[C@H](C)N1,10.63,train,<rdkit.Chem.rdchem.Mol object at 0x7fdcf48ea500>
O=C1Nc2ccc(Cl)nc2C(c2ccccc2Cl)=NC1O,10.63,train,<rdkit.Chem.rdchem.Mol object at 0x7fdcf48ea570>
CNC(=O)Nc1c(OCCN2CCCCC2)c(OC)c2occc2c1OC,10.63,train,<rdkit.Chem.rdchem.Mol object at 0x7fdcf48ea5e0>
CNC(=O)Nc1c(OCCN2CCCC2)c(OC)c2occc2c1OC,10.63,train,<rdkit.Chem.rdchem.Mol object at 0x7fdcf48ea650>
CC(C)C(C(=O)OC(C#N)c1cccc(Oc2ccccc2)c1)c1ccc(Cl)cc1,10.64,train,<rdkit.Chem.rdchem.Mol object at 0x7fdcf48ea6c0>
COc1cc(C(=O)Nc2nc(=O)n([C@@H]3O[C@H](C)[C@@H](O)[C@H]3O)cc2F)cc(OC)c1OC,10.64,train,<rdkit.Chem.rdchem.Mol object at 0x7fdcf48ea730>
CC1(C)C(C=C(Cl)Cl)C1C(=O)OC(C#N)c1cccc(Oc2ccccc2)c1,10.65,train,<rdkit.Chem.rdchem.Mol object at 0x7fdcf48ea810>
CC1(C)[C@H](C(=O)O[C@H](C#N)c2cccc(Oc3ccccc3)c2)[C@@H]1C=C(Br)Br,10.65,train,<rdkit.Chem.rdchem.Mol object at 0x7fdcf48ea880>
NP(N)(=O)NC(=O)c1ccc(F)cc1,10.65,train,<rdkit.Chem.rdchem.Mol object at 0x7fdcf48ea8f0>
CC1(C)C(C(=O)OC(C#N)c2cccc(Oc3ccccc3)c2)C12C=Cc1ccccc12,10.65,train,<rdkit.Chem.rdchem.Mol object at 0x7fdcf48ea960>
CC1(C)C(/C=C(\Cl)C(F)(F)F)C1C(=O)OC(C#N)c1cccc(Oc2ccccc2)c1,10.65,train,<rdkit.Chem.rdchem.Mol object at 0x7fdcf48ea9d0>
NS(=O)(=O)Oc1ccc2c3c(c(=O)oc2c1)CCCCC3,10.65,train,<rdkit.Chem.rdchem.Mol object at 0x7fdcf48eaa40>
COc1cc(F)ccc1-c1c(C)sc2cnc(Nc3cnn(C4CCNCC4)c3)nc12,10.65,train,<rdkit.Chem.rdchem.Mol object at 0x7fdcf48eaab0>
CNC(=O)c1c(I)c(NC(=O)[C@H](O)[C@@H](O)[C@H](O)[C@H](O)CO)c(I)c(NC(=O)[C@H](O)[C@@H](O)[C@H](O)[C@H](O)CO)c1I,10.66,train,<rdkit.Chem.rdchem.Mol object at 0x7fdcf48eab90>
CC(C)N1CCOc2c(F)cc(-c3nc(Nc4ccc(C5CCN(C)CC5)cn4)ncc3F)cc21,10.66,train,<rdkit.Chem.rdchem.Mol object at 0x7fdcf48eac70>
Cc1cc(C)c(C2CCCCC2)c(O)c1,10.67,test,<rdkit.Chem.rdchem.Mol object at 0x7fdcf48eace0>
COc1ccc(-c2nc(C(F)(F)F)[nH]c2-c2ccc(OC)cc2)cc1,10.67,train,<rdkit.Chem.rdchem.Mol object at 0x7fdcf48ead50>
O=C1C(O)N=C(c2ccccc2F)c2cc(Cl)ccc2N1CCO,10.67,train,<rdkit.Chem.rdchem.Mol object at 0x7fdcf48eadc0>
O=C(NC(=O)c1ccccc1)NC1CCN(Cc2ccc3ccccc3c2)CC1,10.67,train,<rdkit.Chem.rdchem.Mol object at 0x7fdcf48eae30>
CN1C(=O)C(O)N=C(c2ccccc2)c2cc(Cl)ccc21,10.68,train,<rdkit.Chem.rdchem.Mol object at 0x7fdcf48eaea0>
CN1C(=O)C(O)N=C(c2ccccc2Cl)c2cc(Cl)ccc21,10.68,train,<rdkit.Chem.rdchem.Mol object at 0x7fdcf48eaf10>
N#CCCN1C(=O)C(O)N=C(c2ccccc2F)c2cc(Cl)ccc21,10.68,train,<rdkit.Chem.rdchem.Mol object at 0x7fdcf48eaff0>
Cc1c(C)c2c(c(C)c1O)CC[C@@](C)(C(=O)N[C@@H]1CCCNC1)O2,10.68,train,<rdkit.Chem.rdchem.Mol object at 0x7fdcf48eb060>
CC[N+](C)(CC)CCOC(=O)C(O)(c1ccccc1)c1cccs1,10.69,test,<rdkit.Chem.rdchem.Mol object at 0x7fdcf48eb0d0>
O=C(N[C@@H]1CC[C@@H](c2cccc(F)c2F)CN(CC(F)(F)F)C1=O)N1CCC(n2c(=O)[nH]c3ncccc32)CC1,10.69,test,<rdkit.Chem.rdchem.Mol object at 0x7fdcf48eb140>
C[N+]1(C)CCC(OC(=O)C(O)(c2ccccc2)c2cccs2)C1,10.69,train,<rdkit.Chem.rdchem.Mol object at 0x7fdcf48eb1b0>
COc1ccc(-c2c(Cl)ncn2-c2ccc(S(N)(=O)=O)cc2)cc1F,10.69,train,<rdkit.Chem.rdchem.Mol object at 0x7fdcf48eb220>
Cn1cc(Nc2nccc(-c3ccc4c(c3)CN(C3COC3)CC[C@H]4NC(=O)c3cn(C(C)(C)C)nn3)n2)cn1,10.69,train,<rdkit.Chem.rdchem.Mol object at 0x7fdcf48eb290>
N[C@@H]1c2cccnc2[C@H](OC(=O)N2CCC(n3c(=O)[nH]c4ncccc43)CC2)CC[C@H]1c1cccc(F)c1F,10.7,test,<rdkit.Chem.rdchem.Mol object at 0x7fdcf48eb300>
CNP(=O)(OC)Oc1ccc(C(C)(C)C)cc1Cl,10.7,train,<rdkit.Chem.rdchem.Mol object at 0x7fdcf48eb370>
Nc1c(NC(=O)C(F)(F)C(F)F)cc(C(F)(F)F)cc1[N+](=O)[O-],10.7,train,<rdkit.Chem.rdchem.Mol object at 0x7fdcf48eb3e0>
CC(C)n1c(=O)cc(N[C@@H](C)c2ccccc2)[nH]c1=O,10.7,train,<rdkit.Chem.rdchem.Mol object at 0x7fdcf48eb450>
O=C(c1ccc(Oc2ccccc2)cc1Cl)c1c[nH]c2ncnc(N[C@@H]3CC[C@@H](CO)OC3)c12,10.7,train,<rdkit.Chem.rdchem.Mol object at 0x7fdcf48eb4c0>
Oc1ccc(CCNCCCCCCNCCc2ccccc2)cc1O,10.71,train,<rdkit.Chem.rdchem.Mol object at 0x7fdcf48eb530>
CCSCc1ccc2c(c1)c1c3c(c4c5cc(CSCC)ccc5n5c4c1n2[C@H]1C[C@](O)(C(=O)OC)[C@]5(C)O1)CNC3=O,10.71,train,<rdkit.Chem.rdchem.Mol object at 0x7fdcf48eb5a0>
CC#CC(=O)N1CC[C@@H](n2cc(-c3ccc(Oc4c(F)cccc4F)cc3)c3c(N)n[nH]c(=O)c32)C1,10.71,train,<rdkit.Chem.rdchem.Mol object at 0x7fdcf48eb680>
CCOc1cc([C@@H](CS(C)(=O)=O)N2C(=O)c3csc(NC(C)=O)c3C2=O)ccc1OC,10.71,train,<rdkit.Chem.rdchem.Mol object at 0x7fdcf48eb6f0>
CN1CCc2nc(C(=O)N[C@@H]3C[C@@H](C(=O)N(C)C)CC[C@@H]3NC(=O)C(=O)Nc3ccc(Cl)cn3)sc2C1,10.74,train,<rdkit.Chem.rdchem.Mol object at 0x7fdcf48eb920>
N=C1N(O)[C@@H](COC(N)=O)[C@@H]2N=C(N)N[C@]23N1CCC3(O)O,10.74,train,<rdkit.Chem.rdchem.Mol object at 0x7fdcf48eb990>
CC(C)(C)c1cc(CC2SCNC2=O)cc(C(C)(C)C)c1O,10.75,test,<rdkit.Chem.rdchem.Mol object at 0x7fdcf48eba00>
COc1ccc(C2(c3ccccc3)NC(=O)N(CCCN3CCC(c4ccccc4)CC3)C2=O)cc1,10.75,train,<rdkit.Chem.rdchem.Mol object at 0x7fdcf48eba70>
CCCCCCOc1cc(C)c(O)c(C)c1C,10.75,train,<rdkit.Chem.rdchem.Mol object at 0x7fdcf48ebae0>
C[C@@H]1NC(C)(C)CO[C@@]1(O)c1cccc(Cl)c1,10.75,train,<rdkit.Chem.rdchem.Mol object at 0x7fdcf48ebbc0>
CCOc1ccc(-c2cc(C)cn2-c2ccc(S(N)(=O)=O)cc2)cc1,10.75,train,<rdkit.Chem.rdchem.Mol object at 0x7fdcf48ebc30>
CCOC(=O)c1cnc2cc(OCC(C)C)c(OCC(C)C)cc2c1O,10.76,train,<rdkit.Chem.rdchem.Mol object at 0x7fdcf48ebd10>
CCCCCCCCCCOc1cc2c(O)c(C(=O)OCC)cnc2cc1OCC,10.76,train,<rdkit.Chem.rdchem.Mol object at 0x7fdcf48ebd80>
CCOC(=O)c1cnc2cc(OCC3CC3)c(OCC3CC3)cc2c1O,10.76,train,<rdkit.Chem.rdchem.Mol object at 0x7fdcf48ebdf0>
CCN(CC)S(=O)(=O)N[C@H]1C[C@@H]2c3cccc4[nH]cc(c34)C[C@H]2N(C)C1,10.76,train,<rdkit.Chem.rdchem.Mol object at 0x7fdcf48ebe60>
CCc1c(C(=O)NN2CCCCC2)nn(-c2ccc(Cl)cc2Cl)c1-c1ccc(Br)cc1,10.77,train,<rdkit.Chem.rdchem.Mol object at 0x7fdcf48ebed0>
Cc1cccc(-c2[nH]c(CNc3ccccc3F)nc2-c2ccc3ncnn3c2)n1,10.77,train,<rdkit.Chem.rdchem.Mol object at 0x7fdcf48ebf40>
CC(=O)NNC(=O)CC(O)(c1ccccc1)c1ccccc1,10.78,train,<rdkit.Chem.rdchem.Mol object at 0x7fdcf48ec040>
COc1cc2c(cc1OC)C1C/C(=N\O)C3CCCCC3N1CC2,10.78,train,<rdkit.Chem.rdchem.Mol object at 0x7fdcf48ec0b0>
O=C(NCC1CCOCC1)c1cnc(Nc2ccc(Cl)cc2Cl)nc1C(F)(F)F,10.78,train,<rdkit.Chem.rdchem.Mol object at 0x7fdcf48ec120>
CC[C@@H](C)C(=O)O[C@H]1[C@H](O)[C@H]2[C@@H](CN3C[C@@H](C)CC[C@H]3[C@@]2(C)O)[C@@H]2C[C@]34O[C@]5(O)[C@@H](OC(=O)[C@@](C)(O)CC)CC[C@@]3(C)[C@@H]5[C@@H](OC(C)=O)[C@@H](OC(C)=O)[C@H]4[C@@]21O,10.79,train,<rdkit.Chem.rdchem.Mol object at 0x7fdcf48ec190>
Cc1c(C(=O)NN2CCCCC2)nn(-c2ccc(Cl)cc2Cl)c1-c1ccc(Cl)cc1,10.8,test,<rdkit.Chem.rdchem.Mol object at 0x7fdcf48ec200>
CN[C@@H]1C[C@H]2O[C@@](C)([C@@H]1OC)n1c3ccccc3c3c4c(c5c6ccccc6n2c5c31)C(=O)N[C@H]4O,10.8,test,<rdkit.Chem.rdchem.Mol object at 0x7fdcf48ec270>
Cc1c(C)c2c(c(C)c1O)CCC(C)(C)O2,10.8,train,<rdkit.Chem.rdchem.Mol object at 0x7fdcf48ec2e0>
O=C(NC1CCNCC1)c1n[nH]cc1NC(=O)c1c(Cl)cccc1Cl,10.8,train,<rdkit.Chem.rdchem.Mol object at 0x7fdcf48ec3c0>
CCOC(=O)NC(O)C(Cl)(Cl)Cl,10.81,train,<rdkit.Chem.rdchem.Mol object at 0x7fdcf48ec4a0>
COc1cc(NS(C)(=O)=O)ccc1Nc1c2ccccc2nc2ccccc12,10.82,test,<rdkit.Chem.rdchem.Mol object at 0x7fdcf48ec510>
CNC(=O)c1cccc2c(Nc3ccc(NS(C)(=O)=O)cc3OC)c3cccc(C)c3nc12,10.82,train,<rdkit.Chem.rdchem.Mol object at 0x7fdcf48ec580>
O=C1N(C(O)C(Cl)(Cl)Cl)CNC1(c1ccccc1)c1ccccc1,10.82,train,<rdkit.Chem.rdchem.Mol object at 0x7fdcf48ec5f0>
CO/N=C(\C(=O)N[C@@H]1C(=O)N2C(C(=O)OCOC(=O)C(C)(C)C)=C(/C=C\c3scnc3C)CS[C@H]12)c1csc(N)n1,10.82,train,<rdkit.Chem.rdchem.Mol object at 0x7fdcf48ec660>
CN=C(N)NC(=O)Nc1c(C)cccc1C,10.83,train,<rdkit.Chem.rdchem.Mol object at 0x7fdcf48ec6d0>
O=C1Cc2cc(Cl)c(C3CCCCC3)cc2O1,10.83,train,<rdkit.Chem.rdchem.Mol object at 0x7fdcf48ec740>
CC(C)[C@H]1NC(=O)[C@H]2CSSCC/C=C/[C@H](CC(=O)N[C@H](C)C(=O)N2)OC(=O)C[C@@H]1O,10.84,train,<rdkit.Chem.rdchem.Mol object at 0x7fdcf48ec7b0>
Cc1cc(Nc2cc(N)ncn2)c(=O)n2c1C(=O)NC21CCCCC1,10.84,train,<rdkit.Chem.rdchem.Mol object at 0x7fdcf48ec820>
CC[C@]1(O)C[C@H]2CN(CCc3c([nH]c4ccccc34)[C@@](C(=O)OC)(c3cc4c(cc3OC)N(C=O)[C@H]3[C@@](O)(C(=O)OC)[C@H](OC(C)=O)[C@]5(CC)C=CCN6CC[C@]43[C@@H]65)C2)C1,10.85,train,<rdkit.Chem.rdchem.Mol object at 0x7fdcf48ec890>
COC(=O)c1c(C)[nH]c2c(OC(=O)N3CCN(C)CC3)cc3c(c12)[C@H](CBr)CN3C(=O)c1cc2cc(OC)c(OC)c(OC)c2[nH]1,10.85,train,<rdkit.Chem.rdchem.Mol object at 0x7fdcf48ec900>
CC(C)=CCOc1cc(NC(=S)c2ccoc2C)ccc1Cl,10.85,train,<rdkit.Chem.rdchem.Mol object at 0x7fdcf48ec970>
CC[C@]1(O)C[C@@H]2CN(CCc3c([nH]c4ccccc34)[C@@](C(=O)OC)(c3cc4c(cc3OC)N(C=O)[C@H]3[C@@](O)(C(=O)OC)[C@H](OC(C)=O)[C@]5(CC)C=CCN6CC[C@]43[C@@H]65)C2)C1,10.85,train,<rdkit.Chem.rdchem.Mol object at 0x7fdcf48ec9e0>
CC[C@H]1C[C@@H]2CN(CCc3c([nH]c4ccccc34)[C@@](C(=O)OC)(c3cc4c(cc3OC)N(C=O)[C@H]3[C@@](O)(C(=O)OC)[C@H](OC(C)=O)[C@]5(CC)C=CCN6CC[C@]43[C@@H]65)C2)C1,10.85,train,<rdkit.Chem.rdchem.Mol object at 0x7fdcf48eca50>
CC(C)(C(=O)NCC(F)(F)C(F)(F)F)C(=O)N[C@@H]1C(=O)Nc2ccccc2-c2ccccc21,10.85,train,<rdkit.Chem.rdchem.Mol object at 0x7fdcf48ecac0>
CC[C@]12CN3CCc4c([nH]c5ccccc45)[C@@](C(=O)OC)(c4cc5c(cc4OC)N(C=O)[C@H]4[C@@](O)(C(=O)OC)[C@H](OC(C)=O)[C@]6(CC)C=CCN7CC[C@]54[C@@H]76)C[C@@H](C3)[C@H]1O2,10.85,train,<rdkit.Chem.rdchem.Mol object at 0x7fdcf48ecb30>
NC(=O)C(=O)N/N=C/c1ccc([N+](=O)[O-])o1,10.86,train,<rdkit.Chem.rdchem.Mol object at 0x7fdcf48ecc10>
CC(C)OCc1ccc2c(c1)c1c3c(c4c(c1n2CCCO)Cc1ccccc1-4)C(=O)NC3,10.86,train,<rdkit.Chem.rdchem.Mol object at 0x7fdcf48ecc80>
Cc1cc(O)c(C2CC3CCC2(C)C3(C)C)cc1C,10.86,train,<rdkit.Chem.rdchem.Mol object at 0x7fdcf48eccf0>
Cc1ccc2c(NC[C@](O)(CC(C)(C)c3cc(F)cc4c3OCC4)C(F)(F)F)cccc2n1,10.86,train,<rdkit.Chem.rdchem.Mol object at 0x7fdcf48ecd60>
CC[C@]1(O)C[C@@H]2CN(CCc3c([nH]c4ccccc34)[C@@](C(=O)OC)(c3cc4c(cc3OC)N(C)[C@H]3[C@@](O)(C(=O)OC)[C@H](OC(C)=O)[C@]5(CC)C=CCN6CC[C@]43[C@@H]65)C2)C1,10.87,test,<rdkit.Chem.rdchem.Mol object at 0x7fdcf48ecdd0>
CC[C@]12CN3CCc4c([nH]c5ccccc45)[C@@](C(=O)OC)(c4cc5c(cc4OC)N(C)[C@H]4[C@@](O)(C(=O)OC)[C@H](OC(C)=O)[C@]6(CC)C=CCN7CC[C@]54[C@@H]76)C[C@@H](C3)[C@H]1O2,10.87,test,<rdkit.Chem.rdchem.Mol object at 0x7fdcf48ece40>
CC[C@]1(O)C[C@@H]2CN(CCc3c([nH]c4ccccc34)[C@@](C(=O)OC)(c3cc4c(cc3OC)N(C)[C@H]3[C@@](O)(C(=O)OC)[C@H](OC(=O)CN(C)C)[C@]5(CC)C=CCN6CC[C@]43[C@@H]65)C2)C1,10.87,test,<rdkit.Chem.rdchem.Mol object at 0x7fdcf48eceb0>
Cc1cccc(C)c1NC(=O)/N=C1\CCCN1C,10.87,train,<rdkit.Chem.rdchem.Mol object at 0x7fdcf48ecf20>
CCC1=C[C@@H]2CN(C1)Cc1c([nH]c3ccccc13)[C@@](C(=O)OC)(c1cc3c(cc1OC)N(C)[C@H]1[C@@](O)(C(=O)OC)[C@H](OC(C)=O)[C@]4(CC)C=CCN5CC[C@]31[C@@H]54)C2,10.87,train,<rdkit.Chem.rdchem.Mol object at 0x7fdcf48ed000>
CC[C@]12C=CCN3CC[C@@]4(c5cc([C@@]6(C(=O)OC)C[C@@H]7C[C@@H](C(C)(F)F)CN(Cc8c6[nH]c6ccccc86)C7)c(OC)cc5N(C)[C@H]4[C@@](O)(C(=O)OC)[C@@H]1OC(C)=O)[C@@H]32,10.87,train,<rdkit.Chem.rdchem.Mol object at 0x7fdcf48ed070>
CC[C@@H]1CN2CCc3c([nH]c4ccccc34)[C@@](C(=O)OC)(c3cc4c(cc3OC)N(C)[C@H]3[C@@](O)(C(=O)OC)[C@H](OC(C)=O)[C@]5(CC)C=CCN6CC[C@]43[C@@H]65)C[C@@H](C2)C1O,10.87,train,<rdkit.Chem.rdchem.Mol object at 0x7fdcf48ed0e0>
CC[C@H](C)[C@@H]1C(=O)N[C@H](C2Cc3ccccc3C2)C(=O)N1[C@@H](C(=O)N1CCOCC1)c1coc(C)n1,10.88,test,<rdkit.Chem.rdchem.Mol object at 0x7fdcf48ed150>
CCCCCCCN(CCCCCSc1nc(-c2ccccc2)c(-c2ccccc2)[nH]1)C(=O)Nc1ccc(F)cc1F,10.88,train,<rdkit.Chem.rdchem.Mol object at 0x7fdcf48ed1c0>
COc1ccc([C@H](C)Cn2cc[nH]c2=O)cc1OCC1CC1,10.89,test,<rdkit.Chem.rdchem.Mol object at 0x7fdcf48ed230>
CNC(=O)c1c(I)c(NC(=O)[C@H](O)[C@@H](O)[C@H](O)[C@H](O)CO)c(I)c(N(CCO)C(C)=O)c1I,10.89,train,<rdkit.Chem.rdchem.Mol object at 0x7fdcf48ed2a0>
CC[C@](C)(O)C(=O)O[C@H]1C(=O)O[C@@H]2C[C@H]3C(C)=C[C@H](O)[C@@H](O)[C@]3(C)[C@H]3[C@]4(O)OC[C@]32[C@@H]1[C@@H](C)[C@H]4O,10.89,train,<rdkit.Chem.rdchem.Mol object at 0x7fdcf48ed310>
CN(NC(=O)CC(=O)NN(C)C(=S)c1ccccc1)C(=S)c1ccccc1,10.9,train,<rdkit.Chem.rdchem.Mol object at 0x7fdcf48ed380>
COc1cc(Nc2ncc(F)c(Nc3ccc4c(n3)NC(=O)C(C)(C)O4)n2)cc(OC)c1OC,10.9,train,<rdkit.Chem.rdchem.Mol object at 0x7fdcf48ed3f0>
CC(=O)N(C)c1c(I)c(NC(=O)[C@H](O)[C@@H](O)[C@H](O)[C@H](O)CO)c(I)c(C(=O)NCCO)c1I,10.9,train,<rdkit.Chem.rdchem.Mol object at 0x7fdcf48ed460>
CC(=O)N1CCc2c(C(=O)N3CCC(c4ccc(F)c(F)c4C(F)(F)F)CC3)n[nH]c2C1,10.9,train,<rdkit.Chem.rdchem.Mol object at 0x7fdcf48ed4d0>
Cc1cc(C(C)(C)C)c(O)c(C)c1CC1=NCCN1,10.91,train,<rdkit.Chem.rdchem.Mol object at 0x7fdcf48ed5b0>
Cn1c(=O)[nH]c2ncn(C)c2c1=O,10.91,train,<rdkit.Chem.rdchem.Mol object at 0x7fdcf48ed620>
CCC(Br)(CC)C(=O)NC(N)=O,10.91,train,<rdkit.Chem.rdchem.Mol object at 0x7fdcf48ed690>
CC(=O)Oc1c(Br)cc(Cl)cc1C(=S)Nc1ccc(Br)cc1,10.91,train,<rdkit.Chem.rdchem.Mol object at 0x7fdcf48ed700>
C[C@@H]1CC[C@H]([C@@H](O)C(F)(F)F)N1c1ccc2[nH]c(=O)cc(C(F)(F)F)c2c1,10.91,train,<rdkit.Chem.rdchem.Mol object at 0x7fdcf48ed770>
Cn1cc(Nc2nccc(N3C[C@H]4CC[C@@H](C3)N4C(=O)[C@@H]3CC3(F)F)n2)cn1,10.91,train,<rdkit.Chem.rdchem.Mol object at 0x7fdcf48ed7e0>
CO/N=C(\C(=O)N[C@@H]1C(=O)N2C(C(=O)OC(C)OC(C)=O)=C(COC(N)=O)CS[C@H]12)c1ccco1,10.92,train,<rdkit.Chem.rdchem.Mol object at 0x7fdcf48ed850>
CO/N=C(/C(=O)N[C@@H]1C(=O)N2C(C(=O)OC(C)OC(=O)C(C)(C)OC)=C(COC(N)=O)CS[C@H]12)c1ccco1,10.92,train,<rdkit.Chem.rdchem.Mol object at 0x7fdcf48ed8c0>
CCCc1cc2c(O)c(C(=O)OC)cnc2cc1N(CC)CC,10.93,train,<rdkit.Chem.rdchem.Mol object at 0x7fdcf48ed930>
CO/N=C(\C(=O)N[C@@H]1C(=O)N(OCC(=O)OCC(=O)OC(C)(C)C)[C@H]1C)c1csc(N)n1,10.94,test,<rdkit.Chem.rdchem.Mol object at 0x7fdcf48eda10>
CCOC(=O)NC1=C(N2CC2)C(=O)C(NC(=O)OCC)=C(N2CC2)C1=O,10.94,train,<rdkit.Chem.rdchem.Mol object at 0x7fdcf48eda80>
NS(=O)(=O)c1ccc(N2CCN(CC[C@@H]3OCCc4ccccc43)CC2)cc1,10.94,train,<rdkit.Chem.rdchem.Mol object at 0x7fdcf48edaf0>
O=C(Nc1cnn2ccc(N3CCC[C@@H]3c3cc(F)ccc3F)nc12)N1CC[C@H](O)C1,10.94,train,<rdkit.Chem.rdchem.Mol object at 0x7fdcf48edb60>
CCn1c(C(=O)N(C2CC2)C2CC2)cc2c3c(ncn3C)c(Nc3cc(C)n(C)n3)nc21,10.94,train,<rdkit.Chem.rdchem.Mol object at 0x7fdcf48edbd0>
CC(C)C(Br)C(=O)NC(N)=O,10.95,train,<rdkit.Chem.rdchem.Mol object at 0x7fdcf48edc40>
COC(=O)[C@@H](N)CCCNC(=N)N[N+](=O)[O-],10.95,train,<rdkit.Chem.rdchem.Mol object at 0x7fdcf48edcb0>
C[C@H](NC(=O)c1c(N)nn2cccnc12)c1cc2cccc(C#Cc3cnn(C)c3)c2c(=O)n1-c1ccccc1,10.95,train,<rdkit.Chem.rdchem.Mol object at 0x7fdcf48ede00>
COc1cc([S+](C)[O-])ccc1-c1nc2ncccc2[nH]1,10.96,train,<rdkit.Chem.rdchem.Mol object at 0x7fdcf48ede70>
N/C(CN(Cc1ccccc1)c1ccccc1)=N\O,10.96,train,<rdkit.Chem.rdchem.Mol object at 0x7fdcf48edee0>
Ic1[nH]c(I)c(I)c1I,10.96,train,<rdkit.Chem.rdchem.Mol object at 0x7fdcf48edf50>
NS(=O)(=O)c1ccc(NCc2ccccc2)cc1,10.96,train,<rdkit.Chem.rdchem.Mol object at 0x7fdcf48edfc0>
CN1C2CC(OC(=O)C(O)(CO)c3ccccc3)CC1C1OC12,10.96,train,<rdkit.Chem.rdchem.Mol object at 0x7fdcf48ee030>
CC1(C)CN(C(=O)c2ccc(-c3cccc4nc(NC(=O)C5CC5)nn34)cc2)C1,10.96,train,<rdkit.Chem.rdchem.Mol object at 0x7fdcf48ee0a0>
O=C(Nc1cccnn1)N1CCC(=Cc2cccc(Oc3ccc(C(F)(F)F)cn3)c2)CC1,10.98,test,<rdkit.Chem.rdchem.Mol object at 0x7fdcf48ee180>
CC(C)c1cccc(C(C)C)c1O,10.98,train,<rdkit.Chem.rdchem.Mol object at 0x7fdcf48ee1f0>
CN1CC(=O)NC(=O)N1c1cc(Cl)c(Oc2ccc(S(C)(=O)=O)cc2)c(Cl)c1,10.98,train,<rdkit.Chem.rdchem.Mol object at 0x7fdcf48ee260>
NC(=O)c1cc(N2CC2)c([N+](=O)[O-])cc1[N+](=O)[O-],10.98,train,<rdkit.Chem.rdchem.Mol object at 0x7fdcf48ee2d0>
Nc1ccc(S(N)(=O)=O)cc1,10.99,train,<rdkit.Chem.rdchem.Mol object at 0x7fdcf48ee340>
N#Cc1ccc(NC(=O)NC(=N)N)cc1Cl,10.99,train,<rdkit.Chem.rdchem.Mol object at 0x7fdcf48ee3b0>
Cc1cc(C#N)cc(C)c1Oc1nc(Nc2ccc(C#N)cc2)nc(N)c1Br,10.99,train,<rdkit.Chem.rdchem.Mol object at 0x7fdcf48ee420>
Nc1nc2c(ncn2[C@H]2C[C@H](O)[C@@H](CO)O2)c(=S)[nH]1,10.99,train,<rdkit.Chem.rdchem.Mol object at 0x7fdcf48ee500>
COCC1=C(C(=O)OC(C)OC(=O)OC(C)C)N2C(=O)[C@@H](NC(=O)/C(=N\OC)c3csc(N)n3)[C@H]2SC1,10.99,train,<rdkit.Chem.rdchem.Mol object at 0x7fdcf48ee570>
C[C@H](O)C(=O)Nc1c(I)c(C(=O)NC(CO)CO)c(I)c(C(=O)NC(CO)CO)c1I,11.0,train,<rdkit.Chem.rdchem.Mol object at 0x7fdcf48ee5e0>
O=C1N[C@H](O)CCN1[C@@H]1O[C@H](CO)[C@@H](O)C1(F)F,11.0,train,<rdkit.Chem.rdchem.Mol object at 0x7fdcf48ee650>
Nc1cc(-c2ccncc2)c[nH]c1=O,11.01,train,<rdkit.Chem.rdchem.Mol object at 0x7fdcf48ee6c0>
C[C@H](O)c1nc(Cn2nc(-c3ccc(Cl)cc3)n(C[C@H](O)C(F)(F)F)c2=O)nn1-c1cccc(Cl)c1,11.01,train,<rdkit.Chem.rdchem.Mol object at 0x7fdcf48ee7a0>
C[C@H]1CNC(=O)Nc2cnn3ccc(nc23)N2C[C@@H](F)C[C@@H]2c2cc(F)cnc2O1,11.01,train,<rdkit.Chem.rdchem.Mol object at 0x7fdcf48ee810>
OC[C@H]1O[C@H](O)[C@H](F)[C@@H](O)[C@@H]1O,11.02,train,<rdkit.Chem.rdchem.Mol object at 0x7fdcf48ee880>
OC[C@H]1O[C@H](O)[C@H]([18F])[C@@H](O)[C@@H]1O,11.02,train,<rdkit.Chem.rdchem.Mol object at 0x7fdcf48ee8f0>
CC(=N/NC(=S)NCCN1CCCCC1)/C(C)=N/NC(=S)NCCN1CCCCC1,11.02,train,<rdkit.Chem.rdchem.Mol object at 0x7fdcf48ee960>
COC(=O)N[C@H](C(=O)N1CCC[C@H]1c1ncc(-c2ccc(-c3ccc(-c4ccc5nc([C@@H]6CCCN6C(=O)[C@@H](NC(=O)OC)C(C)C)[nH]c5c4)c4c3[C@@H]3CC[C@H]4C3)cc2)[nH]1)C(C)C,11.03,train,<rdkit.Chem.rdchem.Mol object at 0x7fdcf48ee9d0>
COc1nc(C(=O)NC[C@](C)(O)C(F)(F)F)c(N)cc1C(F)(F)F,11.04,train,<rdkit.Chem.rdchem.Mol object at 0x7fdcf48eea40>
Cn1c(=O)c2c(ncn2CC(=O)Nc2ccc(-c3ccccc3)nn2)n(C)c1=O,11.04,train,<rdkit.Chem.rdchem.Mol object at 0x7fdcf48eeab0>
C[N+]12CCC(CC1)C(OC(=O)C(O)(c1ccccc1)c1ccccc1)C2,11.05,test,<rdkit.Chem.rdchem.Mol object at 0x7fdcf48eeb20>
C[N+]1(C)CCCC(OC(=O)C(O)(c2ccccc2)c2ccccc2)C1,11.05,test,<rdkit.Chem.rdchem.Mol object at 0x7fdcf48eeb90>
CCN(CC)CCOC(=O)C(O)(c1ccccc1)c1ccccc1,11.05,test,<rdkit.Chem.rdchem.Mol object at 0x7fdcf48eec00>
C[N+](C)(C)CCOC(=O)C(O)(c1ccccc1)c1ccccc1,11.05,test,<rdkit.Chem.rdchem.Mol object at 0x7fdcf48eec70>
CN(C)CC(C)(C)OC(=O)C(O)(c1ccccc1)c1ccccc1,11.05,test,<rdkit.Chem.rdchem.Mol object at 0x7fdcf48eece0>
CC[N+](C)(CC)CCOC(=O)C(O)(c1ccccc1)c1ccccc1,11.05,train,<rdkit.Chem.rdchem.Mol object at 0x7fdcf48eed50>
CC[N+]1(C)CCCC(OC(=O)C(O)(c2ccccc2)c2ccccc2)C1,11.05,train,<rdkit.Chem.rdchem.Mol object at 0x7fdcf48eedc0>
COS(=O)(=O)[O-].C[N+]1(C)CCCC1COC(=O)C(O)(c1ccccc1)c1ccccc1,11.05,train,<rdkit.Chem.rdchem.Mol object at 0x7fdcf48eee30>
C[N+]1(C)CCCC1COC(=O)C(O)(c1ccccc1)c1ccccc1,11.05,train,<rdkit.Chem.rdchem.Mol object at 0x7fdcf48eeea0>
CC[N+](C)(C)CCOC(=O)C(O)(c1ccccc1)c1ccccc1,11.05,train,<rdkit.Chem.rdchem.Mol object at 0x7fdcf48eef10>
O=C(OCCN1CCCCC1)C(O)(c1ccccc1)c1ccccc1,11.05,train,<rdkit.Chem.rdchem.Mol object at 0x7fdcf48eef80>
COS(=O)(=O)[O-].C[N+]1(C)CCCCC1COC(=O)C(O)(c1ccccc1)c1ccccc1,11.05,train,<rdkit.Chem.rdchem.Mol object at 0x7fdcf48eeff0>
C[N+]1(C)CCCCC1COC(=O)C(O)(c1ccccc1)c1ccccc1,11.05,train,<rdkit.Chem.rdchem.Mol object at 0x7fdcf48ef060>
CC[N+]1(CC)CCC(OC(=O)C(O)(c2ccccc2)c2ccccc2)C1,11.05,train,<rdkit.Chem.rdchem.Mol object at 0x7fdcf48ef0d0>
C[N+]1(CCOC(=O)C(O)(c2ccccc2)c2ccccc2)CCCC1,11.05,train,<rdkit.Chem.rdchem.Mol object at 0x7fdcf48ef1b0>
C[N+]1(C)CCC(OC(=O)C(O)(c2ccccc2)c2ccccc2)C1,11.05,train,<rdkit.Chem.rdchem.Mol object at 0x7fdcf48ef220>
CC1CCC(C)[N+]1(C)CCOC(=O)C(O)(c1ccccc1)c1ccccc1,11.05,train,<rdkit.Chem.rdchem.Mol object at 0x7fdcf48ef290>
CN(C(=O)CCCOc1ccc2c(c1)CN1CC(=O)NC1=N2)C1CCCCC1,11.05,train,<rdkit.Chem.rdchem.Mol object at 0x7fdcf48ef370>
CN(C(=O)CO/N=C(\c1ccccc1)c1ccc2c(c1)CN1CC(=O)NC1=N2)C1CCCCC1,11.05,train,<rdkit.Chem.rdchem.Mol object at 0x7fdcf48ef3e0>
C[N+]1(CCCF)C2CCC1CC(OC(=O)C(O)(c1ccccc1)c1ccccc1)C2,11.05,train,<rdkit.Chem.rdchem.Mol object at 0x7fdcf48ef450>
CN1CCC(COC(=O)C(O)(c2ccccc2)c2ccccc2)C1,11.06,train,<rdkit.Chem.rdchem.Mol object at 0x7fdcf48ef530>
c1cc(-c2nc3cc(-c4ccc5[nH]c(-c6ccncc6)nc5c4)ccc3[nH]2)ccn1,11.07,test,<rdkit.Chem.rdchem.Mol object at 0x7fdcf48ef5a0>
CN1C[C@@H](NS(=O)(=O)N(C)C)C[C@@H]2c3cccc4[nH]cc(c34)C[C@H]21,11.08,train,<rdkit.Chem.rdchem.Mol object at 0x7fdcf48ef610>
CC(=O)Nc1cccc(N2CCN(CCCCNS(=O)(=O)CC3CCCCC3)CC2)c1,11.08,train,<rdkit.Chem.rdchem.Mol object at 0x7fdcf48ef6f0>
Cc1ccc(C(=O)Nc2ccc(CN3CCN(C)CC3)c(C(F)(F)F)c2)cc1C#Cc1cnc2[nH]ncc2c1,11.08,train,<rdkit.Chem.rdchem.Mol object at 0x7fdcf48ef760>
CCCCCCNC(=O)NC(=N)NCCCN1CCN(CCCNC(=N)NC(=O)NCCCCCC)CC1,11.09,test,<rdkit.Chem.rdchem.Mol object at 0x7fdcf48ef7d0>
COCC(=O)Nc1c(I)c(C(=O)NCC(O)CO)c(I)c(C(=O)N(C)CC(O)CO)c1I,11.09,train,<rdkit.Chem.rdchem.Mol object at 0x7fdcf48ef840>
CCC1(c2ccccc2)NC(=O)N(C)C1=O,11.09,train,<rdkit.Chem.rdchem.Mol object at 0x7fdcf48ef8b0>
CC1(C)O[C@@H]2[C@@H](CO[C@@]3(COS(N)(=O)=O)OC(C)(C)O[C@@H]23)O1,11.09,train,<rdkit.Chem.rdchem.Mol object at 0x7fdcf48ef920>
CCN(CC)CCNC(=O)c1c(C)[nH]c(/C=C2\C(=O)Nc3ccc(-c4csc(-c5ccccc5)n4)cc32)c1C,11.09,train,<rdkit.Chem.rdchem.Mol object at 0x7fdcf48ef990>
CNC(=O)c1nnc(NC(=O)C2CC2)cc1Nc1cccc(-c2ncn(C)n2)c1OC,11.09,train,<rdkit.Chem.rdchem.Mol object at 0x7fdcf48efa00>
CNC(=O)c1cn(C[C@H](F)CCc2ccc(NC(=O)Cc3cc(OC4CC(F)(F)C4)cc(C)n3)nn2)nn1,11.1,test,<rdkit.Chem.rdchem.Mol object at 0x7fdcf48efa70>
C/C=C1\[C@H]2C=C(C)C[C@@]1(N)c1ccc(=O)[nH]c1C2,11.11,train,<rdkit.Chem.rdchem.Mol object at 0x7fdcf48efae0>
CC(C)OCc1ccc2c(c1)c1c3c(c4c(c1n2CCCOC(=O)CN(C)C)Cc1ccccc1-4)C(=O)NC3,11.11,train,<rdkit.Chem.rdchem.Mol object at 0x7fdcf48efb50>
CCS(=O)(=O)c1cc2cc(C[C@](O)(CC(C)(C)c3ccc(F)cc3C(N)=O)C(F)(F)F)[nH]c2cn1,11.12,test,<rdkit.Chem.rdchem.Mol object at 0x7fdcf48efc30>
CN(CC[N+]1(C)CCCC1)C(=O)C(O)(c1ccccc1)c1cccs1,11.12,train,<rdkit.Chem.rdchem.Mol object at 0x7fdcf48efd10>
CCCCC(=N)NC(=O)Nc1ccc(Cl)cc1.CCCCCCCCCCCCOS(=O)(=O)O,11.12,train,<rdkit.Chem.rdchem.Mol object at 0x7fdcf48efd80>
CCCC(CCC)C(=O)Nc1ccn([C@@H]2O[C@H](CO)[C@@H](O)C2(F)F)c(=O)n1,11.12,train,<rdkit.Chem.rdchem.Mol object at 0x7fdcf48efdf0>
O=C1O[C@@H]2[C@@H](O)[C@H](O)O[C@@H]2C1O,11.14,train,<rdkit.Chem.rdchem.Mol object at 0x7fdcf48efe60>
CCCCCCCCCCCCCCCC(=O)Nc1ccn([C@@H]2O[C@H](CO)[C@@H](O)[C@@H]2C#N)c(=O)n1,11.14,train,<rdkit.Chem.rdchem.Mol object at 0x7fdcf48efed0>
C[C@@H]1CN[C@@H](C2CC2)C(=O)N(C)[C@H](C)C(=O)N[C@H](Cc2ccc(F)cc2)C(=O)NCCCc2ccccc2O1,11.14,train,<rdkit.Chem.rdchem.Mol object at 0x7fdcf48eff40>
COCC(=O)Nc1cc(COc2ccc(NC(=O)Nc3cc(C(C)(C)C)nn3-c3ccc(C)cc3)c3ccccc23)ccn1,11.14,train,<rdkit.Chem.rdchem.Mol object at 0x7fdcf48f0040>
Cc1ncc([N+](=O)[O-])n1CCNS(N)(=O)=O,11.14,train,<rdkit.Chem.rdchem.Mol object at 0x7fdcf48f00b0>
Cc1nnc(SCC2=C(C(=O)OCc3oc(=O)oc3C)N3C(=O)[C@@H](NC(=O)[C@H](OC(=O)[C@@H](C)N)c4ccccc4)[C@H]3SC2)s1,11.14,train,<rdkit.Chem.rdchem.Mol object at 0x7fdcf48f0120>
COc1cc(C)[nH]c(=O)c1CN1CCc2c(Cl)cc([C@H](OC)C3COC3)c(Cl)c2C1=O,11.14,train,<rdkit.Chem.rdchem.Mol object at 0x7fdcf48f0190>
CCCCCCCCCCCCCCCCCCCCCC(=O)Nc1ccn([C@@H]2O[C@H](CO)[C@@H](O)[C@@H]2O)c(=O)n1,11.15,train,<rdkit.Chem.rdchem.Mol object at 0x7fdcf48f0200>
COC(=O)N[C@H](C(=O)N1CCC[C@H]1c1ncc(-c2ccc(-c3ccc(-c4cnc([C@@H]5CCCN5C(=O)[C@@H](NC(=O)OC)C(C)C)[nH]4)cc3)cc2)[nH]1)C(C)C,11.15,train,<rdkit.Chem.rdchem.Mol object at 0x7fdcf48f0270>
CC(C)CC(=O)Nc1n[nH]c2c1CN(C(=O)C1CCN(C)CC1)C2(C)C,11.15,train,<rdkit.Chem.rdchem.Mol object at 0x7fdcf48f0350>
Cc1cc(C2=NO[C@@](c3cc(Cl)c(Cl)c(Cl)c3)(C(F)(F)F)C2)sc1C(=O)NCC(=O)NCC(F)(F)F,11.15,train,<rdkit.Chem.rdchem.Mol object at 0x7fdcf48f0430>
COc1cc(C)[nH]c(=O)c1CNC(=O)c1c(C)n([C@H](C)C2CCN(CC(F)(F)F)CC2)c2ccccc12,11.15,train,<rdkit.Chem.rdchem.Mol object at 0x7fdcf48f04a0>
COc1cc(N2CCN(C(=O)Cn3nc(-c4ncc[nH]4)c4cccnc43)CC2)ccc1Cl,11.15,train,<rdkit.Chem.rdchem.Mol object at 0x7fdcf48f0510>
COC(=O)N[C@H](C(=O)N1CCC[C@H]1c1nc2cc(-c3csc4c(-c5ccc(-c6c[nH]c([C@@H]7CCCN7C(=O)[C@H](NC(=O)OC)c7ccccc7)n6)cc5)csc34)ccc2[nH]1)C(C)C,11.17,test,<rdkit.Chem.rdchem.Mol object at 0x7fdcf48f0660>
COc1ccc(-c2nc3cc(C4=NNC(=O)CC4C)ccc3[nH]2)cc1,11.17,train,<rdkit.Chem.rdchem.Mol object at 0x7fdcf48f06d0>
CCN1C(=O)NC(c2ccccc2)C1=O,11.18,train,<rdkit.Chem.rdchem.Mol object at 0x7fdcf48f07b0>
CC[N+](C)(CC)CCOC(=O)C(O)(c1cccs1)C1CCCC1,11.18,train,<rdkit.Chem.rdchem.Mol object at 0x7fdcf48f0820>
N/C(CC(O)COc1cccc2ccccc12)=N/O,11.18,train,<rdkit.Chem.rdchem.Mol object at 0x7fdcf48f0890>
CN1CC(CCOC(=O)C(O)(c2ccccc2)c2ccccc2)C2CCCCC21,11.18,train,<rdkit.Chem.rdchem.Mol object at 0x7fdcf48f0900>
CC1(C)C(=O)Nc2cc3[nH]c(-c4ccncc4)nc3cc21,11.19,train,<rdkit.Chem.rdchem.Mol object at 0x7fdcf48f09e0>
CS(=O)(=O)c1ccc([C@@H](C[C@H]2CCC(=O)C2)C(=O)Nc2cnccn2)cc1Cl,11.19,train,<rdkit.Chem.rdchem.Mol object at 0x7fdcf48f0a50>
CC[C@H](C)[C@@H]1C(=O)N[C@H](C2Cc3ccccc3C2)C(=O)N1[C@@H](C(=O)N1CCOCC1)c1ccc(C)nc1C.O=S(=O)(O)c1ccccc1,11.19,train,<rdkit.Chem.rdchem.Mol object at 0x7fdcf48f0b30>
CC(=O)Oc1ccc(C2(c3ccc(OC(C)=O)cc3)Oc3ccccc3NC2=O)cc1,11.2,train,<rdkit.Chem.rdchem.Mol object at 0x7fdcf48f0ba0>
CC(CN1CC(=O)NC(=O)C1)N1CC(=O)NC(=O)C1,11.2,train,<rdkit.Chem.rdchem.Mol object at 0x7fdcf48f0c10>
C[C@@H](CN1CC(=O)NC(=O)C1)N1CC(=O)NC(=O)C1,11.2,train,<rdkit.Chem.rdchem.Mol object at 0x7fdcf48f0c80>
CCCCCC1(CCCCC)Cc2c(cc(C(C)(C)C)c(O)c2C(C)(C)C)O1,11.21,train,<rdkit.Chem.rdchem.Mol object at 0x7fdcf48f0d60>
Cc1ncc(NC(=O)c2ccc(CN3CCN(C)CC3)c(C(F)(F)F)c2)cc1Nc1nccc(-c2cccnc2)n1,11.21,train,<rdkit.Chem.rdchem.Mol object at 0x7fdcf48f0dd0>
C#C[C@@]1(O)[C@@H](CO)O[C@H](n2ccc(N)nc2=O)[C@@H]1O,11.21,train,<rdkit.Chem.rdchem.Mol object at 0x7fdcf48f0e40>
O=C(Nc1ccncc1)C(=O)c1cn(Cc2ccc(Cl)cc2)c2ccccc12,11.22,train,<rdkit.Chem.rdchem.Mol object at 0x7fdcf48f0eb0>
COc1cc(NC(=O)Nc2cccc(CNC(=O)O[C@H]3CCOC3)c2)ccc1-c1cnco1,11.22,train,<rdkit.Chem.rdchem.Mol object at 0x7fdcf48f0f20>
CC[C@H](CC#N)OC(=O)N[C@@H](C)c1cccc(NC(=O)Nc2ccc(-c3cnco3)c(OC)c2)c1,11.22,train,<rdkit.Chem.rdchem.Mol object at 0x7fdcf48f1000>
Nc1nc2c(Cc3cccnc3)c[nH]c2c(=O)[nH]1,11.22,train,<rdkit.Chem.rdchem.Mol object at 0x7fdcf48f1070>
CN[C@@H]1[C@H](O[C@H]2[C@H](O[C@H]3[C@H](O)[C@@H](O)[C@H](NC(=N)N)[C@@H](O)[C@@H]3NC(=N)N)O[C@@H](C)[C@]2(O)C=O)O[C@@H](CO)[C@H](O)[C@H]1O,11.23,train,<rdkit.Chem.rdchem.Mol object at 0x7fdcf48f10e0>
CCn1nc(C)c2c1C(c1ccccc1)=NCC(=O)N2,11.23,train,<rdkit.Chem.rdchem.Mol object at 0x7fdcf48f1150>
O=C(Nc1ccccc1F)N[C@H]1N=C(c2ccccc2)c2ccccc2NC1=O,11.23,train,<rdkit.Chem.rdchem.Mol object at 0x7fdcf48f11c0>
CCOC(=O)[C@@H](NC(=O)[C@@]1(O)[C@H](O)[C@]2(CC)C=CCN3CC[C@@]4(c5cc([C@@]6(C(=O)OC)C[C@H]7CN(CCc8c6[nH]c6ccccc86)C[C@](O)(CC)C7)c(OC)cc5N(C)[C@@H]14)[C@@H]32)[C@@H](C)CC,11.23,train,<rdkit.Chem.rdchem.Mol object at 0x7fdcf48f1230>
Cc1ccc2nc(N)[nH]c(=O)c2c1Sc1ccncc1,11.23,train,<rdkit.Chem.rdchem.Mol object at 0x7fdcf48f12a0>
CNS(=O)(=O)Cc1ccc2[nH]cc(CCN(C)C)c2c1,11.24,test,<rdkit.Chem.rdchem.Mol object at 0x7fdcf48f1310>
CN1CCC(Nc2nc(Nc3ccc(Oc4ccccc4)cc3)c3c(=O)[nH]cc(Br)c3n2)CC1,11.24,test,<rdkit.Chem.rdchem.Mol object at 0x7fdcf48f1380>
C[S+]([O-])CC(=O)c1ccccn1,11.24,train,<rdkit.Chem.rdchem.Mol object at 0x7fdcf48f13f0>
CNS(=O)(=O)Cc1ccc2[nH]cc(CCN(C)C)c2c1.O=C(O)CCC(=O)O,11.24,train,<rdkit.Chem.rdchem.Mol object at 0x7fdcf48f1460>
CNS(=O)(=O)Cc1ccc2[nH]cc(CCCN3CCN(c4ncncc4OC)CC3)c2c1,11.24,train,<rdkit.Chem.rdchem.Mol object at 0x7fdcf48f14d0>
Cc1ncccc1NC(=O)c1ccc2c(c1)CC[C@@H]1C[C@@](O)(C(F)(F)F)CC[C@@]21Cc1ccccc1,11.24,train,<rdkit.Chem.rdchem.Mol object at 0x7fdcf48f1540>
OC[C@H]1O[C@@H](O[C@H]2[C@H](O)[C@@H](O)[C@H](O)O[C@@H]2CO)[C@H](O)[C@@H](O)[C@H]1O,11.25,train,<rdkit.Chem.rdchem.Mol object at 0x7fdcf48f15b0>
OC[C@H]1O[C@H](O[C@H]2[C@H](O)[C@@H](O)[C@H](O)O[C@@H]2CO)[C@H](O)[C@@H](O)[C@@H]1O,11.25,train,<rdkit.Chem.rdchem.Mol object at 0x7fdcf48f1620>
CS(=O)(=O)Oc1ccc2c(NC(N)=O)c(C(=O)c3ccc(Cl)cc3Cl)oc2c1,11.25,train,<rdkit.Chem.rdchem.Mol object at 0x7fdcf48f1690>
O=C1CN2Cc3c(ccc(Cl)c3Cl)N=C2N1,11.25,train,<rdkit.Chem.rdchem.Mol object at 0x7fdcf48f1700>
CC(=O)OCC(=O)Nc1cc(C#N)cc(NC(=O)COC(C)=O)c1Cl,11.26,train,<rdkit.Chem.rdchem.Mol object at 0x7fdcf48f1770>
O=C1CSC2(CCN(CCCN3c4ccccc4Sc4ccc(Cl)cc43)CC2)N1,11.28,train,<rdkit.Chem.rdchem.Mol object at 0x7fdcf48f18c0>
Clc1ccc(/C(Cn2ccnc2)=N/Nc2c(Cl)cccc2Cl)s1,11.28,train,<rdkit.Chem.rdchem.Mol object at 0x7fdcf48f19a0>
O=C(Nc1cnc(-c2ccncc2F)c(-c2cccnc2)n1)C1CC1,11.28,train,<rdkit.Chem.rdchem.Mol object at 0x7fdcf48f1a10>
Cc1cc(C(=O)Nc2cc(Oc3ccc4nc(NC(=O)C5CC5)cn4n3)ccc2C)n(C)n1,11.28,train,<rdkit.Chem.rdchem.Mol object at 0x7fdcf48f1a80>
CS(=O)(=O)NCCN1C(=O)NC[C@]12CCN1CCc3c(oc4ccccc34)[C@@H]1C2,11.29,train,<rdkit.Chem.rdchem.Mol object at 0x7fdcf48f1af0>
NC(=O)[C@H]1O[C@@H](O)[C@H](O)[C@@H](O)[C@@H]1O,11.29,train,<rdkit.Chem.rdchem.Mol object at 0x7fdcf48f1b60>
Cc1cc(C)c(/C=C2\C(=O)Nc3ccccc32)[nH]1,11.29,train,<rdkit.Chem.rdchem.Mol object at 0x7fdcf48f1bd0>
N#Cc1ccc(Cn2ccc(NC(=O)Cc3ccc(C4(C(F)(F)F)CC4)cc3)n2)nc1,11.3,test,<rdkit.Chem.rdchem.Mol object at 0x7fdcf48f1c40>
OC[C@H]1OC(O)[C@H](O)[C@@H](O)[C@@H]1O,11.3,train,<rdkit.Chem.rdchem.Mol object at 0x7fdcf48f1cb0>
C[C@@H]1OC(O)[C@@H](O)[C@H](O)[C@@H]1O,11.3,train,<rdkit.Chem.rdchem.Mol object at 0x7fdcf48f1d90>
OC1O[C@H](CN(CCCl)CCCl)[C@H](O)[C@H](O)[C@H]1O,11.3,train,<rdkit.Chem.rdchem.Mol object at 0x7fdcf48f1e70>
COC(=O)N1CCC(CN2CCC(CNC(=O)c3cccc4[nH]c(C(C)C)nc34)CC2)CC1,11.3,train,<rdkit.Chem.rdchem.Mol object at 0x7fdcf48f1fc0>
Cc1noc(C)c1-c1cc(C(O)(c2ccccn2)c2ccccn2)c2nc(C3CC3)[nH]c2c1,11.3,train,<rdkit.Chem.rdchem.Mol object at 0x7fdcf48f2030>
OC1OC[C@@H](O)[C@H](O)[C@H]1O,11.31,train,<rdkit.Chem.rdchem.Mol object at 0x7fdcf48f20a0>
O[C@@H]1[C@@H](O)[C@@H](O)CO[C@H]1O,11.31,train,<rdkit.Chem.rdchem.Mol object at 0x7fdcf48f2110>
O[C@@H]1[C@H](O)[C@H](O)CO[C@H]1O,11.31,train,<rdkit.Chem.rdchem.Mol object at 0x7fdcf48f2180>
Cc1ccc(-n2nc(C(C)(C)C)cc2NC(=O)Nc2ccc(OCCN3CCOCC3)c3ccccc23)cc1,11.32,train,<rdkit.Chem.rdchem.Mol object at 0x7fdcf48f2260>
CC(C)N1CCN(Cc2cnc(-c3cc(-c4cccc5[nH]ccc45)cc4[nH]ncc34)o2)CC1,11.32,train,<rdkit.Chem.rdchem.Mol object at 0x7fdcf48f23b0>
O=C(Nc1cc(Oc2cc(F)c(NC(=O)C3(C(=O)Nc4ccc(F)cc4)CC3)cc2F)ccn1)C1CC1,11.33,test,<rdkit.Chem.rdchem.Mol object at 0x7fdcf48f2420>
COC[C@H]1CN(c2ccc(OCC[C@@H](O)C(F)(F)F)cc2)C(=O)O1,11.33,train,<rdkit.Chem.rdchem.Mol object at 0x7fdcf48f2490>
CCOC(C)C(/C=N/NC(N)=S)=N\NC(N)=S,11.33,train,<rdkit.Chem.rdchem.Mol object at 0x7fdcf48f2500>
COC(=O)N[C@H](C(=O)N1CC2(CC2)C[C@H]1c1nc(-c2ccc3c(c2)C(F)(F)c2cc(-c4ccc5[nH]c([C@@H]6[C@H]7CC[C@H](C7)N6C(=O)[C@@H](NC(=O)OC)C(C)C)nc5c4)ccc2-3)c[nH]1)C(C)C,11.33,train,<rdkit.Chem.rdchem.Mol object at 0x7fdcf48f2570>
CC[C@]1(O)C[C@H]2CN(CCc3c([nH]c4ccccc34)[C@@](C(=O)OC)(c3cc4c(cc3OC)N(C)[C@H]3[C@@](O)(C(N)=O)[C@H](O)[C@]5(CC)C=CCN6CC[C@]43[C@@H]65)C2)C1,11.34,train,<rdkit.Chem.rdchem.Mol object at 0x7fdcf48f25e0>
CC(=O)c1c(C)c2cnc(Nc3ccc(N4CCNCC4)cn3)nc2n(C2CCCC2)c1=O,11.34,train,<rdkit.Chem.rdchem.Mol object at 0x7fdcf48f26c0>
CC(=O)c1c(C)c2cnc(Nc3ccc(N4CCNCC4)cn3)nc2n(C2CCCC2)c1=O.O=S(=O)(O)CCO,11.34,train,<rdkit.Chem.rdchem.Mol object at 0x7fdcf48f2730>
CC[C@]1(O)C[C@@H]2CN(CCc3c([nH]c4ccccc34)[C@@](C(=O)OC)(c3cc4c(cc3OC)N(C)[C@H]3[C@@](O)(C(N)=O)[C@H](O)[C@]5(CC)C=CCN6CC[C@]43[C@@H]65)C2)C1,11.34,train,<rdkit.Chem.rdchem.Mol object at 0x7fdcf48f27a0>
CCCCN1C(=O)[C@@H]2C(=O)N(CCCCN3CCN(c4ccccc4OC)CC3)C(=O)[C@H](C1=O)C2(C)C,11.34,train,<rdkit.Chem.rdchem.Mol object at 0x7fdcf48f2880>
O=C1NCC(=O)N2CCC[C@@H]12,11.35,train,<rdkit.Chem.rdchem.Mol object at 0x7fdcf48f2960>
CCCCC(CC)COC(=O)c1ccc(Nc2nc(Nc3ccc(C(=O)NC(C)(C)C)cc3)nc(Nc3ccc(C(=O)OCC(CC)CCCC)cc3)n2)cc1,11.35,train,<rdkit.Chem.rdchem.Mol object at 0x7fdcf48f29d0>
O=P1(N(CCCl)CCCl)NC(OO)CCO1,11.36,train,<rdkit.Chem.rdchem.Mol object at 0x7fdcf48f2ab0>
CCOC(=O)[C@H](C)N[P@](=O)(CO[C@@H]1C=C(F)[C@H](n2cnc3c(N)ncnc32)O1)Oc1ccccc1,11.36,train,<rdkit.Chem.rdchem.Mol object at 0x7fdcf48f2b90>
CCOC(=O)[C@H](C)N[P@](=O)(CO[C@@H]1C=C(F)[C@H](n2cnc3c(N)ncnc32)O1)Oc1ccccc1.O=C(O)CC(O)(CC(=O)O)C(=O)O,11.36,train,<rdkit.Chem.rdchem.Mol object at 0x7fdcf48f2c00>
O=C(Nc1cccc(C2=NCCN2)c1)Nc1cccc(C2=NCCN2)c1,11.37,train,<rdkit.Chem.rdchem.Mol object at 0x7fdcf48f2d50>
NC(=O)C1CN(CC(=O)Nc2c(Cl)cccc2Cl)CCN1CCCC(c1ccc(F)cc1)c1ccc(F)cc1,11.37,train,<rdkit.Chem.rdchem.Mol object at 0x7fdcf48f2e30>
CN(C)CCN(Cc1nc2cc(Cl)ccc2[nH]1)c1ccccc1,11.37,train,<rdkit.Chem.rdchem.Mol object at 0x7fdcf48f2ea0>
CC(C)(O)CNc1nc(Nc2ccnc(C(F)(F)F)c2)nc(-c2cccc(C(F)(F)F)n2)n1,11.37,train,<rdkit.Chem.rdchem.Mol object at 0x7fdcf48f2f10>
Cc1ncc(-c2csc(N=C(N)N)n2)[nH]1,11.38,train,<rdkit.Chem.rdchem.Mol object at 0x7fdcf48f2f80>
CC(C)(C)C(=O)OC1N=C(c2ccccc2)c2cc(Cl)ccc2NC1=O,11.38,train,<rdkit.Chem.rdchem.Mol object at 0x7fdcf48f2ff0>
CCCCOC(=O)[C@@H](CCC(N)=O)NC(=O)[C@H](C)NC(=O)[C@@H](C)O[C@H]1[C@H](O)[C@@H](CO)OC(O)[C@@H]1NC(C)=O,11.38,train,<rdkit.Chem.rdchem.Mol object at 0x7fdcf48f3060>
CN1CCN(C2CCN(C(=O)Nc3cc(Oc4ccc(NC(=O)C5(C(=O)Nc6ccc(F)cc6)CC5)c(F)c4)ccn3)CC2)CC1,11.38,train,<rdkit.Chem.rdchem.Mol object at 0x7fdcf48f30d0>
CCOCc1ccc(C)c(Nc2ncc(-c3ccc(N4CCNC4=O)cc3)o2)c1,11.38,train,<rdkit.Chem.rdchem.Mol object at 0x7fdcf48f3140>
COc1cc2cc(c1Cl)N(C)C(=O)C[C@H](OC(=O)[C@H](C)N(C)C(C)=O)[C@]1(C)O[C@H]1[C@H](C)[C@@H]1C[C@@](O)(NC(=O)O1)[C@H](OC)/C=C/C=C(\C)C2,11.39,test,<rdkit.Chem.rdchem.Mol object at 0x7fdcf48f31b0>
CC(C)OCCn1c(=S)[nH]c(=O)c2[nH]ccc21,11.39,test,<rdkit.Chem.rdchem.Mol object at 0x7fdcf48f3220>
CCN(CC)CCNC(=O)c1cc(Cl)c(NC(=O)COc2ccc(Cl)cc2)cc1OC,11.39,train,<rdkit.Chem.rdchem.Mol object at 0x7fdcf48f3300>
NC(=O)c1ccc[n+]([C@@H]2O[C@H](CO)[C@@H](O)[C@H]2O)c1,11.39,train,<rdkit.Chem.rdchem.Mol object at 0x7fdcf48f33e0>
CN1CC[C@@H](NC(=O)Nc2ccc(C#N)cc2)C[C@@H]1c1nc2ccccc2[nH]1,11.39,train,<rdkit.Chem.rdchem.Mol object at 0x7fdcf48f3450>
COc1nc(C)ccc1-c1cc(Nc2cncc(O[C@@H]3CCCNC3)n2)n[nH]1,11.39,train,<rdkit.Chem.rdchem.Mol object at 0x7fdcf48f34c0>
C[C@@H](N)c1cc(Cl)ccc1Cn1c(=S)[nH]c(=O)c2[nH]ccc21,11.39,train,<rdkit.Chem.rdchem.Mol object at 0x7fdcf48f3530>
Cc1c(F)c(N)c2c(=O)cc(-c3ccc(NC(=O)[C@@H](N)CCCCCCN)c(F)c3)oc2c1F,11.39,train,<rdkit.Chem.rdchem.Mol object at 0x7fdcf48f35a0>
CCCCCCN(CCOc1ccc(CCCCNC(=N)NC(=O)c2nc(Cl)c(N)nc2N)cc1)C[C@H](O)C(O)[C@H](O)[C@H](O)CO,11.39,train,<rdkit.Chem.rdchem.Mol object at 0x7fdcf48f3610>
C[C@@H]1OC(=O)N[C@@H]1C(=O)N[C@@H](Cc1cscn1)C(=O)N1CCC[C@H]1C,11.4,train,<rdkit.Chem.rdchem.Mol object at 0x7fdcf48f3680>
NS(=O)(=O)OC[C@@H]1C[C@@H](n2ccc3c(N[C@H]4CCc5ccccc54)ncnc32)C[C@@H]1O,11.4,train,<rdkit.Chem.rdchem.Mol object at 0x7fdcf48f36f0>
CN(C)C(=O)CCn1nc(Nc2ccc3c(c2)OC(F)(F)O3)nc1-c1ccncc1,11.4,train,<rdkit.Chem.rdchem.Mol object at 0x7fdcf48f3760>
Cc1sc(C(=O)c2cncnc2N[C@@H]2CC[C@H](COS(N)(=O)=O)[C@H]2O)cc1[C@@H]1NCCc2ccc(Cl)cc21,11.4,train,<rdkit.Chem.rdchem.Mol object at 0x7fdcf48f37d0>
CC(=O)Nn1cnc(=O)c(C#N)c1,11.41,test,<rdkit.Chem.rdchem.Mol object at 0x7fdcf48f3840>
C[C@H](NC(=O)CCC(F)(F)F)C(=O)N[C@@H]1C(=O)N(CCO)c2ncccc2-c2ccccc21,11.41,train,<rdkit.Chem.rdchem.Mol object at 0x7fdcf48f3920>
C[C@H](CC[C@](C)(O)C(F)(F)F)[C@H]1CC[C@H]2[C@@H]3CC=C4C[C@@](C)(O)CC[C@]4(C)[C@H]3CC[C@]12C,11.41,train,<rdkit.Chem.rdchem.Mol object at 0x7fdcf48f3990>
CN(C)Cc1ccc(CSCCNc2nc(=O)c(Cc3cc[nH]c(=O)c3)c[nH]2)o1,11.42,test,<rdkit.Chem.rdchem.Mol object at 0x7fdcf48f3a00>
O=C(Nc1ccc(Cl)cc1)Nc1ccc(Cl)c(Cl)c1,11.42,train,<rdkit.Chem.rdchem.Mol object at 0x7fdcf48f3a70>
CC1CN(C)CC2Cc3c(ccc4ccccc34)OC12O,11.42,train,<rdkit.Chem.rdchem.Mol object at 0x7fdcf48f3ae0>
O=C1COc2ccc(OCCCCN3CCN(c4cccc(Cl)c4Cl)CC3)cc2N1,11.42,train,<rdkit.Chem.rdchem.Mol object at 0x7fdcf48f3b50>
CCN(CC)CCNC(=O)c1c(C)[nH]c2c1CCC/C2=C1/C(=O)Nc2ccc(F)cc21,11.42,train,<rdkit.Chem.rdchem.Mol object at 0x7fdcf48f3bc0>
O=C(NCc1ccc(OC(F)(F)F)c(F)c1)[C@H]1CN(c2nc3nc(C4CC4)ncc3s2)CCN1S(=O)(=O)c1ccc(C(F)(F)F)cc1,11.42,train,<rdkit.Chem.rdchem.Mol object at 0x7fdcf48f3c30>
N=C(N)NC(=O)c1nc(Cl)c(N)nc1N,11.43,train,<rdkit.Chem.rdchem.Mol object at 0x7fdcf48f3d10>
Cc1cc(C)c(Nc2ccnc(Nc3ccc(C#N)cc3)n2)c(C)c1,11.43,train,<rdkit.Chem.rdchem.Mol object at 0x7fdcf48f3d80>
COC[C@H]1C[C@@H](c2nc(-c3ccc4c(c3)COc3cc5c(ccc6nc([C@@H]7CC[C@H](C)N7C(=O)[C@@H](NC(=O)OC)C(C)C)[nH]c65)cc3-4)c[nH]2)N(C(=O)[C@H](NC(=O)OC)c2ccccc2)C1,11.43,train,<rdkit.Chem.rdchem.Mol object at 0x7fdcf48f3e60>
O=C(/C=C\n1cnc(-c2cc(C(F)(F)F)cc(C(F)(F)F)c2)n1)NNc1ccccn1,11.43,train,<rdkit.Chem.rdchem.Mol object at 0x7fdcf48f3ed0>
O=C(Nc1ccc(Cl)cc1)Nc1ccc(Cl)c(C(F)(F)F)c1,11.44,train,<rdkit.Chem.rdchem.Mol object at 0x7fdcf48f3f40>
CC(=O)Nc1c(I)c(C(=O)N[C@H]2C(O)O[C@H](CO)[C@@H](O)[C@@H]2O)c(I)c(N(C)C(C)=O)c1I,11.44,train,<rdkit.Chem.rdchem.Mol object at 0x7fdcf48f4040>
COc1cc2c(cc1OC)CN(CCc1ccc(-n3nnc(-c4cc(OC)c(OC)cc4NC(=O)c4cc(=O)c5ccccc5o4)n3)cc1)CC2,11.44,train,<rdkit.Chem.rdchem.Mol object at 0x7fdcf48f40b0>
O=C(CCCN1CCC2(CC1)C(=O)NCN2c1ccc(F)cc1)c1ccc(F)cc1,11.45,train,<rdkit.Chem.rdchem.Mol object at 0x7fdcf48f4120>
COc1cc2c(c(OC)n1)[C@]1(O)[C@H](O)[C@H](CN(C)C)[C@@H](c3ccccc3)[C@]1(c1ccc(C#N)cc1)O2,11.45,train,<rdkit.Chem.rdchem.Mol object at 0x7fdcf48f4190>
CCN(CC)CCNC(=O)c1c(C)[nH]c(/C=C2\C(=O)Nc3ccc(F)cc32)c1C,11.46,train,<rdkit.Chem.rdchem.Mol object at 0x7fdcf48f4270>
Cc1[nH]c(/C=C2\C(=O)Nc3ccc(F)cc32)c(C)c1C(=O)NCCN1CCCC1,11.46,train,<rdkit.Chem.rdchem.Mol object at 0x7fdcf48f42e0>
CCN(CC)CCNC(=O)c1c(C)[nH]c(/C=C2\C(=O)Nc3ccc(F)cc32)c1C.O=C(O)C[C@H](O)C(=O)O,11.46,train,<rdkit.Chem.rdchem.Mol object at 0x7fdcf48f4350>
CO[C@@H]1C[C@H](C(=O)Nc2ccc(-n3ccccc3=O)cc2F)N(C(=O)Nc2ccc(Cl)cc2)C1,11.46,train,<rdkit.Chem.rdchem.Mol object at 0x7fdcf48f4430>
CCN(CC)CCN1CCc2[nH]c(/C=C3\C(=O)Nc4ccc(F)cc43)c(C)c2C1=O,11.46,train,<rdkit.Chem.rdchem.Mol object at 0x7fdcf48f44a0>
Cc1[nH]c(/C=C2\C(=O)Nc3ccc(F)cc32)c(C)c1C(=O)N[C@H]1CCN(C(=O)N(C)C)C1,11.46,train,<rdkit.Chem.rdchem.Mol object at 0x7fdcf48f4580>
CC(C)CCC[C@@H](C)[C@H]1CC[C@H]2[C@@H]3CCC4=CC(=NO)CC[C@]4(C)[C@H]3CC[C@]12C,11.46,train,<rdkit.Chem.rdchem.Mol object at 0x7fdcf48f45f0>
CNC(=O)C[C@H]1COc2cc(F)ccc2N1C(=O)c1ccc2c(c1)NC(=O)CO2,11.46,train,<rdkit.Chem.rdchem.Mol object at 0x7fdcf48f4660>
C#C[C@]1(OC(C)=O)CC[C@H]2[C@@H]3CCC4=C/C(=N/O)CC[C@@H]4[C@H]3CC[C@@]21CC,11.47,train,<rdkit.Chem.rdchem.Mol object at 0x7fdcf48f46d0>
O=C1N[C@H](O)CCN1[C@@H]1O[C@H](CO)[C@@H](O)[C@H]1O,11.47,train,<rdkit.Chem.rdchem.Mol object at 0x7fdcf48f4740>
C#C[C@]1(O)CC[C@H]2[C@@H]3CCC4=C/C(=N/O)CC[C@@H]4[C@H]3CC[C@@]21CC,11.47,train,<rdkit.Chem.rdchem.Mol object at 0x7fdcf48f47b0>
CC[N+](CC)(CCNC(=O)C(=O)NCC[N+](CC)(CC)Cc1ccccc1Cl)Cc1ccccc1Cl,11.48,train,<rdkit.Chem.rdchem.Mol object at 0x7fdcf48f4820>
CCC1(c2ccccc2)SCC(=O)NC1=O,11.48,train,<rdkit.Chem.rdchem.Mol object at 0x7fdcf48f4890>
CC(C)CCC[C@@H](C)[C@H]1CC[C@H]2[C@@H]3CC/C(=N\O)[C@](C)(CCCO)[C@H]3CC[C@]12C,11.48,train,<rdkit.Chem.rdchem.Mol object at 0x7fdcf48f4900>
N=C(NC(N)=O)Nc1c(Cl)cccc1Cl,11.48,train,<rdkit.Chem.rdchem.Mol object at 0x7fdcf48f4970>
OC(C1=NCCN1)(c1ccc(Cl)cc1)c1ccccn1,11.49,train,<rdkit.Chem.rdchem.Mol object at 0x7fdcf48f49e0>
O=C1NCN(c2ccccc2)C12CCN(CC1COc3ccccc3O1)CC2,11.5,train,<rdkit.Chem.rdchem.Mol object at 0x7fdcf48f4b30>
CN1C[C@H](CN2CC(=O)NC(=O)C2)C=C2c3cccc4[nH]cc(c34)C[C@H]21,11.5,train,<rdkit.Chem.rdchem.Mol object at 0x7fdcf48f4ba0>
NCCCCN(Cc1nc2ccccc2[nH]1)[C@H]1CCCc2cccnc21,11.5,train,<rdkit.Chem.rdchem.Mol object at 0x7fdcf48f4c10>
COC[C@H](NC(=O)c1cnc(C)s1)C(=O)N[C@@H](COC)C(=O)N[C@@H](Cc1ccccc1)C(=O)[C@@]1(C)CO1,11.5,train,<rdkit.Chem.rdchem.Mol object at 0x7fdcf48f4cf0>
O=C1N[C@H](c2cncc(C#Cc3ccccc3)c2)[C@@H](c2ccccc2Cl)O1,11.51,test,<rdkit.Chem.rdchem.Mol object at 0x7fdcf48f4d60>
C[N+](C)(C)CCOC(=O)C(O)(c1ccccc1)C1CC2C=CC1C2,11.51,train,<rdkit.Chem.rdchem.Mol object at 0x7fdcf48f4dd0>
Cc1[nH]c(-c2ccccc2)nc1CC#N,11.51,train,<rdkit.Chem.rdchem.Mol object at 0x7fdcf48f4e40>
C[C@H](Oc1ccc(-c2nc(-c3ccc4[nH]cnc4c3)no2)cc1C(F)(F)F)C(F)(F)F,11.51,train,<rdkit.Chem.rdchem.Mol object at 0x7fdcf48f4eb0>
Cc1cc(N)c2cc(NC(=O)Nc3ccc4nc(C)cc(N)c4c3)ccc2n1,11.52,test,<rdkit.Chem.rdchem.Mol object at 0x7fdcf48f4f20>
C=C1/C(=C\C=C2/CCC[C@]3(C)C([C@H](C)OCC(=O)NCC(F)(F)C(F)(F)F)=CC[C@@H]23)C[C@@H](O)C[C@@H]1O,11.52,test,<rdkit.Chem.rdchem.Mol object at 0x7fdcf48f4f90>
Nc1ccn([C@@H]2O[C@H](CO)[C@@H](O)C2(F)F)c(=O)n1,11.52,train,<rdkit.Chem.rdchem.Mol object at 0x7fdcf48f5000>
CC1(C)S[C@@H]2[C@H](NC(=O)[C@H](N)c3ccccc3)C(=O)N2[C@H]1C(=O)OC1OC(=O)c2ccccc21,11.52,train,<rdkit.Chem.rdchem.Mol object at 0x7fdcf48f5070>
CCCCCCCC/C=C/CCCCCCCC(=O)OC[C@H]1O[C@@H](n2ccc(N)nc2=O)C(F)(F)[C@@H]1O,11.52,train,<rdkit.Chem.rdchem.Mol object at 0x7fdcf48f5150>
C[C@@H](C(N)=O)[C@H](N)c1nc2ccc(C(C)(C)C)cc2[nH]1,11.52,train,<rdkit.Chem.rdchem.Mol object at 0x7fdcf48f5230>
CCN(CC)CC#CCOC(=O)C(O)(c1ccccc1)C1CCCCC1,11.53,test,<rdkit.Chem.rdchem.Mol object at 0x7fdcf48f52a0>
CCNCC#CCOC(=O)C(O)(c1ccccc1)C1CCCCC1,11.53,test,<rdkit.Chem.rdchem.Mol object at 0x7fdcf48f5310>
C[N+]1(C)CCC(OC(=O)C(O)(c2ccccc2)C2CCCC2)C1,11.53,train,<rdkit.Chem.rdchem.Mol object at 0x7fdcf48f5380>
CC[N+](C)(CC)CCOC(=O)C(O)(c1ccccc1)C1CCCCC1,11.53,train,<rdkit.Chem.rdchem.Mol object at 0x7fdcf48f53f0>
CN1CCCC(OC(=O)C(O)(c2ccccc2)C2CCCCC2)C1,11.53,train,<rdkit.Chem.rdchem.Mol object at 0x7fdcf48f5460>
C[N+]1(C)CCC(OC(=O)C(O)(c2ccccc2)C2CCCCC2)C1,11.53,train,<rdkit.Chem.rdchem.Mol object at 0x7fdcf48f54d0>
C[N+]1(C)CCCC1COC(=O)C(O)(c1ccccc1)C1CCCCC1,11.53,train,<rdkit.Chem.rdchem.Mol object at 0x7fdcf48f55b0>
C[N+]12CCC(CC1)C(OC(=O)C(O)(c1ccccc1)C1CCCCC1)C2,11.53,train,<rdkit.Chem.rdchem.Mol object at 0x7fdcf48f5620>
CCN(CC)CC#CC(C)(C)OC(=O)C(O)(c1ccccc1)C1CCCCC1,11.53,train,<rdkit.Chem.rdchem.Mol object at 0x7fdcf48f5690>
C=CC[C@@]12CCCN1C(=O)CNC2=O,11.53,train,<rdkit.Chem.rdchem.Mol object at 0x7fdcf48f5700>
CN1CCCN=C1COC(=O)C(O)(c1ccccc1)C1CCCCC1,11.54,train,<rdkit.Chem.rdchem.Mol object at 0x7fdcf48f5850>
CC(C)(C)c1cc(CCCOCc2cccnc2)cc(C(C)(C)C)c1O,11.54,train,<rdkit.Chem.rdchem.Mol object at 0x7fdcf48f5930>
C[S+](C)CCOC(=O)C(O)(c1ccccc1)C1CCCCC1,11.54,train,<rdkit.Chem.rdchem.Mol object at 0x7fdcf48f59a0>
CC(=O)N(CCCCNCCCn1c(=O)[nH]c2ccccc2c1=O)CCCn1c(=O)[nH]c2ccccc2c1=O,11.54,train,<rdkit.Chem.rdchem.Mol object at 0x7fdcf48f5a80>
CC(C)(CO)c1cc2cc(NC(=O)C3(c4ccc5c(c4)OC(F)(F)O5)CC3)c(F)cc2n1C[C@@H](O)CO,11.54,train,<rdkit.Chem.rdchem.Mol object at 0x7fdcf48f5af0>
CN1CCN(Cc2ccc(Nc3ncc(Cl)c(Nc4ccccc4S(=O)(=O)N(C)C)n3)cc2)CC1,11.54,train,<rdkit.Chem.rdchem.Mol object at 0x7fdcf48f5b60>
CNS(=O)(=O)CCc1ccc2[nH]cc(C3CCN(C)CC3)c2c1,11.55,test,<rdkit.Chem.rdchem.Mol object at 0x7fdcf48f5bd0>
CCOC(=O)c1ccc2[nH]c3c(OC)c4[nH]c5ccc(C(=O)OCC)cc5c4cc3c2c1,11.55,train,<rdkit.Chem.rdchem.Mol object at 0x7fdcf48f5cb0>
[2H]C([2H])([2H])NC(=O)c1cc(Oc2ccc(NC(=O)Nc3ccc(Cl)c(C(F)(F)F)c3)cc2)ccn1,11.55,train,<rdkit.Chem.rdchem.Mol object at 0x7fdcf48f5d20>
O=C1CC[C@H](NC(=O)Cc2ccccc2)C(=O)N1,11.56,train,<rdkit.Chem.rdchem.Mol object at 0x7fdcf48f5d90>
COc1ccc(Cl)cc1[C@]1(F)C(=O)Nc2cc(C(F)(F)F)ccc21,11.56,train,<rdkit.Chem.rdchem.Mol object at 0x7fdcf48f5e00>
Nc1nnc(CN[C@@H]2C[C@H]2c2ccc(OCc3ccccc3)cc2)o1,11.56,train,<rdkit.Chem.rdchem.Mol object at 0x7fdcf48f5e70>
O=C(CNC(=O)c1ccc(C2=NOC(c3cc(Cl)cc(C(F)(F)F)c3)(C(F)(F)F)C2)c2ccccc12)NCC(F)(F)F,11.57,test,<rdkit.Chem.rdchem.Mol object at 0x7fdcf48f5f50>
C=C[C@@]1(C)CC(=O)[C@]2(O)[C@@]3(C)[C@@H](O)CCC(C)(C)[C@@H]3[C@H](O)[C@H](OC(C)=O)[C@@]2(C)O1,11.57,train,<rdkit.Chem.rdchem.Mol object at 0x7fdcf48f5fc0>
C[C@@H]1N=C(c2ccccc2Cl)c2cc([N+](=O)[O-])ccc2NC1=O,11.57,train,<rdkit.Chem.rdchem.Mol object at 0x7fdcf48f6030>
COc1cc(C(=O)NC2CCN(C)CC2)c(F)cc1Nc1ncc2c(n1)N(C1CCCC1)CC(F)(F)C(=O)N2C,11.57,train,<rdkit.Chem.rdchem.Mol object at 0x7fdcf48f6110>
CN(C)C(=O)c1cc2cnc(Nc3ccc(N4CCNCC4)cn3)nc2n1C1CCCC1.O=C(O)CCC(=O)O,11.57,train,<rdkit.Chem.rdchem.Mol object at 0x7fdcf48f6180>
O=C(CNC(=O)c1ccc(C2=NO[C@@](c3cc(Cl)cc(C(F)(F)F)c3)(C(F)(F)F)C2)c2ccccc12)NCC(F)(F)F,11.57,train,<rdkit.Chem.rdchem.Mol object at 0x7fdcf48f61f0>
O=C(CNC(=O)c1ccc(C2=NO[C@@](c3cc(Cl)c(F)c(C(F)(F)F)c3)(C(F)(F)F)C2)c2ccccc12)NCC(F)(F)F,11.57,train,<rdkit.Chem.rdchem.Mol object at 0x7fdcf48f6260>
CC(C)(O)c1ccccc1-c1ccc2[nH]c(/C=C/c3ccc(C(F)(F)F)cc3)nc2c1,11.58,test,<rdkit.Chem.rdchem.Mol object at 0x7fdcf48f62d0>
CC(C)NNC(=O)COc1ccc(Cl)cc1,11.58,train,<rdkit.Chem.rdchem.Mol object at 0x7fdcf48f6340>
CC1=C2C[C@H]3[C@@H](CC[C@@H]4C[C@H](NS(C)(=O)=O)CC[C@@]43C)[C@@H]2CC[C@@]2(C1)O[C@@H]1C[C@H](C)CN[C@H]1[C@H]2C,11.58,train,<rdkit.Chem.rdchem.Mol object at 0x7fdcf48f6420>
Cc1cc(Nc2ncc(Cl)c(Nc3ccccc3S(=O)(=O)C(C)C)n2)c(OC(C)C)cc1C1CCNCC1,11.58,train,<rdkit.Chem.rdchem.Mol object at 0x7fdcf48f6490>
CCOc1ccc2c(-c3cccc(F)c3)nn(CC(=O)N(C)c3ccc4nc(C)oc4c3)c(=O)c2c1,11.58,train,<rdkit.Chem.rdchem.Mol object at 0x7fdcf48f6500>
Nc1nc(=O)c2ncn(CCC(CO)CO)c2[nH]1,11.59,test,<rdkit.Chem.rdchem.Mol object at 0x7fdcf48f6570>
O=C1CCC(N2C(=O)c3ccccc3C2=O)C(=O)N1,11.59,train,<rdkit.Chem.rdchem.Mol object at 0x7fdcf48f65e0>
Nc1cccc2c1C(=O)N(C1CCC(=O)NC1=O)C2=O,11.59,train,<rdkit.Chem.rdchem.Mol object at 0x7fdcf48f6650>
OC(C1=CC(=C(c2ccccn2)c2ccccn2)C=C1)(c1ccccn1)c1ccccn1,11.59,train,<rdkit.Chem.rdchem.Mol object at 0x7fdcf48f66c0>
O=C1CCC(N2C(=O)c3cccc(CNC(=O)C4CC4)c3C2=O)C(=O)N1,11.59,train,<rdkit.Chem.rdchem.Mol object at 0x7fdcf48f67a0>
O=C1CC[C@@H](C(=O)N[C@H]2C[C@@H]2c2ccccc2)N1,11.59,train,<rdkit.Chem.rdchem.Mol object at 0x7fdcf48f6810>
CN1CCN(c2ccc(Nc3ncc4cc5n(c4n3)C3(CCCCC3)CNC5=O)nc2)CC1,11.59,train,<rdkit.Chem.rdchem.Mol object at 0x7fdcf48f6880>
O=C1CCc2c(OC[C@]3(O)CCN(c4c(F)cc(Cl)cc4F)C[C@H]3O)ccc(F)c2N1,11.59,train,<rdkit.Chem.rdchem.Mol object at 0x7fdcf48f6960>
O=C1CC[C@H](N2C(=O)c3cccc(NCc4ccc(CN5CC(N6CCOCC6)C5)cc4F)c3C2=O)C(=O)N1,11.59,train,<rdkit.Chem.rdchem.Mol object at 0x7fdcf48f69d0>
CCOC(=O)OC(C)OC1=C(C(=O)Nc2ccccn2)N(C)S(=O)(=O)c2ccccc21,11.6,train,<rdkit.Chem.rdchem.Mol object at 0x7fdcf48f6a40>
CC(=O)N[C@@H]1[C@@H](O)[C@H](O)[C@@H](CO)O[C@H]1O,11.6,train,<rdkit.Chem.rdchem.Mol object at 0x7fdcf48f6ab0>
Cc1cc(C(C)(C)C)c(O)c(C(C)(C)C)c1,11.6,train,<rdkit.Chem.rdchem.Mol object at 0x7fdcf48f6b20>
CC(=O)N[C@H]1[C@@H](O)[C@H](O)[C@@H](CO)O[C@@H]1O,11.6,train,<rdkit.Chem.rdchem.Mol object at 0x7fdcf48f6b90>
CS(=O)(=O)N1CCN(Cc2cc3nc(-c4cccc5[nH]ncc45)nc(N4CCOCC4)c3s2)CC1,11.6,train,<rdkit.Chem.rdchem.Mol object at 0x7fdcf48f6c70>
O=C1CC[C@H](N2C(=O)c3cccc4c(Cc5ccc(CN6CCOCC6)cc5)ccc2c34)C(=O)N1,11.6,train,<rdkit.Chem.rdchem.Mol object at 0x7fdcf48f6ce0>
CCCNC(C)C(=O)Nc1c(C)csc1C(=O)OC,11.61,test,<rdkit.Chem.rdchem.Mol object at 0x7fdcf48f6d50>
OC1(c2ccc(Cl)cc2)c2ccccc2C2=NCCN21,11.61,train,<rdkit.Chem.rdchem.Mol object at 0x7fdcf48f6dc0>
C[N+](C)(CC(=O)Nc1ccccc1)CC(=O)Nc1ccccc1,11.61,train,<rdkit.Chem.rdchem.Mol object at 0x7fdcf48f6e30>
O=C1CCC(N2C(=O)C3C4CCC(C4)C3C2=O)C(=O)N1,11.61,train,<rdkit.Chem.rdchem.Mol object at 0x7fdcf48f6ea0>
Nc1cccc2c1CN(C1CCC(=O)NC1=O)C2=O,11.61,train,<rdkit.Chem.rdchem.Mol object at 0x7fdcf48f6f10>
Cc1nc2cccc(N)c2c(=O)n1C1CCC(=O)NC1=O,11.61,train,<rdkit.Chem.rdchem.Mol object at 0x7fdcf48f6f80>
CCCN[C@H](C)C(=O)Nc1c(C)csc1C(=O)OC,11.61,train,<rdkit.Chem.rdchem.Mol object at 0x7fdcf48f6ff0>
O=C1CC[C@H](N2Cc3c(OCc4ccc(CN5CCOCC5)cc4)cccc3C2=O)C(=O)N1,11.61,train,<rdkit.Chem.rdchem.Mol object at 0x7fdcf48f7060>
N#Cc1ccc(N2CCN(Cc3ccc(COc4cccc5c4CN([C@H]4CCC(=O)NC4=O)C5=O)cc3)CC2)c(F)c1,11.61,train,<rdkit.Chem.rdchem.Mol object at 0x7fdcf48f70d0>
O=C1O[C@H](CO)[C@@H](O)[C@H](O)[C@H]1O,11.62,train,<rdkit.Chem.rdchem.Mol object at 0x7fdcf48f7140>
C=CCC1(C(=O)NC(N)=O)CC(C)OC1=O,11.62,train,<rdkit.Chem.rdchem.Mol object at 0x7fdcf48f71b0>
CC(C)NS(=O)(=O)CCN1C(=O)c2ccccc2C1=O,11.62,train,<rdkit.Chem.rdchem.Mol object at 0x7fdcf48f7220>
O=CNNc1nc(-c2ccc([N+](=O)[O-])o2)cs1,11.62,train,<rdkit.Chem.rdchem.Mol object at 0x7fdcf48f7290>
CN1CCN(CC(=O)N/N=C/c2ccc([N+](=O)[O-])o2)CC1,11.63,train,<rdkit.Chem.rdchem.Mol object at 0x7fdcf48f7300>
CC(=O)Nc1c(I)c(NC(C)=O)c(I)c(C(=O)N(C)CC(=O)N(C)C[C@H](O)[C@@H](O)[C@H](O)[C@H](O)CO)c1I,11.63,train,<rdkit.Chem.rdchem.Mol object at 0x7fdcf48f7370>
O=C1CCc2c(Oc3ccc4c(c3)[C@@H]3[C@H](O4)[C@H]3c3nc4cc(C(F)(F)F)ccc4[nH]3)ccnc2N1,11.63,train,<rdkit.Chem.rdchem.Mol object at 0x7fdcf48f73e0>
CN(CC(O)CO)C(=O)c1c(I)c(NC(=O)C(CO)CO)c(I)c(C(=O)N(C)CC(O)CO)c1I,11.64,train,<rdkit.Chem.rdchem.Mol object at 0x7fdcf48f74c0>
CCN(c1cc(-c2ccc(CN3CCOCC3)cc2)cc(C(=O)NCc2c(C)cc(C)[nH]c2=O)c1C)C1CCOCC1,11.64,train,<rdkit.Chem.rdchem.Mol object at 0x7fdcf48f7530>
CC[C@H](C)n1cc(C)c2c(C(=O)NCc3c(C)cc(C)[nH]c3=O)cc(-c3ccc(N4CCNCC4)nc3)cc21,11.64,train,<rdkit.Chem.rdchem.Mol object at 0x7fdcf48f75a0>
C/C=C(\C)C(=O)O[C@@H]1[C@@H](C)[C@@]2(O)[C@H]([C@@H]3C(C)(C)[C@]13OC(=O)[C@@H](C)CC)[C@@H]1O[C@]1(CO)[C@@H](O)[C@]1(O)C(=O)C(C)=C[C@H]12,11.64,train,<rdkit.Chem.rdchem.Mol object at 0x7fdcf48f7610>
Cn1c(=O)oc2ccc(-c3ccc(C[C@@H](C#N)NC(=O)[C@@H]4CNCCCO4)cc3)cc21,11.64,train,<rdkit.Chem.rdchem.Mol object at 0x7fdcf48f7680>
O=C1CN=C(c2ccccc2Cl)c2cc([N+](=O)[O-])ccc2N1,11.65,test,<rdkit.Chem.rdchem.Mol object at 0x7fdcf48f76f0>
O=C1CC[C@H](C(=O)N2CCCCC2)N1,11.65,train,<rdkit.Chem.rdchem.Mol object at 0x7fdcf48f7760>
O=C1CN=C(c2ccccc2)c2cc([N+](=O)[O-])ccc2N1,11.66,test,<rdkit.Chem.rdchem.Mol object at 0x7fdcf48f7840>
CCCCCCN(Cc1ccc(CC(C)(C)C)cc1)C(Nc1cc(C(C)(C)C)c(O)c(C(C)(C)C)c1)=C1C(=O)OC(C)(C)OC1=O,11.66,train,<rdkit.Chem.rdchem.Mol object at 0x7fdcf48f78b0>
COC(=O)Nc1cc(N2CC=CCC2)nc2nc(=O)on12,11.67,train,<rdkit.Chem.rdchem.Mol object at 0x7fdcf48f7920>
CN(C)CCOc1ccccc1-c1nc(-c2ccccc2)c(-c2ccccc2)[nH]1,11.67,train,<rdkit.Chem.rdchem.Mol object at 0x7fdcf48f7990>
NC(=S)N/N=C/c1ncccc1N,11.67,train,<rdkit.Chem.rdchem.Mol object at 0x7fdcf48f7a00>
CC[C@@]1(OC(=O)[C@@H](NC(=O)[C@H](Cc2c[nH]cn2)NC(=S)Nc2ccc(O[C@H]3O[C@@H](C)[C@@H](O)[C@@H](OC)[C@@H]3O)cc2)C(C)C)C(=O)OCc2c1cc1n(c2=O)Cc2cc3ccccc3nc2-1,11.67,train,<rdkit.Chem.rdchem.Mol object at 0x7fdcf48f7a70>
C[N+](C)(C)CC(O)C[N+](C)(C)C,11.68,train,<rdkit.Chem.rdchem.Mol object at 0x7fdcf48f7ae0>
Cc1ncc(-c2ccnc(Nc3ccc(S(C)(=O)=O)cc3)n2)n1C(C)C,11.68,train,<rdkit.Chem.rdchem.Mol object at 0x7fdcf48f7b50>
O=C1CCC2(CCC(=O)c3ccccc32)C(=O)N1,11.69,train,<rdkit.Chem.rdchem.Mol object at 0x7fdcf48f7ca0>
O=C1CC[C@@](c2ccccc2)(C2CCN(Cc3ccccc3)CC2)C(=O)N1,11.69,train,<rdkit.Chem.rdchem.Mol object at 0x7fdcf48f7d80>
CCC1(c2ccncc2)CCC(=O)NC1=O,11.69,train,<rdkit.Chem.rdchem.Mol object at 0x7fdcf48f7df0>
CC[C@@]1(O)C(=O)OCc2c1cc1n(c2=O)Cc2cc3c(N)cccc3nc2-1,11.69,train,<rdkit.Chem.rdchem.Mol object at 0x7fdcf48f7e60>
CC[C@@]1(O)C(=O)OCc2c1cc1n(c2=O)Cc2c-1nc1cc(F)c(C)c3c1c2[C@@H](N)CC3,11.69,train,<rdkit.Chem.rdchem.Mol object at 0x7fdcf48f7ed0>
C=CCc1c(OC(=O)N2CCC(N3CCCCC3)CC2)ccc2nc3c(cc12)Cn1c-3cc2c(c1=O)COC(=O)[C@]2(O)CC,11.69,train,<rdkit.Chem.rdchem.Mol object at 0x7fdcf48f8120>
Cc1cc(C(=O)N(C)C)cc(NC(=O)[C@H]2CCC(=O)N2C2CCN(Cc3ccc(Cl)c(C)c3)CC2)n1,11.69,train,<rdkit.Chem.rdchem.Mol object at 0x7fdcf48f8190>
C[C@@H]1CN(Cc2ncccn2)C[C@H]1c1cn2c(C3CCOCC3)ncc2c(=O)[nH]1,11.69,train,<rdkit.Chem.rdchem.Mol object at 0x7fdcf48f8200>
O=C1NC2CCCCN2C12CCN(CCCN1c3ccccc3CCc3ccc(Cl)cc31)CC2,11.7,train,<rdkit.Chem.rdchem.Mol object at 0x7fdcf48f8270>
CCN(CC)CCC1(c2ccccc2)CCC(=O)NC1=O,11.7,train,<rdkit.Chem.rdchem.Mol object at 0x7fdcf48f82e0>
CC[C@@]1(O)C(=O)OCc2c1cc1n(c2=O)Cc2c-1nc1ccccc1c2/C=N/OC(C)(C)C,11.71,test,<rdkit.Chem.rdchem.Mol object at 0x7fdcf48f84a0>
CC(C)(C)C(=O)OCOC(=O)[C@@H]1N2C(=O)[C@@H](NC(=O)[C@H](N)c3ccccc3)[C@H]2SC1(C)C,11.71,train,<rdkit.Chem.rdchem.Mol object at 0x7fdcf48f8580>
CCc1c2c(nc3ccc(OC(=O)N4CCC(N5CCCCC5)CC4)cc13)-c1cc3c(c(=O)n1C2)COC(=O)[C@]3(O)CC,11.71,train,<rdkit.Chem.rdchem.Mol object at 0x7fdcf48f85f0>
CC[C@@]1(O)C(=O)OCc2c1cc1n(c2=O)Cc2c-1nc1cc3c(cc1c2CN1CCN(C)CC1)OCCO3,11.71,train,<rdkit.Chem.rdchem.Mol object at 0x7fdcf48f8660>
CCC(C(=O)NC(N)=O)c1ccccc1,11.71,train,<rdkit.Chem.rdchem.Mol object at 0x7fdcf48f86d0>
CC1(C)S[C@@H]2[C@H](NC(=O)[C@H](N)c3ccccc3)C(=O)N2[C@H]1C(=O)OCOC(=O)[C@@H]1N2C(=O)C[C@H]2S(=O)(=O)C1(C)C,11.71,train,<rdkit.Chem.rdchem.Mol object at 0x7fdcf48f8740>
CC[C@@]1(O)C(=O)OCc2c1cc1n(c2=O)Cc2cc3c([N+](=O)[O-])cccc3nc2-1,11.71,train,<rdkit.Chem.rdchem.Mol object at 0x7fdcf48f87b0>
NC(=S)N/N=C/c1cccnc1,11.71,train,<rdkit.Chem.rdchem.Mol object at 0x7fdcf48f8820>
CCS(=O)(=O)c1ccc(/C=N/NC(N)=S)cc1,11.71,train,<rdkit.Chem.rdchem.Mol object at 0x7fdcf48f8890>
CC(=O)Nc1ccc(/C=N/NC(N)=S)cc1,11.71,train,<rdkit.Chem.rdchem.Mol object at 0x7fdcf48f8900>
O=C(NCC(O)CO)c1c(I)c(C(=O)NCC(O)CO)c(I)c(N(CCO)C(=O)CO)c1I,11.72,test,<rdkit.Chem.rdchem.Mol object at 0x7fdcf48f8970>
CN(C(=O)CNC(=O)CN)c1ccc(Cl)cc1C(=O)c1ccccc1Cl,11.72,train,<rdkit.Chem.rdchem.Mol object at 0x7fdcf48f89e0>
Cc1oc(=O)oc1COC(=O)[C@@H]1N2C(=O)[C@@H](NC(=O)[C@H](N)c3ccccc3)[C@H]2SC1(C)C,11.72,train,<rdkit.Chem.rdchem.Mol object at 0x7fdcf48f8a50>
COCc1c(C(=O)OC(C)C)ncc2[nH]c3ccc(OCc4ccccc4)cc3c12,11.72,train,<rdkit.Chem.rdchem.Mol object at 0x7fdcf48f8ac0>
CCOC(=O)OC(C)OC(=O)[C@@H]1N2C(=O)[C@@H](NC(=O)[C@H](N)c3ccccc3)[C@H]2SC1(C)C,11.72,train,<rdkit.Chem.rdchem.Mol object at 0x7fdcf48f8b30>
COc1ccc(-c2nc(-c3ccc(F)cc3F)[nH]c2-c2ccc(OC)cc2)cc1,11.73,test,<rdkit.Chem.rdchem.Mol object at 0x7fdcf48f8ba0>
CC(=O)N(CC(O)CO)c1c(I)c(C(=O)NCC(O)CO)c(I)c(C(=O)NCC(O)CO)c1I,11.73,train,<rdkit.Chem.rdchem.Mol object at 0x7fdcf48f8c10>
CC(=O)OCC(=O)[C@@]1(O)[C@H](OC(C)=O)C[C@H]2[C@@H]3CCC4=CC(=O)C=C[C@]4(C)[C@@]3(F)[C@@H](O)C[C@@]21C,11.73,train,<rdkit.Chem.rdchem.Mol object at 0x7fdcf48f8c80>
N[C@H]1C(O)O[C@H](CO)[C@@H](O)[C@@H]1O,11.73,train,<rdkit.Chem.rdchem.Mol object at 0x7fdcf48f8cf0>
CC[C@@]1(O)C(=O)OCc2c1cc1n(c2=O)Cc2c-1nc1ccccc1c2CCNC(C)C,11.73,train,<rdkit.Chem.rdchem.Mol object at 0x7fdcf48f8d60>
COC[C@@H](O)CN(C(C)=O)c1c(I)c(C(=O)NC[C@H](O)CO)c(I)c(C(=O)NC[C@H](O)CO)c1I,11.73,train,<rdkit.Chem.rdchem.Mol object at 0x7fdcf48f8dd0>
CN(C(=O)CO)c1c(I)c(C(=O)NC[C@H](O)CO)c(I)c(C(=O)NC[C@H](O)CO)c1I,11.73,train,<rdkit.Chem.rdchem.Mol object at 0x7fdcf48f8e40>
N[C@H]1C(O)O[C@H](CO)[C@@H](O)[C@@H]1O.N[C@H]1C(O)O[C@H](CO)[C@@H](O)[C@@H]1O,11.73,train,<rdkit.Chem.rdchem.Mol object at 0x7fdcf48f8eb0>
C[C@@H]1[C@H](c2c(F)ccc(F)c2F)C[C@H](NC(=O)c2cnc3c(c2)C[C@@]2(C3)C(=O)Nc3ncccc32)C(=O)N1CC(F)(F)F,11.74,test,<rdkit.Chem.rdchem.Mol object at 0x7fdcf48f9000>
CC(=O)N(CC(O)CO)c1c(I)c(C(=O)NCCO)c(I)c(C(=O)NCC(O)CO)c1I,11.74,train,<rdkit.Chem.rdchem.Mol object at 0x7fdcf48f9070>
O=C(CN1C(=O)C2(CCCC2)NC[C@H]1c1cc(F)cc(F)c1)Nc1ccc2c(c1)C[C@@]1(C2)C(=O)Nc2ncccc21,11.74,train,<rdkit.Chem.rdchem.Mol object at 0x7fdcf48f90e0>
c1cn2cc(-c3ccc4cn[nH]c4c3)nc(Nc3ccc(N4CCOCC4)cc3)c2n1,11.74,train,<rdkit.Chem.rdchem.Mol object at 0x7fdcf48f9150>
C=CCC(C(=O)NC(N)=O)C(C)C,11.75,test,<rdkit.Chem.rdchem.Mol object at 0x7fdcf48f91c0>
CCCc1nc(C)c2c(=O)[nH]c(-c3cc(S(=O)(=O)N4CCN(CC)CC4)ccc3OCC)nn12,11.75,test,<rdkit.Chem.rdchem.Mol object at 0x7fdcf48f9230>
C[C@]12C=CC(=O)C=C1CC[C@H]1[C@@H]3C[C@@H](O)[C@](O)(C(=O)CO)[C@@]3(C)C[C@H](O)[C@@]12F,11.75,train,<rdkit.Chem.rdchem.Mol object at 0x7fdcf48f9310>
N=C(N)c1cccc(NC(=O)Nc2cccc(C(=N)N)c2)c1,11.75,train,<rdkit.Chem.rdchem.Mol object at 0x7fdcf48f9380>
C[C@]12C=CC(=O)C=C1[C@@H](F)C[C@H]1[C@@H]3C[C@@H](O)[C@](O)(C(=O)CO)[C@@]3(C)C[C@H](O)[C@@]12F,11.75,train,<rdkit.Chem.rdchem.Mol object at 0x7fdcf48f93f0>
CCOC(=O)[C@@H](N)CCC(=O)N[C@@H](CSCc1ccccc1)C(=O)N[C@@H](C(=O)OCC)c1ccccc1,11.75,train,<rdkit.Chem.rdchem.Mol object at 0x7fdcf48f9460>
CC(=O)O[C@@]12CO[C@@H]1CC[C@@]1(C)[C@@H]3O[C@H](CN(C)C)O[C@@H]3C3=C(C)[C@@H](OC(=O)[C@H](O)[C@@H](NC(=O)OC(C)(C)C)c4ncccc4F)C[C@@](O)([C@@H](OC(=O)c4ccccc4)[C@@H]12)C3(C)C,11.75,train,<rdkit.Chem.rdchem.Mol object at 0x7fdcf48f9540>
CCN(Cc1ccccc1)c1ccc(/N=N/c2ccc(NC(=O)C[N+](CC)(CC)CC)cc2)cc1,11.75,train,<rdkit.Chem.rdchem.Mol object at 0x7fdcf48f9620>
N#Cc1ccc2c(c1)[C@H]1CCCN(C(=O)c3ccc4[nH]cnc4c3)[C@H]1C2,11.75,train,<rdkit.Chem.rdchem.Mol object at 0x7fdcf48f9690>
CC(=O)c1nn(CC(=O)N2[C@H](C(=O)Nc3nc(Br)ccc3C)C[C@@]3(C)C[C@@H]23)c2ccc(-c3cnc(C)nc3)cc12,11.75,train,<rdkit.Chem.rdchem.Mol object at 0x7fdcf48f9700>
CC1CC(=O)NN=C1c1cc(-n2ccnc2)cs1,11.76,train,<rdkit.Chem.rdchem.Mol object at 0x7fdcf48f9770>
CCC(C)C(CC)C(=O)NC(N)=O,11.76,train,<rdkit.Chem.rdchem.Mol object at 0x7fdcf48f97e0>
CCCN1CCN(c2ccc(C(=O)NC3(C(=O)NCC#N)CCCCC3)cc2)CC1,11.76,train,<rdkit.Chem.rdchem.Mol object at 0x7fdcf48f9850>
C[C@]12C=CC(=O)C=C1[C@@H](F)C[C@H]1[C@@H]3C[C@@H](O)[C@](O)(C(=O)CO)[C@@]3(C)C[C@H](Cl)[C@@]12Cl,11.76,train,<rdkit.Chem.rdchem.Mol object at 0x7fdcf48f9930>
CC(SC(=O)c1cccs1)C(=O)NC1CCSC1=O,11.77,train,<rdkit.Chem.rdchem.Mol object at 0x7fdcf48f99a0>
CC(Cl)C(=O)Nc1ccc(C2=NNC(=O)CC2C)cc1,11.77,train,<rdkit.Chem.rdchem.Mol object at 0x7fdcf48f9a10>
CC1(C)C(=O)Nc2ccc(C3=NNC(=O)CC3)cc21,11.77,train,<rdkit.Chem.rdchem.Mol object at 0x7fdcf48f9a80>
COc1ncc(-c2nc3c(n2C(C)C)[C@H](c2ccc(Cl)cc2)N(c2cc(Cl)cn(C)c2=O)C3=O)c(OC)n1,11.77,train,<rdkit.Chem.rdchem.Mol object at 0x7fdcf48f9af0>
Cc1cnc(NC2CCOCC2)nc1-n1cnc(C(=O)N[C@H](CN)c2cc(F)cc(Cl)c2)c1,11.77,train,<rdkit.Chem.rdchem.Mol object at 0x7fdcf48f9b60>
COc1cc(-c2cn(C)c(=O)c(C)c2C)cc(OC)c1CN1CC[C@H](N2CCN(c3ccc(N[C@H]4CCC(=O)NC4=O)cc3F)CC2)C(F)(F)C1,11.77,train,<rdkit.Chem.rdchem.Mol object at 0x7fdcf48f9bd0>
CC(O)(CS(=O)(=O)c1ccc(F)cc1)C(=O)Nc1ccc(C#N)c(C(F)(F)F)c1,11.78,train,<rdkit.Chem.rdchem.Mol object at 0x7fdcf48f9c40>
COc1ccc(C2=NNC(=O)CC2CO)cc1OC,11.78,train,<rdkit.Chem.rdchem.Mol object at 0x7fdcf48f9cb0>
CN/C(=N\c1ccc(C2=NNC(=O)CC2C)cc1)NC#N,11.79,train,<rdkit.Chem.rdchem.Mol object at 0x7fdcf48f9d90>
CC1CC(=O)NN=C1c1ccc(NCC(C)(C)NCC(O)COc2cc(Cl)ccc2C#N)cc1,11.79,train,<rdkit.Chem.rdchem.Mol object at 0x7fdcf48f9e70>
NC(=O)N/N=C/c1ccc([N+](=O)[O-])o1,11.79,train,<rdkit.Chem.rdchem.Mol object at 0x7fdcf48f9ee0>
O=C1CCC(c2ccc(Nc3ccncc3)cc2)=NN1,11.8,train,<rdkit.Chem.rdchem.Mol object at 0x7fdcf48fa0a0>
COc1ccc(/C=C\c2cc(OC)c(OC)c(OC)c2)cc1NC(=O)[C@@H](N)CO,11.8,train,<rdkit.Chem.rdchem.Mol object at 0x7fdcf48fa110>
C[C@@H](O)[C@@H](C)Oc1nc(Nc2ccc(S(=N)(=O)C3CC3)cc2)ncc1C(F)(F)F,11.8,train,<rdkit.Chem.rdchem.Mol object at 0x7fdcf48fa180>
CC(C)OC(=O)[C@H](C)N[P@+]([O-])(OC[C@H]1O[C@@](C#N)(c2ccc3c(N)ncnn23)[C@](C)(O)[C@@H]1OC(=O)C(C)C)Oc1ccccc1,11.8,train,<rdkit.Chem.rdchem.Mol object at 0x7fdcf48fa1f0>
COc1ccc(-n2nccn2)c(C(=O)N2CCC[C@@]2(C)c2nc3c(C)c(Cl)ccc3[nH]2)c1,11.8,train,<rdkit.Chem.rdchem.Mol object at 0x7fdcf48fa260>
CCOP(=O)(OCC)C(C)NC(=O)N(CCCl)N=O,11.81,train,<rdkit.Chem.rdchem.Mol object at 0x7fdcf48fa340>
CCN(CC)c1ccc2cc(C(=O)Nc3ccc4[nH]c(C(=O)N5C[C@@H](CCl)c6c5cc(OC(=O)Nc5ccccc5)c5[nH]cc(C)c65)cc4c3)oc2c1,11.81,train,<rdkit.Chem.rdchem.Mol object at 0x7fdcf48fa3b0>
CC(=O)c1ccc([C@H]2C[C@@]3(C)[C@@H](CC[C@@]3(O)C(F)(F)C(F)(F)F)[C@@H]3CCC4=CC(=O)CCC4=C32)cc1,11.81,train,<rdkit.Chem.rdchem.Mol object at 0x7fdcf48fa420>
Nc1nc(N/N=C/C2CCCCC2)nc2c1ncn2[C@@H]1O[C@H](CO)[C@@H](O)[C@H]1O,11.81,train,<rdkit.Chem.rdchem.Mol object at 0x7fdcf48fa490>
C[C@]12C[C@H](c3ccc(S(C)(=O)=O)cc3)C3=C4CCC(=O)C=C4CC[C@H]3[C@@H]1CC[C@@]2(O)C(F)(F)C(F)(F)F,11.81,train,<rdkit.Chem.rdchem.Mol object at 0x7fdcf48fa500>
Nc1nc(=O)c2sc(=O)n([C@@H]3O[C@H](CO)[C@@H](O)[C@H]3O)c2[nH]1,11.81,train,<rdkit.Chem.rdchem.Mol object at 0x7fdcf48fa570>
O=c1[nH]c2ccccc2c(=O)n1CCN1C[C@H]2C[C@H](c3ccc(F)cc3)[C@H]2C1,11.82,test,<rdkit.Chem.rdchem.Mol object at 0x7fdcf48fa650>
Cc1c(O)c(=O)ccn1C,11.82,train,<rdkit.Chem.rdchem.Mol object at 0x7fdcf48fa6c0>
CCOC(=O)CC(O)(CC(=O)OCC)C(=O)OCC,11.82,train,<rdkit.Chem.rdchem.Mol object at 0x7fdcf48fa730>
O=C1NCNC1(c1ccccc1)c1ccccc1,11.82,train,<rdkit.Chem.rdchem.Mol object at 0x7fdcf48fa810>
CC(=O)N/N=C/c1ccc([N+](=O)[O-])o1,11.82,train,<rdkit.Chem.rdchem.Mol object at 0x7fdcf48fa880>
O=C(Cn1c(Cl)cnc(NCC(F)(F)c2ccccn2)c1=O)NCc1ncccc1F,11.82,train,<rdkit.Chem.rdchem.Mol object at 0x7fdcf48fa8f0>
CCCCOc1nc(N)c2c(n1)N(Cc1cccc(CN3CCCC3)c1)CC(=O)N2,11.82,train,<rdkit.Chem.rdchem.Mol object at 0x7fdcf48fa960>
O=c1[nH]c2ccccc2c(=O)n1CCCN1CCN(c2ccccc2)CC1,11.83,test,<rdkit.Chem.rdchem.Mol object at 0x7fdcf48faab0>
O=C(CCCN1CCC2(CC1)C(=O)NCN2c1ccccc1)c1ccc(F)cc1,11.83,train,<rdkit.Chem.rdchem.Mol object at 0x7fdcf48fab20>
CCCSc1ccccc1N1CCN(CCCCn2c(=O)[nH]c3ccccc3c2=O)CC1,11.83,train,<rdkit.Chem.rdchem.Mol object at 0x7fdcf48fab90>
O=C(c1ccc(F)cc1)C1CCN(CCCCn2c(=O)[nH]c3ccccc3c2=O)CC1,11.83,train,<rdkit.Chem.rdchem.Mol object at 0x7fdcf48fac00>
O=C[C@H](O)[C@@H](O)[C@H](O)[C@H](O)CO[C@H]1O[C@H](CO[C@H]2O[C@H](CO)[C@@H](O)[C@H](O)[C@H]2O)[C@@H](O)[C@H](O)[C@H]1O,11.83,train,<rdkit.Chem.rdchem.Mol object at 0x7fdcf48fac70>
COC(=O)O[C@@]12CO[C@@H]1C[C@H](O)[C@@]1(C)C(=O)[C@H](OC(C)=O)C3=C(C)[C@@H](OC(=O)[C@H](O)[C@@H](NC(=O)OC(C)(C)C)C(C)(C)C)C[C@@](O)([C@@H](OC(=O)c4ccccc4)[C@H]21)C3(C)C,11.83,train,<rdkit.Chem.rdchem.Mol object at 0x7fdcf48face0>
COC(=O)Nc1c(N)nc(-c2nn(Cc3ccccc3F)c3ncc(F)cc23)nc1N,11.84,test,<rdkit.Chem.rdchem.Mol object at 0x7fdcf48fad50>
[2H]C([2H])([2H])NC(=O)c1cnc(NC(=O)C2CC2)cc1Nc1cccc(-c2ncc(F)cn2)c1OC,11.84,test,<rdkit.Chem.rdchem.Mol object at 0x7fdcf48fadc0>
OC[C@H]1O[C@@](CO)(O[C@H]2O[C@H](CO)[C@@H](O)[C@H](O)[C@H]2O)[C@@H](O)[C@@H]1O,11.84,train,<rdkit.Chem.rdchem.Mol object at 0x7fdcf48fae30>
OC(C#CCN1CCCC1)(c1ccccc1)c1ccccc1,11.84,train,<rdkit.Chem.rdchem.Mol object at 0x7fdcf48faea0>
CCNNC(=O)[C@@H]1[C@H](c2cc(OC)c(OC)c(OC)c2)c2cc3c(cc2[C@H](O)[C@H]1CO)OCO3,11.84,train,<rdkit.Chem.rdchem.Mol object at 0x7fdcf48faf10>
CC(=O)O[C@H]1C(=O)[C@@]2(C)[C@H]([C@H](OC(=O)c3ccccc3)[C@]34OC(=O)O[C@H]3[C@H](OC(=O)[C@H](O)[C@H](CC(C)C)NC(=O)OC(C)(C)C)C(C)=C1C4(C)C)[C@]1(OC(C)=O)CO[C@@H]1C[C@@H]2O,11.84,train,<rdkit.Chem.rdchem.Mol object at 0x7fdcf48faf80>
O=C1CN(/N=C/c2ccc([N+](=O)[O-])o2)C(=O)N1CO,11.84,train,<rdkit.Chem.rdchem.Mol object at 0x7fdcf48faff0>
NC(=O)C1(NC(=O)[C@H](Cc2ccccc2)NC(=O)[C@@H](Cc2c[nH]c3ccccc23)NC(=O)[C@@H](Cc2csc3ccccc23)NC(=O)C2CCNCC2)CCNCC1,11.84,train,<rdkit.Chem.rdchem.Mol object at 0x7fdcf48fb060>
O=C1NCN(c2ccccc2)C12CCN(CCCOc1ccc(F)cc1)CC2,11.85,train,<rdkit.Chem.rdchem.Mol object at 0x7fdcf48fb0d0>
C/C=C(/CC)C(=O)NC(N)=O,11.85,train,<rdkit.Chem.rdchem.Mol object at 0x7fdcf48fb1b0>
O=C1CN(/N=C/C=C/c2ccc([N+](=O)[O-])o2)C(=O)N1CO,11.85,train,<rdkit.Chem.rdchem.Mol object at 0x7fdcf48fb220>
CC[C@@H]1SC2(CCN(C)CC2)NC1=O,11.85,train,<rdkit.Chem.rdchem.Mol object at 0x7fdcf48fb290>
COc1ccc([C@@H]2Sc3ccccc3N(CCN(C)C)C(=O)[C@@H]2OC(=O)c2cccnc2)cc1,11.85,train,<rdkit.Chem.rdchem.Mol object at 0x7fdcf48fb370>
CCN(CC)CCN1C(=O)c2c(c3c4cccc(Cl)c4n([C@@H]4O[C@H](CO)[C@@H](OC)[C@H](O)[C@H]4O)c3c3[nH]c4c(Cl)cccc4c23)C1=O,11.86,train,<rdkit.Chem.rdchem.Mol object at 0x7fdcf48fb3e0>
O=C(NOCCO)c1cc(CN2OCCCC2=O)c(F)c(F)c1Nc1ccc(I)cc1F,11.87,train,<rdkit.Chem.rdchem.Mol object at 0x7fdcf48fb530>
CN[C@@H](C)C(=O)N[C@H](C(=O)N1CCC[C@H]1c1nc(C(=O)c2ccc(F)cc2)cs1)C1CCCCC1,11.87,train,<rdkit.Chem.rdchem.Mol object at 0x7fdcf48fb5a0>
COc1cc(OC)c(F)c(COc2cnc(Nc3cnn(CCO)c3)nc2)c1F,11.87,train,<rdkit.Chem.rdchem.Mol object at 0x7fdcf48fb610>
NC(=O)c1ncn([C@@H]2O[C@H](CO)[C@@H](O)[C@H]2O)n1,11.88,train,<rdkit.Chem.rdchem.Mol object at 0x7fdcf48fb680>
O=C1Cc2cc3c(CCC4CCN(Cc5ccccc5)CC4)noc3cc2N1,11.88,train,<rdkit.Chem.rdchem.Mol object at 0x7fdcf48fb760>
CC(C)(C)c1ccc2c(c1)CC[C@H]2NC(=O)Nc1cccc2[nH]ncc12,11.88,train,<rdkit.Chem.rdchem.Mol object at 0x7fdcf48fb7d0>
NC(=O)C1CN(CCCCC(c2ccc(F)cc2)c2ccc(F)cc2)CCN1CC(=O)Nc1c(Cl)cc(N)cc1Cl,11.89,test,<rdkit.Chem.rdchem.Mol object at 0x7fdcf48fb840>
CC(C)(N)C(=O)N[C@H](COCc1ccccc1)C(=O)N1CCC2(CC1)CN(S(C)(=O)=O)c1ccccc12,11.89,train,<rdkit.Chem.rdchem.Mol object at 0x7fdcf48fb8b0>
CCCc1cc(C(N)=S)ccn1,11.89,train,<rdkit.Chem.rdchem.Mol object at 0x7fdcf48fb920>
CCc1cc(C(N)=S)ccn1,11.89,train,<rdkit.Chem.rdchem.Mol object at 0x7fdcf48fb990>
O=C1CN(/N=C/c2ccc([N+](=O)[O-])o2)C(=O)N1CN1CCOCC1,11.89,train,<rdkit.Chem.rdchem.Mol object at 0x7fdcf48fba00>
O=C1CCc2ccc(OCCCCN3CCN(c4cccc5ccccc45)CC3)nc2N1,11.89,train,<rdkit.Chem.rdchem.Mol object at 0x7fdcf48fba70>
CCCNc1nc(Nc2ccc(C#N)cc2)ncc1C#CCCCNC(=O)[C@H](C)N(C)C(=O)/C=C/CN(C)C,11.9,test,<rdkit.Chem.rdchem.Mol object at 0x7fdcf48fbae0>
NC(=O)c1cc([N+](=O)[O-])cc([N+](=O)[O-])c1,11.9,train,<rdkit.Chem.rdchem.Mol object at 0x7fdcf48fbb50>
CC(=O)O[C@H]1C(=O)[C@@]2(C)[C@H]([C@H](OC(=O)c3ccccc3)[C@]3(O)C[C@H](OC(=O)[C@H](O)[C@@H](NC(=O)c4ccccc4)c4ccccc4)C(C)=C1C3(C)C)[C@]1(OC(C)=O)CO[C@@H]1C[C@@H]2O,11.9,train,<rdkit.Chem.rdchem.Mol object at 0x7fdcf48fbbc0>
CC(=O)O[C@@]12CO[C@@H]1C[C@H](O)[C@@]1(C)C(=O)[C@H](O)C3=C(C)[C@@H](OC(=O)[C@H](O)[C@@H](NC(=O)OC(C)(C)C)c4ccccc4)C[C@@](O)([C@@H](OC(=O)c4ccccc4)[C@H]21)C3(C)C,11.9,train,<rdkit.Chem.rdchem.Mol object at 0x7fdcf48fbc30>
CC1CN(/N=C/c2ccc([N+](=O)[O-])o2)C(=O)N1,11.9,train,<rdkit.Chem.rdchem.Mol object at 0x7fdcf48fbd10>
Cc1cc(C)c2nc(-c3cnc(NCCCC4CCN(C)CC4)nc3C)[nH]c2c1,11.9,train,<rdkit.Chem.rdchem.Mol object at 0x7fdcf48fbd80>
OC[C@H]1O[C@H](O[C@H]2O[C@H](CO)[C@@H](O)[C@H](O)[C@H]2O)[C@H](O)[C@@H](O)[C@@H]1O,11.91,train,<rdkit.Chem.rdchem.Mol object at 0x7fdcf48fbdf0>
CCCCCCCCCCCC(=O)N(C)CC[N+](C)(C)CC(=O)Nc1ccccc1,11.91,train,<rdkit.Chem.rdchem.Mol object at 0x7fdcf48fbe60>
CC(C)[C@H](O)C(=O)N[C@@H](C)C(=O)N[C@@H]1C(=O)N(C)CCc2ccccc21,11.91,train,<rdkit.Chem.rdchem.Mol object at 0x7fdcf48fc040>
CC(C)(C)Cn1c(N)nc2ccc(-c3[nH]c(C(C)(C)C)nc3-c3ccc(F)cc3)nc21,11.91,train,<rdkit.Chem.rdchem.Mol object at 0x7fdcf48fc0b0>
COC(=O)N[C@H](C(=O)N[C@@H](Cc1ccccc1)[C@@H](O)CN(Cc1ccc(-c2ccccn2)cc1)NC(=O)[C@@H](NC(=O)OC)C(C)(C)C)C(C)(C)C,11.92,train,<rdkit.Chem.rdchem.Mol object at 0x7fdcf48fc190>
C[C@@H]1CN(Cc2ccc(F)cc2)CCN1C(=O)COc1ccc(Cl)cc1NC(N)=O,11.92,train,<rdkit.Chem.rdchem.Mol object at 0x7fdcf48fc200>
C/C(=C/CCN1CCC2(CC1)C(=O)NCN2c1ccccc1)c1ccc(F)cc1,11.92,train,<rdkit.Chem.rdchem.Mol object at 0x7fdcf48fc270>
CSC[C@H](NC(=O)[C@H](Cc1ccccc1)NC(=O)N1CCOCC1)C(=O)N[C@@H](CC1CCCCC1)[C@@H](O)C(=O)OC(C)C,11.93,train,<rdkit.Chem.rdchem.Mol object at 0x7fdcf48fc2e0>
CC(=O)C(=O)N[C@@H]1/C=C(C)/C=C/[C@@H](OC(=O)N2CCN(C)CC2)C/C=C(C)/C=C/[C@@H](O)C[C@H]2OC(=O)[C@]1(C)C(=O)[C@@H]2C,11.93,train,<rdkit.Chem.rdchem.Mol object at 0x7fdcf48fc350>
[N-]=[N+]=NCC(=O)N[C@H](CO)[C@H](O)c1ccc([N+](=O)[O-])cc1,11.94,train,<rdkit.Chem.rdchem.Mol object at 0x7fdcf48fc430>
C[C@@H]1CC[C@@]2(OC1)O[C@H]1C[C@H]3[C@@H]4CC[C@H]5C[C@@H](O[C@@H]6O[C@H](CO)[C@@H](O[C@@H]7O[C@H](CO)[C@@H](O)[C@H](O)[C@H]7O)[C@H](O)[C@H]6O)CC[C@]5(C)[C@H]4CC[C@]3(C)[C@H]1[C@@H]2C,11.94,train,<rdkit.Chem.rdchem.Mol object at 0x7fdcf48fc4a0>
C[C@@H]1CC[C@@]2(OC1)O[C@H]1C[C@H]3[C@@H]4CC[C@H]5C[C@@H](O[C@@H]6O[C@H](CO)[C@@H](O[C@@H]7O[C@H](CO)[C@@H](O)[C@H](O)[C@H]7O)[C@H](O)[C@H]6O)CC[C@]5(C)[C@H]4C(=O)C[C@]3(C)[C@H]1[C@@H]2C,11.94,train,<rdkit.Chem.rdchem.Mol object at 0x7fdcf48fc510>
CN[C@@H]1[C@H](O[C@H]2[C@H](O[C@H]3[C@H](O)[C@@H](O)[C@H](OC(N)=O)[C@@H](O)[C@@H]3NC(=N)N)O[C@@H](C)[C@]2(O)CO)O[C@@H](CO)[C@H](O)[C@H]1O,11.94,train,<rdkit.Chem.rdchem.Mol object at 0x7fdcf48fc580>
Cc1cc(-c2ncc(CC(=O)Nc3ccc(-c4cnccn4)cn3)cc2C)ccn1,11.94,train,<rdkit.Chem.rdchem.Mol object at 0x7fdcf48fc5f0>
C[C@@H]1CCC[C@H](n2cnc(-c3cc(Cl)ccc3-n3cc(Cl)nn3)cc2=O)c2cc(ccn2)-c2c(cnn2C(F)F)NC1=O,11.94,train,<rdkit.Chem.rdchem.Mol object at 0x7fdcf48fc660>
OC1(c2cccc(Cl)c2)C2=NCCCN2c2ccccc21,11.95,test,<rdkit.Chem.rdchem.Mol object at 0x7fdcf48fc6d0>
C[C@](O)(COc1ccc(C#N)cc1)C(=O)Nc1ccc(C#N)c(C(F)(F)F)c1,11.95,test,<rdkit.Chem.rdchem.Mol object at 0x7fdcf48fc740>
Cc1cc(C[C@@H](NC(=O)N2CCC3(CC2)OC(=O)Nc2ncccc23)C(=O)N[C@@H](CC2CCNCC2)C(=O)N2CCN(c3ccncc3)CC2)cc2cn[nH]c12,11.95,test,<rdkit.Chem.rdchem.Mol object at 0x7fdcf48fc7b0>
CN[C@@H]1[C@@H](O)[C@@H](O[C@@H]2[C@@H](O)[C@H](O[C@H]3O[C@H](CN)[C@@H](O)[C@H](O)[C@H]3O)[C@@H](N)C[C@H]2NC(=O)[C@@H](O)CN)OC[C@]1(C)O,11.95,train,<rdkit.Chem.rdchem.Mol object at 0x7fdcf48fc820>
CN1CCN(CCCCN2C(=O)CN(/N=C/c3ccc(-c4ccc(Cl)cc4)o3)C2=O)CC1,11.95,train,<rdkit.Chem.rdchem.Mol object at 0x7fdcf48fc900>
CO[C@H]1C(=O)[C@]2(C)[C@@H](OC)C[C@H]3OC[C@@]3(OC(C)=O)[C@H]2[C@H](OC(=O)c2ccccc2)[C@]2(O)C[C@H](OC(=O)[C@H](O)[C@@H](NC(=O)OC(C)(C)C)c3ccccc3)C(C)=C1C2(C)C,11.96,train,<rdkit.Chem.rdchem.Mol object at 0x7fdcf48fc970>
CC(=O)O[C@@H]1/C=C/C(C)=C/C[C@H](O)/C=C/C(C)=C/[C@@H](NC(=O)C(C)=O)[C@]2(C)C(=O)O[C@H](C1)[C@@H](C)C2=O,11.97,test,<rdkit.Chem.rdchem.Mol object at 0x7fdcf48fc9e0>
Cc1ccnc(NC(=O)C(C)c2cccc(C(=O)c3ccccc3)c2)c1,11.97,train,<rdkit.Chem.rdchem.Mol object at 0x7fdcf48fcac0>
CC(=O)Nc1cnn2c(C)nc3ccccc3c12,11.97,train,<rdkit.Chem.rdchem.Mol object at 0x7fdcf48fcb30>
O=C(NOC[C@H](O)CO)c1ccc(F)c(F)c1Nc1ccc(I)cc1F,11.97,train,<rdkit.Chem.rdchem.Mol object at 0x7fdcf48fcba0>
O=C(Nc1cnccc1Cl)N1CCN(Cc2ccc3c(c2)OC(F)(F)O3)CC1,11.98,train,<rdkit.Chem.rdchem.Mol object at 0x7fdcf48fcc80>
CN(C)C(=O)c1nc(CNC(=O)CN)n(-c2ccc(Cl)cc2C(=O)c2ccccc2Cl)n1,11.99,test,<rdkit.Chem.rdchem.Mol object at 0x7fdcf48fcd60>
CC1CC(OC(=O)C(O)c2ccccc2)CC(C)(C)C1,11.99,train,<rdkit.Chem.rdchem.Mol object at 0x7fdcf48fcdd0>
O=C1NCN(c2ccccc2)C12CCN(CCCC(c1ccc(F)cc1)c1ccc(F)cc1)CC2,11.99,train,<rdkit.Chem.rdchem.Mol object at 0x7fdcf48fce40>
O=C[C@H](O)[C@@H](O)[C@@H](CO)O[C@@H]1O[C@H](CO)[C@H](O)[C@H](O)[C@H]1O,11.99,train,<rdkit.Chem.rdchem.Mol object at 0x7fdcf48fcf20>
O=C(CCCCCCCCCCNC(=O)[C@H](O)[C@@H](O)[C@H](O)[C@H](O)CO)Nc1ccccc1[C@@H](Nc1ccccn1)[C@H](c1ccccn1)[C@H](O)c1ccccc1,11.99,train,<rdkit.Chem.rdchem.Mol object at 0x7fdcf48fcf90>
COC[C@@H](NC(=O)N1CC(=O)Nc2cc(OC)cnc21)c1ccc(OC(F)(F)F)c(F)c1,11.99,train,<rdkit.Chem.rdchem.Mol object at 0x7fdcf48fd070>
CC(C)[C@H](N)C(=O)OCCOCn1cnc2c(=O)nc(N)[nH]c21,11.99,train,<rdkit.Chem.rdchem.Mol object at 0x7fdcf48fd0e0>
Cc1cnc2c(c1)CCCC2C(N)=S,12.0,train,<rdkit.Chem.rdchem.Mol object at 0x7fdcf48fd1c0>
CCc1ccc(Cc2ccc3c(c2)[C@]2(OC3)O[C@H](CO)[C@@H](O)[C@H](O)[C@H]2O)cc1,12.0,train,<rdkit.Chem.rdchem.Mol object at 0x7fdcf48fd2a0>
NCCCC[C@H](NC(=O)C1CCCC1)C(=O)COc1c(F)ccc(F)c1F,12.01,test,<rdkit.Chem.rdchem.Mol object at 0x7fdcf48fd310>
CCN(CC)CCOC(=O)[C@@H]1N2C(=O)[C@@H](NC(=O)Cc3ccccc3)[C@H]2SC1(C)C,12.01,train,<rdkit.Chem.rdchem.Mol object at 0x7fdcf48fd3f0>
Cc1ccnc2c1CCCC2C(N)=S,12.01,train,<rdkit.Chem.rdchem.Mol object at 0x7fdcf48fd460>
O=C(NOCC1CC1)c1ccc(F)c(F)c1Nc1ccc(I)cc1Cl,12.01,train,<rdkit.Chem.rdchem.Mol object at 0x7fdcf48fd4d0>
CCC[N+]12[C@H](O)[C@@H](CC)[C@@H]3C[C@H]1[C@@H]1N(C)c4ccccc4[C@]14C[C@H]2[C@@H]3[C@H]4O,12.01,train,<rdkit.Chem.rdchem.Mol object at 0x7fdcf48fd540>
O=C(NCc1ncccc1F)c1coc(CCNCCc2nc3ccccc3[nH]2)n1,12.01,train,<rdkit.Chem.rdchem.Mol object at 0x7fdcf48fd5b0>
NC[C@@H]1O[C@H](O[C@H]2[C@@H](O)[C@H](O[C@@H]3[C@@H](O)[C@H](N)C[C@H](N)[C@H]3O[C@H]3O[C@H](CO)[C@@H](O)C[C@H]3N)O[C@@H]2CO)[C@H](N)[C@@H](O)[C@@H]1O[C@H]1O[C@H](CO)[C@@H](O)[C@H](O)[C@@H]1O,12.02,train,<rdkit.Chem.rdchem.Mol object at 0x7fdcf48fd620>
CC(=O)N[C@@H]1CCC[C@H](C(=O)Nc2cc(-c3cnn4c3CC(C)(C)C4)c(Cl)cn2)C1,12.02,train,<rdkit.Chem.rdchem.Mol object at 0x7fdcf48fd700>
NC(=O)c1ccc([N+](=O)[O-])cc1Cl,12.03,test,<rdkit.Chem.rdchem.Mol object at 0x7fdcf48fd770>
CCOC(=O)C1=C(c2ccc(-n3c(C)nc4cnccc43)cc2)NC(C)=C(C(=O)Nc2ccccn2)[C@H]1c1ccccc1Cl,12.04,train,<rdkit.Chem.rdchem.Mol object at 0x7fdcf48fd8c0>
CCC(=O)O[C@H]1C[C@H]2OC[C@@]2(OC(C)=O)C2[C@H](OC(=O)c3ccccc3)[C@]3(O)C[C@H](OC(=O)[C@H](O)[C@@H](CC(=O)OC(C)(C)C)c4ccco4)C(C)=C([C@@H](O)C(=O)[C@@]21C)C3(C)C,12.04,train,<rdkit.Chem.rdchem.Mol object at 0x7fdcf48fd930>
COc1ccc(C[C@H](NC(=O)CC(C)(C)N)C(=O)N[C@@H](Cc2c[nH]cn2)C(=O)N[C@@H](CC2CCCCC2)[C@@H](O)[C@@H](O)CC(C)C)cc1,12.05,test,<rdkit.Chem.rdchem.Mol object at 0x7fdcf48fd9a0>
CN[C@@H]1[C@@H](O)[C@@H](O[C@@H]2[C@@H](O)[C@H](O[C@H]3O[C@H](CN)[C@@H](O)[C@H](O)[C@H]3O)[C@@H](N)C[C@H]2N)OC[C@]1(C)O,12.05,test,<rdkit.Chem.rdchem.Mol object at 0x7fdcf48fda10>
COc1ccc(CCNCC(O)COc2ccc(OCC(C)=O)c3c2CCC(=O)N3)cc1OC,12.05,train,<rdkit.Chem.rdchem.Mol object at 0x7fdcf48fdaf0>
CSCCC(NC(C)=O)C(=O)Oc1ccc(NC(C)=O)cc1,12.05,train,<rdkit.Chem.rdchem.Mol object at 0x7fdcf48fdb60>
NC[C@@H]1O[C@@H](O[C@H]2[C@H](O)[C@@H](O[C@H]3O[C@H](CO)[C@@H](O)[C@H](N)[C@H]3O)[C@H](N)C[C@@H]2N)[C@@H](O)[C@H](O)[C@H]1O,12.05,train,<rdkit.Chem.rdchem.Mol object at 0x7fdcf48fdbd0>
NCC[C@H](O)CN[C@@H]1C[C@H](N)[C@@H](O[C@H]2O[C@H](CN)[C@@H](O)[C@H](O)[C@H]2O)[C@H](O)[C@H]1O[C@H]1O[C@H](CO)[C@@H](O)[C@H](N)[C@H]1O,12.05,train,<rdkit.Chem.rdchem.Mol object at 0x7fdcf48fdc40>
OCC(O)[C@@H](O)[C@H](O)[C@H](O)CO[C@H]1O[C@H](CO)[C@@H](O)[C@H](O)[C@H]1O,12.06,test,<rdkit.Chem.rdchem.Mol object at 0x7fdcf48fdcb0>
O=P1(N(CCCl)CCCl)NC(O)CCO1,12.07,train,<rdkit.Chem.rdchem.Mol object at 0x7fdcf48fdd20>
CC(C)(C)c1nc(N2CCN(CCCSc3nccc(O)n3)CC2)cc(C(F)(F)F)n1,12.07,train,<rdkit.Chem.rdchem.Mol object at 0x7fdcf48fde00>
CCc1nc2c(N)nc3ccccc3c2n1CCCCNS(C)(=O)=O,12.07,train,<rdkit.Chem.rdchem.Mol object at 0x7fdcf48fde70>
CC(=O)SC[C@@H](Cc1ccc2c(c1)OCO2)C(=O)N[C@@H](C)C(=O)OCc1ccccc1,12.08,train,<rdkit.Chem.rdchem.Mol object at 0x7fdcf48fdf50>
CC(=O)N1CC2(CCN(C(=O)[C@@H](CCCCN)NC(=O)[C@@H](CC(C)C)NC(=O)[C@@H](Cc3ccccc3)NC(=O)[C@H](N)Cc3ccccc3)CC2)C1,12.08,train,<rdkit.Chem.rdchem.Mol object at 0x7fdcf48fe030>
COC(=O)C[C@](O)(CCCC(C)(C)O)C(=O)O[C@@H]1C(OC)=C[C@]23CCCN2CCc2cc4c(cc2[C@H]13)OCO4,12.09,train,<rdkit.Chem.rdchem.Mol object at 0x7fdcf48fe0a0>
COc1ccccc1OC(=O)CNC(=O)Cc1ccc(C(=O)c2ccc(C)cc2)n1C,12.1,train,<rdkit.Chem.rdchem.Mol object at 0x7fdcf48fe110>
OC[C@@H](O)[C@@H](O[C@@H]1O[C@H](CO)[C@H](O)[C@H](O)[C@H]1O)[C@H](O)[C@@H](O)CO,12.1,train,<rdkit.Chem.rdchem.Mol object at 0x7fdcf48fe180>
OC[C@@H](O)[C@@H](O[C@H]1O[C@H](CO)[C@@H](O)[C@H](O)[C@H]1O)[C@H](O)[C@@H](O)CO,12.1,train,<rdkit.Chem.rdchem.Mol object at 0x7fdcf48fe1f0>
O=C(Nc1nc(-c2ccccc2)cs1)OCC(Cl)(Cl)Cl,12.11,train,<rdkit.Chem.rdchem.Mol object at 0x7fdcf48fe260>
CCCOc1ccc2nc(NC(=O)OC)sc2c1,12.11,train,<rdkit.Chem.rdchem.Mol object at 0x7fdcf48fe2d0>
C[C@H]1[C@@H](O)O[C@@H]2O[C@]3(C)CC[C@H]4[C@H](C)CC[C@@H]1[C@@]24OO3,12.11,train,<rdkit.Chem.rdchem.Mol object at 0x7fdcf48fe3b0>
C=C1C[C@H]2[C@@H]3CCC4=CC(=O)C=C[C@]4(C)[C@@]3(F)[C@@H](O)C[C@]2(C)[C@@]1(O)C(=O)CO,12.11,train,<rdkit.Chem.rdchem.Mol object at 0x7fdcf48fe420>
COc1c(Nc2ccc(S(C)(=O)=O)nc2C)ncnc1OC1CCN(C(=O)OC(C)C)CC1,12.12,test,<rdkit.Chem.rdchem.Mol object at 0x7fdcf48fe490>
C=C1C[C@H]2[C@@H]3CCC4=CC(=O)C=C[C@]4(C)[C@H]3[C@@H](O)C[C@]2(C)[C@@]1(O)C(=O)CO,12.12,train,<rdkit.Chem.rdchem.Mol object at 0x7fdcf48fe500>
C=C1C[C@H]2[C@@H]3C=CC4=CC(=O)CC[C@]4(C)[C@H]3[C@@H](O)C[C@]2(C)[C@@]1(O)C(=O)CO,12.12,train,<rdkit.Chem.rdchem.Mol object at 0x7fdcf48fe570>
Cc1ncc(OC[C@@]2(c3cccc(F)c3)C[C@H]2C(=O)Nc2ccc(F)cn2)c(C)n1,12.12,train,<rdkit.Chem.rdchem.Mol object at 0x7fdcf48fe5e0>
Cn1nccc1Nc1nccc(-c2cc3c(s2)C(C)(C)N(CCN2CCOCC2)C3=O)n1,12.12,train,<rdkit.Chem.rdchem.Mol object at 0x7fdcf48fe650>
C/C=C(/C)C(=O)O[C@H]1C(C)=C[C@]23C(=O)[C@@H](C=C(CO)[C@@H](O)[C@]12O)[C@H]1[C@@H](C[C@H]3C)C1(C)C,12.13,train,<rdkit.Chem.rdchem.Mol object at 0x7fdcf48fe6c0>
N#C[C@@]1(c2ccc3c(N)ncnn23)O[C@H](CO)[C@@H](O)[C@H]1O,12.13,train,<rdkit.Chem.rdchem.Mol object at 0x7fdcf48fe730>
Nc1nc(=O)c(Br)c(-c2ccccc2)[nH]1,12.13,train,<rdkit.Chem.rdchem.Mol object at 0x7fdcf48fe810>
CC[N+](CC)(CC(=O)Nc1c(C)cccc1C)Cc1ccccc1,12.14,train,<rdkit.Chem.rdchem.Mol object at 0x7fdcf48fe880>
CO[C@H]1O[C@H](CN2C[C@H](O)[C@@H](O)[C@H](O)[C@H]2CO)[C@@H](O)[C@H](O)[C@H]1O,12.14,train,<rdkit.Chem.rdchem.Mol object at 0x7fdcf48fe9d0>
Cn1cnc([N+](=O)[O-])c1C[N+](C)(C)C/C=C/C(=O)Nc1cc2c(Nc3ccc(Cl)c(Br)c3)ncnc2cn1,12.14,train,<rdkit.Chem.rdchem.Mol object at 0x7fdcf48fea40>
N#Cc1ccnc(N2C(=O)CC[C@H]2C(=O)N(c2cncc(F)c2)[C@H](C(=O)NC2CC(F)(F)C2)c2ccccc2Cl)c1,12.14,train,<rdkit.Chem.rdchem.Mol object at 0x7fdcf48feab0>
NC[C@@H]1O[C@H](O[C@H]2[C@@H](O)[C@H](O[C@@H]3[C@@H](O)[C@H](N)C[C@H](N)[C@H]3O[C@H]3O[C@H](CN)[C@@H](O)[C@H](O)[C@H]3N)O[C@@H]2CO)[C@H](N)[C@@H](O)[C@@H]1O,12.15,test,<rdkit.Chem.rdchem.Mol object at 0x7fdcf48feb20>
CC(=O)c1ccc(C)cc1NC(C(N)=O)c1c(Cl)cccc1Cl,12.15,train,<rdkit.Chem.rdchem.Mol object at 0x7fdcf48feb90>
NC[C@@H]1O[C@H](O[C@H]2[C@@H](O)[C@H](O[C@@H]3[C@@H](O)[C@H](N)C[C@H](N)[C@H]3O[C@H]3O[C@H](CO)[C@@H](O)[C@H](O)[C@H]3N)O[C@@H]2CO)[C@H](N)[C@@H](O)[C@@H]1O,12.15,train,<rdkit.Chem.rdchem.Mol object at 0x7fdcf48fec00>
C[C@H](NC(=O)/C(C#N)=C/c1cccc(Br)n1)c1ccccc1,12.15,train,<rdkit.Chem.rdchem.Mol object at 0x7fdcf48fec70>
CC(=O)N1CCC2(CC1)c1cc(C#C[C@H]3O[C@H](CO)[C@@H](O)[C@H](O)[C@@H]3O)ccc1-c1ccc(C#C[C@H]3O[C@H](CO)[C@@H](O)[C@H](O)[C@@H]3O)cc12,12.15,train,<rdkit.Chem.rdchem.Mol object at 0x7fdcf48fece0>
COc1cc(Nc2nn([C@H]3COCC[C@@H]3C#N)cc2C(N)=O)cc(F)n1,12.15,train,<rdkit.Chem.rdchem.Mol object at 0x7fdcf48fed50>
NC(=O)CN1C(=O)C(c2ccccc2)c2ccccc21,12.16,test,<rdkit.Chem.rdchem.Mol object at 0x7fdcf48fedc0>
NCC[C@H](O)C(=O)N[C@@H]1C[C@H](N)[C@@H](O[C@H]2O[C@H](CN)[C@@H](O)[C@H](O)[C@H]2O)[C@H](O)[C@H]1O[C@H]1O[C@H](CO)[C@@H](O)[C@H](N)[C@H]1O,12.16,train,<rdkit.Chem.rdchem.Mol object at 0x7fdcf48fee30>
O=C(CO)[C@@H](O)[C@@H](O)[C@H](O)CO,12.16,train,<rdkit.Chem.rdchem.Mol object at 0x7fdcf48feea0>
CCCCCCCCCCCCCCCCCCCCCCCCCC(=O)N[C@@H](CO[C@H]1O[C@H](CO)[C@H](O)[C@H](O)[C@H]1O)[C@H](O)[C@H](O)CCCCCCCCCCCCCC,12.16,train,<rdkit.Chem.rdchem.Mol object at 0x7fdcf48fef10>
CCCCCCCCCCCCCCCCCCCCCCCC(=O)N[C@@H](CO[C@H]1O[C@H](CNC(C)=O)[C@H](O)[C@H](O)[C@H]1O)[C@H](O)[C@H](O)CCCCCCCCCCCCCC,12.16,train,<rdkit.Chem.rdchem.Mol object at 0x7fdcf48fef80>
Cc1c(N[C@@H](c2nnc(-c3ccc(C#N)cc3)o2)[C@H](C)O)ccc(C#N)c1Cl,12.17,test,<rdkit.Chem.rdchem.Mol object at 0x7fdcf48feff0>
NC[C@H]1O[C@H](O[C@H]2[C@H](O[C@@H]3O[C@H](CO)[C@@H](O)[C@H]3O)[C@@H](O)[C@H](N)C[C@@H]2N)[C@H](N)[C@@H](O)[C@@H]1O,12.17,train,<rdkit.Chem.rdchem.Mol object at 0x7fdcf48ff060>
Cc1c(-c2ccnn2C)cc(C(=O)NCc2ccc(S(C)(=O)=O)cn2)c(=O)n1-c1cccc(C(F)(F)F)c1,12.17,train,<rdkit.Chem.rdchem.Mol object at 0x7fdcf48ff0d0>
CN(C)C/C=C/C(=O)Nc1cc2c(Nc3ccc(Cl)c(Br)c3)ncnc2cn1,12.17,train,<rdkit.Chem.rdchem.Mol object at 0x7fdcf48ff140>
O=C(/C=C\n1cnc(-c2cc(C(F)(F)F)cc(C(F)(F)F)c2)n1)NNc1cnccn1,12.17,train,<rdkit.Chem.rdchem.Mol object at 0x7fdcf48ff220>
C=CC(=O)Nc1cc(Nc2nccc(-c3cn(C)c4ccccc34)n2)c(OCC(F)(F)F)nc1N(C)CCN(C)C,12.17,train,<rdkit.Chem.rdchem.Mol object at 0x7fdcf48ff290>
O=P(NCCCl)(NCCCl)O[C@@H]1O[C@H](CO)[C@@H](O)[C@H](O)[C@H]1O,12.18,train,<rdkit.Chem.rdchem.Mol object at 0x7fdcf48ff300>
C=C1CC[C@@H]2[C@](C)(CO[C@@H]3O[C@H](CO)[C@@H](O)[C@H](O)[C@H]3O)CCC[C@@]2(C)[C@@H]1CCC1=CCOC1=O,12.18,train,<rdkit.Chem.rdchem.Mol object at 0x7fdcf48ff370>
CN[C@@H](C)C(=O)N[C@H]1CN(C(=O)CC(C)C)CC[C@H]2CC[C@@H](C(=O)NC(c3ccccc3)c3ccccc3)N2C1=O,12.18,train,<rdkit.Chem.rdchem.Mol object at 0x7fdcf48ff4c0>
CCc1cc2c(cc1N1CCC(N3CCOCC3)CC1)C(C)(C)c1[nH]c3cc(C#N)ccc3c1C2=O,12.18,train,<rdkit.Chem.rdchem.Mol object at 0x7fdcf48ff530>
Cc1c(CO)[n+]([O-])c2ccccc2[n+]1[O-],12.19,train,<rdkit.Chem.rdchem.Mol object at 0x7fdcf48ff5a0>
CN1N=C2CCN(C(=O)[C@@H](COCc3ccccc3)NC(=O)C(C)(C)N)C[C@@]2(Cc2ccccc2)C1=O,12.19,train,<rdkit.Chem.rdchem.Mol object at 0x7fdcf48ff680>
Cc1cccc(C)c1N(CC(=O)Nc1ccc(-c2ncon2)cc1)C(=O)C1CCS(=O)(=O)CC1,12.19,train,<rdkit.Chem.rdchem.Mol object at 0x7fdcf48ff6f0>
C#Cc1cccc(-c2cc(=O)n(C)c3ccc([C@](O)(c4ccc(Cl)cc4)c4cncn4C)cc23)c1,12.19,train,<rdkit.Chem.rdchem.Mol object at 0x7fdcf48ff760>
CO[C@H]1O[C@H](CNC(=O)N(CCCl)N=O)[C@@H](O)[C@H](O)[C@H]1O,12.2,test,<rdkit.Chem.rdchem.Mol object at 0x7fdcf48ff840>
COc1c(O[C@@H]2O[C@H](CO)[C@@H](O)[C@H](O)[C@H]2O)cc2c(c1OC)-c1ccc(SC)c(=O)cc1C(NC(C)=O)CC2,12.2,test,<rdkit.Chem.rdchem.Mol object at 0x7fdcf48ff8b0>
OCc1ccccc1O[C@@H]1O[C@H](CO)[C@@H](O)[C@H](O)[C@H]1O,12.2,train,<rdkit.Chem.rdchem.Mol object at 0x7fdcf48ff990>
CCOC(=O)OC[C@H]1O[C@@H](Oc2ccccc2Cc2ccc(OC)cc2)[C@H](O)[C@@H](O)[C@@H]1O,12.2,train,<rdkit.Chem.rdchem.Mol object at 0x7fdcf48ffa00>
Cc1c(Cc2ccc(OC(C)C)cc2)c(O[C@@H]2O[C@H](CO)[C@@H](O)[C@H](O)[C@H]2O)nn1C(C)C,12.2,train,<rdkit.Chem.rdchem.Mol object at 0x7fdcf48ffa70>
CCOC(=O)OC[C@H]1O[C@@H](Oc2nn(C(C)C)c(C)c2Cc2ccc(OC(C)C)cc2)[C@H](O)[C@@H](O)[C@@H]1O,12.2,train,<rdkit.Chem.rdchem.Mol object at 0x7fdcf48ffae0>
O=C1Cc2cc(CCN3CCN(c4nsc5ccccc45)CC3)c(Cl)cc2N1,12.21,test,<rdkit.Chem.rdchem.Mol object at 0x7fdcf48ffbc0>
COc1c2ccoc2cc2oc(CO[C@@H]3O[C@H](CO)[C@@H](O)[C@H](O)[C@H]3O)cc(=O)c12,12.21,train,<rdkit.Chem.rdchem.Mol object at 0x7fdcf48ffca0>
C=C1C[C@H]2[C@@H]3CCC4=CC(=O)CC[C@@H]4[C@H]3CC[C@]2(C)[C@@]1(O)C(C)=O,12.21,train,<rdkit.Chem.rdchem.Mol object at 0x7fdcf48ffd80>
CCN(CC)CCN(CC)CC(=O)Nc1ccccc1Cl,12.22,train,<rdkit.Chem.rdchem.Mol object at 0x7fdcf48ffe60>
C[C@@H]1O[C@@H](O[C@@H]2C=C3CC[C@@H]4[C@H](CC[C@]5(C)[C@@H](c6ccc(=O)oc6)CC[C@]45O)[C@@]3(C)CC2)[C@H](O)[C@H](O)[C@H]1O,12.22,train,<rdkit.Chem.rdchem.Mol object at 0x7fdcf48ffed0>
Cc1cc(-c2ncnn2C)c2cccc(OCc3c(Cl)cc(F)cc3[C@H](C)NC(=O)COC(F)F)c2n1,12.22,train,<rdkit.Chem.rdchem.Mol object at 0x7fdcf4900040>
CN1CCC(C(=O)c2cccc(NC(=O)c3c(F)cc(F)cc3F)n2)CC1,12.23,train,<rdkit.Chem.rdchem.Mol object at 0x7fdcf4900120>
Cc1cn(-c2cc(NC(=O)c3ccc(C)c(Nc4nccc(-c5cnccn5)n4)c3)cc(C(F)(F)F)c2)cn1,12.23,train,<rdkit.Chem.rdchem.Mol object at 0x7fdcf4900190>
Cc1cc(Nc2nc(C(O)c3ccc(F)cc3)nc3ccccc23)n[nH]1,12.23,train,<rdkit.Chem.rdchem.Mol object at 0x7fdcf4900200>
CN1CCC(C(=O)c2cccc(NC(=O)c3c(F)cc(F)cc3F)n2)CC1.CN1CCC(C(=O)c2cccc(NC(=O)c3c(F)cc(F)cc3F)n2)CC1.O=C(O)CCC(=O)O,12.23,train,<rdkit.Chem.rdchem.Mol object at 0x7fdcf4900270>
O=C1CN=C(c2ccccn2)c2cc(Br)ccc2N1,12.24,test,<rdkit.Chem.rdchem.Mol object at 0x7fdcf4900350>
Cc1c(NC(=O)OC[C@@H]2COCCN2)cn2ncnc(Nc3ccc4c(cnn4Cc4cccc(F)c4)c3)c12,12.24,train,<rdkit.Chem.rdchem.Mol object at 0x7fdcf4900430>
CCN1Cc2c(ccc(F)c2C#N)O[C@@H](C)CNC(=O)c2c(N)nn3ccc1nc23,12.24,train,<rdkit.Chem.rdchem.Mol object at 0x7fdcf49004a0>
C[C@@H](NC(=O)c1ncnc(N)c1Cl)c1ncc(C(=O)Nc2cc(C(F)(F)F)c(Cl)cn2)s1,12.25,test,<rdkit.Chem.rdchem.Mol object at 0x7fdcf4900510>
c1ccc2[nH]cnc2c1,12.25,train,<rdkit.Chem.rdchem.Mol object at 0x7fdcf4900580>
c1ccc(Cc2nc3ccccc3[nH]2)cc1,12.25,train,<rdkit.Chem.rdchem.Mol object at 0x7fdcf49005f0>
CC[C@@H]1C(=O)N(C)c2cnc(Nc3ccc(C(=O)NC4CCN(C)CC4)cc3OC)nc2N1C1CCCC1,12.25,train,<rdkit.Chem.rdchem.Mol object at 0x7fdcf4900660>
Cc1nc2c([nH]1)-c1ccccc1N(C(=O)c1ccc(NC(=O)c3ccccc3-c3ccccc3)cc1)CC2,12.26,test,<rdkit.Chem.rdchem.Mol object at 0x7fdcf49006d0>
CO[C@@H]1[C@@H](O)[C@@H](O)[C@H](Oc2ccc(CCNC(C)=O)c(-c3cccc(F)c3)c2)OC1(C)C,12.26,test,<rdkit.Chem.rdchem.Mol object at 0x7fdcf4900740>
C[C@]12O[C@H](C[C@]1(O)CO)n1c3ccccc3c3c4c(c5c6ccccc6n2c5c31)CNC4=O,12.26,train,<rdkit.Chem.rdchem.Mol object at 0x7fdcf49007b0>
CCO[C@@H]1OC(=O)C[C@@H]1NC(=O)[C@@H]1CCCN2C(=O)CC[C@H](NC(=O)c3nccc4ccccc34)C(=O)N12,12.26,train,<rdkit.Chem.rdchem.Mol object at 0x7fdcf4900820>
O=C([C@H](O)CS(=O)(=O)c1ccc2cc(Cl)ccc2c1)N1CCC(N2CCCNC2=O)CC1,12.26,train,<rdkit.Chem.rdchem.Mol object at 0x7fdcf4900890>
C[C@H]1Cc2c([nH]c3cc(Cl)c(F)cc23)[C@@]2(N1)C(=O)Nc1ccc(Cl)cc12,12.26,train,<rdkit.Chem.rdchem.Mol object at 0x7fdcf4900900>
CCCN(CCC)CCc1cccc2c1CC(=O)N2,12.27,test,<rdkit.Chem.rdchem.Mol object at 0x7fdcf4900970>
O=C(NC1CCN(CCCCC2(C(=O)NCC(F)(F)F)c3ccccc3-c3ccccc32)CC1)c1ccccc1-c1ccc(C(F)(F)F)cc1,12.27,train,<rdkit.Chem.rdchem.Mol object at 0x7fdcf49009e0>
CONC(=N)c1ccc(CNC(=O)[C@@H]2CCN2C(=O)[C@H](O)c2cc(Cl)cc(OC(F)F)c2)cc1,12.27,train,<rdkit.Chem.rdchem.Mol object at 0x7fdcf4900a50>
COc1cc2c(cc1F)C(c1ccccc1Cl)=Nc1c(n[nH]c1C)N2,12.27,train,<rdkit.Chem.rdchem.Mol object at 0x7fdcf4900ac0>
CC[C@H]1C(=O)Nc2ccc(F)cc2N1C(=O)OC(C)C,12.28,train,<rdkit.Chem.rdchem.Mol object at 0x7fdcf4900b30>
CC[C@H](NC(=O)[C@H](C)NC)C(=O)N1C[C@@H](O)C[C@H]1Cc1c(-c2[nH]c3cc(F)ccc3c2C[C@@H]2C[C@H](O)CN2C(=O)[C@H](CC)NC(=O)[C@H](C)NC)[nH]c2cc(F)ccc12,12.28,train,<rdkit.Chem.rdchem.Mol object at 0x7fdcf4900c80>
CC1(C)CC[C@H](Nc2ncc(C(F)(F)F)c(-c3c[nH]c4c(P(C)(C)=O)c(C#N)ccc34)n2)CN1,12.28,train,<rdkit.Chem.rdchem.Mol object at 0x7fdcf4900d60>
C[C@@H]1N=C(c2ccccc2Cl)c2c(ccc(NC(=O)NC(C)(CO)CO)c2Br)N(C)C1=O,12.29,test,<rdkit.Chem.rdchem.Mol object at 0x7fdcf4900dd0>
CCn1nnc([C@H]2O[C@@H](n3cnc4c(N)nc(N[C@H](CO)Cc5ccccc5)nc43)[C@H](O)[C@@H]2O)n1,12.29,train,<rdkit.Chem.rdchem.Mol object at 0x7fdcf4900f90>
CC[C@H]1/C=C/C=C/C[C@@H](C)[C@H](O)[C@@](C)(O)C(=O)[C@@H](C)[C@H](O)[C@@H](C)C(=O)[C@@H](C)[C@H](O)[C@@H](C)/C=C/C(=O)O[C@H]2C[C@@]3(CC[C@H](C)[C@H](C[C@@H](C)O)O3)O[C@@H](CC1)[C@H]2C,12.29,train,<rdkit.Chem.rdchem.Mol object at 0x7fdcf4901000>
Cc1cc(-c2ccccc2)c(C(=O)C(=O)Nc2ccc(N3CCN(c4ncc(F)cn4)CC3)cc2)n1C,12.29,train,<rdkit.Chem.rdchem.Mol object at 0x7fdcf4901070>
O=C1CN=C(c2ccccc2)c2cc(Cl)ccc2N1,12.3,train,<rdkit.Chem.rdchem.Mol object at 0x7fdcf49010e0>
CCCCNCC(=O)Nc1c(C)cccc1Cl,12.3,train,<rdkit.Chem.rdchem.Mol object at 0x7fdcf4901150>
Clc1cccc(C(c2ccc3[nH]cnc3c2)n2ccnc2)c1,12.3,train,<rdkit.Chem.rdchem.Mol object at 0x7fdcf49011c0>
CC(C)(C(=O)N1CCOCC1)S(=O)(=O)C[C@@H](Cc1ccccc1)C(=O)N[C@@H](Cc1c[nH]cn1)C(=O)N[C@@H](CC1CCCCC1)[C@@H](O)[C@@H](O)C1CC1,12.3,train,<rdkit.Chem.rdchem.Mol object at 0x7fdcf4901230>
CC[C@H](C)[C@@H]([C@@H](CC(=O)N1CCC[C@H]1[C@H](OC)[C@@H](C)C(=O)N[C@@H](Cc1ccccc1)c1nccs1)OC)N(C)C(=O)[C@@H](NC(=O)[C@H](C(C)C)N(C)C)C(C)C,12.3,train,<rdkit.Chem.rdchem.Mol object at 0x7fdcf49012a0>
COCCNC(=O)[C@@H](NC(=O)[C@H](Cc1ccc(OC)c(OC)c1OC)C[C@H](O)[C@H](Cc1ccccc1)NC(=O)OC(C)(C)C)C(C)C,12.32,train,<rdkit.Chem.rdchem.Mol object at 0x7fdcf49013f0>
CCNC(=O)[C@H]1O[C@@H](n2cnc3c(NCC(c4ccccc4)c4ccccc4)nc(C(=O)NCCNC(=O)NC4CCN(c5ccccn5)CC4)nc32)[C@H](O)[C@@H]1O,12.32,train,<rdkit.Chem.rdchem.Mol object at 0x7fdcf4901460>
CCOC(=O)Oc1ccc(CCNC(=O)[C@H](CCSC)NC(C)=O)cc1OC(=O)OCC,12.33,train,<rdkit.Chem.rdchem.Mol object at 0x7fdcf49015b0>
CC(C)CCC(=O)CC1c2ccccc2C(=O)N1c1ccc2ccc(Cl)nc2n1,12.33,train,<rdkit.Chem.rdchem.Mol object at 0x7fdcf4901620>
CCC[C@H](C)Oc1nc(N)c2[nH]c(=O)n(CCCCCN3CCCCC3)c2n1,12.34,test,<rdkit.Chem.rdchem.Mol object at 0x7fdcf4901690>
CCCCOc1nc(N)c2[nH]c(=O)n(CCCN(CCCN3CCOCC3)Cc3cccc(CC(=O)OC)c3)c2n1,12.34,train,<rdkit.Chem.rdchem.Mol object at 0x7fdcf4901700>
CN(c1ncccc1CNc1nc(Nc2ccc3c(c2)CC(=O)N3)ncc1C(F)(F)F)S(C)(=O)=O,12.34,train,<rdkit.Chem.rdchem.Mol object at 0x7fdcf4901770>
Cc1cnc(CNC(=O)c2c(=O)c3ccc(N4CCCN(C)CC4)nc3n3c2sc2ccccc23)cn1,12.34,train,<rdkit.Chem.rdchem.Mol object at 0x7fdcf49017e0>
CC(C(=O)Nc1cc(-c2ccccc2)nn1-c1ccccc1)N(C)C,12.35,train,<rdkit.Chem.rdchem.Mol object at 0x7fdcf4901850>
CNC(=O)c1cnn(-c2nc(N)c3ncn([C@@H]4O[C@H](CO)[C@@H](O)[C@H]4O)c3n2)c1,12.35,train,<rdkit.Chem.rdchem.Mol object at 0x7fdcf49018c0>
COc1ccc(C[C@H](N)C(=O)N[C@H]2[C@@H](O)[C@H](n3cnc4c(N(C)C)ncnc43)O[C@@H]2CO)cc1,12.35,train,<rdkit.Chem.rdchem.Mol object at 0x7fdcf4901930>
O=C(CNC(=O)c1sc(C2=NO[C@@](c3cc(Cl)c(F)c(Cl)c3)(C(F)(F)F)C2)c2c1CCC2)NCC(F)F,12.35,train,<rdkit.Chem.rdchem.Mol object at 0x7fdcf49019a0>
CC(C)C[C@H](O)[C@H](O)[C@H](CC1CCCCC1)NC(=O)[C@H](Cc1cscn1)NC(=O)[C@H](Cc1ccccc1)CS(=O)(=O)N1CCN(C)CC1,12.36,test,<rdkit.Chem.rdchem.Mol object at 0x7fdcf4901a10>
CCCO[C@H]1[C@@H]([C@@H](COCc2ccc(Cl)cc2)OCc2ccc(Cl)cc2)OC(OCC)[C@@H]1O,12.36,train,<rdkit.Chem.rdchem.Mol object at 0x7fdcf4901a80>
COC1O[C@H]([C@@H](COCc2ccccc2)OCc2ccccc2)[C@H](OCc2ccccc2)[C@H]1O,12.36,train,<rdkit.Chem.rdchem.Mol object at 0x7fdcf4901b60>
CCC[C@@H]1C[C@@H](C(=O)N[C@@H]([C@H]2O[C@H](SC)[C@H](O)[C@@H](O)[C@H]2O)[C@@H](C)O)N(C)C1,12.37,test,<rdkit.Chem.rdchem.Mol object at 0x7fdcf4901bd0>
Cc1c(C(N)=O)cc([N+](=O)[O-])cc1[N+](=O)[O-],12.37,train,<rdkit.Chem.rdchem.Mol object at 0x7fdcf4901c40>
OC[C@H]1O[C@@H](n2cnc3c2N=CNC[C@H]3O)[C@H](O)[C@@H]1O,12.37,train,<rdkit.Chem.rdchem.Mol object at 0x7fdcf4901cb0>
C#C[C@H](CC(=O)OCC)NC(=O)CCC(=O)Nc1ccc(C(=N)N)cc1,12.37,train,<rdkit.Chem.rdchem.Mol object at 0x7fdcf4901d20>
CCOC(=O)[C@H]1O[C@@H]1C(=O)N[C@@H](CC(C)C)C(=O)NCCC(C)C,12.37,train,<rdkit.Chem.rdchem.Mol object at 0x7fdcf4901d90>
CCN1CCN(Cc2ccc(-c3cc4c(N[C@H](C)c5ccccc5)ncnc4[nH]3)cc2)CC1,12.37,train,<rdkit.Chem.rdchem.Mol object at 0x7fdcf4901e70>
Cc1ccc2cc(C(=O)NC3(C(=O)N[C@H](Cc4ccccc4)C(=O)NCC4CCN(CC5CCOCC5)CC4)CCCC3)sc2c1,12.37,train,<rdkit.Chem.rdchem.Mol object at 0x7fdcf4901ee0>
Cc1cn(-c2cc(NC(=O)c3ccc(C)c(Nc4nccc(-c5cccnc5)n4)c3)cc(C(F)(F)F)c2)cn1,12.38,test,<rdkit.Chem.rdchem.Mol object at 0x7fdcf4901f50>
CC(C)(CO)[C@@H](O)C(=O)NCCC(=O)NCCSSCCNC(=O)CCNC(=O)[C@H](O)C(C)(C)CO,12.38,train,<rdkit.Chem.rdchem.Mol object at 0x7fdcf4902030>
O=C(Nc1ccccc1Br)N[C@@H]1CCN(c2ccc(C(F)(F)F)cn2)C1,12.38,train,<rdkit.Chem.rdchem.Mol object at 0x7fdcf49020a0>
NC1(C(=O)N[C@@H](CCO)c2ccc(Cl)cc2)CCN(c2nc[nH]c3nccc2-3)CC1,12.38,train,<rdkit.Chem.rdchem.Mol object at 0x7fdcf4902110>
Cc1cc(C[C@@H](NC(=O)N2CCC(c3cc4ccccc4[nH]c3=O)CC2)C(=O)N2CCN(C3CCN(C)CC3)CC2)cc2cn[nH]c12,12.38,train,<rdkit.Chem.rdchem.Mol object at 0x7fdcf4902180>
NC[C@H]1O[C@H](O[C@H]2[C@H](O)[C@@H](O[C@H]3O[C@H](CO)[C@@H](O)[C@H](N)[C@H]3O)[C@H](N)C[C@@H]2N)[C@H](N)[C@@H](O)[C@@H]1O,12.39,test,<rdkit.Chem.rdchem.Mol object at 0x7fdcf49021f0>
NC[C@H]1O[C@H](O[C@H]2[C@H](O)[C@@H](O[C@H]3O[C@H](CO)[C@@H](O)[C@H](N)[C@H]3O)[C@H](NC(CO)CO)C[C@@H]2N)[C@H](N)[C@@H](O)[C@@H]1O,12.39,test,<rdkit.Chem.rdchem.Mol object at 0x7fdcf4902260>
CNC(=O)[C@H]1O[C@@H](n2cnc3c(NCc4cccc(I)c4)nc(Cl)nc32)[C@H](O)[C@@H]1O,12.39,train,<rdkit.Chem.rdchem.Mol object at 0x7fdcf4902340>
CCNC(=O)[C@H]1O[C@@H](n2cnc3c(NC4CCCC4)ncnc32)[C@H](O)[C@@H]1O,12.39,train,<rdkit.Chem.rdchem.Mol object at 0x7fdcf49023b0>
CCCNC(=O)Nc1ccc(Oc2ncnc3cc(OC)c(OC)cc23)cc1Cl,12.39,train,<rdkit.Chem.rdchem.Mol object at 0x7fdcf4902500>
COC(=O)N1CCC(CC#Cc2nc(N)c3ncn([C@@H]4O[C@H](C(=O)NC5CC5)[C@@H](O)[C@H]4O)c3n2)CC1,12.39,train,<rdkit.Chem.rdchem.Mol object at 0x7fdcf49025e0>
CN(C)C(C(=O)Nc1ccc2c(=O)[nH]ccc2c1)c1ccsc1,12.39,train,<rdkit.Chem.rdchem.Mol object at 0x7fdcf49026c0>
CCN(CC)CC(=O)Nc1c(C)cccc1C(=O)OC,12.4,train,<rdkit.Chem.rdchem.Mol object at 0x7fdcf4902730>
O=C([C@@H](O)CO)N1CC=C(c2c(F)cc(N3C[C@H](COc4ccon4)OC3=O)cc2F)CC1,12.4,train,<rdkit.Chem.rdchem.Mol object at 0x7fdcf49027a0>
CCOC(=O)[C@H](C)NP(=O)(COCCn1cnc2c(NC3CC3)nc(N)nc21)N[C@@H](C)C(=O)OCC,12.4,train,<rdkit.Chem.rdchem.Mol object at 0x7fdcf4902880>
CN1CCN(c2ccc(C(=O)Nc3n[nH]c4ccc(Cc5cc(F)cc(F)c5)cc34)c(NC3CCOCC3)c2)CC1,12.4,train,<rdkit.Chem.rdchem.Mol object at 0x7fdcf49028f0>
C[C@H](NC(=O)/C(C#N)=C/C=C/c1cccc(Br)n1)c1ccccc1,12.4,train,<rdkit.Chem.rdchem.Mol object at 0x7fdcf4902960>
CCOC(=O)[C@H](C)NP(=O)(COCCn1cnc2c(NC3CC3)nc(N)nc21)N[C@@H](C)C(=O)OCC.O=C(O)CCC(=O)O,12.4,train,<rdkit.Chem.rdchem.Mol object at 0x7fdcf49029d0>
C=CC(=O)Nc1cccc(-c2cccc3cnc(Nc4ccc(N5CCN(CCO)CC5)c(F)c4F)nc23)c1,12.4,train,<rdkit.Chem.rdchem.Mol object at 0x7fdcf4902a40>
O=c1[nH]c2cc(F)ccc2n1CCCN1CCC(n2c(=O)[nH]c3cc(Cl)ccc32)CC1,12.41,test,<rdkit.Chem.rdchem.Mol object at 0x7fdcf4902ab0>
CCC[C@@H]1C[C@@H](C(=O)N[C@@H]([C@H]2O[C@H](SC)[C@H](O)[C@@H](O)[C@H]2O)[C@H](C)Cl)N(C)C1,12.41,test,<rdkit.Chem.rdchem.Mol object at 0x7fdcf4902b20>
CC[C@H]1OC(=O)[C@H](C)[C@@H](O[C@H]2C[C@@](C)(O)[C@@H](O)[C@H](C)O2)[C@H](C)[C@@H](O[C@@H]2O[C@H](C)C[C@H](N(C)C)[C@H]2O)[C@](C)(O[C@H]2C[C@@H](N(C)C)[C@@H](O)[C@H](C)O2)C[C@@H](C)C(=O)[C@H](C)[C@@H](O)[C@]1(C)O,12.41,train,<rdkit.Chem.rdchem.Mol object at 0x7fdcf4902b90>
C[C@@H]1C[C@H]2[C@@H]3CCC4=CC(=O)C=C[C@]4(C)[C@@]3(F)[C@@H](O)C[C@]2(C)[C@@]1(O)C(=O)CO,12.42,train,<rdkit.Chem.rdchem.Mol object at 0x7fdcf4902c70>
C[C@H]1C[C@H]2[C@@H]3CCC4=CC(=O)C=C[C@]4(C)[C@@]3(F)[C@@H](O)C[C@]2(C)[C@@]1(O)C(=O)CO,12.42,train,<rdkit.Chem.rdchem.Mol object at 0x7fdcf4902ce0>
C[C@@H]1C[C@H]2[C@@H]3C[C@H](F)C4=CC(=O)C=C[C@]4(C)[C@@]3(F)[C@@H](O)C[C@]2(C)[C@@]1(O)C(=O)CO,12.42,train,<rdkit.Chem.rdchem.Mol object at 0x7fdcf4902d50>
N=C(N)c1ncn([C@@H]2O[C@H](CO)[C@@H](O)[C@H]2O)n1,12.42,train,<rdkit.Chem.rdchem.Mol object at 0x7fdcf4902dc0>
COC(=O)N[C@H](C(=O)N1CCC[C@H]1c1nc(-c2ccc3c(c2)O[C@@H](c2ccccc2)n2c-3cc3cc(-c4c[nH]c([C@@H]5CCCN5C(=O)[C@@H](NC(=O)OC)C(C)C)n4)ccc32)c[nH]1)C(C)C,12.42,train,<rdkit.Chem.rdchem.Mol object at 0x7fdcf4902ea0>
CCCCC[C@H]1CN[C@H](C(=O)N[C@H]([C@H]2O[C@H](SC)[C@H](O)[C@@H](O)[C@H]2O)[C@@H](C)Cl)C1,12.42,train,<rdkit.Chem.rdchem.Mol object at 0x7fdcf4902f10>
CC[C@H]1OC(=O)[C@H](C)[C@@H](O[C@H]2C[C@@](C)(OC)[C@@H](O)[C@H](C)O2)[C@H](C)[C@@H](O[C@@H]2O[C@H](C)C[C@H](N(C)C)[C@H]2O)[C@](C)(O)C[C@@H](C)CN(C)[C@H](C)[C@@H](O)[C@]1(C)O,12.43,train,<rdkit.Chem.rdchem.Mol object at 0x7fdcf4902f80>
CC(=O)OCC(=O)[C@@]1(O)[C@H](C)C[C@H]2[C@@H]3CCC4=CC(=O)C=C[C@]4(C)[C@@]3(F)[C@@H](O)C[C@@]21C,12.44,test,<rdkit.Chem.rdchem.Mol object at 0x7fdcf4902ff0>
CC(=O)OCC(=O)[C@@]1(O)[C@@H](C)C[C@H]2[C@@H]3CCC4=CC(=O)C=C[C@]4(C)[C@@]3(F)[C@@H](O)C[C@@]21C,12.44,train,<rdkit.Chem.rdchem.Mol object at 0x7fdcf49030d0>
C[C@@H]1C[C@H]2[C@@H]3C[C@H](F)C4=CC(=O)C=C[C@]4(C)[C@@]3(F)[C@@H](O)C[C@]2(C)[C@@]1(O)C(=O)COC(=O)C(C)(C)C,12.44,train,<rdkit.Chem.rdchem.Mol object at 0x7fdcf4903140>
C[C@@H]1C[C@H]2[C@@H]3CCC4=CC(=O)C=C[C@]4(C)[C@@]3(F)[C@@H](O)C[C@]2(C)[C@@]1(O)C(=O)COCc1ccccc1,12.44,train,<rdkit.Chem.rdchem.Mol object at 0x7fdcf49031b0>
C[C@H]1C[C@H]2[C@@H]3CCC4=CC(=O)C=C[C@]4(C)[C@H]3C(=O)C[C@]2(C)[C@@]1(O)C(=O)CO,12.44,train,<rdkit.Chem.rdchem.Mol object at 0x7fdcf4903220>
C[C@@H](NC(=O)Cc1c(Cl)ccc(NCC(F)(F)c2cccc[n+]2O)[n+]1O)c1cccc(Cl)c1,12.44,train,<rdkit.Chem.rdchem.Mol object at 0x7fdcf4903290>
CC(C)(C)NC(=O)N[C@H](C(=O)N1C[C@H]2[C@@H]([C@H]1C(=O)NC(CC1CCC1)C(=O)C(N)=O)C2(C)C)C(C)(C)C,12.44,train,<rdkit.Chem.rdchem.Mol object at 0x7fdcf4903300>
CC(=O)OCC(=O)[C@@]1(O)[C@H](C)C[C@H]2[C@@H]3CC(F)(F)C4=CC(=O)C=C[C@]4(C)[C@@]3(F)[C@@H](O)C[C@@]21C,12.44,train,<rdkit.Chem.rdchem.Mol object at 0x7fdcf4903370>
CC[C@H]1OC(=O)[C@H](C)[C@@H](O[C@H]2C[C@@](C)(OC)[C@@H](O)[C@H](C)O2)[C@H](C)[C@@H](O[C@@H]2O[C@H](C)C[C@H](N(C)C)[C@H]2O)[C@](C)(O)C[C@@H](C)C(=O)[C@H](C)[C@@H](O)[C@]1(C)O,12.45,test,<rdkit.Chem.rdchem.Mol object at 0x7fdcf49033e0>
CC1NC(=O)COC1c1ccccc1,12.45,test,<rdkit.Chem.rdchem.Mol object at 0x7fdcf4903450>
COc1nc(N)nc2c1ncn2[C@@H]1O[C@H](CO)[C@@H](O)[C@@H]1O,12.45,test,<rdkit.Chem.rdchem.Mol object at 0x7fdcf49034c0>
NC(=O)c1ncn([C@@H]2O[C@H](CO)[C@@H](O)[C@H]2O)c1N,12.45,train,<rdkit.Chem.rdchem.Mol object at 0x7fdcf4903530>
Nc1ncnc2c1ncn2[C@@H]1O[C@H](CO)[C@@H](O)[C@@H]1O,12.45,train,<rdkit.Chem.rdchem.Mol object at 0x7fdcf49035a0>
Nc1ncnc2c1ncn2[C@@H]1O[C@H](CO)[C@@H](O)[C@H]1O,12.45,train,<rdkit.Chem.rdchem.Mol object at 0x7fdcf4903680>
Nc1ncnc2c1nc(Cl)n2[C@@H]1O[C@H](CO)[C@@H](O)[C@H]1O,12.45,train,<rdkit.Chem.rdchem.Mol object at 0x7fdcf49037d0>
OC[C@H]1O[C@@H](n2cnc3c(N[C@@H]4CCOC4)ncnc32)[C@H](O)[C@@H]1O,12.45,train,<rdkit.Chem.rdchem.Mol object at 0x7fdcf4903840>
CC(C)Nc1nc2cc(Cl)c(Cl)cc2n1[C@H]1O[C@@H](CO)[C@H](O)[C@@H]1O,12.45,train,<rdkit.Chem.rdchem.Mol object at 0x7fdcf4903920>
CC[C@H]1OC(=O)[C@H](C)[C@@H](O[C@H]2C[C@@](C)(OC)[C@@H](O)[C@H](C)O2)[C@H](C)[C@@H](O[C@@H]2O[C@H](C)C[C@H](N(C)C)[C@H]2O)[C@](C)(O)C[C@@H](C)/C(=N/OC)[C@H](C)[C@@H](O)[C@]1(C)O,12.45,train,<rdkit.Chem.rdchem.Mol object at 0x7fdcf4903990>
CC[C@H]1OC(=O)[C@H](C)[C@@H](O[C@H]2C[C@@](C)(OC)[C@@H](O)[C@H](C)O2)[C@H](C)[C@@H](O[C@@H]2O[C@H](C)C[C@H](N(C)C)[C@H]2O)[C@](C)(O)C[C@@H](C)/C(=N\OCOCCOC)[C@H](C)[C@@H](O)[C@]1(C)O,12.45,train,<rdkit.Chem.rdchem.Mol object at 0x7fdcf4903a00>
Nc1nc(OCCc2ccc(Cl)cc2)nc2c1ncn2[C@@H]1O[C@H](CO)[C@@H](O)[C@H]1O,12.45,train,<rdkit.Chem.rdchem.Mol object at 0x7fdcf4903a70>
COc1ccc2cc(C(C)C(=O)Oc3ccc(C(N)=S)cc3)ccc2c1,12.45,train,<rdkit.Chem.rdchem.Mol object at 0x7fdcf4903b50>
COc1cc(F)ccc1-c1ncnc(Nc2cccc(C[S@](C)(=N)=O)c2)n1,12.45,train,<rdkit.Chem.rdchem.Mol object at 0x7fdcf4903bc0>
COc1cccc(-c2nccc3[nH]c(=O)c(-c4noc(C)n4)cc23)c1,12.45,train,<rdkit.Chem.rdchem.Mol object at 0x7fdcf4903c30>
CC[C@H]1OC(=O)[C@H](C)[C@@H](O[C@H]2C[C@@](C)(OC)[C@@H](O)[C@H](C)O2)[C@H](C)[C@@H](O[C@@H]2O[C@H](C)C[C@H](N(C)C)[C@H]2O)[C@](C)(OC)C[C@@H](C)C(=O)[C@H](C)[C@@H](O)[C@]1(C)O,12.46,test,<rdkit.Chem.rdchem.Mol object at 0x7fdcf4903ca0>
CC[C@H]1OC(=O)[C@H](C)[C@@H](O[C@H]2C[C@@](C)(OC)[C@@H](O)[C@H](C)O2)[C@H](C)[C@@H](O[C@@H]2O[C@H](C)C[C@H](N(C)C(C)C)[C@H]2O)[C@@]2(C)CC(C)=C(O2)[C@H](C)[C@@H](O)[C@]1(C)O,12.46,train,<rdkit.Chem.rdchem.Mol object at 0x7fdcf4903d10>
COC[C@@H](NC(C)=O)C(=O)NCc1ccccc1,12.46,train,<rdkit.Chem.rdchem.Mol object at 0x7fdcf4903d80>
CCn1c(=O)c(-c2cc[nH]n2)cc2c(C)nc(N)nc21,12.46,train,<rdkit.Chem.rdchem.Mol object at 0x7fdcf4903e60>
O=C(Nc1ccc(C[C@@H]2CC[C@H]([C@H](O)c3ccccc3)N2)cc1)[C@@H]1CCc2nccc(=O)n21,12.46,train,<rdkit.Chem.rdchem.Mol object at 0x7fdcf4903ed0>
CCCN1C[C@H](C)[C@@H](O)[C@](C)(O)[C@@H](CC)OC(=O)[C@H](C)[C@@H](O[C@H]2C[C@@](C)(OC)[C@@H](O)[C@H](C)O2)[C@H](C)[C@@H](O[C@@H]2O[C@H](C)C[C@H](N(C)C)[C@H]2O)[C@](C)(O)C[C@H]1C,12.46,train,<rdkit.Chem.rdchem.Mol object at 0x7fdcf4903f40>
CC[C@H](C)[C@H]1O[C@]2(C=C[C@@H]1C)C[C@@H]1C[C@@H](C/C=C(\C)[C@@H](O[C@H]3C[C@H](OC)[C@@H](O[C@H]4C[C@H](OC)[C@@H](O)[C@H](C)O4)[C@H](C)O3)[C@@H](C)/C=C/C=C3\CO[C@@H]4[C@H](O)C(C)=C[C@@H](C(=O)O1)[C@]34O)O2,12.47,test,<rdkit.Chem.rdchem.Mol object at 0x7fdcf4904040>
CO[C@H]1C[C@H](O[C@H]2[C@H](C)O[C@@H](O[C@@H]3/C(C)=C/C[C@@H]4C[C@@H](C[C@]5(C=C[C@H](C)[C@@H](C(C)C)O5)O4)OC(=O)[C@@H]4C=C(C)[C@@H](O)[C@H]5OC/C(=C\C=C\[C@@H]3C)[C@]54O)C[C@@H]2OC)O[C@@H](C)[C@@H]1O,12.47,test,<rdkit.Chem.rdchem.Mol object at 0x7fdcf49040b0>
CC(=O)OCC(=O)[C@@]1(O)[C@H](C)C[C@H]2[C@@H]3C=C(C)C4=Cc5c(cnn5-c5ccccc5)C[C@]4(C)[C@H]3[C@@H](O)C[C@@]21C,12.47,train,<rdkit.Chem.rdchem.Mol object at 0x7fdcf4904120>
CC(=O)OCC(=O)[C@@]1(O)[C@H](C)C[C@H]2[C@@H]3C[C@H](F)C4=CC(=O)C=C[C@]4(C)[C@H]3[C@@H](O)C[C@@]21C,12.47,train,<rdkit.Chem.rdchem.Mol object at 0x7fdcf4904190>
CO[C@H]1C[C@H](O[C@H]2[C@H](C)O[C@@H](O[C@@H]3/C(C)=C/C[C@@H]4C[C@@H](C[C@]5(C=C[C@H](C)[C@@H](C6CCCCC6)O5)O4)OC(=O)[C@@H]4C=C(C)[C@@H](O)[C@H]5OC/C(=C\C=C\[C@@H]3C)[C@]54O)C[C@@H]2OC)O[C@@H](C)[C@@H]1O,12.47,train,<rdkit.Chem.rdchem.Mol object at 0x7fdcf4904270>
O[C@@H]1[C@H](O)[C@@H](CSc2ccccc2F)O[C@H]1n1cnc2c(N[C@@H]3CCC[C@H]3O)ncnc21,12.47,train,<rdkit.Chem.rdchem.Mol object at 0x7fdcf49042e0>
CCOc1ccc(Cc2cc([C@@H]3O[C@H](SC)[C@@H](O)[C@H](O)[C@H]3O)ccc2Cl)cc1,12.47,train,<rdkit.Chem.rdchem.Mol object at 0x7fdcf4904350>
CC[C@H]1OC(=O)[C@H](C)[C@@H](O[C@H]2C[C@@](C)(OC)[C@@H](O)[C@H](C)O2)[C@H](C)[C@@H](O[C@@H]2O[C@H](C)C[C@H](N(C)C)[C@H]2O)[C@](C)(O)C[C@@H](C)[C@@H]2N[C@@H](COCCOC)O[C@H]([C@H]2C)[C@]1(C)O,12.48,test,<rdkit.Chem.rdchem.Mol object at 0x7fdcf49043c0>
CC(C)COC(=O)[C@H](Cc1ccccc1)NP(=O)(COCCn1cnc2c(NC3CC3)nc(N)nc21)N[C@@H](Cc1ccccc1)C(=O)OCC(C)C,12.48,train,<rdkit.Chem.rdchem.Mol object at 0x7fdcf4904430>
CNCc1ccc(C)c(NC(=O)c2ccc(Nc3nc(-c4ccccc4)c4ccccc4n3)cc2)c1,12.48,train,<rdkit.Chem.rdchem.Mol object at 0x7fdcf49044a0>
CCOC(=O)/C=C/[C@H](C[C@@H]1CCNC1=O)NC(=O)[C@@H](CC(=O)[C@@H](NC(=O)c1cc(C)on1)C(C)C)Cc1ccc(F)cc1,12.5,train,<rdkit.Chem.rdchem.Mol object at 0x7fdcf4904580>
O=C(N[C@@H](Cc1ccccc1)[C@@H](O)C(=O)N1C[C@@H](O)[C@@H](O)C1)c1cc2cc(Cl)ccc2[nH]1,12.5,train,<rdkit.Chem.rdchem.Mol object at 0x7fdcf49045f0>
COc1cc2ncnc(Nc3ccc(F)c(Cl)c3)c2cc1NC(=O)/C=C/CN1CCCCC1,12.5,train,<rdkit.Chem.rdchem.Mol object at 0x7fdcf4904660>
C[N+](C)(C)C1CCC(C(O)(c2cccs2)c2cccs2)CC1,12.51,train,<rdkit.Chem.rdchem.Mol object at 0x7fdcf49046d0>
Cc1c2c(cn1C)NC(=O)CN=C2c1ccccc1,12.51,train,<rdkit.Chem.rdchem.Mol object at 0x7fdcf4904740>
Cc1cnc(-c2cnc(NCCNc3ccc(C#N)cn3)nc2-c2ccc(Cl)cc2Cl)[nH]1,12.51,train,<rdkit.Chem.rdchem.Mol object at 0x7fdcf49047b0>
O=c1[nH]c2cnc(-n3cnc4ccc(F)cc43)nc2n1[C@@H]1CCOc2c(F)cccc21,12.51,train,<rdkit.Chem.rdchem.Mol object at 0x7fdcf4904820>
O=C1Nc2cc3[nH]nc(-c4ccncc4)c3cc2CN1Cc1ccccc1,12.51,train,<rdkit.Chem.rdchem.Mol object at 0x7fdcf4904890>
O=c1[nH]c2ccccc2n1CCCN1CCC(n2c(=O)[nH]c3cc(Cl)ccc32)CC1,12.52,test,<rdkit.Chem.rdchem.Mol object at 0x7fdcf4904900>
O=C1Nc2ccc(Cl)cc2[C@@](C#CC2CC2)(C(F)(F)F)O1,12.52,train,<rdkit.Chem.rdchem.Mol object at 0x7fdcf4904970>
CC(=O)[C@@]1(O)[C@@H](C)C[C@H]2[C@@H]3CCC4=CC(=O)C=C[C@]4(C)[C@@]3(F)[C@@H](O)C[C@@]21C,12.52,train,<rdkit.Chem.rdchem.Mol object at 0x7fdcf49049e0>
CC(=O)Oc1ccc([N+](=O)[O-])c(OC(C)=O)c1C(=O)Nc1cc(C(F)(F)F)cc(C(F)(F)F)c1,12.52,train,<rdkit.Chem.rdchem.Mol object at 0x7fdcf4904a50>
OC[C@H]1O[C@@H](S[C@@H]2O[C@H](CO)[C@H](O)[C@H](n3cc(-c4cccc(F)c4)nn3)[C@H]2O)[C@H](O)[C@@H](n2cc(-c3cccc(F)c3)nn2)[C@H]1O,12.52,train,<rdkit.Chem.rdchem.Mol object at 0x7fdcf4904ac0>
Nc1ccn([C@@H]2O[C@@](CO)(CCl)[C@@H](O)[C@H]2F)c(=O)n1,12.53,test,<rdkit.Chem.rdchem.Mol object at 0x7fdcf4904b30>
CC(=O)NC1CCSC1=O,12.53,train,<rdkit.Chem.rdchem.Mol object at 0x7fdcf4904ba0>
CC(C)(C)c1cc(C(C)(C)C)c2[nH]c(C(C)(C)C)c(C[C@H](NC(=O)[C@@H](N)CCCNC(=N)N)C(=O)N[C@@H](CCCNC(=N)N)C(=O)NCCc3ccccc3)c2c1,12.53,train,<rdkit.Chem.rdchem.Mol object at 0x7fdcf4904c80>
CS(=O)(=O)c1ccc(Oc2cc(F)cc(C#N)c2)c2c1[C@H](O)[C@H](F)[C@@H]2F,12.53,train,<rdkit.Chem.rdchem.Mol object at 0x7fdcf4904cf0>
CCN1C[C@]2(COC)[C@H](O)C[C@H](OC)[C@@]34[C@@H]5C[C@@]6(O)[C@H](OC(=O)c7ccccc7)[C@@H]5[C@@](OC(C)=O)([C@@H]([C@H](OC)[C@H]23)[C@H]14)[C@@H](O)[C@@H]6OC,12.53,train,<rdkit.Chem.rdchem.Mol object at 0x7fdcf4904d60>
CC(C)[C@]12O[C@H]1[C@@H]1O[C@]13[C@]1(O[C@H]1C[C@H]1C4=C(CC[C@@]13C)C(=O)OC4)[C@@H]2O,12.54,train,<rdkit.Chem.rdchem.Mol object at 0x7fdcf4904e40>
C=CC(=O)Nc1cc2c(Nc3ccc(F)c(Cl)c3)ncnc2cc1OCCCN1CCOCC1,12.54,train,<rdkit.Chem.rdchem.Mol object at 0x7fdcf4904eb0>
NC[C@@H]1CC[C@@H](N)[C@@H](O[C@H]2[C@H](O)[C@@H](O[C@H]3O[C@H](CO)[C@@H](O)[C@H](N)[C@H]3O)[C@H](N)C[C@@H]2N)O1,12.54,train,<rdkit.Chem.rdchem.Mol object at 0x7fdcf4904f20>
Fc1ccc(NC(=S)Nc2cc(Cl)cc(Cl)c2)cc1,12.54,train,<rdkit.Chem.rdchem.Mol object at 0x7fdcf4904f90>
CC[C@H]1OC(=O)C[C@@H](O)[C@H](C)[C@@H](O[C@@H]2O[C@H](C)[C@@H](O)[C@H](N(C)C)[C@H]2O)[C@@H](CCN2C[C@H](C)C[C@H](C)C2)C[C@@H](C)C(=O)/C=C/C(C)=C/[C@@H]1CO[C@@H]1O[C@H](C)[C@@H](O)[C@@H](OC)[C@H]1OC,12.54,train,<rdkit.Chem.rdchem.Mol object at 0x7fdcf4905000>
CN1C(=O)C(C)(C)Oc2c(-c3cn(C)c(=O)c4[nH]ccc34)cc(S(C)(=O)=O)cc21,12.54,train,<rdkit.Chem.rdchem.Mol object at 0x7fdcf4905070>
CCC(=O)[C@@]1(O)[C@H](C)C[C@H]2[C@@H]3CCC4=CC(=O)C=C[C@]4(C)C3=CC[C@@]21C,12.54,train,<rdkit.Chem.rdchem.Mol object at 0x7fdcf49050e0>
O=C(Nc1ccnc(C(F)(F)F)c1)c1cnn(-c2cccc3c(=O)[nH]ccc23)c1C(F)(F)F,12.54,train,<rdkit.Chem.rdchem.Mol object at 0x7fdcf4905150>
C=CC(=O)Nc1cc2c(Nc3ccc(OCc4ccccn4)c(Cl)c3)ncnc2cc1OCCN1CCOCC1,12.54,train,<rdkit.Chem.rdchem.Mol object at 0x7fdcf49051c0>
Nc1ncn([C@@H]2O[C@H](CO)[C@@H](O)[C@@H]2O)c(=O)n1,12.55,test,<rdkit.Chem.rdchem.Mol object at 0x7fdcf49052a0>
CCOc1cc2ncc(C#N)c(Nc3ccc(F)c(Cl)c3)c2cc1NC(=O)/C=C/CN(C)C,12.55,test,<rdkit.Chem.rdchem.Mol object at 0x7fdcf4905310>
O=[N+]([O-])C(Br)(CO)CO,12.55,train,<rdkit.Chem.rdchem.Mol object at 0x7fdcf49053f0>
Nc1ccn([C@@H]2O[C@H](CO)[C@@H](O)[C@H]2O)c(=O)n1,12.55,train,<rdkit.Chem.rdchem.Mol object at 0x7fdcf4905460>
CN[C@@H]1[C@@H](O)[C@@H](O[C@@H]2[C@H](O)[C@H](O[C@H]3OC(CN)=CC[C@H]3N)[C@@H](N)C[C@H]2N)OC[C@]1(C)O,12.55,train,<rdkit.Chem.rdchem.Mol object at 0x7fdcf4905620>
O=c1nc(NO)ccn1[C@@H]1O[C@H](CO)[C@@H](O)[C@H]1O,12.55,train,<rdkit.Chem.rdchem.Mol object at 0x7fdcf4905690>
CCN[C@@H]1C[C@H](N)[C@@H](O[C@H]2OC(CN)=CC[C@H]2N)[C@H](O)[C@H]1O[C@H]1OC[C@](C)(O)[C@H](NC)[C@H]1O,12.55,train,<rdkit.Chem.rdchem.Mol object at 0x7fdcf4905700>
NC(=O)c1csc([C@@H]2O[C@H](CO)[C@@H](O)[C@H]2O)n1,12.55,train,<rdkit.Chem.rdchem.Mol object at 0x7fdcf4905770>
CNCC(=O)N[C@H](C(=O)N[C@@H](Cc1ccccc1)[C@H](O)CN(CCC(C)C)C(=O)NC(C)(C)C)C(C)(C)C,12.55,train,<rdkit.Chem.rdchem.Mol object at 0x7fdcf49057e0>
CNCC(=O)OCc1cccnc1N(C)C(=O)OC(C)[n+]1cnn(C[C@](O)(c2cc(F)ccc2F)[C@@H](C)c2nc(-c3ccc(C#N)cc3)cs2)c1,12.55,train,<rdkit.Chem.rdchem.Mol object at 0x7fdcf49058c0>
CO/N=C1\C[C@]2(C[C@@H]3C[C@@H](C/C=C(\C)C[C@@H](C)/C=C/C=C4\CO[C@@H]5[C@H](O)C(C)=C[C@@H](C(=O)O3)[C@]45O)O2)O[C@H](/C(C)=C/C(C)C)[C@H]1C,12.55,train,<rdkit.Chem.rdchem.Mol object at 0x7fdcf4905930>
CCOc1cc2ncc(C#N)c(Nc3ccc(OCc4cccc(F)c4)c(Cl)c3)c2cc1NC(=O)/C=C/CN(C)C,12.55,train,<rdkit.Chem.rdchem.Mol object at 0x7fdcf4905a10>
CC1=C[C@H]2C(=O)O[C@H]3C[C@@H](C/C=C(\C)[C@H](OCCc4ccc(N(C)S(C)(=O)=O)cc4)[C@@H](C)/C=C/C=C4\CO[C@H]([C@@H]1O)[C@@]42O)O[C@@]1(CC[C@H](C)[C@@H](C)O1)C3,12.55,train,<rdkit.Chem.rdchem.Mol object at 0x7fdcf4905a80>
Cc1cc(Nc2cc(CN3CCOCC3)c3nc(C)c(Cc4ccc(Cl)cc4F)n3n2)n[nH]1,12.55,train,<rdkit.Chem.rdchem.Mol object at 0x7fdcf4905af0>
CCN[C@@H]1[C@@H](O)[C@@H](O[C@@H]2[C@@H](O)[C@H](O[C@H]3OC(CN)=CC[C@H]3N)[C@@H](N)C[C@H]2N)OC[C@]1(C)O,12.55,train,<rdkit.Chem.rdchem.Mol object at 0x7fdcf4905b60>
CNC[C@@H]1CC[C@@H](N)[C@@H](O[C@@H]2[C@H](O)[C@@H](O[C@H]3OC[C@](C)(O)[C@H](NC)[C@H]3O)[C@H](N)C[C@@H]2N)O1,12.55,train,<rdkit.Chem.rdchem.Mol object at 0x7fdcf4905bd0>
Cc1ccc(-c2nc(CN3CCN(C(c4ccccc4)c4ccccc4)CC3)c(C)[nH]2)cc1,12.56,train,<rdkit.Chem.rdchem.Mol object at 0x7fdcf4905c40>
C[C@]12C=CC(=O)N[C@@H]1CC[C@@H]1[C@@H]2CC[C@]2(C)[C@@H](C(=O)Nc3cc(C(F)(F)F)ccc3C(F)(F)F)CC[C@@H]12,12.56,train,<rdkit.Chem.rdchem.Mol object at 0x7fdcf4905d20>
CCCCCCCCCCCCCC(=O)O[C@@H]1[C@@H](C)[C@@]2(O)[C@@H](C=C(CO)C[C@]3(O)C(=O)C(C)=C[C@@H]23)[C@@H]2C(C)(C)[C@]12OC(C)=O,12.57,test,<rdkit.Chem.rdchem.Mol object at 0x7fdcf4905d90>
OC[C@H]1O[C@@H](c2ccc(F)c(Cc3cc4ccccc4s3)c2)[C@H](O)[C@@H](O)[C@@H]1O,12.57,test,<rdkit.Chem.rdchem.Mol object at 0x7fdcf4905e00>
CC(=O)O[C@@H](C)C(=O)[C@@]1(O)CC[C@H]2[C@@H]3CCC4=CC(=O)C=C[C@]4(C)[C@@]3(F)[C@@H](O)C[C@@]21C,12.57,train,<rdkit.Chem.rdchem.Mol object at 0x7fdcf4905e70>
CC(=O)OCC(=O)[C@@]1(O)CC[C@H]2[C@@H]3CCC4=CC(=O)C=C[C@]4(C)[C@@]3(F)[C@@H](O)C[C@@]21C,12.57,train,<rdkit.Chem.rdchem.Mol object at 0x7fdcf4905ee0>
Cc1ccc([C@@H]2O[C@H](CO)[C@@H](O)[C@H](O)[C@H]2O)cc1Cc1ccc(-c2ccc(F)cc2)s1,12.57,train,<rdkit.Chem.rdchem.Mol object at 0x7fdcf4905fc0>
CCOc1ccc(Cc2cc([C@@H]3O[C@H](CO)[C@@H](O)[C@H](O)[C@H]3O)ccc2Cl)cc1.C[C@H](O)CO,12.57,train,<rdkit.Chem.rdchem.Mol object at 0x7fdcf4906030>
OC[C@H]1O[C@@H](c2ccc(Cl)c(Cc3ccc(OCCOC4CC4)cc3)c2)[C@H](O)[C@@H](O)[C@@H]1O,12.57,train,<rdkit.Chem.rdchem.Mol object at 0x7fdcf49060a0>
CCc1ccc([C@@H]2O[C@H](CO)[C@@H](O)[C@H](O)[C@H]2O)cc1Cc1ccc2c(c1)OCCO2,12.57,train,<rdkit.Chem.rdchem.Mol object at 0x7fdcf4906110>
CCOc1ccc(Cc2cc(C3O[C@H](CO)[C@@H](O)[C@H](O)[C@H]3O)ccc2Cl)cc1,12.57,train,<rdkit.Chem.rdchem.Mol object at 0x7fdcf4906180>
CCC(CC)CNC(=O)Cn1cccc(NC(=O)[C@H](CC/C=C/C(=O)OC)NC(=O)c2cncn2C)c1=O,12.57,train,<rdkit.Chem.rdchem.Mol object at 0x7fdcf49061f0>
C[C@]12C=CC(=O)C=C1CC[C@@H]1[C@@H]2C(=O)C[C@@]2(C)[C@H]1CC[C@]2(O)C(=O)CO,12.58,train,<rdkit.Chem.rdchem.Mol object at 0x7fdcf4906260>
C[C@]12C=CC(=O)C=C1[C@@H](F)C[C@@H]1[C@@H]2[C@@H](O)C[C@@]2(C)[C@H]1CC[C@]2(O)C(=O)CO,12.58,train,<rdkit.Chem.rdchem.Mol object at 0x7fdcf49062d0>
C[C@]12CCC(=O)C=C1CC[C@@H]1[C@@H]2C(=O)C[C@@]2(C)[C@H]1CC[C@]2(O)C(=O)CO,12.58,train,<rdkit.Chem.rdchem.Mol object at 0x7fdcf4906340>
CC(=O)OCC(=O)[C@@]1(O)CC[C@H]2[C@@H]3CCC4=CC(=O)CC[C@]4(C)[C@@]3(F)[C@@H](O)C[C@@]21C,12.58,train,<rdkit.Chem.rdchem.Mol object at 0x7fdcf49063b0>
Cc1ccc2c(c1)C1(C)CCC(=O)C(NC(=O)CCN3CCN(C)CC3)C1O2,12.58,train,<rdkit.Chem.rdchem.Mol object at 0x7fdcf4906420>
C[C@]12CCC(=O)C=C1CC[C@@H]1[C@@H]2[C@@H](O)C[C@@]2(C)[C@H]1CC[C@]2(O)C(=O)CO,12.59,train,<rdkit.Chem.rdchem.Mol object at 0x7fdcf4906490>
CC(C)(O)C(Cl)(Cl)Cl,12.59,train,<rdkit.Chem.rdchem.Mol object at 0x7fdcf49065e0>
C[C@H]1C[C@@H]2[C@H]([C@@H](O)C[C@@]3(C)[C@H]2CC[C@]3(O)C(=O)CO)[C@@]2(C)C=CC(=O)C=C12,12.59,train,<rdkit.Chem.rdchem.Mol object at 0x7fdcf49066c0>
Nc1ncnc(Nc2ccc(Cl)cc2)n1,12.59,train,<rdkit.Chem.rdchem.Mol object at 0x7fdcf4906730>
C[C@]12CCC(=O)C=C1CC[C@@H]1[C@@H]2CC[C@@]2(C)[C@H]1CC[C@]2(O)C(=O)CO,12.59,train,<rdkit.Chem.rdchem.Mol object at 0x7fdcf49067a0>
C[C@]12C=CC(=O)C=C1C(Cl)=C[C@@H]1[C@@H]2[C@@H](O)C[C@@]2(C)[C@H]1CC[C@]2(O)C(=O)CO,12.59,train,<rdkit.Chem.rdchem.Mol object at 0x7fdcf4906810>
CCN(CC)CC/C(=N/OC(=O)Nc1ccc(OC)cc1)c1ccccc1,12.59,train,<rdkit.Chem.rdchem.Mol object at 0x7fdcf4906880>
CC(C)[C@H](N)C(=O)O[C@@H]1[C@@H](CO)O[C@@H](n2ccc(N)nc2=O)[C@]1(C)O,12.59,train,<rdkit.Chem.rdchem.Mol object at 0x7fdcf49068f0>
C[C@]12CCC3=C4CCC(=O)C=C4CC[C@H]3[C@@H]1CC[C@@]2(O)C#CCl,12.59,train,<rdkit.Chem.rdchem.Mol object at 0x7fdcf4906960>
CCCCCCCCCCCCCCCC(=O)O[C@@H]1[C@@H](O)[C@@H](O)[C@@H]([C@H](NC(=O)[C@@H]2C[C@@H](CCC)CN2C)[C@H](C)Cl)O[C@@H]1SC,12.59,train,<rdkit.Chem.rdchem.Mol object at 0x7fdcf49069d0>
Cc1ccc(-n2nc(C(C)(C)C)cc2NC(=O)NCc2cc(F)ccc2Oc2ccc3c(cnn3CCO)c2)cc1,12.59,train,<rdkit.Chem.rdchem.Mol object at 0x7fdcf4906a40>
C[C@@H](c1nc(-c2ccc(C#N)cc2)cs1)[C@@](O)(Cn1cncn1)c1cc(F)ccc1F,12.59,train,<rdkit.Chem.rdchem.Mol object at 0x7fdcf4906ab0>
CC(=O)OCC(=O)[C@@]1(O)CC[C@H]2[C@@H]3CCC4=CC(=O)CC[C@]4(C)[C@H]3C(=O)C[C@@]21C,12.6,train,<rdkit.Chem.rdchem.Mol object at 0x7fdcf4906b20>
CC(=O)SC[C@@H](Cc1ccccc1)C(=O)NCC(=O)OCc1ccccc1,12.6,train,<rdkit.Chem.rdchem.Mol object at 0x7fdcf4906b90>
CC(=O)SCC(Cc1ccccc1)C(=O)NCC(=O)OCc1ccccc1,12.6,train,<rdkit.Chem.rdchem.Mol object at 0x7fdcf4906c00>
CCc1cc(=O)oc2cc(O[C@@H]3SC[C@@H](O)[C@H](O)[C@H]3O)ccc12,12.6,train,<rdkit.Chem.rdchem.Mol object at 0x7fdcf4906c70>
C[C@@H](n1cnc2cc(Cl)ccc2c1=O)[C@](O)(Cn1cncn1)c1ccc(F)cc1F,12.6,train,<rdkit.Chem.rdchem.Mol object at 0x7fdcf4906ce0>
Cc1cc(=O)oc2cc(O[C@@H]3SC[C@@H](O)[C@H](O)[C@H]3O)ccc12,12.6,train,<rdkit.Chem.rdchem.Mol object at 0x7fdcf4906d50>
CC(=O)OCC(=O)[C@@]1(O)CC[C@H]2[C@@H]3C[C@H](Cl)C4=CC(=O)C=C[C@]4(C)[C@H]3C(=O)C[C@@]21C,12.6,train,<rdkit.Chem.rdchem.Mol object at 0x7fdcf4906dc0>
CC(=O)SC[C@H](Cc1ccccc1)C(=O)NCC(=O)OCc1ccccc1,12.6,train,<rdkit.Chem.rdchem.Mol object at 0x7fdcf4906e30>
CC(=O)Nc1cccc(-n2c(=O)n(C3CC3)c(=O)c3c(Nc4ccc(I)cc4F)n(C)c(=O)c(C)c32)c1,12.6,train,<rdkit.Chem.rdchem.Mol object at 0x7fdcf4906ea0>
C=CC(=O)Nc1cccc(Oc2nc(Nc3ccc(N4CCN(C)CC4)c(F)c3)nc3[nH]ccc23)c1,12.6,train,<rdkit.Chem.rdchem.Mol object at 0x7fdcf4906f10>
COc1ccc([C@@H](O)c2cc(-c3ncnc4cc(N5CCOCC5)ccc34)c(F)cc2Cl)nn1,12.6,train,<rdkit.Chem.rdchem.Mol object at 0x7fdcf4906f80>
C[C@H](NC(=O)Cn1nnc2ccccc2c1=O)c1ccc(OC(F)(F)F)cc1,12.6,train,<rdkit.Chem.rdchem.Mol object at 0x7fdcf4906ff0>
Cc1cc(NC(=O)NCCN2CCC(O)(Cc3ccccc3)CC2)c2ccccc2n1,12.61,test,<rdkit.Chem.rdchem.Mol object at 0x7fdcf4907060>
CC(=O)OCC(=O)[C@@]1(O)CC[C@H]2[C@@H]3CCC4=CC(=O)CC[C@]4(C)[C@H]3[C@@H](O)C[C@@]21C,12.61,train,<rdkit.Chem.rdchem.Mol object at 0x7fdcf49070d0>
CC(=O)OCC(=O)[C@@]1(O)CC[C@H]2[C@@H]3CCC4=CC(=O)C=C[C@]4(C)[C@H]3[C@@H](O)C[C@@]21C,12.61,train,<rdkit.Chem.rdchem.Mol object at 0x7fdcf4907140>
CC(=O)OCC(=O)[C@@]1(O)CC[C@H]2[C@@H]3C[C@H](C)C4=CC(=O)C=C[C@]4(C)[C@H]3[C@@H](O)C[C@@]21C,12.61,train,<rdkit.Chem.rdchem.Mol object at 0x7fdcf49071b0>
CCCCCCCCCCCCCCCCCC(=O)OCC(=O)OCC(=O)[C@@]1(O)CC[C@H]2[C@@H]3CCC4=CC(=O)C=C[C@]4(C)[C@H]3[C@@H](O)C[C@@]21C,12.61,train,<rdkit.Chem.rdchem.Mol object at 0x7fdcf4907290>
CCCCOc1ccc(OCC(=O)N(CCN(CC)CC)c2cc(OCC)ccc2OCC)cc1,12.61,train,<rdkit.Chem.rdchem.Mol object at 0x7fdcf4907300>
CCN(CC)CC(=O)OCC(=O)[C@@]1(O)CC[C@H]2[C@@H]3CCC4=CC(=O)CC[C@]4(C)[C@H]3[C@@H](O)C[C@@]21C,12.61,train,<rdkit.Chem.rdchem.Mol object at 0x7fdcf4907370>
CC(C)(C)CC(=O)OCC(=O)[C@@]1(O)CC[C@H]2[C@@H]3CCC4=CC(=O)C=C[C@]4(C)[C@H]3[C@@H](O)C[C@@]21C,12.61,train,<rdkit.Chem.rdchem.Mol object at 0x7fdcf49073e0>
CC(=O)OCC(=O)[C@@]1(O)CC[C@H]2[C@@H]3CCC4=CC(=O)CC[C@]4(C)C3=CC[C@@]21C,12.61,train,<rdkit.Chem.rdchem.Mol object at 0x7fdcf4907450>
C[C@]12CCC(=O)C=C1CC[C@@H]1[C@@H]2[C@@H](O)C[C@@]2(C)[C@H]1CC[C@]2(O)C(=O)COC(=O)CCC1CCCC1,12.61,train,<rdkit.Chem.rdchem.Mol object at 0x7fdcf49074c0>
CC[C@H]1OC(=O)[C@H](C)[C@@H](O[C@H]2C[C@@](C)(OC)[C@@H](O)[C@H](C)O2)[C@H](C)[C@@H](O[C@@H]2O[C@H](C)C[C@H](N(C)C)[C@H]2O)[C@](C)(O)C[C@@H](C)C(=O)[C@H](C)[C@@H](O)[C@H]1C,12.61,train,<rdkit.Chem.rdchem.Mol object at 0x7fdcf4907530>
CN1CCN(CCOc2cc(OC3CCOCC3)c3c(Nc4c(Cl)ccc5c4OCO5)ncnc3c2)CC1,12.61,train,<rdkit.Chem.rdchem.Mol object at 0x7fdcf49075a0>
CCN(CC)CC(=O)OCC(=O)[C@@]1(O)CC[C@H]2[C@@H]3CCC4=CC(=O)C=C[C@]4(C)[C@H]3[C@@H](O)C[C@@]21C,12.61,train,<rdkit.Chem.rdchem.Mol object at 0x7fdcf4907610>
O=C(c1ccccc1)C(O)c1ccccc1,12.62,train,<rdkit.Chem.rdchem.Mol object at 0x7fdcf4907680>
CCCCOc1ccc(OCC(=O)N(CCN2CCCC2)c2ccccc2OC)cc1,12.62,train,<rdkit.Chem.rdchem.Mol object at 0x7fdcf49076f0>
OC(c1ccc(Cl)cc1)c1cc2ccccc2o1,12.63,train,<rdkit.Chem.rdchem.Mol object at 0x7fdcf49077d0>
O[C@H]([C@H](O)[C@@H](O)CBr)[C@H](O)CBr,12.63,train,<rdkit.Chem.rdchem.Mol object at 0x7fdcf49078b0>
CC1(C)CC(C)(C)c2cc(NC(=S)Nc3ccc([N+](=O)[O-])cc3)ccc2S1,12.63,train,<rdkit.Chem.rdchem.Mol object at 0x7fdcf4907990>
CNC(=O)c1ccc(Nc2ncc(C(F)(F)F)c(NCc3nccnc3N(C)S(C)(=O)=O)n2)cc1,12.63,train,<rdkit.Chem.rdchem.Mol object at 0x7fdcf4907a00>
CO[C@]1(C(=O)N[C@@H]2CC[C@@]3(C)[C@@H](CC[C@@H]4[C@@H]3CC[C@]3(C)[C@@H]([C@H](C)CCCC(C)C)CC[C@@H]43)C2)C[C@H](O)[C@@H](NC(C)=O)[C@H]([C@H](O)[C@H](O)CO)O1,12.63,train,<rdkit.Chem.rdchem.Mol object at 0x7fdcf4907a70>
CCc1[nH]nc(C(=O)Nc2ccc([C@H]3CNCCO3)cc2)c1C,12.63,train,<rdkit.Chem.rdchem.Mol object at 0x7fdcf4907ae0>
NC(=O)c1cn(Cc2c(F)cccc2F)nn1,12.64,train,<rdkit.Chem.rdchem.Mol object at 0x7fdcf4907b50>
CCO[C@@H]1OC(=O)C[C@@H]1NC(=O)[C@@H]1CCCN1C(=O)[C@@H](NC(=O)c1ccc(N)c(Cl)c1)C(C)(C)C,12.64,train,<rdkit.Chem.rdchem.Mol object at 0x7fdcf4907bc0>
O=C(CCCC(=O)NCCc1ncc[nH]1)NCCc1ncc[nH]1,12.64,train,<rdkit.Chem.rdchem.Mol object at 0x7fdcf4907c30>
CNC[C@H](O)[C@@H](O)[C@H](O)[C@H](O)CO,12.65,test,<rdkit.Chem.rdchem.Mol object at 0x7fdcf4907ca0>
CC(=O)[C@@]1(O)CC[C@H]2[C@@H]3C[C@H](C)C4=CC(=O)C=C[C@]4(C)[C@@]3(F)[C@@H](O)C[C@@]21C,12.65,train,<rdkit.Chem.rdchem.Mol object at 0x7fdcf4907d80>
CN1CCN(c2ccc(OC(F)(F)F)c(Nc3ncc4c(n3)-c3c(c(C(N)=O)nn3CCO)CC4)c2)CC1,12.65,train,<rdkit.Chem.rdchem.Mol object at 0x7fdcf4907df0>
Cc1nc(-c2ccccc2F)c(C(=O)NC(Cc2ccccc2)C(=O)C(N)=O)o1,12.66,test,<rdkit.Chem.rdchem.Mol object at 0x7fdcf4907e60>
Cc1ccc(NC(=O)c2ccc(CN3CC[C@H](N(C)C)C3)c(C(F)(F)F)c2)cc1Nc1nccc(-c2cncnc2)n1,12.66,train,<rdkit.Chem.rdchem.Mol object at 0x7fdcf4907ed0>
CC(C)(C)C(=O)SCC(=O)[C@@]1(O)CC[C@H]2[C@@H]3CCC4=CC(=O)CC[C@]4(C)[C@H]3[C@@H](O)C[C@@]21C,12.66,train,<rdkit.Chem.rdchem.Mol object at 0x7fdcf4907f40>
COc1cc2nc(N3CCN(C(=O)C4COc5ccccc5O4)CC3)nc(N)c2cc1OC,12.67,test,<rdkit.Chem.rdchem.Mol object at 0x7fdcf4908040>
CO[C@H]1C[C@H](O[C@H]2[C@H](C)[C@@H](O[C@@H]3O[C@H](C)C[C@H](N(C)C)[C@H]3O)[C@@H](C)C[C@@]3(CO3)C(=O)[C@H](C)[C@@H](O)[C@@H](C)[C@@H](C)OC(=O)[C@@H]2C)O[C@@H](C)[C@@H]1O,12.67,test,<rdkit.Chem.rdchem.Mol object at 0x7fdcf49080b0>
CN1CCC(=C2c3ccccc3CC(=O)c3sccc32)CC1,12.67,train,<rdkit.Chem.rdchem.Mol object at 0x7fdcf4908120>
C=CC(=O)NCNC(=O)CCBr,12.67,train,<rdkit.Chem.rdchem.Mol object at 0x7fdcf4908190>
O=C1Cc2ccccc2C(=C2CCN(CCOCCOCCO)CC2)c2ccsc21,12.67,train,<rdkit.Chem.rdchem.Mol object at 0x7fdcf4908270>
C[C@@H](c1nc(-c2ccc(C#N)cc2)cs1)[C@](O)(Cn1cncn1)c1ccc(F)cc1F,12.67,train,<rdkit.Chem.rdchem.Mol object at 0x7fdcf49082e0>
O=C1Cc2ccccc2C(=C2CCNCC2)c2ccsc21,12.67,train,<rdkit.Chem.rdchem.Mol object at 0x7fdcf4908350>
CO[C@H]1C[C@@H](O[C@H]2[C@H](C)[C@@H](O[C@H]3O[C@@H](C)C[C@@H](N(C)C)[C@H]3O)[C@@H](C)C[C@]3(CO3)C(=O)[C@H](C)[C@@H](O)[C@@H](C)[C@@H](C)OC(=O)[C@@H]2C)O[C@@H](C)[C@@H]1O,12.67,train,<rdkit.Chem.rdchem.Mol object at 0x7fdcf49083c0>
OC(Cn1cncn1)(Cn1cncn1)c1ccc(F)cc1F,12.68,test,<rdkit.Chem.rdchem.Mol object at 0x7fdcf4908430>
O=C1CN2CCOC2(c2ccccc2F)c2cc(Br)ccc2N1,12.68,test,<rdkit.Chem.rdchem.Mol object at 0x7fdcf49084a0>
COc1ccccc1OCC1CNC(=O)O1,12.68,train,<rdkit.Chem.rdchem.Mol object at 0x7fdcf4908510>
NC[C@H](Cl)[C@@H](O)c1c[nH]c(N)n1,12.68,train,<rdkit.Chem.rdchem.Mol object at 0x7fdcf4908580>
Cn1cc(C(=O)[C@@H]2CCc3[nH]cnc3C2)c2ccccc21,12.68,train,<rdkit.Chem.rdchem.Mol object at 0x7fdcf49085f0>
CC[C@H]1OC(=O)[C@H](C)[C@@H](O[C@H]2C[C@@](C)(OC)[C@@H](O)[C@H](C)O2)[C@H](C)[C@@H](O[C@@H]2O[C@H](C)C[C@H](N(C)C)[C@H]2OC(C)=O)[C@](C)(O)C[C@@H](C)C(=O)[C@H](C)[C@@H](O)[C@]1(C)O,12.68,train,<rdkit.Chem.rdchem.Mol object at 0x7fdcf4908660>
CO[C@@H]1[C@@H](O[C@@H]2O[C@H](C)[C@@H](O[C@H]3C[C@@](C)(O)[C@@H](OC(=O)CC(C)C)[C@H](C)O3)[C@H](N(C)C)[C@H]2O)[C@@H](CC=O)C[C@@H](C)[C@@H](O)/C=C/C=C/C[C@@H](C)OC(=O)C[C@H]1O,12.68,train,<rdkit.Chem.rdchem.Mol object at 0x7fdcf4908740>
CCOC(=O)O[C@H]1[C@H](O[C@@H]2[C@@H](C)[C@H](O[C@H]3C[C@@](C)(OC)[C@@H](O)[C@H](C)O3)[C@@H](C)C(=O)O[C@H](CC)[C@@](C)(O)[C@H](O)[C@@H](C)C(=O)[C@H](C)C[C@@]2(C)O)O[C@H](C)C[C@@H]1N(C)C,12.68,train,<rdkit.Chem.rdchem.Mol object at 0x7fdcf49087b0>
CC[C@H]1OC(=O)C[C@@H](O)[C@H](C)[C@@H](O[C@@H]2O[C@H](C)[C@@H](O)[C@H](N(C)C)[C@H]2O)[C@@H](CCN2CCCCC2)C[C@@H](C)C(=O)/C=C/C(C)=C/[C@@H]1CN1CCCCC1,12.68,train,<rdkit.Chem.rdchem.Mol object at 0x7fdcf4908820>
Cc1ccc(NC(=O)c2ccc(CN3CCN(C)CC3)cc2)cc1Nc1nccc(-c2cccnc2)n1,12.69,test,<rdkit.Chem.rdchem.Mol object at 0x7fdcf4908890>
O=C1CN2CCOC2(c2ccccc2Cl)c2cc(Cl)ccc2N1,12.69,train,<rdkit.Chem.rdchem.Mol object at 0x7fdcf4908900>
CC1COC2(c3ccccc3Cl)c3cc(Cl)ccc3NC(=O)CN12,12.69,train,<rdkit.Chem.rdchem.Mol object at 0x7fdcf4908970>
CC1CN2CC(=O)Nc3ccc(Cl)cc3C2(c2ccccc2)O1,12.69,train,<rdkit.Chem.rdchem.Mol object at 0x7fdcf49089e0>
CC(C)(CO)C(O)C(=O)NCCCO,12.69,train,<rdkit.Chem.rdchem.Mol object at 0x7fdcf4908a50>
CC1(C)OC(=O)Nc2ccc(Br)cc21,12.69,train,<rdkit.Chem.rdchem.Mol object at 0x7fdcf4908ac0>
CC(C)[N+](C)(C)CC(O)COc1cccc2ccccc12,12.69,train,<rdkit.Chem.rdchem.Mol object at 0x7fdcf4908b30>
CC(C)(C)NCC(O)c1cc(Br)no1,12.69,train,<rdkit.Chem.rdchem.Mol object at 0x7fdcf4908ba0>
CC(C)(CO)[C@@H](O)C(=O)NCCCO,12.69,train,<rdkit.Chem.rdchem.Mol object at 0x7fdcf4908c10>
CC[N+](C)(CC)CCSC1=Nc2ccccc2N=C(c2ccc(Sc3ccccc3)cc2)C1,12.69,train,<rdkit.Chem.rdchem.Mol object at 0x7fdcf4908c80>
C=C1CCN([C@H](C)[C@](O)(Cn2cncn2)c2ccc(F)cc2F)CC1,12.69,train,<rdkit.Chem.rdchem.Mol object at 0x7fdcf4908cf0>
CC(=O)[C@@]1(O)CC[C@H]2[C@@H]3CCC4=CC(=O)C=C[C@]4(C)[C@H]3[C@@H](O)C[C@@]21C,12.69,train,<rdkit.Chem.rdchem.Mol object at 0x7fdcf4908d60>
CC[C@H](C)[C@@H]([C@@H](CC(=O)N1CCC[C@H]1[C@H](OC)[C@@H](C)C(=O)NCCc1ccccc1)OC)N(C)C(=O)[C@@H](NC(=O)[C@H](C(C)C)N(C)C)C(C)C,12.7,test,<rdkit.Chem.rdchem.Mol object at 0x7fdcf4908eb0>
CN(C)N(C)C(=O)[C@@]1(Cc2ccccc2)CCCN(C(=O)[C@@H](Cc2c[nH]c3ccccc23)NC(=O)C(C)(C)N)C1,12.7,test,<rdkit.Chem.rdchem.Mol object at 0x7fdcf4908f20>
CCOC(=O)NNc1nncc2ccccc12,12.7,train,<rdkit.Chem.rdchem.Mol object at 0x7fdcf4908f90>
CC(=O)[C@@]1(O)CC[C@H]2[C@@H]3CCC4=CC(=O)CC[C@]4(C)[C@H]3CC[C@@]21C,12.7,train,<rdkit.Chem.rdchem.Mol object at 0x7fdcf4909000>
CC(=O)[C@@]1(O)CC[C@H]2[C@@H]3C=C(C)C4=CC(=O)CC[C@@H]4[C@H]3CC[C@@]21C,12.7,train,<rdkit.Chem.rdchem.Mol object at 0x7fdcf4909070>
CC(=O)[C@@]1(O)CC[C@H]2[C@@H]3CCC4=CC(=O)CC[C@@H]4[C@H]3CC[C@@]21C,12.7,train,<rdkit.Chem.rdchem.Mol object at 0x7fdcf49090e0>
CC(=O)c1ccc2c(c1)[C@H](NC(=O)c1ccc(F)cc1)[C@@H](O)C(C)(C)O2,12.7,train,<rdkit.Chem.rdchem.Mol object at 0x7fdcf4909150>
CC(=O)[C@@]1(O)CC[C@H]2[C@@H]3C[C@H](Cl)C4=CC(=O)C=C[C@]4(C)[C@H]3CC[C@@]21C,12.7,train,<rdkit.Chem.rdchem.Mol object at 0x7fdcf49091c0>
CC(=O)[C@@]1(O)CC[C@H]2[C@@H]3C[C@H](Cl)C4=CC(=O)CC[C@]4(C)[C@H]3CC[C@@]21C,12.7,train,<rdkit.Chem.rdchem.Mol object at 0x7fdcf4909230>
CC(=O)[C@@]1(O)CC[C@H]2[C@@H]3C=C(Cl)C4=CC(=O)OC[C@]4(C)[C@H]3CC[C@@]21C,12.7,train,<rdkit.Chem.rdchem.Mol object at 0x7fdcf4909310>
CC(=O)[C@@]1(O)CC[C@H]2[C@@H]3CC=C4C=C(OC5CCCC5)CC[C@]4(C)[C@H]3CC[C@@]21C,12.7,train,<rdkit.Chem.rdchem.Mol object at 0x7fdcf4909380>
Cc1ccc(NC(=O)c2ccc(CN3CCN(C)CC3)cc2)cc1Nc1nc(-c2cccnc2)cs1,12.7,train,<rdkit.Chem.rdchem.Mol object at 0x7fdcf49093f0>
CC(C)Cn1c2ccc(Nc3ncccn3)cc2c2c3c(c4c(c21)CCc1nn(C)cc1-4)C(=O)NC3,12.7,train,<rdkit.Chem.rdchem.Mol object at 0x7fdcf4909460>
CC(=O)[C@@]1(O)CC[C@H]2[C@@H]3CCC4=CC(=O)CCC4=C3[C@@H](c3ccc(N(C)C)cc3)C[C@@]21C,12.7,train,<rdkit.Chem.rdchem.Mol object at 0x7fdcf49094d0>
CS(=O)(=O)OC[C@@H](OS(C)(=O)=O)[C@@H](O)[C@H](O)[C@@H](COS(C)(=O)=O)OS(C)(=O)=O,12.7,train,<rdkit.Chem.rdchem.Mol object at 0x7fdcf49095b0>
CCCCC(=O)OC1C(C=O)=CC(O)C(O)C1O,12.7,train,<rdkit.Chem.rdchem.Mol object at 0x7fdcf4909620>
Cn1cc(-c2nc(N[C@@H]3CCCC[C@@H]3N)c(F)c3c2C(=O)NC3)cn1,12.7,train,<rdkit.Chem.rdchem.Mol object at 0x7fdcf4909690>
CCC(=O)O[C@@H]1CC(=O)O[C@H](C)C[C@@H]2O[C@H]2/C=C/[C@H](O)[C@H](C)C[C@H](CC=O)[C@H](O[C@@H]2O[C@H](C)[C@@H](O[C@H]3C[C@@](C)(O)[C@@H](OC(=O)CC)[C@H](C)O3)[C@H](N(C)C)[C@H]2O)[C@H]1OC,12.7,train,<rdkit.Chem.rdchem.Mol object at 0x7fdcf4909700>
Cn1cc(-c2nc(N[C@@H]3CCCC[C@@H]3N)c(F)c3c2C(=O)NC3)cn1.O=C(O)CC(O)(CC(=O)O)C(=O)O,12.7,train,<rdkit.Chem.rdchem.Mol object at 0x7fdcf4909770>
Nc1nc(Cl)nc2c1ncn2[C@@H]1O[C@H](CO)[C@@H](O)[C@@H]1F,12.71,train,<rdkit.Chem.rdchem.Mol object at 0x7fdcf49097e0>
CO[C@@H]1[C@@H](O[C@@H]2O[C@H](C)[C@@H](O[C@H]3C[C@@](C)(O)[C@@H](OC(=O)CC(C)C)[C@H](C)O3)[C@H](N(C)C)[C@H]2O)[C@@H](CC=O)C[C@@H](C)[C@@H](O)/C=C/C=C/C[C@@H](C)OC(=O)C[C@H]1OC(C)=O,12.71,train,<rdkit.Chem.rdchem.Mol object at 0x7fdcf4909850>
CCCC(=O)O[C@H]1[C@H](C)O[C@@H](O[C@H]2[C@H](N(C)C)[C@@H](O)[C@H](O[C@H]3[C@@H](CC=O)C[C@@H](C)[C@@H](O)/C=C/C=C/C[C@@H](C)OC(=O)C[C@@H](O)[C@@H]3OC)O[C@@H]2C)C[C@@]1(C)OC(=O)CC,12.71,train,<rdkit.Chem.rdchem.Mol object at 0x7fdcf49098c0>
Cc1cc(Nc2cc(N3CC(F)(C4CC4)C3)nc(O[C@H]3CCN(C(=O)c4cc(Cl)ccc4F)C3)n2)n[nH]1,12.71,train,<rdkit.Chem.rdchem.Mol object at 0x7fdcf4909930>
CCOC(=O)[C@@H]1CC(=O)O[C@H](C)C/C=C/C=C/[C@H](O)[C@H](C)C[C@H](CC=O)[C@H](O[C@@H]2O[C@H](C)[C@@H](O[C@H]3C[C@@](C)(O)[C@@H](OC(=O)CC)[C@H](C)O3)[C@H](N(C)C)[C@H]2O)[C@H]1OC,12.71,train,<rdkit.Chem.rdchem.Mol object at 0x7fdcf49099a0>
CO[C@@H]1[C@@H](O[C@@H]2O[C@H](C)[C@@H](O[C@H]3C[C@@](C)(O)[C@@H](OC(=O)CC(C)C)[C@H](C)O3)[C@H](N(C)C)[C@H]2O)[C@@H](CC=O)C[C@@H](C)C(=O)/C=C/[C@@H]2O[C@@H]2C[C@@H](C)OC(=O)C[C@H]1OC(C)=O,12.71,train,<rdkit.Chem.rdchem.Mol object at 0x7fdcf4909a10>
O=C1CO[C@H](c2cn(-c3ccc(Br)cc3)nc2-c2ccc(F)cc2)N1CCc1ccc2[nH]c(=O)[nH]c2c1,12.71,train,<rdkit.Chem.rdchem.Mol object at 0x7fdcf4909a80>
O=C(CCCN1CC=C(n2c(=O)[nH]c3ccccc32)CC1)c1ccc(F)cc1,12.72,test,<rdkit.Chem.rdchem.Mol object at 0x7fdcf4909af0>
CC(C)[C@H](N)C(=O)OCC[C@H](NC(=O)[C@@H]1SCCN1S(=O)(=O)c1ccc(-c2ccccc2)cc1)c1ccc(F)cc1,12.72,test,<rdkit.Chem.rdchem.Mol object at 0x7fdcf4909b60>
Nc1nc(=O)n([C@@H]2O[C@H](CO)[C@@H](O)[C@@H]2F)cc1I,12.72,train,<rdkit.Chem.rdchem.Mol object at 0x7fdcf4909bd0>
CCOc1ccc(NC(=S)Nc2ccc(OCC)cc2)cc1,12.72,train,<rdkit.Chem.rdchem.Mol object at 0x7fdcf4909c40>
CC(C)CCOc1ccc(NC(=S)Nc2ccc(OCCC(C)C)cc2)cc1,12.72,train,<rdkit.Chem.rdchem.Mol object at 0x7fdcf4909cb0>
O[C@@H]([C@H](O)[C@H](O)CNCCCl)[C@H](O)CNCCCl,12.72,train,<rdkit.Chem.rdchem.Mol object at 0x7fdcf4909d20>
O=C(Nc1ccccc1)OCC(CN1CCCCC1)OC(=O)Nc1ccccc1,12.73,test,<rdkit.Chem.rdchem.Mol object at 0x7fdcf4909d90>
CCCCCCCCCCCC(=O)OCCNC(=O)C[n+]1ccccc1,12.73,train,<rdkit.Chem.rdchem.Mol object at 0x7fdcf4909e00>
CCCOc1cc([C@]2(C)CNC(=O)O2)ccc1OC,12.73,train,<rdkit.Chem.rdchem.Mol object at 0x7fdcf4909e70>
Oc1ncc(N(CCCl)CCCl)c(O)n1,12.74,train,<rdkit.Chem.rdchem.Mol object at 0x7fdcf4909fc0>
O=C(Nc1ccccc1)OCC1(COC(=O)Nc2ccccc2)CCCC1,12.74,train,<rdkit.Chem.rdchem.Mol object at 0x7fdcf490a030>
CCCCCCCCCCC[C@@H](C[C@@H]1OC(=O)[C@H]1CCCCCC)OC(=O)[C@H](CC(C)C)NC=O,12.74,train,<rdkit.Chem.rdchem.Mol object at 0x7fdcf490a0a0>
CCC1(c2ccccc2)CNC(=S)c2ccccc21,12.74,train,<rdkit.Chem.rdchem.Mol object at 0x7fdcf490a110>
CN(CCN1CCC(OC(=O)Nc2ccccc2-c2ccccc2)CC1)C(=O)c1ccc(CN2CCC(C(N)=O)CC2)cc1,12.74,train,<rdkit.Chem.rdchem.Mol object at 0x7fdcf490a180>
CC1(C)CCC2(CC1)N[C@@H](C(=O)N[C@@H]1CC[C@@H](C(N)=O)OC1)[C@H](c1ccnc(Cl)c1F)[C@]21C(=O)Nc2cc(Cl)ccc21,12.74,train,<rdkit.Chem.rdchem.Mol object at 0x7fdcf490a1f0>
O=c1[nH]c2cc(Cl)ccc2n1C1CCN(CCCC(c2ccc(F)cc2)c2ccc(F)cc2)CC1,12.75,test,<rdkit.Chem.rdchem.Mol object at 0x7fdcf490a260>
CC(=O)Nc1c(Br)cc(Br)cc1CN(C)C12CC3CC(CC(C3)C1)C2,12.75,train,<rdkit.Chem.rdchem.Mol object at 0x7fdcf490a2d0>
O=C(NCCN1CCC(n2c(=O)[nH]c3cc(Cl)ccc32)CC1)c1ccc(F)cc1,12.75,train,<rdkit.Chem.rdchem.Mol object at 0x7fdcf490a340>
COc1cc(C)cc(C)c1NC(=O)CCN1CCCCC1C,12.75,train,<rdkit.Chem.rdchem.Mol object at 0x7fdcf490a3b0>
O=c1[nH]c2cc(Cl)ccc2n1C1CCN(CC2COc3ccccc3O2)CC1,12.75,train,<rdkit.Chem.rdchem.Mol object at 0x7fdcf490a420>
CCCCOc1ccc(NC(=S)Nc2ccc(N(C)C)cc2)cc1,12.75,train,<rdkit.Chem.rdchem.Mol object at 0x7fdcf490a490>
CCC(=O)O[C@@H]1CC(=O)O[C@H](C)C/C=C/C=C/[C@H](OC(C)=O)[C@H](C)C[C@H](CC=O)[C@H](O[C@@H]2O[C@H](C)[C@@H](O[C@H]3C[C@@](C)(OC(C)=O)[C@@H](OC(=O)CC)[C@H](C)O3)[C@H](N(C)C)[C@H]2O)[C@H]1OC,12.75,train,<rdkit.Chem.rdchem.Mol object at 0x7fdcf490a500>
CCCCCCCC/C=C\CCCCCCCC(=O)OC[C@@H](O)[C@H]1OC[C@H](O)[C@H]1O,12.75,train,<rdkit.Chem.rdchem.Mol object at 0x7fdcf490a570>
CCCCCCCCCCCC(=O)OC[C@@H](O)[C@H]1OC[C@H](O)[C@H]1O,12.75,train,<rdkit.Chem.rdchem.Mol object at 0x7fdcf490a5e0>
CCCCCCCCCCCCCCCC(=O)OC[C@@H](O)[C@H]1OC[C@H](O)[C@H]1O,12.75,train,<rdkit.Chem.rdchem.Mol object at 0x7fdcf490a650>
Cc1nc2cc(C(c3ccccc3)n3ccnc3)ccc2[nH]1,12.76,test,<rdkit.Chem.rdchem.Mol object at 0x7fdcf490a730>
Cc1cccc(Cl)c1NC(=O)CCN1CCCC2CCCC21,12.76,train,<rdkit.Chem.rdchem.Mol object at 0x7fdcf490a7a0>
C[C@H]1CNC(=O)c2cnn3cc4c(nc23)N(Cc2cc(F)cnc2O1)[C@@H]1CCC[C@@H]1O4,12.76,train,<rdkit.Chem.rdchem.Mol object at 0x7fdcf490a810>
O=C(c1ccc(F)cc1)C1CCN(CCCn2c(=O)[nH]c3cc(Cl)ccc32)CC1,12.77,train,<rdkit.Chem.rdchem.Mol object at 0x7fdcf490a880>
CC1=C(CO)C2=C(C)C3(CC3)[C@@](C)(O)C(=O)C2=C1,12.77,train,<rdkit.Chem.rdchem.Mol object at 0x7fdcf490a8f0>
O[C@H]([C@H](O)[C@@H]1CO1)[C@H]1CO1,12.77,train,<rdkit.Chem.rdchem.Mol object at 0x7fdcf490a9d0>
CNC(=O)c1ccc(-c2cnc3ncc(Cc4ccc5ncccc5c4)n3n2)cc1F,12.77,train,<rdkit.Chem.rdchem.Mol object at 0x7fdcf490aa40>
COC(=O)N[C@H](C(=O)N1CCC[C@H]1C(=O)Nc1ccc([C@@H]2CC[C@@H](c3ccc(NC(=O)[C@@H]4CCCN4C(=O)[C@@H](NC(=O)OC)C(C)C)cc3)N2c2ccc(C(C)(C)C)cc2)cc1)C(C)C,12.77,train,<rdkit.Chem.rdchem.Mol object at 0x7fdcf490aab0>
C=CC(=O)N1CC2(CC(n3nc(-c4ccc5c(cnn5C)c4)c(-c4c(Cl)c(C)cc5[nH]ncc45)c3C)C2)C1,12.77,train,<rdkit.Chem.rdchem.Mol object at 0x7fdcf490ab20>
CC1CCCC(C)N1CCCC(O)(c1ccccc1)c1ccccn1,12.78,train,<rdkit.Chem.rdchem.Mol object at 0x7fdcf490ab90>
C[C@@H]1CCC[C@H](C)N1CCCC(O)(c1ccccc1)c1ccccn1,12.78,train,<rdkit.Chem.rdchem.Mol object at 0x7fdcf490ac00>
CO[C@H]1/C=C\C=C(/C)C(=O)NC2=CC(=O)C(NCCN(C)C)=C(C[C@@H](C)C[C@H](OC)[C@H](O)[C@@H](C)/C=C(\C)[C@@H]1OC(N)=O)C2=O,12.78,train,<rdkit.Chem.rdchem.Mol object at 0x7fdcf490ace0>
C=CCNC1=C2C[C@@H](C)C[C@H](OC)[C@H](O)[C@@H](C)/C=C(\C)[C@H](OC(N)=O)[C@@H](OC)/C=C\C=C(/C)C(=O)NC(=CC1=O)C2=O,12.78,train,<rdkit.Chem.rdchem.Mol object at 0x7fdcf490ad50>
O=C1Nc2ccccc2C(c2ccccc2)N1C1CCN(Cc2cccc(OC(F)(F)F)c2)CC1,12.78,train,<rdkit.Chem.rdchem.Mol object at 0x7fdcf490adc0>
CC(C)Nc1cc(-c2c[nH]c(C(=O)N[C@H](CO)c3cccc(Cl)c3)c2)c(Cl)cn1,12.78,train,<rdkit.Chem.rdchem.Mol object at 0x7fdcf490ae30>
CONC(=O)c1ccccc1Nc1cc(Nc2cc(C)nn2C(C)C)ncc1Cl,12.78,train,<rdkit.Chem.rdchem.Mol object at 0x7fdcf490aea0>
C=CC(=O)Nc1cc(Nc2ncc(C(=O)OC(C)C)c(-c3cn(C)c4ccccc34)n2)c(OC)cc1N(C)CCN(C)C,12.78,train,<rdkit.Chem.rdchem.Mol object at 0x7fdcf490af10>
O=C(NCc1cnc(C(F)(F)F)s1)c1ccc2c(c1)NC(=O)c1ccccc1S2(=O)=O,12.78,train,<rdkit.Chem.rdchem.Mol object at 0x7fdcf490af80>
C=CC(=O)Nc1cc(Nc2ncc(C(=O)OC(C)C)c(-c3cn(C)c4ccccc34)n2)c(OC)cc1N(C)CCN(C)C.O=C(O)CCC(=O)O,12.78,train,<rdkit.Chem.rdchem.Mol object at 0x7fdcf490aff0>
CN1CCc2cc3c(cc2C1O)OCO3,12.79,train,<rdkit.Chem.rdchem.Mol object at 0x7fdcf490b060>
Cc1cc(Nc2cc(N3CCN(C)CC3)nc(Sc3ccc(NC(=O)C4CC4)cc3)n2)n[nH]1,12.79,train,<rdkit.Chem.rdchem.Mol object at 0x7fdcf490b0d0>
C[C@H](O)C(=O)O.Cc1cc(Nc2cc(N3CCN(C)CC3)nc(Sc3ccc(NC(=O)C4CC4)cc3)n2)n[nH]1,12.79,train,<rdkit.Chem.rdchem.Mol object at 0x7fdcf490b140>
CC(=O)Oc1ccc(C2(c3ccc(OC(C)=O)cc3)C(=O)Nc3ccccc32)cc1,12.8,test,<rdkit.Chem.rdchem.Mol object at 0x7fdcf490b1b0>
Cc1cccc(Cl)c1NC(=O)/C=C1\SCC(=O)N1C,12.8,train,<rdkit.Chem.rdchem.Mol object at 0x7fdcf490b220>
OC[C@@H](O)[C@H]1O[C@@H]2O[C@H](C(Cl)(Cl)Cl)O[C@@H]2[C@H]1O,12.8,train,<rdkit.Chem.rdchem.Mol object at 0x7fdcf490b290>
CO[C@@H]1C[C@@H](NC(=O)N(CCCl)N=O)[C@H](O)[C@@H](CO)O1,12.8,train,<rdkit.Chem.rdchem.Mol object at 0x7fdcf490b300>
CC(C)NC1CCn2c(=O)[nH]c3cccc(c32)C1O,12.8,train,<rdkit.Chem.rdchem.Mol object at 0x7fdcf490b370>
O=C(c1nn(-c2ccc(CN3CCOCC3)cc2)c2c1CS(=O)(=O)c1c(F)cccc1-2)N1CCOCC1,12.8,train,<rdkit.Chem.rdchem.Mol object at 0x7fdcf490b3e0>
CCOC(=O)c1ccc(NC(=O)CN2CCCCC2)cc1,12.81,train,<rdkit.Chem.rdchem.Mol object at 0x7fdcf490b450>
C[C@@H]1Cc2c(ccc3[nH]ncc23)[C@@H](c2ccc(NC3CN(CCCF)C3)cn2)N1CC(F)(F)F,12.81,train,<rdkit.Chem.rdchem.Mol object at 0x7fdcf490b5a0>
C[N+]1(CCC(O)(c2ccccc2)c2cccs2)CCOCC1,12.82,train,<rdkit.Chem.rdchem.Mol object at 0x7fdcf490b610>
CCOC(=O)NNC(C)c1ccccc1,12.82,train,<rdkit.Chem.rdchem.Mol object at 0x7fdcf490b680>
CC[C@H]1OC(=O)C[C@@H](O)[C@H](C)[C@@H](O[C@@H]2O[C@H](C)C[C@H](N(C)C)[C@H]2O)[C@@H](CC=O)C[C@@H](C)C(=O)/C=C/[C@]2(C)O[C@H]2[C@@H]1C,12.82,train,<rdkit.Chem.rdchem.Mol object at 0x7fdcf490b760>
CC[C@H]1OC(=O)C[C@@H](O)[C@H](C)[C@@H](O[C@@H]2O[C@H](C)C[C@H](N(C)C)[C@H]2O)[C@@H](CC=O)C[C@@H](C)C(=O)/C=C/C(C)=C/[C@@H]1C,12.82,train,<rdkit.Chem.rdchem.Mol object at 0x7fdcf490b840>
CC(C)c1ccc(CC(=O)N[C@H](C)c2ccc(OCC(F)(F)F)cn2)cc1,12.82,train,<rdkit.Chem.rdchem.Mol object at 0x7fdcf490b8b0>
CCOc1ccn(-c2ccc(F)cc2)c(=O)c1C(=O)Nc1ccc(Oc2ccnc(N)c2Cl)c(F)c1,12.82,train,<rdkit.Chem.rdchem.Mol object at 0x7fdcf490b920>
CCCCCCCCCCCCCCCCCC(=O)O.CC[C@H]1OC(=O)C[C@@H](O)[C@H](C)[C@@H](O[C@@H]2O[C@H](C)C[C@H](N(C)C)[C@H]2O)[C@@H](CC=O)C[C@@H](C)C(=O)/C=C/[C@]2(C)O[C@H]2[C@@H]1C,12.82,train,<rdkit.Chem.rdchem.Mol object at 0x7fdcf490b990>
CNC(=O)c1ccc2cc([C@@]3(O)CCn4cncc43)ccc2c1,12.83,test,<rdkit.Chem.rdchem.Mol object at 0x7fdcf490ba00>
CC[C@H]1OC(=O)[C@@](C)(F)C(=O)[C@H](C)[C@@H](O[C@@H]2O[C@H](C)C[C@H](N(C)C)[C@H]2O)[C@](C)(OC)C[C@@H](C)C(=O)[C@H](C)[C@H]2N(CCCCn3cc(-c4cccc(N)c4)nn3)C(=O)O[C@]12C,12.83,train,<rdkit.Chem.rdchem.Mol object at 0x7fdcf490ba70>
Nc1ncnc(Nc2ccccc2)n1,12.84,train,<rdkit.Chem.rdchem.Mol object at 0x7fdcf490bb50>
CC1(C)CN2C(=O)c3[nH]cnc3N(Cc3ccc(Cl)cc3)C2=N1,12.84,train,<rdkit.Chem.rdchem.Mol object at 0x7fdcf490bbc0>
CCOc1cc([C@@H](CS(C)(=O)=O)N2Cc3cccc(NC(=O)C4CC4)c3C2=O)ccc1OC,12.84,train,<rdkit.Chem.rdchem.Mol object at 0x7fdcf490bca0>
O=c1[nH]ccc2cc(OC3CCNCC3)ccc12,12.84,train,<rdkit.Chem.rdchem.Mol object at 0x7fdcf490bd10>
NCC(=O)Nc1cncc(-c2nn3c(=O)cc(N4CCNCC4)nc3s2)c1,12.84,train,<rdkit.Chem.rdchem.Mol object at 0x7fdcf490bd80>
N#Cc1ccc(S[C@@H]2SC[C@@H](O)[C@H](O)[C@H]2O)cc1,12.85,train,<rdkit.Chem.rdchem.Mol object at 0x7fdcf490bdf0>
COC(=O)Nc1cccc(C)c1CNc1cccn2c(C)c(C)nc12,12.85,train,<rdkit.Chem.rdchem.Mol object at 0x7fdcf490be60>
N#CCCNc1nonc1-c1nc2ccccc2n1CC(=O)c1ccc(NC(=O)[C@@H](N)CCCCN)cc1,12.85,train,<rdkit.Chem.rdchem.Mol object at 0x7fdcf490bf40>
Cc1[nH]nc(C(=O)Nc2cnc3[nH]c(-c4ccccc4)cc3c2)c1C,12.85,train,<rdkit.Chem.rdchem.Mol object at 0x7fdcf490c040>
COc1ccc([C@@H]2Sc3ccccc3N(CCN(C)C)C(=O)[C@@H]2OC(C)=O)cc1,12.86,test,<rdkit.Chem.rdchem.Mol object at 0x7fdcf490c0b0>
COc1ccc([C@@H]2Sc3cc(Cl)ccc3N(CCN(C)C)C(=O)[C@@H]2OC(C)=O)cc1,12.86,train,<rdkit.Chem.rdchem.Mol object at 0x7fdcf490c120>
COc1ccc([C@@H]2Sc3ccccc3N(CCN(C)C(C)C)C(=O)[C@@H]2OC(C)=O)cc1,12.86,train,<rdkit.Chem.rdchem.Mol object at 0x7fdcf490c190>
COc1ccc([C@@H]2Sc3ccccc3N(CCN(C)C)C(=O)[C@@H]2OC(C)=O)cc1.O=C(O)CC(O)C(=O)O,12.86,train,<rdkit.Chem.rdchem.Mol object at 0x7fdcf490c200>
C#C[C@]1(O)CC[C@H]2N3CCc4cc(OC)ccc4[C@H]3CC[C@@]21C,12.86,train,<rdkit.Chem.rdchem.Mol object at 0x7fdcf490c270>
CN1CC[C@]2(C)c3cc(OC(=O)Nc4ccccc4)ccc3N(C)[C@H]12,12.86,train,<rdkit.Chem.rdchem.Mol object at 0x7fdcf490c2e0>
CC#C[C@]1(O)CC[C@H]2[C@@H]3CCC4=CC(=O)CCC4=C3[C@@H](c3ccc(N(C)C)cc3)C[C@@]21C,12.87,train,<rdkit.Chem.rdchem.Mol object at 0x7fdcf490c350>
NC(=O)Nc1ccc(S(=O)(=O)c2ccc(N)cc2)cc1,12.87,train,<rdkit.Chem.rdchem.Mol object at 0x7fdcf490c3c0>
CC#C[C@]1(O)CC[C@H]2[C@@H]3CCC4=CC(=O)CCC4=C3[C@@H](c3ccc(N(C)C(C)C)cc3)C[C@@]21C,12.87,train,<rdkit.Chem.rdchem.Mol object at 0x7fdcf490c430>
CC#C[C@]1(O)CCC2C3CCC4=CC(=O)CCC4=C3[C@@H](c3ccc4c(c3)OCO4)C[C@@]21C,12.87,train,<rdkit.Chem.rdchem.Mol object at 0x7fdcf490c4a0>
COC(=O)N1CC[C@@H]2[C@H]1CCC[C@@]2(O)C#Cc1cccc(C)c1,12.87,train,<rdkit.Chem.rdchem.Mol object at 0x7fdcf490c510>
OC(c1ccccc1)(c1ccccc1)C1CCCCN1,12.88,train,<rdkit.Chem.rdchem.Mol object at 0x7fdcf490c5f0>
C#CC(O)(/C=C/Cl)CC,12.88,train,<rdkit.Chem.rdchem.Mol object at 0x7fdcf490c6d0>
CN[C@@H]1Cc2cccc3[nH]c(=O)n(c23)C1,12.88,train,<rdkit.Chem.rdchem.Mol object at 0x7fdcf490c740>
C[C@@]1(C(=O)Nc2ccc(F)nc2)CCCN1c1nc(Nc2cc(C3CC3)n[nH]2)c2cccn2n1,12.88,train,<rdkit.Chem.rdchem.Mol object at 0x7fdcf490c7b0>
COc1cc(N2CCC(N3CCN(C)CC3)CC2)ccc1Nc1ncc(Cl)c(Nc2ccccc2P(C)(C)=O)n1,12.88,train,<rdkit.Chem.rdchem.Mol object at 0x7fdcf490c820>
C[C@@H]1CCc2ncc(F)cc2[C@H]2CCCN2c2ccn3ncc(c3n2)C(=O)N1,12.88,train,<rdkit.Chem.rdchem.Mol object at 0x7fdcf490c900>
CC(C)(CCn1c(=O)[nH]c2ccccc21)NCC(O)COc1cccc2ccccc12,12.89,test,<rdkit.Chem.rdchem.Mol object at 0x7fdcf490c970>
O[C@H]1[C@H](O)[C@@H](O)CN2CC[C@H](O)[C@H]12,12.89,train,<rdkit.Chem.rdchem.Mol object at 0x7fdcf490c9e0>
CCCCCC(N)C(O)(c1ccccc1)c1ccccc1,12.89,train,<rdkit.Chem.rdchem.Mol object at 0x7fdcf490ca50>
CC1(CN2CCC(n3c(=O)[nH]c4ccccc43)CC2)OCc2ccccc2-n2cccc21,12.9,test,<rdkit.Chem.rdchem.Mol object at 0x7fdcf490cba0>
CCOC(=O)Nc1ccc2c(c1)N(C(=O)CCN(CC)CC)c1ccccc1S2,12.9,test,<rdkit.Chem.rdchem.Mol object at 0x7fdcf490cc10>
OCCN1C[C@H](O)[C@@H](O)[C@H](O)[C@H]1CO,12.9,test,<rdkit.Chem.rdchem.Mol object at 0x7fdcf490cc80>
O=c1[nH]c2ccccc2n1C1CCN(CCCC(c2ccc(F)cc2)c2ccc(F)cc2)CC1,12.9,train,<rdkit.Chem.rdchem.Mol object at 0x7fdcf490cd60>
O=C(CCCN1CCC(n2c(=O)[nH]c3ccccc32)CC1)c1ccc(F)cc1,12.9,train,<rdkit.Chem.rdchem.Mol object at 0x7fdcf490cdd0>
CCOC(=O)Nc1ccc2c(c1)N(C(=O)CCN1CCOCC1)c1ccccc1S2,12.9,train,<rdkit.Chem.rdchem.Mol object at 0x7fdcf490ce40>
CCCCN1C[C@H](O)[C@@H](O)[C@H](O)[C@H]1CO,12.9,train,<rdkit.Chem.rdchem.Mol object at 0x7fdcf490ceb0>
O=c1[nH]c2ccccc2n1C1CCN(CCCc2noc3cc(F)ccc23)CC1,12.9,train,<rdkit.Chem.rdchem.Mol object at 0x7fdcf490cf20>
O=c1[nH]c2ccccc2n1C1CCN(CCOc2ccccc2)CC1,12.9,train,<rdkit.Chem.rdchem.Mol object at 0x7fdcf490cf90>
CCOC(=O)c1ccc(OCCN2C[C@H](O)[C@@H](O)[C@H](O)[C@H]2CO)cc1,12.9,train,<rdkit.Chem.rdchem.Mol object at 0x7fdcf490d000>
CC(=O)O[C@H]1C[C@@H]2CC[C@@H]3[C@H](CC[C@]4(C)[C@@H](O)[C@@H]([N+]5(C)CCCCC5)C[C@@H]34)[C@@]2(C)C[C@@H]1[N+]1(C)CCCCC1,12.9,train,<rdkit.Chem.rdchem.Mol object at 0x7fdcf490d070>
CCCCN1C[C@H](O)[C@@H](O)[C@@H](O)[C@H]1CO,12.9,train,<rdkit.Chem.rdchem.Mol object at 0x7fdcf490d150>
COc1ccc(C)c(OC(CCN2CCC(n3c(=O)[nH]c4ccccc43)CC2)C(C)C)c1,12.9,train,<rdkit.Chem.rdchem.Mol object at 0x7fdcf490d1c0>
Nc1cc(S(=O)(=O)c2ccc(OC(F)(F)F)cc2)cnc1-c1nnc(CO)o1,12.9,train,<rdkit.Chem.rdchem.Mol object at 0x7fdcf490d230>
CC(C)(C)C(=O)NNCc1ccccc1,12.91,test,<rdkit.Chem.rdchem.Mol object at 0x7fdcf490d2a0>
OC[C@H]1NC[C@H](O)[C@@H](O)[C@@H]1O,12.91,train,<rdkit.Chem.rdchem.Mol object at 0x7fdcf490d380>
OC[C@H]1NC[C@H](O)[C@@H](O)[C@H]1O,12.91,train,<rdkit.Chem.rdchem.Mol object at 0x7fdcf490d3f0>
CCOC(=O)Nc1cc2c(c(N)n1)N=C(c1ccccc1)[C@H](C)N2,12.91,train,<rdkit.Chem.rdchem.Mol object at 0x7fdcf490d460>
O=c1[nH]c2ccccc2n1CCN1CCN(c2cccc(C(F)(F)F)c2)CC1,12.91,train,<rdkit.Chem.rdchem.Mol object at 0x7fdcf490d4d0>
COCc1nn(Cc2ccc(Cn3ccccc3=O)cc2)cc1C(=O)NCc1nccc(OC)c1F,12.91,train,<rdkit.Chem.rdchem.Mol object at 0x7fdcf490d540>
CC(=O)OC[C@@H](O)[C@@H](O)[C@@H](CC=O)OC(C)=O,12.91,train,<rdkit.Chem.rdchem.Mol object at 0x7fdcf490d620>
O=c1[nH]c2ccccc2n1CCCN1CCN(C(c2ccccc2)c2ccccc2)CC1,12.92,train,<rdkit.Chem.rdchem.Mol object at 0x7fdcf490d690>
O=C(c1ccc(F)cc1)C1CCN(CCCn2c(=O)[nH]c3ccccc32)CC1,12.92,train,<rdkit.Chem.rdchem.Mol object at 0x7fdcf490d700>
Cc1cc(-c2nc(C(=O)Nc3cc4oc(N5CCOCC5)nc4nc3N3CC[C@@H](O)C3)co2)ccn1,12.92,train,<rdkit.Chem.rdchem.Mol object at 0x7fdcf490d7e0>
CCCC(=O)O[C@H]1CN2CC[C@H](O)[C@@H]2[C@@H](O)[C@@H]1O,12.93,train,<rdkit.Chem.rdchem.Mol object at 0x7fdcf490d850>
CCOCCCCCCN1C[C@H](O)[C@@H](O)[C@@H](O)[C@H]1C,12.93,train,<rdkit.Chem.rdchem.Mol object at 0x7fdcf490d930>
Cc1ncc(CNC(=O)N(CCCl)N=O)c(N)n1,12.94,train,<rdkit.Chem.rdchem.Mol object at 0x7fdcf490d9a0>
OCCO[C@H]1C[C@@H](n2nnc3c(N[C@@H]4C[C@H]4c4ccc(F)c(F)c4)nc(S)nc32)[C@H](O)[C@@H]1O,12.94,train,<rdkit.Chem.rdchem.Mol object at 0x7fdcf490da10>
C=CC(C)NC(=S)NNC(=S)NC,12.95,test,<rdkit.Chem.rdchem.Mol object at 0x7fdcf490da80>
O=C1NCCCC1N1C(=O)c2ccccc2S1(=O)=O,12.95,train,<rdkit.Chem.rdchem.Mol object at 0x7fdcf490daf0>
CC(Br)(CO)[N+](=O)[O-],12.95,train,<rdkit.Chem.rdchem.Mol object at 0x7fdcf490db60>
Nc1ncnc2c([C@@H]3N[C@H](CO)[C@@H](O)[C@H]3O)c[nH]c12,12.95,train,<rdkit.Chem.rdchem.Mol object at 0x7fdcf490dbd0>
CS[C@@]1(C(=O)Nc2ccc3[nH]nc(-c4ccc(OC(C)C)nc4)c3c2)CCN(CC(=O)N2CC=C(c3ccc(-c4ncn(C)n4)cc3)CC2)C1,12.95,train,<rdkit.Chem.rdchem.Mol object at 0x7fdcf490dc40>
Cc1c(C(=O)Nc2ccc(Oc3ccnc4cc(OCC(C)(C)O)ccc34)c(F)c2)c(=O)n(-c2ccccc2)n1C,12.96,train,<rdkit.Chem.rdchem.Mol object at 0x7fdcf490dd20>
CN[C@H]1[C@@H](O[C@@H]2/C3=C/C#C[C@H]4O[C@@]4([C@@H]4COC(=O)O4)C#CC3=C[C@H]2OC(=O)c2c(C)ccc3c(C)cc(OC)cc23)O[C@H](C)[C@H](O)[C@@H]1O,12.96,train,<rdkit.Chem.rdchem.Mol object at 0x7fdcf490dd90>
C=CC(=O)Nc1cc(C#CC(C)(C)N2CCN(C)CC2)cc2ncnc(Nc3ccc(F)c(Cl)c3)c12,12.96,train,<rdkit.Chem.rdchem.Mol object at 0x7fdcf490de00>
COCC(=O)Nc1ccc(/N=C(/C)N(C)C)cc1,12.97,test,<rdkit.Chem.rdchem.Mol object at 0x7fdcf490de70>
NC[C@@](O)(c1ccc(Cl)cc1)c1ccc(-c2cn[nH]c2)cc1,12.97,train,<rdkit.Chem.rdchem.Mol object at 0x7fdcf490dee0>
N=c1ccn2c(n1)O[C@H]1[C@H](O)[C@@H](CO)O[C@H]12,12.98,train,<rdkit.Chem.rdchem.Mol object at 0x7fdcf490dfc0>
CN(C)c1ccc(C(O)(c2ccc(N(C)C)cc2)c2ccc(N(C)C)cc2)cc1,12.98,train,<rdkit.Chem.rdchem.Mol object at 0x7fdcf490e030>
Cc1cn2c(nc1=O)O[C@H]1[C@H](O)[C@@H](CO)O[C@H]12,12.98,train,<rdkit.Chem.rdchem.Mol object at 0x7fdcf490e0a0>
CCOc1cc([C@@H](CS(C)(=O)=O)N2C(=O)c3cccc(CC(C)=O)c3C2=O)ccc1OC,12.98,train,<rdkit.Chem.rdchem.Mol object at 0x7fdcf490e180>
CCC1(CC)C(=O)NC=C(C)C1=O,12.99,train,<rdkit.Chem.rdchem.Mol object at 0x7fdcf490e260>
CS(=O)(=O)OC[C@H](O)[C@@H](O)COS(C)(=O)=O,12.99,train,<rdkit.Chem.rdchem.Mol object at 0x7fdcf490e2d0>
CN(C)CCc1c[nH]c2ccc(C[C@H]3COC(=O)N3)cc12,13.0,test,<rdkit.Chem.rdchem.Mol object at 0x7fdcf490e340>
CCN(CC)c1nc(=NN)nc(N(CC)CC)[nH]1,13.0,test,<rdkit.Chem.rdchem.Mol object at 0x7fdcf490e3b0>
CC1CC(OC(=O)C(C)O)CC(C)(C)C1,13.0,train,<rdkit.Chem.rdchem.Mol object at 0x7fdcf490e420>
NC(=O)c1ccc(I)c([N+](=O)[O-])c1,13.0,train,<rdkit.Chem.rdchem.Mol object at 0x7fdcf490e490>
CCn1cc(-c2ccnc3[nH]c(-c4cccc(CN(C)C)c4)cc23)c(-c2ccc(NC(=O)N(C)C)cc2)n1,13.0,train,<rdkit.Chem.rdchem.Mol object at 0x7fdcf490e500>
CC(C)(C)NC(=O)[C@@H]1CN(Cc2cccnc2)CCN1C[C@@H](O)C[C@@H](Cc1ccccc1)C(=O)N[C@H]1c2ccccc2C[C@H]1O,13.01,test,<rdkit.Chem.rdchem.Mol object at 0x7fdcf490e570>
Cc1c(CCN2CCOCC2)c(=O)oc2cc(NC(=O)N3CCOCC3)ccc12,13.01,train,<rdkit.Chem.rdchem.Mol object at 0x7fdcf490e5e0>
COC[C@H](O)Cn1c(=O)cnn(-c2ccc(Cl)c(C(=O)NCC3(O)CCCCCC3)c2)c1=O,13.02,train,<rdkit.Chem.rdchem.Mol object at 0x7fdcf490e730>
COCCN1C[C@@H](NC(=O)Nc2c(C)c(-c3cnc(C)nc3)nn2-c2ccccc2)[C@H](c2cccc(F)c2)C1,13.02,train,<rdkit.Chem.rdchem.Mol object at 0x7fdcf490e7a0>
O[C@@H]1CO[C@H]2[C@@H]1OC[C@@H]2O,13.03,train,<rdkit.Chem.rdchem.Mol object at 0x7fdcf490e810>
Nc1ccn([C@@H]2S[C@H](CO)[C@@H](O)[C@@H]2O)c(=O)n1,13.03,train,<rdkit.Chem.rdchem.Mol object at 0x7fdcf490e880>
[18F]c1ccc(-c2ccc3c(c2)[nH]c2ccncc23)cn1,13.03,train,<rdkit.Chem.rdchem.Mol object at 0x7fdcf490e9d0>
Fc1ccc(-c2ccc3c(c2)[nH]c2ccncc23)cn1,13.03,train,<rdkit.Chem.rdchem.Mol object at 0x7fdcf490ea40>
[2H]C([2H])([2H])NC(=O)c1ccc(N2C(=S)N(c3ccc(C#N)c(C(F)(F)F)c3)C(=O)C2(C)C)cc1F,13.05,test,<rdkit.Chem.rdchem.Mol object at 0x7fdcf490ec00>
OC(CN1CCCCC1)c1cc(-c2ccccc2)on1,13.05,train,<rdkit.Chem.rdchem.Mol object at 0x7fdcf490ec70>
O=C(CCCCCCCCCCCCC1CCCC1)Nc1ccc(S(=O)(=O)c2ccc(NC(=O)CCCCCCCCCCCCC3CCCC3)cc2)cc1,13.05,train,<rdkit.Chem.rdchem.Mol object at 0x7fdcf490ed50>
CCC(CC)CC1(C(=O)Nc2ccccc2SC(=O)C(C)C)CCCCC1,13.05,train,<rdkit.Chem.rdchem.Mol object at 0x7fdcf490edc0>
CCNC(=O)Nc1ccc(-c2nc3c(c(N4CCOC[C@@H]4C)n2)CCN(C2COC2)C3)cc1,13.05,train,<rdkit.Chem.rdchem.Mol object at 0x7fdcf490ef10>
COc1cc(F)c([C@@H]2CNC(=O)[C@H]2NC(=O)Nc2ccccc2)c(F)c1,13.05,train,<rdkit.Chem.rdchem.Mol object at 0x7fdcf490ef80>
CCN1CCC[C@H]1CNC(=O)c1c(OC)ccc(Br)c1OC,13.06,test,<rdkit.Chem.rdchem.Mol object at 0x7fdcf490eff0>
CCc1cccc2cc(C(O)CNC(C)(C)C)oc12,13.06,test,<rdkit.Chem.rdchem.Mol object at 0x7fdcf490f060>
NC(=O)c1cnccn1,13.06,train,<rdkit.Chem.rdchem.Mol object at 0x7fdcf490f0d0>
CCOC(=O)Nc1ccc(SCC2COC(Cn3ccnc3)(c3ccc(Cl)cc3Cl)O2)cc1,13.06,train,<rdkit.Chem.rdchem.Mol object at 0x7fdcf490f140>
CCOC(=O)Nc1ccc(SCC2COC(Cn3ccnc3)(c3ccc(OC)cc3)O2)cc1,13.06,train,<rdkit.Chem.rdchem.Mol object at 0x7fdcf490f1b0>
OC[C@@H]1O[C@@H](n2cnc3c2N=CNC[C@H]3O)C[C@H]1O,13.06,train,<rdkit.Chem.rdchem.Mol object at 0x7fdcf490f220>
O=C(Oc1ccc2c(c1)CCCN2C(=O)C(Cl)Cl)c1ccco1,13.07,train,<rdkit.Chem.rdchem.Mol object at 0x7fdcf490f290>
COc1ccc2c(c1OC)C(=O)O[C@@H]2[C@H]1c2c(cc3c(c2OC)OCO3)CCN1C,13.07,train,<rdkit.Chem.rdchem.Mol object at 0x7fdcf490f300>
CC1=C(/C=C/C(C)=C/C=C/C(C)=C/C=C/C=C(C)/C=C/C=C(C)/C=C/C2=C(C)C(=O)[C@@H](O)CC2(C)C)C(C)(C)C[C@H](O)C1=O,13.07,train,<rdkit.Chem.rdchem.Mol object at 0x7fdcf490f370>
COc1ccc(-n2nc(C(N)=O)c3c2C(=O)N(c2ccc(N4CCCCC4=O)cc2)CC3)cc1,13.07,train,<rdkit.Chem.rdchem.Mol object at 0x7fdcf490f450>
Cc1cc(Nc2cc(N3CCN(C)CC3)nc(/C=C/c3ccccc3)n2)n[nH]1,13.07,train,<rdkit.Chem.rdchem.Mol object at 0x7fdcf490f4c0>
N=C(N)C(O)c1ccc2c(c1)OCO2,13.08,train,<rdkit.Chem.rdchem.Mol object at 0x7fdcf490f530>
O=C(CCCN1CCN(c2ccc(F)cc2)CC1)NC1c2ccccc2CSc2ccccc21,13.08,train,<rdkit.Chem.rdchem.Mol object at 0x7fdcf490f5a0>
COc1ccc2c(c1)C(O)(CCCN(C)C)c1ccccc1S2,13.08,train,<rdkit.Chem.rdchem.Mol object at 0x7fdcf490f610>
NC(=O)c1nnn(Cc2cc(Cl)c(C(=O)c3ccc(Cl)cc3)c(Cl)c2)c1N,13.08,train,<rdkit.Chem.rdchem.Mol object at 0x7fdcf490f680>
CC(C)NC(=O)COc1cccc(-c2nc(Nc3ccc4[nH]ncc4c3)c3ccccc3n2)c1,13.08,train,<rdkit.Chem.rdchem.Mol object at 0x7fdcf490f6f0>
CC(C)(CO)n1cc(C(=O)c2cncc(NC(=O)Cc3ccc(Cl)cn3)c2)c2cnc(N)nc21,13.08,train,<rdkit.Chem.rdchem.Mol object at 0x7fdcf490f760>
CN(C(=O)C(Cl)Cl)c1ccc(OC(=O)c2ccco2)cc1,13.09,train,<rdkit.Chem.rdchem.Mol object at 0x7fdcf490f7d0>
C=C(Br)C(=O)Nc1cc(C(=O)Nc2cc(C(=O)Nc3cc(C(=O)Nc4cc(C(=O)NCCN=C(N)N)n(C)c4)n(C)c3)n(C)c2)n(C)c1,13.09,train,<rdkit.Chem.rdchem.Mol object at 0x7fdcf490f840>
COC[C@H](C)Oc1cc(Oc2cnc(C(=O)N3CCC3)cn2)cc(C(=O)Nc2cnc(C)cn2)c1,13.09,train,<rdkit.Chem.rdchem.Mol object at 0x7fdcf490f8b0>
O=C(Nc1ccc(-c2ccnc(Nc3ccc(N4CCOCC4)cc3)n2)cc1)C1CCCN1,13.09,train,<rdkit.Chem.rdchem.Mol object at 0x7fdcf490f920>
CCC(CC)C(c1ccc(Nc2nc3ccccc3s2)cc1)n1cncn1,13.1,train,<rdkit.Chem.rdchem.Mol object at 0x7fdcf490f990>
CC(=O)Nc1cccc2c(=O)n(C)c3ccccc3c(=O)c12,13.11,train,<rdkit.Chem.rdchem.Mol object at 0x7fdcf490fa70>
C=C[C@]1(C)C[C@@H](OC(=O)CO)[C@]2(C)[C@H](C)CC[C@]3(CCC(=O)[C@H]32)[C@@H](C)[C@@H]1O,13.11,train,<rdkit.Chem.rdchem.Mol object at 0x7fdcf490fae0>
Cc1ccc2c(Nc3cccc(Cl)c3F)nccc2c1NC(=O)c1csc2c(N)ncnc12,13.11,train,<rdkit.Chem.rdchem.Mol object at 0x7fdcf490fb50>
CCOC(=O)C(C(=O)OC1CC2CCC(C1)[N+]2(C)C)c1ccccc1.COS(=O)(=O)[O-],13.12,train,<rdkit.Chem.rdchem.Mol object at 0x7fdcf490fc30>
N#C[C@H]1[C@H](O)[C@@H](CO)O[C@H]1n1ccc(N)nc1=O,13.12,train,<rdkit.Chem.rdchem.Mol object at 0x7fdcf490fd10>
COc1ccc(S(=O)(=O)N2CCC[C@H]2C(=O)Nc2cc(C)cc(C)c2)cc1,13.12,train,<rdkit.Chem.rdchem.Mol object at 0x7fdcf490fd80>
CC(C)c1cc(CNc2nc(Nc3cc(C4CC4)[nH]n3)cc(N3CCN(C)CC3)n2)on1,13.12,train,<rdkit.Chem.rdchem.Mol object at 0x7fdcf490fdf0>
OC(COC1CN2CCC1CC2)(c1ccccc1)C1CCCC1,13.13,train,<rdkit.Chem.rdchem.Mol object at 0x7fdcf490fe60>
C[N+]12CCC(CC1)C(OCC(O)(c1ccccc1)C1CCCC1)C2,13.13,train,<rdkit.Chem.rdchem.Mol object at 0x7fdcf490fed0>
CNCc1ccc(-c2[nH]c3cc(F)cc4c3c2CCNC4=O)cc1,13.16,test,<rdkit.Chem.rdchem.Mol object at 0x7fdcf4714200>
OC(c1ccc(Cl)cc1)(c1ccc(Cl)cc1)C1CC1,13.16,train,<rdkit.Chem.rdchem.Mol object at 0x7fdcf4714270>
COc1ccc2c(c1OC)C(=O)O[C@@H]2[C@H]1c2cc3c(cc2CCN1C)OCO3,13.16,train,<rdkit.Chem.rdchem.Mol object at 0x7fdcf47142e0>
CC1(C)CC(C(=O)NC(CO)C(O)CO)C(C)(C)N1[O],13.16,train,<rdkit.Chem.rdchem.Mol object at 0x7fdcf4714350>
COc1cc2ccc(=O)oc2cc1OCCCN1CCC(C(O)(c2ccc(F)cc2)c2ccc(F)cc2)CC1,13.16,train,<rdkit.Chem.rdchem.Mol object at 0x7fdcf47143c0>
CO[C@H]1[C@@H](O)[C@H](N)[C@@H](O[C@H]2O[C@H]([C@H](C)N)CC[C@H]2N)[C@H](O)[C@@H]1N(C)C(=O)CN,13.16,train,<rdkit.Chem.rdchem.Mol object at 0x7fdcf4714430>
CC1(C)[C@@H]2CC[C@@]1(CS(=O)(=O)O)C(=O)C2.CNCc1ccc(-c2[nH]c3cc(F)cc4c3c2CCNC4=O)cc1,13.16,train,<rdkit.Chem.rdchem.Mol object at 0x7fdcf47144a0>
N#Cc1ccc(N2CCN(Cc3ccc4c5c(c(=O)[nH]c4c3)CCCN5)CC2)nc1,13.16,train,<rdkit.Chem.rdchem.Mol object at 0x7fdcf4714510>
OC(c1ccccc1)(c1ccccc1)C1CN2CCC1CC2,13.17,train,<rdkit.Chem.rdchem.Mol object at 0x7fdcf47145f0>
O=C(CCCCCCCCC(=O)Oc1ccc2c3c1O[C@H]1[C@@H](O)CC[C@@]4(O)[C@@H](C2)N(CC2CCC2)CC[C@]314)Oc1ccc2c3c1O[C@H]1[C@@H](O)CC[C@@]4(O)[C@@H](C2)N(CC2CCC2)CC[C@]314,13.17,train,<rdkit.Chem.rdchem.Mol object at 0x7fdcf4714660>
COCCNCc1ccc(-c2cc3nccc(Oc4ccc(NC(=O)C5(C(=O)Nc6ccc(F)cc6)CC5)cc4F)c3s2)nc1,13.17,train,<rdkit.Chem.rdchem.Mol object at 0x7fdcf47146d0>
C/C=C\C[C@@H](C/C=C\NC(=O)[C@@H](NC(=O)/C=C\C=C/C(C)=C/[C@H](C)[C@@H]1CC=C(OC)C(=O)O1)C(C)(C)C)OC(N)=O,13.17,train,<rdkit.Chem.rdchem.Mol object at 0x7fdcf4714740>
CCN(CC)CCS(=O)(=O)[C@@H]1CCN2C(=O)c3coc(n3)CC(=O)C[C@H](O)/C=C(C)/C=C\CNC(=O)/C=C/[C@@H](C)[C@H](C(C)C)OC(=O)[C@@H]12,13.17,train,<rdkit.Chem.rdchem.Mol object at 0x7fdcf47147b0>
Cc1cc2c(s1)Nc1ccccc1N=C2N1CCN(C)CC1,13.17,train,<rdkit.Chem.rdchem.Mol object at 0x7fdcf4714890>
Cc1cc2c(s1)Nc1ccccc1N=C2N1CCN(C)CC1.O=C(O)c1cc2ccccc2c(Cc2c(O)c(C(=O)O)cc3ccccc23)c1O,13.17,train,<rdkit.Chem.rdchem.Mol object at 0x7fdcf4714900>
COCCNCc1ccc(-c2cc3nccc(Oc4ccc(NC(=O)C5(C(=O)Nc6ccc(F)cc6)CC5)cc4F)c3s2)nc1.O=C(O)CC(O)C(=O)O,13.17,train,<rdkit.Chem.rdchem.Mol object at 0x7fdcf4714970>
COc1cc2c(Oc3ccc(NC(=O)C4(C(=O)Nc5ccc(F)cc5)CC4)cc3F)ccnc2cc1OCCCN1CCOCC1,13.18,test,<rdkit.Chem.rdchem.Mol object at 0x7fdcf47149e0>
Cc1c(Cc2ccc(-n3cccn3)cc2)cc2c(c1F)CN([C@H]1COCC[C@@H]1O)C2=O,13.18,test,<rdkit.Chem.rdchem.Mol object at 0x7fdcf4714a50>
NC(=O)N1c2ccccc2CC(=O)c2ccccc21,13.18,train,<rdkit.Chem.rdchem.Mol object at 0x7fdcf4714b30>
Cc1nc(COc2ccc(C[C@H](NC(=O)O[C@H]3CO[C@H]4OCC[C@H]43)[C@H](O)CN(CC(C)C)S(=O)(=O)c3ccc4c(c3)OCO4)cc2)cs1,13.18,train,<rdkit.Chem.rdchem.Mol object at 0x7fdcf4714ba0>
CC(=O)Nc1ccc(S(=O)(=O)c2ccc(NC(C)=O)cc2)cc1,13.19,train,<rdkit.Chem.rdchem.Mol object at 0x7fdcf4714c10>
Cc1ccccc1C(O)(c1ccccc1C)C1CN2CCC1CC2,13.19,train,<rdkit.Chem.rdchem.Mol object at 0x7fdcf4714c80>
CCOc1ccc(NC(=O)CO)cc1,13.19,train,<rdkit.Chem.rdchem.Mol object at 0x7fdcf4714cf0>
CO[C@@H]1CCN(c2nccc(Nc3cc4c(C(C)C)ccc(N5C[C@H](CS(C)(=O)=O)[C@H]5C)c4cn3)n2)C[C@@H]1F,13.19,train,<rdkit.Chem.rdchem.Mol object at 0x7fdcf4714d60>
CC(C)(C)c1ccc(C(O)CCCN2CCC(C(O)(c3ccccc3)c3ccccc3)CC2)cc1,13.2,train,<rdkit.Chem.rdchem.Mol object at 0x7fdcf4714dd0>
OC(c1ccccc1)(c1ccccc1)C1CC1c1ccncc1,13.2,train,<rdkit.Chem.rdchem.Mol object at 0x7fdcf4714e40>
Cc1cc(C)c2c3ccccc3n(Cc3cccc([C@@H](C(=O)N[C@@H](CO)c4ccccc4)C4CCCC4)c3)c2n1,13.2,train,<rdkit.Chem.rdchem.Mol object at 0x7fdcf4714eb0>
N#Cc1c[nH]c2c(C(=O)N3CCN(CCc4ccc(F)cc4)CC3)cccc12,13.2,train,<rdkit.Chem.rdchem.Mol object at 0x7fdcf4714f20>
S=C(NCCc1ccccn1)Nc1ccc(Br)cn1,13.21,train,<rdkit.Chem.rdchem.Mol object at 0x7fdcf4714f90>
CCOc1ccc(F)c(CCNC(=S)Nc2ccc(Br)cn2)c1Cl,13.21,train,<rdkit.Chem.rdchem.Mol object at 0x7fdcf4715000>
C[C@H](C#N)Nc1cc(-c2ccc3cc(C#N)cnn23)ncc1C(=O)NC[C@@H](F)C(C)(C)O,13.21,train,<rdkit.Chem.rdchem.Mol object at 0x7fdcf4715150>
CCc1cc2ncc(CN3CCN(c4ccc(C(=O)NC)nc4)CC3)cc2[nH]c1=O,13.21,train,<rdkit.Chem.rdchem.Mol object at 0x7fdcf47151c0>
CCN1CCCC1CNC(=O)c1cc(S(=O)(=O)CC)ccc1OC,13.22,train,<rdkit.Chem.rdchem.Mol object at 0x7fdcf4715230>
C[C@]12CC[C@H](O)C[C@H]1CC[C@@H]1[C@@H]2CC[C@]2(C)[C@@](O)(c3ccoc3)CC[C@]12O,13.22,train,<rdkit.Chem.rdchem.Mol object at 0x7fdcf4715310>
CCN(CC)CCNC(=O)c1cc(S(C)(=O)=O)ccc1OC,13.23,test,<rdkit.Chem.rdchem.Mol object at 0x7fdcf4715380>
Nc1cccc(CN2C(=O)N(Cc3cccc(N)c3)[C@H](Cc3ccccc3)[C@H](O)[C@@H](O)[C@H]2Cc2ccccc2)c1,13.23,train,<rdkit.Chem.rdchem.Mol object at 0x7fdcf47153f0>
COc1ccc(CNC(=O)c2cc(-c3cncc(Cl)c3)cnc2-c2ccccn2)nc1OC,13.23,train,<rdkit.Chem.rdchem.Mol object at 0x7fdcf4715460>
CCNC(=O)[C@H]1C[C@@H](n2ccc3c(N[C@H](CC)Cc4sccc4Cl)ncnc32)[C@H](O)[C@@H]1O,13.23,train,<rdkit.Chem.rdchem.Mol object at 0x7fdcf47154d0>
CC1(C)Oc2ccc(S(=O)(=O)c3ccccc3)cc2[C@@H](N2CCCC2=O)[C@@H]1O,13.24,train,<rdkit.Chem.rdchem.Mol object at 0x7fdcf47155b0>
N=C(N)NC(=O)c1ccc(N2CCN(C(=O)c3ccc[nH]3)CC2)c(C(F)(F)F)c1,13.24,train,<rdkit.Chem.rdchem.Mol object at 0x7fdcf4715690>
COc1cc(CNCCC2CCOCC2)ccc1Oc1cnc(C(N)=O)cn1,13.24,train,<rdkit.Chem.rdchem.Mol object at 0x7fdcf4715700>
Cc1occc1C(=O)Nc1nn(Cc2ccc(C(F)(F)F)cc2)c2ccccc12,13.24,train,<rdkit.Chem.rdchem.Mol object at 0x7fdcf4715770>
OCC(Br)(Br)Br,13.25,test,<rdkit.Chem.rdchem.Mol object at 0x7fdcf47157e0>
C[C@H](OC(N)=O)[C@@H](O)c1ccccc1Cl,13.25,train,<rdkit.Chem.rdchem.Mol object at 0x7fdcf4715850>
CC1(C)Oc2ccc(C#N)cc2[C@@H](N2CCCC2=O)[C@@H]1O,13.26,train,<rdkit.Chem.rdchem.Mol object at 0x7fdcf47158c0>
CC(C)(O)CC[C@@H](O)[C@](C)(O)[C@H]1CC[C@@]2(O)C3=CC(=O)[C@@H]4C[C@@H](O)[C@@H](O)C[C@]4(C)[C@H]3CC[C@]12C,13.26,train,<rdkit.Chem.rdchem.Mol object at 0x7fdcf47159a0>
C[C@@H](C1CC1)N1Cc2cc(-c3cc(C(=O)N(C)C)no3)cc(Cl)c2C1=O,13.26,train,<rdkit.Chem.rdchem.Mol object at 0x7fdcf4715a10>
CCOc1ccccc1C(=O)NCc1coc(-c2ccc(OC(F)F)c(OC(C)C)c2)n1,13.26,train,<rdkit.Chem.rdchem.Mol object at 0x7fdcf4715a80>
CNC(=O)N(N(CCCl)S(C)(=O)=O)S(C)(=O)=O,13.27,train,<rdkit.Chem.rdchem.Mol object at 0x7fdcf4715af0>
CC(C)N[C@@H]1C2CCC(CC2)[C@@]1(O)c1ccc(Cl)c(Cl)c1,13.27,train,<rdkit.Chem.rdchem.Mol object at 0x7fdcf4715b60>
CCn1c(-c2nonc2N)nc2c(C#CC(C)(C)O)ncc(OC[C@H]3CCCNC3)c21,13.27,train,<rdkit.Chem.rdchem.Mol object at 0x7fdcf4715bd0>
COc1ccc(F)cc1C(=O)NCc1ccc(-c2nn([C@@H](C)C(F)(F)F)c(N)c2C(N)=O)cc1,13.27,train,<rdkit.Chem.rdchem.Mol object at 0x7fdcf4715c40>
O[C@H]1[C@H]2[C@H](O)CCCN2C[C@H]1O,13.28,test,<rdkit.Chem.rdchem.Mol object at 0x7fdcf4715cb0>
Nc1ccn([C@@H]2O[C@H](CO)[C@@H](O)/C2=C\F)c(=O)n1,13.28,train,<rdkit.Chem.rdchem.Mol object at 0x7fdcf4715d90>
O=C1NCC2(CCN(CCc3ccccc3)CC2)O1,13.29,test,<rdkit.Chem.rdchem.Mol object at 0x7fdcf4715e70>
CC1=C(C)C(=O)O[C@@H]([C@](C)(O)[C@H]2CC[C@H]3[C@@H]4C[C@H]5O[C@]56[C@@H](O)C=CC(=O)[C@]6(C)[C@H]4CC[C@]23C)C1,13.29,train,<rdkit.Chem.rdchem.Mol object at 0x7fdcf4715ee0>
COc1ccc(/C(C)=N/OC(N)=O)cc1OC1CCCC1,13.29,train,<rdkit.Chem.rdchem.Mol object at 0x7fdcf4715f50>
CCOc1cc2c(c(F)c1OCC)C(=N)N(CC(=O)c1cc(N3CCOCC3)c(OC)c(C(C)(C)C)c1)C2,13.29,train,<rdkit.Chem.rdchem.Mol object at 0x7fdcf4715fc0>
CCC(=O)O[C@@H](C(=O)N1N=CC[C@H]1C(=O)NCc1cc(Cl)ccc1-n1cnnn1)c1ccc(F)cc1,13.29,train,<rdkit.Chem.rdchem.Mol object at 0x7fdcf4716030>
Cc1cc2c(s1)Nc1ccc(F)cc1N=C2N1CCN(C)CC1,13.29,train,<rdkit.Chem.rdchem.Mol object at 0x7fdcf47160a0>
O=C(Nc1c(Cl)cncc1Cl)c1ccc(OC(F)F)c(OCC2CC2)c1,13.3,test,<rdkit.Chem.rdchem.Mol object at 0x7fdcf4716110>
CCC(O)(COC(N)=O)c1ccccc1,13.3,train,<rdkit.Chem.rdchem.Mol object at 0x7fdcf4716180>
Cc1[nH]cnc1CSCCNc1nc(=O)c(Cc2ccc3c(c2)OCO3)c[nH]1,13.3,train,<rdkit.Chem.rdchem.Mol object at 0x7fdcf4716260>
CCS(=O)(=O)c1ccc(Oc2cc(O[C@@H](C)CO)cc(C(=O)Nc3ccn(C)n3)c2)cn1,13.3,train,<rdkit.Chem.rdchem.Mol object at 0x7fdcf47163b0>
CCOc1cc(NC(C)=O)ccc1C(=O)OC,13.31,train,<rdkit.Chem.rdchem.Mol object at 0x7fdcf4716500>
CCN(CC)CCOc1ccc(C(O)(Cc2ccc(Cl)cc2)c2ccc(C)cc2)cc1,13.31,train,<rdkit.Chem.rdchem.Mol object at 0x7fdcf4716570>
CCN(CC)CCOC(=O)[C@@H]1N2C(=O)[C@@H](NC(=O)c3c(OC)cccc3OC)[C@H]2SC1(C)C,13.31,train,<rdkit.Chem.rdchem.Mol object at 0x7fdcf47165e0>
O=[N+]([O-])c1nccn1COC(CO)C(O)CO,13.31,train,<rdkit.Chem.rdchem.Mol object at 0x7fdcf4716650>
Cc1cccc([C@H](C)c2ncc[nH]2)c1C,13.31,train,<rdkit.Chem.rdchem.Mol object at 0x7fdcf47166c0>
Cc1[nH]cnc1CN1CCc2c(c3ccccc3n2C)C1=O,13.32,test,<rdkit.Chem.rdchem.Mol object at 0x7fdcf4716730>
CN(C)CCCO[C@@H]1[C@H]2OC(C)(C)O[C@H]2O[C@@H]1[C@H](O)CO,13.32,train,<rdkit.Chem.rdchem.Mol object at 0x7fdcf4716810>
C#C[C@]1(CO)O[C@@H](n2cnc3c(N)nc(F)nc32)C[C@@H]1O,13.32,train,<rdkit.Chem.rdchem.Mol object at 0x7fdcf47168f0>
CC[C@]12CCCN3CCc4c(n(c5ccccc45)[C@@H](O)C1)[C@@H]32,13.32,train,<rdkit.Chem.rdchem.Mol object at 0x7fdcf4716960>
O=C1OC(OC(=O)c2cccnc2Nc2cccc(C(F)(F)F)c2)c2ccccc21,13.33,test,<rdkit.Chem.rdchem.Mol object at 0x7fdcf47169d0>
COCCO[C@@H]1c2ccn3c(C)c(C)nc3c2N[C@H](c2ccccc2)[C@H]1O,13.33,train,<rdkit.Chem.rdchem.Mol object at 0x7fdcf4716a40>
OC1CC2CCCN3CCc4c(n1c1ccccc41)C23,13.33,train,<rdkit.Chem.rdchem.Mol object at 0x7fdcf4716ab0>
Cc1cc(-c2cc(OC(=O)c3ccccc3)ccc2Cl)cc2nnc(Nc3ccc(OCCN4CCCC4)cc3)nc12,13.33,train,<rdkit.Chem.rdchem.Mol object at 0x7fdcf4716b20>
Cc1n[nH]c(C)c1-c1cnn(C2(CC#N)CN(c3cc(F)c(C(=O)N[C@@H](C)C(F)(F)F)cc3F)C2)c1,13.33,train,<rdkit.Chem.rdchem.Mol object at 0x7fdcf4716b90>
Cc1cnc(-c2ccnc(C(C)(C)O)n2)cc1-n1c(C)cc(OCc2ncc(F)cc2F)c(Cl)c1=O,13.33,train,<rdkit.Chem.rdchem.Mol object at 0x7fdcf4716c00>
CC[C@@H]1[C@@H](O)N2[C@H]3C[C@@]45c6ccccc6N(C)[C@H]4[C@@H]2C[C@H]1C3[C@H]5OC(=O)CCl,13.33,train,<rdkit.Chem.rdchem.Mol object at 0x7fdcf4716c70>
O=[N+]([O-])O[C@@H]1CO[C@H]2[C@@H]1OC[C@@H]2O,13.34,train,<rdkit.Chem.rdchem.Mol object at 0x7fdcf4716ce0>
CC(C)c1[nH]c2ccccc2c1C(=O)c1cccnc1,13.34,train,<rdkit.Chem.rdchem.Mol object at 0x7fdcf4716d50>
O=C(NCN1CCOCC1)c1cnccn1,13.34,train,<rdkit.Chem.rdchem.Mol object at 0x7fdcf4716dc0>
COC(=O)C1=C(C)NC(C)=C(C(=O)O[C@@H]2CO[C@H]3[C@@H]2OC[C@@H]3O)C1c1ccccc1[N+](=O)[O-],13.34,train,<rdkit.Chem.rdchem.Mol object at 0x7fdcf4716e30>
Cc1cc(/C(=C/Nc2ccc(Cl)cc2)C(=O)Nc2ccc(Cl)cc2)on1,13.34,train,<rdkit.Chem.rdchem.Mol object at 0x7fdcf4716ea0>
N[C@@]1(c2ccccc2Cl)CCC[C@@H](O)C1=O,13.34,train,<rdkit.Chem.rdchem.Mol object at 0x7fdcf4716f10>
Cc1cccc(F)c1C(=O)Nc1cnc(-c2cc3c(cc2Cl)OC(F)(F)O3)cn1,13.34,train,<rdkit.Chem.rdchem.Mol object at 0x7fdcf4716f80>
Cc1c[nH]c2ncnc(N3CCC(CN)(C(=O)Nc4cccc(OC(=O)N(C)C)c4)CC3)c12,13.35,train,<rdkit.Chem.rdchem.Mol object at 0x7fdcf4717060>
CNc1ccc(/C=C/C=C/c2nc3ccc(OCC(O)CF)cc3s2)cn1,13.35,train,<rdkit.Chem.rdchem.Mol object at 0x7fdcf47170d0>
CNc1ccc(-c2ccc3cc(OC[C@H](O)CF)ccc3n2)cn1,13.35,train,<rdkit.Chem.rdchem.Mol object at 0x7fdcf4717140>
N#Cc1cccc(C(NCC2CC2)c2ccc(F)c(NC(=O)c3cc(C(F)(F)F)nn3-c3cccc(CN)c3)c2)c1,13.35,train,<rdkit.Chem.rdchem.Mol object at 0x7fdcf47171b0>
CNc1ccc(/C=C/C=C/c2nc3ccc(OCC(O)C[18F])cc3s2)cn1,13.35,train,<rdkit.Chem.rdchem.Mol object at 0x7fdcf4717220>
Nc1nc2cc(CC[C@H]3C[C@@H](n4ccc5c(N)ncnc54)[C@H](O)[C@@H]3O)ccc2cc1Br,13.36,test,<rdkit.Chem.rdchem.Mol object at 0x7fdcf4717300>
O=NN(CCCl)C(=O)NCCCl,13.36,train,<rdkit.Chem.rdchem.Mol object at 0x7fdcf4717370>
CC(=O)Oc1ccc2c(c1)CC=C1[C@@H]2CC[C@@]2(C)[C@H]1CC[C@@]2(O)c1ccoc1,13.36,train,<rdkit.Chem.rdchem.Mol object at 0x7fdcf47173e0>
C=C1CC[C@@H]2[C@](C)(CO)[C@H](O)CC[C@@]2(C)[C@@H]1CCC1=CCOC1=O,13.36,train,<rdkit.Chem.rdchem.Mol object at 0x7fdcf47174c0>
Cn1nc(C(F)(F)C(F)(F)F)c(C(F)(F)F)c1-n1cc(-c2ccc(Cl)c(C(=O)NC3(C#N)CC3)c2)cn1,13.36,train,<rdkit.Chem.rdchem.Mol object at 0x7fdcf4717530>
C=CCn1c(=O)c2cnc(Nc3ccc(N4CCN(C)CC4)cc3)nc2n1-c1ccc2c(n1)[C@@](O)(CC)CC2,13.36,train,<rdkit.Chem.rdchem.Mol object at 0x7fdcf47175a0>
CC(C)(Cc1ccc(Oc2ccc(C(N)=O)cn2)cc1)NC[C@H](O)COc1cccc2[nH]c3ccccc3c12,13.37,train,<rdkit.Chem.rdchem.Mol object at 0x7fdcf4717610>
O=C(c1ccc(F)c(F)c1Nc1ccc(I)cc1F)N1CC(O)([C@@H]2CCCCN2)C1,13.37,train,<rdkit.Chem.rdchem.Mol object at 0x7fdcf4717680>
CCOc1c([C@H](C)n2nc(C)c3c(N)ncnc32)cc(Cl)c(F)c1[C@@H]1CNC(=O)C1,13.37,train,<rdkit.Chem.rdchem.Mol object at 0x7fdcf47176f0>
CN/C(=N\CCSCc1nc[nH]c1C)NC#N,13.38,test,<rdkit.Chem.rdchem.Mol object at 0x7fdcf4717760>
CC(C)(NC(=O)O[C@@H]1CN2CCC1CC2)c1csc(-c2ccc(F)cc2)n1,13.38,test,<rdkit.Chem.rdchem.Mol object at 0x7fdcf47177d0>
Nc1nn2cc(F)cnc2c1C(=O)Nc1cncc(F)c1N1CCC(C(=O)N2CCN(C3COC3)CC2)CC1,13.38,test,<rdkit.Chem.rdchem.Mol object at 0x7fdcf4717840>
CC1(C)O[C@@H]2C[C@H]3[C@@H]4C[C@H](F)C5=CC(=O)C=C[C@]5(C)[C@@]4(F)[C@@H](O)C[C@]3(C)[C@]2(C(=O)CO)O1,13.38,train,<rdkit.Chem.rdchem.Mol object at 0x7fdcf47178b0>
CCCNC(C)(C)C(=O)Nc1ccccc1C,13.38,train,<rdkit.Chem.rdchem.Mol object at 0x7fdcf4717920>
C=C1/C(=C\C=C2/CCC[C@]3(C)[C@@H]([C@H](C)CCCC(C)(C)O)CC[C@@H]23)C[C@@H](O)[C@@H](OCCCO)[C@@H]1O,13.38,train,<rdkit.Chem.rdchem.Mol object at 0x7fdcf4717990>
Cc1cc(F)ccc1-c1nc(NC(CO)CO)nc2c1ccc(=O)n2-c1c(F)cccc1F,13.38,train,<rdkit.Chem.rdchem.Mol object at 0x7fdcf4717a00>
Cc1cccc(C)c1OCC(=O)N[C@@H](Cc1ccccc1)[C@@H](O)C[C@H](Cc1ccccc1)NC(=O)[C@H](C(C)C)N1CCCNC1=O,13.39,test,<rdkit.Chem.rdchem.Mol object at 0x7fdcf4717b50>
NC(=O)c1cccnc1,13.39,train,<rdkit.Chem.rdchem.Mol object at 0x7fdcf4717bc0>
CCC[C@@H]1O[C@@H]2C[C@H]3[C@@H]4C[C@H](F)C5=CC(=O)CC[C@]5(C)[C@@]4(F)[C@@H](O)C[C@]3(C)[C@]2(C(=O)CO)O1,13.39,train,<rdkit.Chem.rdchem.Mol object at 0x7fdcf4717c30>
CCS(=O)(=O)N1CCN(c2ccc(Nc3ncc(C(N)=O)c(NC4CC4)n3)cc2)CC1,13.39,train,<rdkit.Chem.rdchem.Mol object at 0x7fdcf4717ca0>
NC(=O)c1ccc2nc(-c3ccc(C4(N)CCC4)cc3)c(-c3ccccc3)n2n1,13.39,train,<rdkit.Chem.rdchem.Mol object at 0x7fdcf4717d10>
CC1(C)O[C@@H]2C[C@H]3[C@@H]4CCC5=CC(=O)C=C[C@]5(C)[C@@]4(F)[C@@H](O)C[C@]3(C)[C@]2(C(=O)CO)O1,13.4,test,<rdkit.Chem.rdchem.Mol object at 0x7fdcf4717d80>
CCC1(CC)O[C@@H]2C[C@H]3[C@@H]4CCC5=CC(=O)C=C[C@]5(C)[C@@]4(F)[C@@H](O)C[C@]3(C)[C@]2(C(=O)CO)O1,13.4,test,<rdkit.Chem.rdchem.Mol object at 0x7fdcf4717df0>
OC(CCCN1CCCCC1)(c1ccccc1)c1ccccc1,13.4,train,<rdkit.Chem.rdchem.Mol object at 0x7fdcf4717e60>
Cc1[nH]cnc1CSCCNC(=N)NCCCc1c[nH]cn1,13.4,train,<rdkit.Chem.rdchem.Mol object at 0x7fdcf4717ed0>
CC(=O)Oc1ccccc1C(=O)OC1OC(=O)c2ccccc21,13.4,train,<rdkit.Chem.rdchem.Mol object at 0x7fdcf4718040>
COc1ccc2c(c1)c(CC(=O)OC1OC(=O)c3ccccc31)c(C)n2C(=O)c1ccc(Cl)cc1,13.4,train,<rdkit.Chem.rdchem.Mol object at 0x7fdcf47180b0>
O=C(O)c1cc2ccccc2c(Cc2c(O)c(C(=O)O)cc3ccccc23)c1O.OC(CCCN1CCCCC1)(c1ccccc1)c1ccccc1,13.4,train,<rdkit.Chem.rdchem.Mol object at 0x7fdcf4718120>
COc1ccc(F)cc1C[C@@](O)(C1CCOCC1)[C@@H]1CNCCO1,13.4,train,<rdkit.Chem.rdchem.Mol object at 0x7fdcf4718190>
C=CC1O[C@@H]2C[C@H]3[C@@H]4CCC5=CC(=O)C=C[C@]5(C)[C@@]4(F)[C@@H](O)C[C@]3(C)[C@]2(C(=O)CO)O1,13.4,train,<rdkit.Chem.rdchem.Mol object at 0x7fdcf4718200>
C[C@@]1(c2ccccc2)O[C@@H]2C[C@H]3[C@@H]4CCC5=CC(=O)C=C[C@]5(C)[C@@]4(F)[C@@H](O)C[C@]3(C)[C@]2(C(=O)CO)O1,13.4,train,<rdkit.Chem.rdchem.Mol object at 0x7fdcf4718270>
CCc1nc(-c2ccc3c(c2)CC[C@H]3NC(=O)c2cnn(C)c2)no1,13.4,train,<rdkit.Chem.rdchem.Mol object at 0x7fdcf47182e0>
CC(C)(C)NC[C@@H](O)COc1cccc2c1CCC(=O)N2,13.41,test,<rdkit.Chem.rdchem.Mol object at 0x7fdcf4718350>
COc1ccc(C(C)(O)c2ccccc2)c(OC)c1,13.41,train,<rdkit.Chem.rdchem.Mol object at 0x7fdcf47184a0>
C[C@H]1C[C@H]2[C@@H]3CCC4=CC(=O)C=C[C@]4(C)[C@@]3(F)[C@@H](O)C[C@]2(C)[C@@]1(OC(=O)c1ccccc1)C(=O)CO,13.41,train,<rdkit.Chem.rdchem.Mol object at 0x7fdcf4718510>
CN(C)CCCSc1ccccc1NC(=O)/C=C/c1ccccc1,13.42,train,<rdkit.Chem.rdchem.Mol object at 0x7fdcf4718580>
Cc1cccc2c1Oc1ccccc1C1(O)CCN(C)CC21,13.42,train,<rdkit.Chem.rdchem.Mol object at 0x7fdcf47185f0>
C[C@@H]1C[C@H]2[C@@H]3C[C@H](F)C4=CC(=O)C=C[C@]4(C)[C@@]3(F)[C@@H](O)C[C@]2(C)[C@H]1C(=O)CO,13.42,train,<rdkit.Chem.rdchem.Mol object at 0x7fdcf4718660>
CC1(C)O[C@@H]2C[C@H]3[C@@H]4CC[C@H]5CC(=O)CC[C@]5(C)[C@@]4(F)[C@@H](O)C[C@]3(C)[C@]2(C(=O)CO)O1,13.42,train,<rdkit.Chem.rdchem.Mol object at 0x7fdcf47186d0>
COc1ccc(C(=O)Nc2c(Cl)cncc2Cl)cc1OC1CCCC1,13.43,train,<rdkit.Chem.rdchem.Mol object at 0x7fdcf4718740>
NC(=O)OC[C@@H](O)c1ccccc1Cl,13.43,train,<rdkit.Chem.rdchem.Mol object at 0x7fdcf47187b0>
COc1ccc(C(=O)NCc2cccnc2)cc1C(=O)NCc1cccnc1,13.44,train,<rdkit.Chem.rdchem.Mol object at 0x7fdcf4718890>
O=C(Nc1ccc(Br)cc1)c1cc(Br)c(Br)s1,13.44,train,<rdkit.Chem.rdchem.Mol object at 0x7fdcf4718900>
C[C@@H]1C[C@H]2[C@@H]3CCC4=CC(=O)C=C[C@]4(C)[C@@]3(F)[C@@H](O)C[C@]2(C)[C@@]1(C)C(=O)CO,13.44,train,<rdkit.Chem.rdchem.Mol object at 0x7fdcf4718970>
C[C@]12C=CC(=O)C=C1CC[C@H]1[C@@H]3C[C@H]4Cc5ccccc5C[C@@]4(C(=O)CO)[C@@]3(C)C[C@H](O)[C@@]12F,13.44,train,<rdkit.Chem.rdchem.Mol object at 0x7fdcf4718a50>
Cc1cccc(C)c1NC(=O)C1(N(C)C)CCN(C2CCCCC2O)CC1,13.44,train,<rdkit.Chem.rdchem.Mol object at 0x7fdcf4718ac0>
Cn1nc(CO)nc1NCCCOc1cccc(CN2CCCCC2)c1.Cn1nc(CO)nc1NCCCOc1cccc(CN2CCCCC2)c1.O=C(O)CCC(=O)O,13.45,train,<rdkit.Chem.rdchem.Mol object at 0x7fdcf4718b30>
Nc1ccc2c(c1)CN1C(=O)c3ccccc3C1=N2,13.45,train,<rdkit.Chem.rdchem.Mol object at 0x7fdcf4718c10>
CO[C@@H]1[C@H](OC(=O)N[C@@H](C(N)=O)C(C)C)CC[C@]2(CO2)[C@H]1[C@@]1(C)O[C@@H]1CC=C(C)C,13.45,train,<rdkit.Chem.rdchem.Mol object at 0x7fdcf4718c80>
O[C@H](CNC[C@H](O)[C@H]1COc2ccccc2O1)[C@@H]1COc2ccccc2O1,13.45,train,<rdkit.Chem.rdchem.Mol object at 0x7fdcf4718cf0>
COc1cc2nccc(Oc3ccc(NC(=O)C4(C(=O)Nc5ccc(F)cc5)CC4)cc3)c2cc1OC.O=C(O)C[C@H](O)C(=O)O,13.46,test,<rdkit.Chem.rdchem.Mol object at 0x7fdcf4718dd0>
CCCC(CCC)C(=O)NCC(N)=O,13.46,train,<rdkit.Chem.rdchem.Mol object at 0x7fdcf4718e40>
COc1cc2nccc(Oc3ccc(NC(=O)C4(C(=O)Nc5ccc(F)cc5)CC4)cc3)c2cc1OC,13.46,train,<rdkit.Chem.rdchem.Mol object at 0x7fdcf4718f20>
CC(C)CN(C[C@@H](O)[C@H](Cc1ccccc1)NC(=O)O[C@H]1CO[C@H]2OCC[C@H]21)S(=O)(=O)c1ccc2nc(NC3CCN(C4CCCC4)CC3)sc2c1,13.46,train,<rdkit.Chem.rdchem.Mol object at 0x7fdcf4718f90>
COc1nc(-c2cccc(-c3cccc(-c4cnc(CNC[C@@H]5CCC(=O)N5)c(OC)n4)c3Cl)c2Cl)cnc1CNC[C@@H]1CCC(=O)N1,13.46,train,<rdkit.Chem.rdchem.Mol object at 0x7fdcf4719000>
Cc1c(CN2CCN(C(=O)[C@H](C)O)CC2)sc2c(N3CCOCC3)nc(-c3cnc(N)nc3)nc12,13.47,test,<rdkit.Chem.rdchem.Mol object at 0x7fdcf4719070>
Cc1c(Cl)cccc1Nc1ncccc1C(=O)OCC(O)CO,13.47,train,<rdkit.Chem.rdchem.Mol object at 0x7fdcf47190e0>
CC1=NN(CCOc2ccc3ccccc3c2)C(=O)C1,13.47,train,<rdkit.Chem.rdchem.Mol object at 0x7fdcf4719150>
CNC(=O)c1cc(F)c(-c2nc3cc(C)ccn3c2C[C@H]2CN(C(=O)OC)CCO2)c(F)c1,13.47,train,<rdkit.Chem.rdchem.Mol object at 0x7fdcf4719230>
O=P1(N(CCCl)CCCl)NCCCO1,13.48,test,<rdkit.Chem.rdchem.Mol object at 0x7fdcf47192a0>
O=NN(CCCl)C(=O)NCCSSCCNC(=O)N(CCCl)N=O,13.48,train,<rdkit.Chem.rdchem.Mol object at 0x7fdcf4719380>
C=C1CC[C@@H]2[C@](C)(CO)[C@H](O)CC[C@@]2(C)[C@@H]1C/C=C1/C(=O)OC[C@H]1O,13.48,train,<rdkit.Chem.rdchem.Mol object at 0x7fdcf47193f0>
Cc1nccc2[nH]c(=O)ccc12,13.48,train,<rdkit.Chem.rdchem.Mol object at 0x7fdcf4719460>
C[C@H]1OC[C@]2(c3cc(NC(=O)c4cnc(C(F)F)cn4)ccc3F)N=C(N)SC[C@H]12,13.48,train,<rdkit.Chem.rdchem.Mol object at 0x7fdcf4719540>
CN1C(N)=NS(=O)(=O)N=C1NCCSCc1csc(N=C(N)N)n1,13.48,train,<rdkit.Chem.rdchem.Mol object at 0x7fdcf47195b0>
COCCNC(=O)c1ccnc(C(=O)NCCOC)c1,13.49,test,<rdkit.Chem.rdchem.Mol object at 0x7fdcf4719620>
CCOC(=O)CC(=O)N1CCSC1COc1ccccc1OC,13.49,train,<rdkit.Chem.rdchem.Mol object at 0x7fdcf4719690>
CC(C)(C)NCC(O)COc1cccc2c1C(=O)OC2,13.49,train,<rdkit.Chem.rdchem.Mol object at 0x7fdcf4719700>
Cc1ccc(C(=O)OCc2ccc([C@@H](CN)C(=O)Nc3ccc4cnccc4c3)cc2)c(C)c1,13.49,train,<rdkit.Chem.rdchem.Mol object at 0x7fdcf4719770>
C[C@H](Nc1ccc(C#N)n(C)c1=O)c1cc2cc(Cl)ccc2[nH]c1=O,13.49,train,<rdkit.Chem.rdchem.Mol object at 0x7fdcf47197e0>
COc1ccccc1N1CCN(CCCNC(=O)c2cccc3c(=O)c(C)c(-c4ccccc4)oc23)CC1,13.5,train,<rdkit.Chem.rdchem.Mol object at 0x7fdcf47198c0>
OC1CCC(Nc2nc(-c3ccccc3)nc3[nH]ccc23)CC1,13.5,train,<rdkit.Chem.rdchem.Mol object at 0x7fdcf4719930>
CS(=O)(=O)c1ccc(C(=O)Nc2ccc(Cl)c(-c3ccccn3)c2)c(Cl)c1,13.5,train,<rdkit.Chem.rdchem.Mol object at 0x7fdcf47199a0>
CCCNC(C)C(=O)Nc1ccccc1C,13.51,test,<rdkit.Chem.rdchem.Mol object at 0x7fdcf4719a80>
C[C@H](O)C(=O)C1=Nc2c([nH]c(N)nc2=O)NC1,13.51,test,<rdkit.Chem.rdchem.Mol object at 0x7fdcf4719b60>
CC(C)(C)NCC(O)CSc1nc(-c2ccc(C(N)=O)s2)cs1,13.51,train,<rdkit.Chem.rdchem.Mol object at 0x7fdcf4719bd0>
C[N+]1(C)CCN(CC(O)(c2ccccc2)C2CCCCC2)CC1,13.51,train,<rdkit.Chem.rdchem.Mol object at 0x7fdcf4719cb0>
COS(=O)(=O)[O-].C[N+]1(C)CCN(CC(O)(c2ccccc2)C2CCCCC2)CC1,13.51,train,<rdkit.Chem.rdchem.Mol object at 0x7fdcf4719d20>
Cc1[nH]cnc1C[C@H]1CCc2c(C)c3ccccc3n2C1=O,13.51,train,<rdkit.Chem.rdchem.Mol object at 0x7fdcf4719e00>
CO[C@@H]1[C@H](N(C)C(=O)c2ccccc2)C[C@H]2O[C@]1(C)n1c3ccccc3c3c4c(c5c6ccccc6n2c5c31)C(=O)NC4,13.51,train,<rdkit.Chem.rdchem.Mol object at 0x7fdcf4719e70>
CCCN1CC(c2ccc(S(C)(=O)=O)cc2)=C(c2ccc(C)cc2)C1=O,13.51,train,<rdkit.Chem.rdchem.Mol object at 0x7fdcf4719f50>
CCCCCCCC(=O)N[C@H](CN1CCCC1)[C@H](O)c1ccc2c(c1)OCCO2,13.51,train,<rdkit.Chem.rdchem.Mol object at 0x7fdcf4719fc0>
COC1=C(OC)[C@H](O)[C@H](C/C=C(\C)CC/C=C(\C)CCC=C(C)C)[C@@H](C)C1=O,13.51,train,<rdkit.Chem.rdchem.Mol object at 0x7fdcf471a030>
Brc1cccc(-c2cc(-c3ccc4c(c3)OCO4)[nH]n2)c1,13.51,train,<rdkit.Chem.rdchem.Mol object at 0x7fdcf471a0a0>
COCCN1C(=O)O[C@@]2(C[C@H]3O[C@]2(C)n2c4ccccc4c4c5c(c6c7ccccc7n3c6c42)C(=O)NC5)C1=O,13.51,train,<rdkit.Chem.rdchem.Mol object at 0x7fdcf471a110>
O=C(Nc1ccc(F)c(-c2ccn3c(N4CCOCC4)cnc3n2)c1)N1CCCC1,13.51,train,<rdkit.Chem.rdchem.Mol object at 0x7fdcf471a180>
CCC(=O)O[C@]1(C(=O)CO)[C@@H](C)C[C@H]2[C@@H]3CCC4=CC(=O)C=C[C@]4(C)[C@@]3(Cl)[C@@H](O)C[C@@]21C,13.52,train,<rdkit.Chem.rdchem.Mol object at 0x7fdcf471a260>
COCCCNC(=O)c1ccnc(C(=O)NCCCOC)c1,13.52,train,<rdkit.Chem.rdchem.Mol object at 0x7fdcf471a2d0>
OC(CNCC(O)C1CCc2cc(F)ccc2O1)C1CCc2cc(F)ccc2O1,13.52,train,<rdkit.Chem.rdchem.Mol object at 0x7fdcf471a340>
OC[C@H]1CNC[C@@H](O)[C@@H]1O,13.52,train,<rdkit.Chem.rdchem.Mol object at 0x7fdcf471a3b0>
O[C@@H](CNC[C@H](O)[C@H]1CCc2cc(F)ccc2O1)[C@@H]1CCc2cc(F)ccc2O1,13.52,train,<rdkit.Chem.rdchem.Mol object at 0x7fdcf471a420>
COc1ccc(C2CNC(=O)NC2)cc1O[C@H]1C[C@@H]2CC[C@H]1C2,13.52,train,<rdkit.Chem.rdchem.Mol object at 0x7fdcf471a490>
Nc1ncnc2c1ncn2[C@@H]1O[C@H](CO)C[C@H]1O,13.53,train,<rdkit.Chem.rdchem.Mol object at 0x7fdcf471a500>
C[C@H](O)[C@H](O)[C@H]1CNc2nc(N)nc(N)c2N1,13.53,train,<rdkit.Chem.rdchem.Mol object at 0x7fdcf471a570>
COc1ccc2c(c1)[nH]c1c(C)nccc12,13.54,train,<rdkit.Chem.rdchem.Mol object at 0x7fdcf471a650>
CC(C)=C/C(C)=N/Nc1nncc2ccccc12,13.54,train,<rdkit.Chem.rdchem.Mol object at 0x7fdcf471a6c0>
CC1=C(C)C(=O)C(CCCCC#CCCCC#CCO)=C(C)C1=O,13.55,train,<rdkit.Chem.rdchem.Mol object at 0x7fdcf471a730>
CCN(CC)C(=O)Nc1ccc(OCC(O)CNC(C)(C)C)c(C(C)=O)c1,13.55,train,<rdkit.Chem.rdchem.Mol object at 0x7fdcf471a7a0>
CN(C)Cc1nccn1-c1ccc(NC(=O)c2cc(C(F)(F)F)nn2-c2ccc3onc(N)c3c2)c(F)c1,13.55,train,<rdkit.Chem.rdchem.Mol object at 0x7fdcf471a810>
CCC(=O)O[C@]1(C(=O)CCl)[C@@H](C)C[C@H]2[C@@H]3C[C@H](F)C4=CC(=O)C=C[C@]4(C)[C@@]3(F)[C@@H](O)C[C@@]21C,13.56,train,<rdkit.Chem.rdchem.Mol object at 0x7fdcf471a880>
CN/C(=N\S(=O)(=O)c1ccc(Cl)cc1)N1C[C@H](c2ccccc2)C(c2ccc(Cl)cc2)=N1,13.56,train,<rdkit.Chem.rdchem.Mol object at 0x7fdcf471a8f0>
O=c1ccc2ccc(OCCCCN3CCN(c4cccc5sccc45)CC3)cc2[nH]1,13.56,train,<rdkit.Chem.rdchem.Mol object at 0x7fdcf471a960>
CN1CCC(O)(c2ccc(F)cc2)C(C(=O)c2ccc(F)cc2)C1,13.57,train,<rdkit.Chem.rdchem.Mol object at 0x7fdcf471ab20>
CC(C)NCC(O)COC1c2ccccc2C(=O)N1c1ccccc1,13.57,train,<rdkit.Chem.rdchem.Mol object at 0x7fdcf471ab90>
C=C1C(=O)O[C@@H]2/C=C(\C)C[C@H]3C=C(CC/C=C(\C)CC[C@@H]12)C(=O)O3,13.57,train,<rdkit.Chem.rdchem.Mol object at 0x7fdcf471ac70>
CC(C)[C@@H](NC(=O)NCC(C)(C)O)C(=O)N1CC[C@](O)(c2ccc(Cl)cc2)C(C)(C)C1,13.57,train,<rdkit.Chem.rdchem.Mol object at 0x7fdcf471ace0>
CCc1cc2c(c(OCC(F)(F)F)c(C(=O)NC3CCN(C(=O)CO)CC3)n2C)c(=O)n1CC(=O)c1ccccc1,13.58,test,<rdkit.Chem.rdchem.Mol object at 0x7fdcf471ad50>
CC(=O)OCC(=O)[C@@]1(OC(C)=O)[C@@H](C)C[C@H]2[C@@H]3C[C@H](F)C4=CC(=O)C=C[C@]4(C)[C@@]3(F)[C@@H](O)C[C@@]21C,13.58,train,<rdkit.Chem.rdchem.Mol object at 0x7fdcf471aea0>
CCCC(=O)O[C@]1(C(=O)COC(C)=O)CC[C@H]2[C@@H]3C[C@H](F)C4=CC(=O)C=C[C@]4(C)[C@@]3(F)[C@@H](O)C[C@@]21C,13.58,train,<rdkit.Chem.rdchem.Mol object at 0x7fdcf471af10>
CCC(=O)OCC(=O)[C@@]12OC(C)(C)O[C@@H]1C[C@H]1[C@@H]3C[C@H](F)C4=CC(=O)C=C[C@]4(C)[C@@]3(F)[C@@H](O)C[C@@]12C,13.58,train,<rdkit.Chem.rdchem.Mol object at 0x7fdcf471af80>
CC(C)OC(=O)C1=CN(C(=O)c2ccc(F)c(F)c2)CC(C)(C)c2c1[nH]c1ccccc21,13.58,train,<rdkit.Chem.rdchem.Mol object at 0x7fdcf471aff0>
CC1(C)O[C@@H]2C[C@H]3[C@@H]4C[C@H](F)C5=CC(=O)C=C[C@]5(C)[C@@]4(F)[C@@H](O)C[C@]3(C)[C@]2(C(=O)COC(=O)C2CC2)O1,13.58,train,<rdkit.Chem.rdchem.Mol object at 0x7fdcf471b060>
COCCOCCOCCOCCOCCOCCO[C@H]1CCC2(O)[C@H]3Cc4ccc(OC)c5c4[C@@]2(CCN3C)[C@H]1O5,13.58,train,<rdkit.Chem.rdchem.Mol object at 0x7fdcf471b0d0>
CC(C)(C)NCC(O)COc1cccc2c1CC(O)C(O)C2,13.59,test,<rdkit.Chem.rdchem.Mol object at 0x7fdcf471b140>
CC(C)CN(C[C@@H](O)[C@H](Cc1ccccc1)NC(=O)[C@H](CC(N)=O)NC(=O)c1ccc2ccccc2n1)C(=O)NC(C)(C)C,13.59,test,<rdkit.Chem.rdchem.Mol object at 0x7fdcf471b1b0>
Cc1cc2c(s1)CCC(CN[C@H]1CC[C@H](Oc3ccccc3)[C@H]1O)C2=O,13.59,train,<rdkit.Chem.rdchem.Mol object at 0x7fdcf471b300>
CC(C)CN(C[C@@H](O)[C@H](Cc1ccccc1)NC(=O)O[C@H]1CO[C@H]2OCC[C@H]21)S(=O)(=O)c1ccc(N)cc1,13.59,train,<rdkit.Chem.rdchem.Mol object at 0x7fdcf471b370>
CCCCC(C)(OC)[C@H](O)/C=C/[C@H]1[C@H](O)CC(=O)[C@@H]1CCCCCCC(=O)OC,13.59,train,<rdkit.Chem.rdchem.Mol object at 0x7fdcf471b4c0>
CC(C)CN(C[C@@H](O)[C@H](Cc1ccccc1)NC(=O)O[C@H]1CO[C@H]2OCC[C@H]21)S(=O)(=O)c1ccc(N)cc1.CCO,13.59,train,<rdkit.Chem.rdchem.Mol object at 0x7fdcf471b530>
C=CC(=O)N1C[C@H](Nc2ncnc3[nH]ccc23)CC[C@@H]1C,13.59,train,<rdkit.Chem.rdchem.Mol object at 0x7fdcf471b5a0>
COc1ccccc1OCC(O)CN1CCN(CC(=O)Nc2c(C)cccc2C)CC1,13.6,test,<rdkit.Chem.rdchem.Mol object at 0x7fdcf471b610>
CCOC(=O)Nc1ccc(NCc2ccc(F)cc2)cc1N,13.6,test,<rdkit.Chem.rdchem.Mol object at 0x7fdcf471b680>
CC(C)N1C[C@@H]2C[C@H]1CN2c1ccc(Nc2ncc(-c3coc(C(N)=O)c3)n3ncnc23)cc1,13.6,test,<rdkit.Chem.rdchem.Mol object at 0x7fdcf471b6f0>
COc1ccccc1OCC(O)COC(N)=O,13.6,train,<rdkit.Chem.rdchem.Mol object at 0x7fdcf471b760>
COc1ccc(OC)c(C(O)C(C)NC(C)(C)C)c1,13.6,train,<rdkit.Chem.rdchem.Mol object at 0x7fdcf471b840>
CC(C)[C@H](NC(=O)c1ccc2ccccc2n1)C(=O)N[C@@H](Cc1ccccc1)[C@H](O)CN1CC[C@@H](OCc2ccncc2)C[C@H]1C(=O)NC(C)(C)C,13.6,train,<rdkit.Chem.rdchem.Mol object at 0x7fdcf471b8b0>
Cc1nc(NCc2ccccc2)c2cc[nH]c2n1,13.6,train,<rdkit.Chem.rdchem.Mol object at 0x7fdcf471b990>
COc1ccccc1OC[C@H](O)CN1CCN(CC(=O)Nc2c(C)cccc2C)CC1,13.6,train,<rdkit.Chem.rdchem.Mol object at 0x7fdcf471ba00>
CN1CCC(Nc2ncc3ncnc(Nc4ccc(F)c(Cl)c4)c3n2)CC1,13.6,train,<rdkit.Chem.rdchem.Mol object at 0x7fdcf471ba70>
O=C(NC[C@H]1CN(c2ccc(N3CCOCC3=O)cc2)C(=O)O1)c1ccc(Cl)s1,13.6,train,<rdkit.Chem.rdchem.Mol object at 0x7fdcf471bae0>
CCCC(=O)O[C@]1(C(=O)COC(=O)CC)[C@@H](C)C[C@H]2[C@@H]3CCC4=CC(=O)C=C[C@]4(C)[C@@]3(F)[C@@H](O)C[C@@]21C,13.61,test,<rdkit.Chem.rdchem.Mol object at 0x7fdcf471bc30>
CC(=O)OCC(=O)[C@@]1(OC(=O)C(C)C)[C@@H](C)C[C@H]2[C@@H]3CCC4=CC(=O)C=C[C@]4(C)[C@@]3(F)[C@@H](O)C[C@@]21C,13.61,test,<rdkit.Chem.rdchem.Mol object at 0x7fdcf471bca0>
CC(C)(C)NC(=O)[C@@H]1C[C@@H]2CCCC[C@@H]2CN1C[C@@H](O)[C@H](Cc1ccccc1)NC(=O)[C@H](CC(N)=O)NC(=O)c1ccc2ccccc2n1,13.61,test,<rdkit.Chem.rdchem.Mol object at 0x7fdcf471bd10>
C[C@@H]1C[C@H]2[C@@H]3C[C@H](F)C4=CC(=O)C=C[C@]4(C)[C@@]3(F)[C@@H](O)C[C@]2(C)[C@@]1(OC(=O)C1C(C)(C)C1(C)C)C(=O)OCC#N,13.61,test,<rdkit.Chem.rdchem.Mol object at 0x7fdcf471bd80>
NC(=O)OCC(O)COc1ccc(Cl)cc1,13.61,train,<rdkit.Chem.rdchem.Mol object at 0x7fdcf471bdf0>
NNC(=O)c1ccncc1,13.61,train,<rdkit.Chem.rdchem.Mol object at 0x7fdcf471be60>
COc1ccc(OC)c(C(O)C(C)N)c1,13.61,train,<rdkit.Chem.rdchem.Mol object at 0x7fdcf471bed0>
CCC(=O)OCC(=O)[C@@]1(OC(=O)CC)[C@@H](C)C[C@H]2[C@@H]3CCC4=CC(=O)C=C[C@]4(C)[C@@]3(F)[C@@H](O)C[C@@]21C,13.61,train,<rdkit.Chem.rdchem.Mol object at 0x7fdcf471bf40>
CC(C)(C)CC(=O)OCC(=O)[C@@]12OC(C)(C)O[C@@H]1C[C@H]1[C@@H]3CCC4=CC(=O)C=C[C@]4(C)[C@@]3(F)[C@@H](O)C[C@@]12C,13.61,train,<rdkit.Chem.rdchem.Mol object at 0x7fdcf471c040>
CC(Cc1ccccc1)(NC(=O)CN)c1ccccc1,13.61,train,<rdkit.Chem.rdchem.Mol object at 0x7fdcf471c0b0>
CCC(=O)OCC(=O)[C@@]1(OC(=O)CC)[C@H](C)C[C@H]2[C@@H]3CCC4=CC(=O)C=C[C@]4(C)[C@@]3(F)[C@@H](O)C[C@@]21C,13.61,train,<rdkit.Chem.rdchem.Mol object at 0x7fdcf471c120>
COCCc1ccc(OCC(O)C(C)(C)N)cc1,13.61,train,<rdkit.Chem.rdchem.Mol object at 0x7fdcf471c200>
CCOCC(O)COc1ccc(NC(=O)CC[S+](C)C)cc1,13.61,train,<rdkit.Chem.rdchem.Mol object at 0x7fdcf471c2e0>
CC(=O)NC[C@H]1CN(c2ccc(N3CCN(C(=O)CO)CC3)c(F)c2)C(=O)O1,13.61,train,<rdkit.Chem.rdchem.Mol object at 0x7fdcf471c350>
CC1(C)OC2(C)C(O)CC1CC2O,13.61,train,<rdkit.Chem.rdchem.Mol object at 0x7fdcf471c3c0>
CC(=O)OCC(=O)[C@@]12OC3(CCCC3)O[C@@H]1C[C@H]1[C@@H]3CCC4=CC(=O)C=C[C@]4(C)[C@@]3(F)[C@@H](O)C[C@@]12C,13.61,train,<rdkit.Chem.rdchem.Mol object at 0x7fdcf471c430>
CC(=O)OCC(=O)[C@@]1(OC(=O)c2ccco2)[C@H](C)C[C@H]2[C@@H]3CCC4=CC(=O)C=C[C@]4(C)[C@@]3(F)[C@@H](O)C[C@@]21C,13.61,train,<rdkit.Chem.rdchem.Mol object at 0x7fdcf471c510>
c1ccc2c(c1)-c1nc-2nc2[nH]c(nc3nc(nc4[nH]c(n1)c1ccccc41)-c1ccccc1-3)c1ccccc21,13.61,train,<rdkit.Chem.rdchem.Mol object at 0x7fdcf471c580>
COc1nc2ccc(Br)cc2cc1[C@@H](c1ccccc1)[C@@](O)(CCN(C)C)c1cccc2ccccc12,13.61,train,<rdkit.Chem.rdchem.Mol object at 0x7fdcf471c5f0>
CCC(=O)O[C@]1(C(=O)SCCl)[C@H](C)C[C@H]2[C@@H]3C[C@H](F)C4=CC(=O)C=C[C@]4(C)[C@@]3(F)[C@@H](O)C[C@@]21C,13.61,train,<rdkit.Chem.rdchem.Mol object at 0x7fdcf471c660>
CCC[C@@H]1O[C@@H]2C[C@H]3[C@@H]4C[C@H](F)C5=CC(=O)C=C[C@]5(C)[C@@]4(F)[C@@H](O)C[C@]3(C)[C@]2(C(=O)O[C@H](C)OC(=O)OCC)O1,13.61,train,<rdkit.Chem.rdchem.Mol object at 0x7fdcf471c6d0>
CCC(=O)O[C@]1(C(=O)SC)[C@H](C)C[C@H]2[C@@H]3C[C@H](F)C4=CC(=O)C=C[C@]4(C)[C@@]3(F)[C@@H](O)C[C@@]21C,13.61,train,<rdkit.Chem.rdchem.Mol object at 0x7fdcf471c740>
COC(OC)C(=O)[C@@]12OC(C)(C)O[C@@H]1C[C@H]1[C@@H]3C[C@H](F)C4=CC(=O)C=C[C@]4(C)[C@@]3(F)[C@@H](O)C[C@@]12C,13.61,train,<rdkit.Chem.rdchem.Mol object at 0x7fdcf471c7b0>
C[C@@H]1C[C@H]2C3C[C@H](F)C4=CC(=O)C=C[C@]4(C)[C@@]3(F)[C@@H](O)C[C@]2(C)[C@@]1(OC(=O)c1ccco1)C(=O)SCF,13.61,train,<rdkit.Chem.rdchem.Mol object at 0x7fdcf471c820>
CC1(C)O[C@@H]2C[C@H]3[C@@H]4CCC5=CC(=O)C=C[C@]5(C)[C@@]4(F)[C@@H](O)C[C@]3(C)[C@]2(C(=O)COC(=O)c2cc3ccccc3o2)O1,13.62,test,<rdkit.Chem.rdchem.Mol object at 0x7fdcf471c970>
CCOc1cc(N)c([N+](=O)[O-])cc1C(=O)NC1CCN(CC2CC=CCC2)CC1,13.62,test,<rdkit.Chem.rdchem.Mol object at 0x7fdcf471c9e0>
CCCN1CCCC[C@H]1C(=O)Nc1c(C)cccc1C,13.62,test,<rdkit.Chem.rdchem.Mol object at 0x7fdcf471ca50>
CC(=O)OCC(=O)[C@@]12OC(C)(C)O[C@@H]1C[C@H]1[C@@H]3CC(C#N)=C4C=C(OCCCl)CC[C@]4(C)[C@@]3(F)[C@@H](O)C[C@@]12C,13.62,test,<rdkit.Chem.rdchem.Mol object at 0x7fdcf471cac0>
CCCCN1CCCCC1C(=O)Nc1c(C)cccc1C,13.62,train,<rdkit.Chem.rdchem.Mol object at 0x7fdcf471cba0>
O=C(OCC(O)CO)c1ccccc1Nc1ccnc2c(C(F)(F)F)cccc12,13.62,train,<rdkit.Chem.rdchem.Mol object at 0x7fdcf471cc10>
COc1ccccc1OCC(O)CO,13.62,train,<rdkit.Chem.rdchem.Mol object at 0x7fdcf471cc80>
Cc1ccccc1OCC(O)CO,13.62,train,<rdkit.Chem.rdchem.Mol object at 0x7fdcf471ccf0>
Nc1ccc(C(=O)OCC(O)CO)cc1,13.62,train,<rdkit.Chem.rdchem.Mol object at 0x7fdcf471cd60>
CCCCCCCCCCCCCCCCCC(=O)OCC(O)CO,13.62,train,<rdkit.Chem.rdchem.Mol object at 0x7fdcf471cdd0>
CCCN(CC)C(CC)C(=O)Nc1c(C)cccc1C,13.62,train,<rdkit.Chem.rdchem.Mol object at 0x7fdcf471ce40>
O=NN(CCCl)C(=O)NCCO,13.62,train,<rdkit.Chem.rdchem.Mol object at 0x7fdcf471ceb0>
CCCCCCCCCC(=O)OCC(O)CO,13.62,train,<rdkit.Chem.rdchem.Mol object at 0x7fdcf471d070>
CC(CN1C(=O)c2cccnc2Nc2ccccc21)N(C)C,13.62,train,<rdkit.Chem.rdchem.Mol object at 0x7fdcf471d0e0>
COc1ccccc1[C@H](C)C(=O)N1C[C@@H]2[C@H](C1)C(c1ccccc1)(c1ccccc1)CC[C@@]2(O)c1ccccc1OC,13.62,train,<rdkit.Chem.rdchem.Mol object at 0x7fdcf471d150>
COc1ccc2c(c1)CC[C@@H]1[C@@H]2CC[C@]2(C)[C@H](O)[C@H](O)C[C@@H]12,13.62,train,<rdkit.Chem.rdchem.Mol object at 0x7fdcf471d230>
CC(=O)OCC(=O)[C@@]12OC(C)(C)O[C@@H]1C[C@H]1[C@@H]3CC(C=O)=C4C=C(OCCCl)CC[C@]4(C)[C@@]3(F)[C@@H](O)C[C@@]12C,13.62,train,<rdkit.Chem.rdchem.Mol object at 0x7fdcf471d2a0>
CCN1CCCC1CNC(=O)c1cc(C(C)=O)ccc1OC,13.62,train,<rdkit.Chem.rdchem.Mol object at 0x7fdcf471d3f0>
CCCCCCCC/C=C\CCCCCCCC(=O)OCC(O)CO,13.62,train,<rdkit.Chem.rdchem.Mol object at 0x7fdcf471d460>
CCCCC[C@@H](O)[C@H]1C(=O)O[C@H](C)[C@@H](O)/C=C/C=C/C=C/C=C/C=C(\C)[C@@H](O)C[C@H](O)C[C@H](O)C[C@H](O)C[C@H](O)C[C@H](O)C[C@@H]1O,13.62,train,<rdkit.Chem.rdchem.Mol object at 0x7fdcf471d540>
CCCCC/C=C\C/C=C\CCCCCCCC(=O)OC[C@@H](O)CO,13.62,train,<rdkit.Chem.rdchem.Mol object at 0x7fdcf471d5b0>
Cc1cccc(C)c1NC(=O)C1CCCCN1CC1CC1,13.62,train,<rdkit.Chem.rdchem.Mol object at 0x7fdcf471d620>
N=C(NCCCCc1ccc(OCC(O)CO)cc1)NC(=O)c1nc(Cl)c(N)nc1N,13.62,train,<rdkit.Chem.rdchem.Mol object at 0x7fdcf471d690>
CCC/N=C1\S/C(=C\c2ccc(OC[C@H](O)CO)c(Cl)c2)C(=O)N1c1ccccc1C,13.62,train,<rdkit.Chem.rdchem.Mol object at 0x7fdcf471d700>
C[C@]12CC[C@@H]3c4ccc(OC5CCCC5)cc4CC[C@H]3[C@@H]1C[C@@H](O)[C@@H]2O,13.62,train,<rdkit.Chem.rdchem.Mol object at 0x7fdcf471d770>
CC1(C)C(=O)N(c2ccc(C#N)c(C(F)(F)F)c2)C(=S)N1c1ccc(OC[C@@H](O)CO)cc1,13.62,train,<rdkit.Chem.rdchem.Mol object at 0x7fdcf471d850>
O=C1NC(CCCl)Oc2ccccc21,13.63,train,<rdkit.Chem.rdchem.Mol object at 0x7fdcf471d930>
CN(C)S(=O)(=O)CCNC(=O)N(CCCl)N=O,13.63,train,<rdkit.Chem.rdchem.Mol object at 0x7fdcf471d9a0>
CCCCCCCCCCCCCCCCCC(=O)OCC(O)COC(=O)CCCCCCCCCCCCCCCCC,13.63,train,<rdkit.Chem.rdchem.Mol object at 0x7fdcf471da10>
COc1cc(N)c([N+](=O)[O-])cc1C(=O)NC1CCN(CC2CCCO2)CC1,13.63,train,<rdkit.Chem.rdchem.Mol object at 0x7fdcf471da80>
CCN(CC)CCNC(=O)c1cc(I)c(NC(=O)c2ccc(F)cc2)cc1OC,13.63,train,<rdkit.Chem.rdchem.Mol object at 0x7fdcf471daf0>
C=CC(=O)Nc1cccc(Nc2nc(Nc3ccc(N4CCN(C(C)=O)CC4)cc3OC)ncc2C(F)(F)F)c1,13.63,train,<rdkit.Chem.rdchem.Mol object at 0x7fdcf471dbd0>
CCCC[C@H](Cc1c[nH]c2ccccc12)NC(=O)c1cnc(N2CCN(C)CC2)s1,13.63,train,<rdkit.Chem.rdchem.Mol object at 0x7fdcf471dc40>
CCC(=O)O[C@]1(C(=O)COC)[C@@H](C)C[C@H]2[C@@H]3CCC4=CC(=O)C=C[C@]4(C)[C@@]3(F)[C@@H](O)C[C@@]21C,13.64,test,<rdkit.Chem.rdchem.Mol object at 0x7fdcf471dcb0>
O=C(NCC12CC3CC(CC(C3)C1)C2)c1cc(CCCNCCCO)ccc1Cl,13.64,test,<rdkit.Chem.rdchem.Mol object at 0x7fdcf471dd20>
C=CC(=O)Nc1cc(Nc2nccc(-c3cn(C4CC4)c4ccccc34)n2)c(OC)cc1N(C)CCN(C)C,13.64,test,<rdkit.Chem.rdchem.Mol object at 0x7fdcf471dd90>
Cc1ccc(NC(=O)N2CC[C@@H](CC(F)(F)F)C2)cc1-c1cc(N[C@H](C)CO)nc(N2CCOCC2)c1,13.64,test,<rdkit.Chem.rdchem.Mol object at 0x7fdcf471de00>
CCCCCCCCCCCCCCCCCCOCC(O)CO,13.64,train,<rdkit.Chem.rdchem.Mol object at 0x7fdcf471de70>
CCOc1c(N)c2c(c(OCC)c1OCC)C(C1c3c(cc4c(c3OC)OCO4)CCN1C)OC2=O,13.64,train,<rdkit.Chem.rdchem.Mol object at 0x7fdcf471dee0>
O=[N+]([O-])c1nccn1CC(O)CF,13.64,train,<rdkit.Chem.rdchem.Mol object at 0x7fdcf471df50>
CC(=O)O[C@]1(C(C)=O)CC[C@H]2[C@@H]3C[C@H](C)C4=CC(=O)C=C[C@]4(C)[C@@]3(F)[C@@H](O)C[C@@]21C,13.64,train,<rdkit.Chem.rdchem.Mol object at 0x7fdcf471dfc0>
OC(c1cc(-c2ccc(C(F)(F)F)cc2)nc(C(F)(F)F)c1)C1CCCCN1,13.64,train,<rdkit.Chem.rdchem.Mol object at 0x7fdcf471e030>
O=[N+]([O-])c1nccn1CC(O)C[18F],13.64,train,<rdkit.Chem.rdchem.Mol object at 0x7fdcf471e0a0>
COc1ccc2c(c1OC)[C@]13CCN(C)[C@H](C2)[C@]1(O)CC[C@@H](O)C3,13.64,train,<rdkit.Chem.rdchem.Mol object at 0x7fdcf471e110>
CSC(=O)[C@@]1(OC(C)=O)[C@@H](C)C[C@H]2[C@@H]3CCC4=CC(=O)C=C[C@]4(C)[C@@]3(F)[C@@H](O)C[C@@]21C,13.64,train,<rdkit.Chem.rdchem.Mol object at 0x7fdcf471e1f0>
CC(=O)[C@@]12OC(C)(C)O[C@@H]1C[C@H]1[C@@H]3CCC4=CC(=O)C=C[C@]4(C)[C@@]3(F)[C@@H](O)C[C@@]12C,13.64,train,<rdkit.Chem.rdchem.Mol object at 0x7fdcf471e260>
C=CC(=O)Nc1cc(Nc2nccc(-c3cn(C)c4ccccc34)n2)c(OC)cc1N(C)CCN(C)C,13.64,train,<rdkit.Chem.rdchem.Mol object at 0x7fdcf471e2d0>
C=CC(=O)Nc1cc(Nc2nccc(-c3cn(CC(F)(F)F)c4ccccc34)n2)c(OC)cc1N(C)CCN(C)C,13.64,train,<rdkit.Chem.rdchem.Mol object at 0x7fdcf471e3b0>
Cc1cccc(C)c1NC(=O)C(C)N,13.65,test,<rdkit.Chem.rdchem.Mol object at 0x7fdcf471e420>
O=C(CCNNC(=O)c1ccncc1)NCc1ccccc1,13.65,train,<rdkit.Chem.rdchem.Mol object at 0x7fdcf471e490>
CC(c1ccc(Cl)c(Cl)c1)N1N=C(N)CC1=O,13.65,train,<rdkit.Chem.rdchem.Mol object at 0x7fdcf471e500>
CNCc1ccccc1C(O)c1ccc(Cl)cc1,13.65,train,<rdkit.Chem.rdchem.Mol object at 0x7fdcf471e570>
O=Cc1ccc(CO)o1,13.65,train,<rdkit.Chem.rdchem.Mol object at 0x7fdcf471e5e0>
C[n+]1ccc(C(=O)NCc2ccccc2)cc1,13.65,train,<rdkit.Chem.rdchem.Mol object at 0x7fdcf471e650>
CCOc1c(N)c2c(c(OCC)c1OCC)[C@@H]([C@H]1c3c(cc(OC)c(OC)c3OC)CCN1C)OC2=O,13.65,train,<rdkit.Chem.rdchem.Mol object at 0x7fdcf471e6c0>
CC(=O)O[C@]1(C(C)=O)CC[C@H]2[C@@H]3CCC4=CC(=O)CC[C@]4(C)[C@@]3(F)[C@@H](O)C[C@@]21C,13.65,train,<rdkit.Chem.rdchem.Mol object at 0x7fdcf471e730>
C=CC(=O)Nc1cc(Nc2nccc(-n3cc(CN(C)C)c(-c4ccccc4)n3)n2)c(OC)cc1N1CCOCC1,13.65,train,<rdkit.Chem.rdchem.Mol object at 0x7fdcf471e7a0>
Cc1c(N(CNC(=O)c2cccnc2)C(C)C)c(=O)n(-c2ccccc2)n1C,13.66,test,<rdkit.Chem.rdchem.Mol object at 0x7fdcf471e810>
CC(C)NNC(=O)c1ccncc1,13.66,train,<rdkit.Chem.rdchem.Mol object at 0x7fdcf471e880>
NC(=O)OCC(O)c1ccccc1,13.66,train,<rdkit.Chem.rdchem.Mol object at 0x7fdcf471e8f0>
CC(C)(CCc1ccccc1)NCC(O)c1ccc2c(c1)CCC(=O)N2,13.66,train,<rdkit.Chem.rdchem.Mol object at 0x7fdcf471e9d0>
CC(C)(C)C(=O)OCOC(=O)[C@@H]1N2C(=O)[C@@H](/N=C/N3CCCCCC3)[C@H]2SC1(C)C,13.66,train,<rdkit.Chem.rdchem.Mol object at 0x7fdcf471eb20>
CC(=O)/N=c1/sccn1CC(O)c1cccs1,13.66,train,<rdkit.Chem.rdchem.Mol object at 0x7fdcf471eb90>
NC(=O)c1ccccc1OCC(=O)OCC1CCCO1,13.66,train,<rdkit.Chem.rdchem.Mol object at 0x7fdcf471ec00>
COc1cccc2[nH]c3c4c(c5c(c3c12)C(=O)N(CN1CCN(C)CC1)C5=O)CCC4,13.66,train,<rdkit.Chem.rdchem.Mol object at 0x7fdcf471ec70>
Nc1ccccc1NC(=O)c1ccc(CNC(=O)OCc2cccnc2)cc1,13.67,train,<rdkit.Chem.rdchem.Mol object at 0x7fdcf471ece0>
CCCCCCCCCCCC[N+](CCO)(CCO)Cc1ccccc1,13.67,train,<rdkit.Chem.rdchem.Mol object at 0x7fdcf471ed50>
Cc1[nH]nc(C(F)(F)F)c1Cc1sc2c(c1C(=O)N1C[C@](C)(O)CO1)c(=O)n(C)c(=O)n2C(C)C,13.67,train,<rdkit.Chem.rdchem.Mol object at 0x7fdcf471ee30>
CC(C)Cn1ncc2cc(Oc3ccc(F)cc3F)c(C(=O)NCCN(C)C)cc21,13.67,train,<rdkit.Chem.rdchem.Mol object at 0x7fdcf471eea0>
CC(=O)Nc1ccc(C(=O)Nc2ccccc2N)cc1,13.68,train,<rdkit.Chem.rdchem.Mol object at 0x7fdcf471eff0>
CCOc1ccccc1C(N)=O,13.68,train,<rdkit.Chem.rdchem.Mol object at 0x7fdcf471f060>
CCCCCCOc1ccccc1C(N)=O,13.68,train,<rdkit.Chem.rdchem.Mol object at 0x7fdcf471f0d0>
CCCCOCC(O)COCCCC,13.68,train,<rdkit.Chem.rdchem.Mol object at 0x7fdcf471f140>
O=C(Cn1ccnc1[N+](=O)[O-])NCc1ccccc1,13.68,train,<rdkit.Chem.rdchem.Mol object at 0x7fdcf471f1b0>
CCCCCOc1ccccc1C(N)=O,13.68,train,<rdkit.Chem.rdchem.Mol object at 0x7fdcf471f220>
CCOCCOc1ccccc1C(N)=O,13.68,train,<rdkit.Chem.rdchem.Mol object at 0x7fdcf471f290>
COCC(O)COC(C)(C)C,13.68,train,<rdkit.Chem.rdchem.Mol object at 0x7fdcf471f300>
CC(C)NC[C@@H](C(=O)N1CCN(c2ncnc3c2[C@H](C)C[C@H]3O)CC1)c1ccc(Cl)cc1,13.68,train,<rdkit.Chem.rdchem.Mol object at 0x7fdcf471f370>
CNC(=O)c1cc(Oc2ccc3nc(N[C@@H]4CCCC[C@H]4O)sc3c2)ccn1,13.68,train,<rdkit.Chem.rdchem.Mol object at 0x7fdcf471f3e0>
CC[N+](CC)(CC)CCC(O)(c1ccccc1)C1CCCCC1,13.69,train,<rdkit.Chem.rdchem.Mol object at 0x7fdcf471f450>
CC(=O)NC1(c2ccccc2)CCN(CC[C@H](CN(C)C(=O)c2ccccc2)c2ccc(Cl)c(Cl)c2)CC1,13.69,train,<rdkit.Chem.rdchem.Mol object at 0x7fdcf471f530>
C=CCn1c(=O)c2cnc(Nc3ccc(N4CCN(C)CC4)cc3)nc2n1-c1cccc(C(C)(C)O)n1,13.69,train,<rdkit.Chem.rdchem.Mol object at 0x7fdcf471f5a0>
CC(C)(C)OC[C@@H]1C(=O)NCCN1C(=O)C[C@H](N)Cc1cc(F)c(F)cc1F,13.69,train,<rdkit.Chem.rdchem.Mol object at 0x7fdcf471f610>
C=CC(=O)N1CC[C@@H](Oc2nc(Nc3ccc(N4CCC(N5CCN(C)CC5)CC4)cc3)c(C(N)=O)nc2CC)C1,13.69,train,<rdkit.Chem.rdchem.Mol object at 0x7fdcf471f680>
C[N+](C)(C)CC[N+]1(C)Cc2c(Cl)c(Cl)c(Cl)c(Cl)c2C1,13.7,train,<rdkit.Chem.rdchem.Mol object at 0x7fdcf471f6f0>
C[C@H](O)C(=O)[C@@]1(C)CC[C@H]2[C@@H]3CCC4=CC(=O)CCC4=C3CC[C@@]21C,13.7,train,<rdkit.Chem.rdchem.Mol object at 0x7fdcf471f760>
COc1cccc(C2(O)CC(O)CCC2CN(C)C)c1,13.7,train,<rdkit.Chem.rdchem.Mol object at 0x7fdcf471f7d0>
Cc1nc(-c2cccnc2)sc1C(=O)Nc1ccccc1-c1cn2c(CN3CCOCC3)csc2n1,13.7,train,<rdkit.Chem.rdchem.Mol object at 0x7fdcf471f840>
CN(C)CC[C@H](NC(=O)c1cc2c(cnn2C(C)(C)C)cc1Oc1ccc(F)cc1F)C(N)=O,13.7,train,<rdkit.Chem.rdchem.Mol object at 0x7fdcf471f920>
CCNC(=O)O/N=C/c1ccc([C@H]2C[C@@]3(C)[C@@H](CC[C@]3(COC)OC)[C@@H]3CCC4=CC(=O)CCC4=C32)cc1,13.71,test,<rdkit.Chem.rdchem.Mol object at 0x7fdcf471f990>
O=C(CN1CCOCC1)OCC(=O)c1ccccc1,13.72,train,<rdkit.Chem.rdchem.Mol object at 0x7fdcf471fb50>
COC(CN1CCN(CC(O)C(OC)c2ccccc2)CC1)c1ccccc1,13.72,train,<rdkit.Chem.rdchem.Mol object at 0x7fdcf471fbc0>
CCOC(=O)c1cc(NC(=O)c2cccs2)ccc1OCC(O)CNC(C)(C)C,13.72,train,<rdkit.Chem.rdchem.Mol object at 0x7fdcf471fc30>
CC(C)(C)C(=O)OCC(=O)c1ccccc1,13.72,train,<rdkit.Chem.rdchem.Mol object at 0x7fdcf471fca0>
CCN(CC)CCNC(=O)c1ccc(NC(C)=O)cc1,13.73,train,<rdkit.Chem.rdchem.Mol object at 0x7fdcf471fd80>
CCCCC(=O)O[C@]1(C(=O)CO)CC[C@H]2[C@@H]3C[C@H](F)C4=CC(=O)C=C[C@]4(C)[C@H]3[C@@H](O)C[C@@]21C,13.73,train,<rdkit.Chem.rdchem.Mol object at 0x7fdcf471fdf0>
O=c1[nH]c2ccccc2c2cc(CO)nn12,13.73,train,<rdkit.Chem.rdchem.Mol object at 0x7fdcf471fe60>
CC(=O)Nc1ccc(C(=O)NC(C)(C)C)cc1,13.74,train,<rdkit.Chem.rdchem.Mol object at 0x7fdcf4720040>
C[C@H](NC(=O)C(C)(C)Oc1ccc(C(F)(F)F)cn1)[C@@H](Cc1ccc(Cl)cc1)c1cccc(C#N)c1,13.74,train,<rdkit.Chem.rdchem.Mol object at 0x7fdcf47200b0>
CCCC(=O)O[C@]1(C(=O)CO)CC[C@H]2[C@@H]3CCC4=CC(=O)CC[C@]4(C)[C@H]3[C@@H](O)C[C@@]21C,13.75,test,<rdkit.Chem.rdchem.Mol object at 0x7fdcf4720120>
CCC[C@@H]1O[C@@H]2C[C@H]3[C@@H]4CCC5=CC(=O)C=C[C@]5(C)[C@H]4[C@@H](O)C[C@]3(C)[C@]2(C(=O)CO)O1,13.75,train,<rdkit.Chem.rdchem.Mol object at 0x7fdcf4720190>
CNC(=O)c1cccnc1,13.75,train,<rdkit.Chem.rdchem.Mol object at 0x7fdcf4720200>
Cc1cccc(C)c1NC(=O)CN1CCCC1=O,13.75,train,<rdkit.Chem.rdchem.Mol object at 0x7fdcf4720270>
CCCC1O[C@@H]2C[C@H]3[C@@H]4CCC5=CC(=O)C=C[C@]5(C)[C@H]4[C@@H](O)C[C@]3(C)[C@]2(C(=O)CO)O1,13.75,train,<rdkit.Chem.rdchem.Mol object at 0x7fdcf47202e0>
CCCCC(=O)O[C@]1(C(=O)CO)CC[C@H]2[C@@H]3CCC4=CC(=O)CC[C@]4(C)[C@H]3[C@@H](O)C[C@@]21C,13.75,train,<rdkit.Chem.rdchem.Mol object at 0x7fdcf4720350>
CC1(C)O[C@@H]2C[C@H]3[C@@H]4CCC5=CC(=O)C=C[C@]5(C)[C@H]4[C@@H](O)C[C@]3(C)[C@]2(C(=O)CO)O1,13.75,train,<rdkit.Chem.rdchem.Mol object at 0x7fdcf47203c0>
C[C@]12C=CC(=O)C=C1CC[C@@H]1[C@@H]2[C@@H](O)C[C@@]2(C)[C@H]1C[C@H]1O[C@@H](C3CCCCC3)O[C@]12C(=O)CO,13.75,train,<rdkit.Chem.rdchem.Mol object at 0x7fdcf4720430>
NC(=O)N(CCO)/N=C/c1ccc([N+](=O)[O-])o1,13.75,train,<rdkit.Chem.rdchem.Mol object at 0x7fdcf47204a0>
CCCCC(=O)O[C@]1(C(=O)CO)CC[C@H]2[C@@H]3CCC4=CC(=O)C=C[C@]4(C)[C@H]3[C@@H](O)C[C@@]21C,13.75,train,<rdkit.Chem.rdchem.Mol object at 0x7fdcf4720510>
CC1(C)O[C@@H]2C[C@H]3[C@@H]4C[C@H](F)C5=CC(=O)C=C[C@]5(C)[C@@]4(Cl)[C@@H](Cl)C[C@]3(C)[C@]2(C(=O)CO)O1,13.75,train,<rdkit.Chem.rdchem.Mol object at 0x7fdcf47205f0>
CC(C)(C)NCC(O)c1ccccc1F,13.76,train,<rdkit.Chem.rdchem.Mol object at 0x7fdcf4720660>
O=C(NC[C@H](O)CO)c1ccncc1Nc1ccc(I)cc1F,13.76,train,<rdkit.Chem.rdchem.Mol object at 0x7fdcf47206d0>
COc1ccc(OC)c(C(O)CNC(=O)CN)c1,13.77,train,<rdkit.Chem.rdchem.Mol object at 0x7fdcf4720740>
Cc1scc2c1N(C(=O)CN1CCN(C)CC1)c1ccccc1NC2=O,13.77,train,<rdkit.Chem.rdchem.Mol object at 0x7fdcf47207b0>
CC(C)(C)NCC(O)COc1ccccc1NC(=O)c1ccco1,13.77,train,<rdkit.Chem.rdchem.Mol object at 0x7fdcf4720820>
COc1ccc(OC)c([C@H](O)CNC(=O)CN)c1,13.77,train,<rdkit.Chem.rdchem.Mol object at 0x7fdcf4720890>
CC(C)OC(=O)CCC/C=C\CC[C@H]1[C@@H](O)CO[C@@H]1/C=C/[C@@H](O)COc1cccc(Cl)c1,13.77,train,<rdkit.Chem.rdchem.Mol object at 0x7fdcf4720970>
CCN(CC)CC(=O)Nc1c(C)cccc1C,13.78,test,<rdkit.Chem.rdchem.Mol object at 0x7fdcf47209e0>
CCC(=O)O[C@]1(C(=O)CO)CC[C@H]2[C@@H]3CCC4=CC(=O)CC[C@]4(C)[C@H]3CC[C@@]21C,13.78,test,<rdkit.Chem.rdchem.Mol object at 0x7fdcf4720ac0>
C[C@]12CCC3=C4CCC(=O)C=C4CC[C@H]3[C@@H]1CC[C@@]2(O)CC#N,13.78,train,<rdkit.Chem.rdchem.Mol object at 0x7fdcf4720c10>
Cc1cccc(C)c1NC(=O)CN1CCCCCC1,13.78,train,<rdkit.Chem.rdchem.Mol object at 0x7fdcf4720c80>
CCOc1ccc2c3c1O[C@H]1[C@@H](O)C=C[C@H]4[C@@H](C2)N(C)CC[C@@]341,13.78,train,<rdkit.Chem.rdchem.Mol object at 0x7fdcf4720dd0>
COc1ccc2c3c1O[C@H]1[C@@H](O)C=C[C@H]4[C@@H](C2)NCC[C@@]341,13.78,train,<rdkit.Chem.rdchem.Mol object at 0x7fdcf4720e40>
C[C@@H]1C[C@H]2[C@H]3CCC4=CC(=O)C=C[C@]4(C)[C@@]3(Cl)[C@@H](O)C[C@]2(C)[C@@]1(OC(=O)c1ccco1)C(=O)CCl,13.78,train,<rdkit.Chem.rdchem.Mol object at 0x7fdcf4720eb0>
C=CC(=O)N[C@H]1CCOC[C@H]1Nc1ncc2cc(-c3c(Cl)c(OC)cc(OC)c3Cl)ccc2n1,13.78,train,<rdkit.Chem.rdchem.Mol object at 0x7fdcf4720f20>
OC(c1cc(C(F)(F)F)nc2c(C(F)(F)F)cccc12)C1CCCCN1,13.79,test,<rdkit.Chem.rdchem.Mol object at 0x7fdcf4720f90>
CNC(=O)ON(C(C)=O)C(=O)NC,13.79,test,<rdkit.Chem.rdchem.Mol object at 0x7fdcf4721000>
CCc1c(C(=O)C(N)=O)c2c(OCC(=O)OC)cccc2n1Cc1ccccc1,13.79,train,<rdkit.Chem.rdchem.Mol object at 0x7fdcf4721070>
Cn1ncc(Cl)c1-c1cc(C(=O)N[C@H](CN)Cc2cccc(F)c2)sc1Cl,13.79,train,<rdkit.Chem.rdchem.Mol object at 0x7fdcf47210e0>
CC[C@H](O)[C@@H](C)[C@H]1O[C@@H]1C[C@@](C)(O)/C=C/C=C(\C)[C@H]1OC(=O)C[C@H](O)CC[C@@](C)(O)[C@@H](OC(=O)N2CCN(C3CCCCCC3)CC2)C=C[C@@H]1C,13.8,test,<rdkit.Chem.rdchem.Mol object at 0x7fdcf4721150>
COc1cccc(C2(O)CCCCC2CN(C)C)c1,13.8,train,<rdkit.Chem.rdchem.Mol object at 0x7fdcf47211c0>
COc1ccc(CCNCC(O)COc2ccc(NN=C(C)C)nn2)cc1OC,13.8,train,<rdkit.Chem.rdchem.Mol object at 0x7fdcf4721230>
CCN(/N=C/c1ccc([N+](=O)[O-])o1)C(N)=O,13.8,train,<rdkit.Chem.rdchem.Mol object at 0x7fdcf47212a0>
COCCNCCc1cccc(Nc2ncc3c(n2)-c2ccccc2[C@H](c2ccccc2F)C3)c1,13.8,train,<rdkit.Chem.rdchem.Mol object at 0x7fdcf4721310>
CC(=O)N1CCC(Nc2cc(C(=O)NC[C@H](O)CN3CCc4ccccc4C3)ncn2)CC1,13.8,train,<rdkit.Chem.rdchem.Mol object at 0x7fdcf4721380>
O=C(NCCO[N+](=O)[O-])c1cccnc1,13.81,test,<rdkit.Chem.rdchem.Mol object at 0x7fdcf47213f0>
O=C(NCCOC(=O)c1ccccc1Nc1ccnc2cc(Cl)ccc12)c1cccnc1,13.81,test,<rdkit.Chem.rdchem.Mol object at 0x7fdcf4721460>
CCC(=O)OCC(=O)[C@@]1(OC(=O)CC)[C@@H](C)C[C@H]2[C@@H]3CCC4=CC(=O)C=C[C@]4(C)[C@@]3(Cl)[C@@H](O)C[C@@]21C,13.81,train,<rdkit.Chem.rdchem.Mol object at 0x7fdcf47214d0>
COc1cc2ncnc(Nc3cccc(Cl)c3F)c2cc1OC(=O)N1CCN(C)C[C@H]1C,13.81,train,<rdkit.Chem.rdchem.Mol object at 0x7fdcf4721690>
OC(CCN1CCCCC1)(c1ccccc1)C1CC2C=CC1C2,13.82,test,<rdkit.Chem.rdchem.Mol object at 0x7fdcf47217e0>
C[C@]12CCC(=O)C=C1CC[C@@H]1[C@@H]2[C@@H](O)C[C@]2(C=O)[C@@H](C(=O)CO)CC[C@@H]12,13.82,train,<rdkit.Chem.rdchem.Mol object at 0x7fdcf4721850>
COc1ccc(OC)c(C(O)CN)c1,13.82,train,<rdkit.Chem.rdchem.Mol object at 0x7fdcf47218c0>
O=C1NCCNC1c1cccs1,13.82,train,<rdkit.Chem.rdchem.Mol object at 0x7fdcf4721930>
CCC(C)N(CC(O)c1cccn1Cc1ccccc1Cl)C(C)CC,13.82,train,<rdkit.Chem.rdchem.Mol object at 0x7fdcf47219a0>
CC(C)(Oc1ccc(Cl)cc1)C(=O)OCCNC(=O)c1cccnc1,13.82,train,<rdkit.Chem.rdchem.Mol object at 0x7fdcf4721a10>
CC(O)C(=O)O.OC(CCN1CCCCC1)(c1ccccc1)C1CC2C=CC1C2,13.82,train,<rdkit.Chem.rdchem.Mol object at 0x7fdcf4721a80>
CCCCCCCCCCCCCCC[C@@H](O)[C@H](CO)NC(C)=O,13.82,train,<rdkit.Chem.rdchem.Mol object at 0x7fdcf4721af0>
CCCCCCCCCCCCCCC[C@H](O)[C@H](CO)NC(C)=O,13.82,train,<rdkit.Chem.rdchem.Mol object at 0x7fdcf4721b60>
Cc1cccc(OC2CCNCC2O)c1C,13.82,train,<rdkit.Chem.rdchem.Mol object at 0x7fdcf4721bd0>
C[C@@H]1CN(C(=O)c2ccc(NC(=O)c3cc(O[C@H](C)c4c(Cl)ccc(F)c4Cl)c(N)nn3)cc2)C[C@H](C)N1,13.82,train,<rdkit.Chem.rdchem.Mol object at 0x7fdcf4721cb0>
CC(C)(C)NCC(O)COc1ccc(NC(=O)NC2CCCCC2)cc1,13.83,test,<rdkit.Chem.rdchem.Mol object at 0x7fdcf4721d20>
C[C@@H]1C[C@H]2[C@@H]3C[C@H](F)C4=CC(=O)C=C[C@]4(C)[C@@]3(Cl)[C@@H](O)C[C@]2(C)[C@H]1C(=O)COC(=O)C(C)(C)C,13.83,train,<rdkit.Chem.rdchem.Mol object at 0x7fdcf4721d90>
CCCCOCCOc1ccc(-c2ccc3c(c2)/C=C(/C(=O)Nc2ccc([S@@+]([O-])Cc4cncn4CCC)cc2)CCCN3CC(C)C)cc1,13.83,train,<rdkit.Chem.rdchem.Mol object at 0x7fdcf4721e00>
CC(=O)OCC(=O)[C@H]1[C@H](C)C[C@H]2[C@@H]3C[C@H](F)C4=CC(=O)C=C[C@]4(C)[C@@]3(Cl)[C@@H](O)C[C@@]21C,13.83,train,<rdkit.Chem.rdchem.Mol object at 0x7fdcf4721e70>
OC(CCN1CCCC1)(c1ccccc1)C1CCCCC1,13.84,test,<rdkit.Chem.rdchem.Mol object at 0x7fdcf4721f50>
OC(CCN1CCCCC1)(c1ccccc1)C1CCCC1,13.84,train,<rdkit.Chem.rdchem.Mol object at 0x7fdcf4721fc0>
OC(CCN1CCCCC1)(c1ccccc1)C1CCCCC1,13.84,train,<rdkit.Chem.rdchem.Mol object at 0x7fdcf4722030>
C[C@@H]1C[C@H]2[C@@H]3C[C@H](F)C4=CC(=O)C=C[C@]4(C)[C@H]3[C@@H](O)C[C@]2(C)[C@H]1C(=O)CO,13.84,train,<rdkit.Chem.rdchem.Mol object at 0x7fdcf47220a0>
O=C(NCCc1c[nH]c2ccccc12)c1cccnc1,13.84,train,<rdkit.Chem.rdchem.Mol object at 0x7fdcf4722110>
Nc1nc(CC(=O)Nc2ccc(CCNC[C@H](O)c3ccccc3)cc2)cs1,13.84,train,<rdkit.Chem.rdchem.Mol object at 0x7fdcf47222d0>
C=CCN1CCC[C@H]1CNC(=O)c1cc(CCCF)cc(OC)c1OC,13.84,train,<rdkit.Chem.rdchem.Mol object at 0x7fdcf4722340>
Cc1c(Cc2ccccc2)nnc(N2CCN(c3cnc(C(C)(C)O)cn3)[C@H](C)C2)c1C,13.84,train,<rdkit.Chem.rdchem.Mol object at 0x7fdcf47223b0>
Nc1nc(N)c2ncn([C@H]3CO[C@@H](CO)O3)c2n1,13.85,train,<rdkit.Chem.rdchem.Mol object at 0x7fdcf4722420>
Nc1ccn([C@@H]2CO[C@H](CO)O2)c(=O)n1,13.85,train,<rdkit.Chem.rdchem.Mol object at 0x7fdcf4722490>
C=C1CC[C@H](O)C/C1=C/C=C1\CCC[C@]2(C)[C@@H]([C@H](C)CC[C@@H](O)C(C)(C)O)CC[C@@H]12,13.85,train,<rdkit.Chem.rdchem.Mol object at 0x7fdcf4722500>
NC1=N[C@@]2(c3cc(NC(=O)c4ccc(F)cn4)ccc3F)COC[C@H]2CS1,13.85,train,<rdkit.Chem.rdchem.Mol object at 0x7fdcf47225e0>
CN1C(N)=N[C@](C)(c2cc(NC(=O)c3ccc(F)cn3)ccc2F)CS1(=O)=O,13.85,train,<rdkit.Chem.rdchem.Mol object at 0x7fdcf4722650>
C=CC(=O)Nc1cccc(Oc2nc(Nc3ccc(N4CCN(C)CC4)cc3)nc3ccsc23)c1,13.85,train,<rdkit.Chem.rdchem.Mol object at 0x7fdcf47226c0>
Cc1cc(F)c(C(=O)Nc2cccc(-c3nncn3C(C)C)n2)cc1-n1cnc(C2CC2)c1,13.86,test,<rdkit.Chem.rdchem.Mol object at 0x7fdcf4722810>
C[C@]12C[C@H](O)[C@H]3[C@@H](CCC4=CC(=O)CC[C@@]43C)[C@@H]1CC[C@@H]2C(=O)CO,13.86,train,<rdkit.Chem.rdchem.Mol object at 0x7fdcf4722880>
O=C1CN(C(=O)CN2CC(c3ccc(Cl)cc3)CC2=O)CCN1,13.86,train,<rdkit.Chem.rdchem.Mol object at 0x7fdcf47228f0>
CNC(=S)NCO,13.86,train,<rdkit.Chem.rdchem.Mol object at 0x7fdcf4722960>
Cc1ncc([N+](=O)[O-])n1C[C@H](O)CCl,13.86,train,<rdkit.Chem.rdchem.Mol object at 0x7fdcf47229d0>
C[C@]12CC[C@@H](O)C[C@@H]1CC[C@H]1[C@@H]3CC[C@H](C(=O)CO)[C@@]3(C)CC(=O)[C@@H]12,13.86,train,<rdkit.Chem.rdchem.Mol object at 0x7fdcf4722a40>
COc1ccc(NC(=O)c2ccc(C(=N)N(C)C)cc2)c(C(=O)Nc2ccc(Cl)cn2)c1,13.86,train,<rdkit.Chem.rdchem.Mol object at 0x7fdcf4722ab0>
CC(C)n1nc(-c2ccc3oc(N)nc3c2)c2c(N)ncnc21,13.86,train,<rdkit.Chem.rdchem.Mol object at 0x7fdcf4722b20>
Nc1nc2cc(-c3ccc4ncc(C(=O)N5CCOCC5)n4c3)ccc2o1,13.86,train,<rdkit.Chem.rdchem.Mol object at 0x7fdcf4722b90>
CCCCCCCCNC(C)C(O)c1ccc(SC(C)C)cc1,13.87,train,<rdkit.Chem.rdchem.Mol object at 0x7fdcf4722c00>
CCN(CC)CCOC(=O)[C@H](Cc1ccc(NC(=O)c2c(Cl)cccc2Cl)cc1)NC(=O)c1c(C)cccc1Cl,13.87,train,<rdkit.Chem.rdchem.Mol object at 0x7fdcf4722ce0>
Cc1cc(C)cc([C@@H]2CCCN2Cc2ccc(Oc3ccc(C(N)=O)cc3F)cc2)c1,13.87,train,<rdkit.Chem.rdchem.Mol object at 0x7fdcf4722d50>
C=CC(=O)Nc1cccc(Oc2nc(Nc3ccc(N4CCN(C)CC4)cc3)nc3ccoc23)c1,13.87,train,<rdkit.Chem.rdchem.Mol object at 0x7fdcf4722dc0>
C=CCOc1cc(C(F)(F)F)ccc1C(=O)NCCN(CC)CC,13.88,test,<rdkit.Chem.rdchem.Mol object at 0x7fdcf4722e30>
C=C[C@H]1CN2CC[C@H]1C[C@@H]2[C@@H](O)c1ccnc2ccccc12,13.88,test,<rdkit.Chem.rdchem.Mol object at 0x7fdcf4722ea0>
CCN(C)C(C)C(O)c1ccccc1,13.88,train,<rdkit.Chem.rdchem.Mol object at 0x7fdcf4722f10>
C=C[C@H]1CN2CC[C@H]1C[C@H]2[C@H](O)c1ccnc2ccccc12,13.88,train,<rdkit.Chem.rdchem.Mol object at 0x7fdcf4722f80>
COc1cc2c(cc1OC)CN(CCc1ccc(NC(=O)c3cccc4c(=O)c5cccc(OC)c5[nH]c34)cc1)CC2,13.88,train,<rdkit.Chem.rdchem.Mol object at 0x7fdcf4722ff0>
CC(C(O)c1ccccc1)N(C)CCOC(c1ccccc1)c1ccccc1,13.88,train,<rdkit.Chem.rdchem.Mol object at 0x7fdcf4723060>
CC(C(O)c1ccccc1)N(C)C/C=C/c1ccccc1,13.88,train,<rdkit.Chem.rdchem.Mol object at 0x7fdcf47230d0>
CC([C@H](O)c1ccccc1)N(C)C,13.88,train,<rdkit.Chem.rdchem.Mol object at 0x7fdcf4723140>
C[C@@H]([C@H](O)c1ccccc1)N(C)CC=C1c2ccccc2CCc2ccccc21,13.88,train,<rdkit.Chem.rdchem.Mol object at 0x7fdcf47231b0>
C=CC(=O)Nc1cccc(Nc2nc(Nc3ccc(OCCOC)cc3)ncc2F)c1,13.88,train,<rdkit.Chem.rdchem.Mol object at 0x7fdcf4723220>
C=CC(=O)Nc1cccc(Nc2nc(Nc3ccc(OCCOC)cc3)ncc2F)c1.O=S(=O)(O)c1ccccc1,13.88,train,<rdkit.Chem.rdchem.Mol object at 0x7fdcf4723290>
CCN1C(=O)N(c2c(F)c(OC)cc(OC)c2F)Cc2cnc3[nH]c(CN4CCOCC4)cc3c21,13.88,train,<rdkit.Chem.rdchem.Mol object at 0x7fdcf4723300>
CNC(=O)OCc1cccc(COC(=O)NC)n1,13.89,train,<rdkit.Chem.rdchem.Mol object at 0x7fdcf4723450>
CNC(C)C(O)c1ccccc1,13.89,train,<rdkit.Chem.rdchem.Mol object at 0x7fdcf47234c0>
CN[C@@H](C)[C@@H](O)c1ccccc1,13.89,train,<rdkit.Chem.rdchem.Mol object at 0x7fdcf4723530>
CN[C@@H](C)[C@H](O)c1ccccc1,13.89,train,<rdkit.Chem.rdchem.Mol object at 0x7fdcf47235a0>
CCC1CN2CCC1CC2[C@H](O)c1ccnc2ccc(OC)cc12,13.89,train,<rdkit.Chem.rdchem.Mol object at 0x7fdcf4723610>
Nc1ccn([C@H]2C[C@H](O)[C@@H](CO)O2)c(=O)n1,13.89,train,<rdkit.Chem.rdchem.Mol object at 0x7fdcf4723680>
C[C@H](NCCC(=O)C1CCCCC1)[C@H](O)c1ccccc1,13.89,train,<rdkit.Chem.rdchem.Mol object at 0x7fdcf4723760>
Nc1nc(=O)n([C@H]2C[C@H](O)[C@@H](CO)O2)cc1I,13.89,train,<rdkit.Chem.rdchem.Mol object at 0x7fdcf47237d0>
C=C[C@H]1CN2CC[C@H]1C[C@H]2[C@H](O)c1ccnc2ccc(OC)cc12.O=C(O)c1ccccc1O,13.89,train,<rdkit.Chem.rdchem.Mol object at 0x7fdcf47238b0>
C=CCOc1cc(Cl)ccc1C(=O)NCCN(CC)CC,13.89,train,<rdkit.Chem.rdchem.Mol object at 0x7fdcf4723920>
CCOc1ccc2nccc([C@@H](O)[C@@H]3C[C@@H]4CCN3C[C@@H]4CC)c2c1,13.89,train,<rdkit.Chem.rdchem.Mol object at 0x7fdcf4723990>
C=C[C@H]1CN2CC[C@H]1C[C@@H]2[C@@H](O)c1ccnc2ccc(OC)cc12.O=C(O)[C@H](O)[C@@H](O)[C@H](O)[C@H](O)CO,13.89,train,<rdkit.Chem.rdchem.Mol object at 0x7fdcf4723a00>
Nc1nc(=O)n([C@H]2C[C@H](O)[C@@H](CO)O2)cc1Cl,13.89,train,<rdkit.Chem.rdchem.Mol object at 0x7fdcf4723a70>
Nc1ccn([C@@H]2C[C@@H](O)[C@H](CO)O2)c(=O)n1,13.89,train,<rdkit.Chem.rdchem.Mol object at 0x7fdcf4723ae0>
CC(NCCCCc1ccccc1)C(O)c1ccc2c(c1)CCS2,13.89,train,<rdkit.Chem.rdchem.Mol object at 0x7fdcf4723b50>
C=C[C@H]1CN2CC[C@H]1C[C@@H]2[C@@H](O)c1ccnc2ccc(OC)cc12,13.89,train,<rdkit.Chem.rdchem.Mol object at 0x7fdcf4723bc0>
CC[C@H]1CN2CCC1C[C@@H]2[C@@H](O)c1ccnc2ccc(OC)cc12,13.89,train,<rdkit.Chem.rdchem.Mol object at 0x7fdcf4723c30>
Nc1ncn([C@H]2C[C@H](O)[C@@H](CO)O2)c(=O)n1,13.89,train,<rdkit.Chem.rdchem.Mol object at 0x7fdcf4723ca0>
COc1cccc(C(=O)CCN[C@@H](C)[C@H](O)c2ccccc2)c1,13.89,train,<rdkit.Chem.rdchem.Mol object at 0x7fdcf4723df0>
O=c1ncc(I)cn1[C@H]1C[C@H](O)[C@@H](CO)O1,13.89,train,<rdkit.Chem.rdchem.Mol object at 0x7fdcf4723e60>
NC(=O)c1cnc2n1CCc1ccccc1C21CCNCC1,13.89,train,<rdkit.Chem.rdchem.Mol object at 0x7fdcf4723ed0>
Cn1c(COP(=O)(NCCBr)NCCBr)cnc1[N+](=O)[O-],13.89,train,<rdkit.Chem.rdchem.Mol object at 0x7fdcf4723f40>
N#CC[C@H](C1CCCC1)n1cc(-c2ncnc3[nH]ccc23)cn1,13.89,train,<rdkit.Chem.rdchem.Mol object at 0x7fdcf4724040>
CCS(=O)(=O)N1CC(CC#N)(n2cc(-c3ncnc4[nH]ccc34)cn2)C1,13.89,train,<rdkit.Chem.rdchem.Mol object at 0x7fdcf47240b0>
C=C[C@H]1CN2CC[C@H]1C[C@H]2[C@H](O)c1ccnc2ccc(OC)cc12.O=C1O[C@H]([C@@H](O)CO)C(O)=C1O.O=C1O[C@H]([C@@H](O)CO)C(O)=C1O,13.89,train,<rdkit.Chem.rdchem.Mol object at 0x7fdcf4724200>
N#CCC1(n2cc(-c3ncnc4[nH]ccc34)cn2)CN(C2CCN(C(=O)c3ccnc(C(F)(F)F)c3F)CC2)C1.O=C(O)CCCCC(=O)O,13.89,train,<rdkit.Chem.rdchem.Mol object at 0x7fdcf4724270>
CN[C@@H](C)[C@H](O)c1ccccc1.CN[C@@H](C)[C@H](O)c1ccccc1,13.89,train,<rdkit.Chem.rdchem.Mol object at 0x7fdcf47242e0>
C=C[C@H]1CN2CC[C@H]1C[C@@H]2[C@@H](O)c1ccnc2ccc(OC)cc12.C=C[C@H]1CN2CC[C@H]1C[C@@H]2[C@@H](O)c1ccnc2ccc(OC)cc12,13.89,train,<rdkit.Chem.rdchem.Mol object at 0x7fdcf4724350>
[2H]C1([2H])C([C@@H](CC#N)n2cc(-c3ncnc4[nH]ccc34)cn2)C([2H])([2H])C([2H])([2H])C1([2H])[2H],13.89,train,<rdkit.Chem.rdchem.Mol object at 0x7fdcf47243c0>
CC(C)(C)NCC(O)c1ccccc1Cl,13.9,test,<rdkit.Chem.rdchem.Mol object at 0x7fdcf47244a0>
O=C(CCCN1CCC(O)(c2ccc(Cl)c(C(F)(F)F)c2)CC1)c1ccc(F)cc1,13.9,test,<rdkit.Chem.rdchem.Mol object at 0x7fdcf4724510>
CC(N)C(O)c1ccccc1,13.9,train,<rdkit.Chem.rdchem.Mol object at 0x7fdcf4724580>
CC(C)NCC(O)c1ccc([N+](=O)[O-])cc1,13.9,train,<rdkit.Chem.rdchem.Mol object at 0x7fdcf47245f0>
OC1(c2ccc(Cl)c(C(F)(F)F)c2)CCN(CCCC(c2ccc(F)cc2)c2ccc(F)cc2)CC1,13.9,train,<rdkit.Chem.rdchem.Mol object at 0x7fdcf47246d0>
CN(C)C(=O)C(CCN1CCC(O)(c2ccc(Cl)c(C(F)(F)F)c2)CC1)(c1ccccc1)c1ccccc1,13.9,train,<rdkit.Chem.rdchem.Mol object at 0x7fdcf47247b0>
COc1cc2c(cc1OC)CN(CCc1ccc(NC(=O)c3cc(OC)c(OC)cc3NC(=O)c3cnc4ccccc4c3)cc1)CC2,13.9,train,<rdkit.Chem.rdchem.Mol object at 0x7fdcf4724820>
C[C@H](N)[C@@H](O)c1ccccc1,13.9,train,<rdkit.Chem.rdchem.Mol object at 0x7fdcf4724890>
CC1CCCC(C)N1C(=S)Nc1cccc(C(F)(F)F)c1,13.9,train,<rdkit.Chem.rdchem.Mol object at 0x7fdcf4724900>
NC1=NC(=O)N([C@H]2C[C@H](O)[C@@H](CO)O2)CN1,13.9,train,<rdkit.Chem.rdchem.Mol object at 0x7fdcf4724970>
COc1ccc(C(=O)COC(=O)/C=C(C)\C=C\C=C(C)\C=C\C2=C(C)CCCC2(C)C)cc1,13.9,train,<rdkit.Chem.rdchem.Mol object at 0x7fdcf47249e0>
O=C(Nc1cccc(C(F)(F)F)c1)c1cccc2cc(Oc3cc(CO)ncn3)ccc12,13.9,train,<rdkit.Chem.rdchem.Mol object at 0x7fdcf4724a50>
C1=C/COCc2cc(ccc2OCCN2CCCC2)Nc2nccc(n2)-c2ccc(o2)COC/1,13.9,train,<rdkit.Chem.rdchem.Mol object at 0x7fdcf4724ac0>
CCCC(=O)Nc1ccc(OCC(O)CNC(C)C)c(C(C)=O)c1,13.91,test,<rdkit.Chem.rdchem.Mol object at 0x7fdcf4724b30>
CN(C)C(=O)Oc1cc(OC(=O)N(C)C)cc(C(O)CNC(C)(C)C)c1,13.91,test,<rdkit.Chem.rdchem.Mol object at 0x7fdcf4724ba0>
CC(C)NCC(O)c1ccccc1Cl,13.91,train,<rdkit.Chem.rdchem.Mol object at 0x7fdcf4724c10>
COc1cccc2nc(-c3cccs3)nc(NN3C(=O)C=C(C)C3=O)c12,13.91,train,<rdkit.Chem.rdchem.Mol object at 0x7fdcf4724c80>
CC(C)(O)c1nc2ccc(Cl)cc2cc1N,13.91,train,<rdkit.Chem.rdchem.Mol object at 0x7fdcf4724cf0>
CC(C)c1cnc(-c2cc(Cl)ccc2F)cc1Nc1ccncc1C(=O)NC(CO)CO,13.91,train,<rdkit.Chem.rdchem.Mol object at 0x7fdcf4724d60>
O=C1CCc2cc(OC[C@H](O)CN3CCN(c4ccc(C(F)(F)F)cc4)CC3)ccc2N1,13.91,train,<rdkit.Chem.rdchem.Mol object at 0x7fdcf4724dd0>
C[C@@H](Oc1cc(-n2cnc3ccc(CN4CCN(C)CC4)cc32)sc1C(N)=O)c1ccccc1C(F)(F)F,13.92,test,<rdkit.Chem.rdchem.Mol object at 0x7fdcf4724e40>
CN1C2C(=O)c3ccccc3C1C1=C2C(=O)c2ccccc2C1=O,13.92,test,<rdkit.Chem.rdchem.Mol object at 0x7fdcf4724eb0>
CC(=O)c1cc2cccc(OCC(O)CNC(C)C)c2o1,13.92,train,<rdkit.Chem.rdchem.Mol object at 0x7fdcf4724f20>
CC(C)(C)NCC(O)c1cc(OC(=O)C(C)(C)C)cc(OC(=O)C(C)(C)C)c1,13.92,train,<rdkit.Chem.rdchem.Mol object at 0x7fdcf4725070>
C=C1/C(=C\C=C2/CCC[C@]3(C)[C@@H]([C@H](C)/C=C/[C@@H](O)C(C)(C)C(=O)OC(C)C)CC[C@@H]23)C[C@@H](O)C[C@@H]1O,13.92,train,<rdkit.Chem.rdchem.Mol object at 0x7fdcf47250e0>
C[C@@]1(c2cc(NC(=O)c3ccc(C#N)cn3)ccc2F)C=CSC(N)=N1,13.92,train,<rdkit.Chem.rdchem.Mol object at 0x7fdcf4725150>
CC(C)(O)c1cc(Nc2cc(Oc3cn(C4CC4)nc3C3CCOCC3)ccn2)ccn1,13.92,train,<rdkit.Chem.rdchem.Mol object at 0x7fdcf47251c0>
CCCCC1OC(=O)c2ccccc21,13.93,train,<rdkit.Chem.rdchem.Mol object at 0x7fdcf47252a0>
CC(C)(O)c1nc2ccccc2cc1N,13.93,train,<rdkit.Chem.rdchem.Mol object at 0x7fdcf4725310>
CCN1C(=O)c2ccccc2C1Nc1ccc(OCCN2CCCCC2)cc1,13.94,train,<rdkit.Chem.rdchem.Mol object at 0x7fdcf4725380>
CCCC(=O)Nc1ccc(OCC(O)CNCCc2ccc(OC)c(OC)c2)c(-c2ccno2)c1,13.94,train,<rdkit.Chem.rdchem.Mol object at 0x7fdcf47253f0>
CCCNC(=O)c1cn2ncnc(Nc3cc(C(=O)NC4CC4)ccc3C)c2c1C,13.94,train,<rdkit.Chem.rdchem.Mol object at 0x7fdcf4725460>
O=C(c1ccc(/C=C/c2n[nH]c3ccccc23)cc1)N1CCNCC1,13.94,train,<rdkit.Chem.rdchem.Mol object at 0x7fdcf47254d0>
CC[C@H]1CN2CC[C@H]1C[C@H]2[C@H](O)c1cccc2ccc(OCCC(C)C)cc12,13.94,train,<rdkit.Chem.rdchem.Mol object at 0x7fdcf4725540>
Cc1c(C#N)cccc1-c1cc(-c2cn(Cc3cccc(C(C)(C)O)n3)nn2)nc(N)n1,13.94,train,<rdkit.Chem.rdchem.Mol object at 0x7fdcf47255b0>
CC(C)OC(=O)CCC/C=C\C[C@@H]1[C@@H](/C=C/[C@@H](O)COc2cccc(C(F)(F)F)c2)[C@H](O)C[C@@H]1O,13.95,test,<rdkit.Chem.rdchem.Mol object at 0x7fdcf4725620>
CC(CCN1CCN(c2ccc(F)cc2)CC1)NC(=O)c1cccnc1,13.95,train,<rdkit.Chem.rdchem.Mol object at 0x7fdcf4725690>
COc1ccc(N2C[C@H](CN3CCC(O)(c4ccc5c(c4)OCO5)CC3)OC2=O)cc1,13.95,train,<rdkit.Chem.rdchem.Mol object at 0x7fdcf47257e0>
COc1cccc([C@H](O)C2CCN(CCc3ccc(F)cc3)CC2)c1OC,13.95,train,<rdkit.Chem.rdchem.Mol object at 0x7fdcf4725850>
COC(=O)/C=C/C/C=C\C[C@@H]1[C@@H](/C=C/[C@@H](O)COc2cccc(C(F)(F)F)c2)[C@H](O)C[C@@H]1O,13.95,train,<rdkit.Chem.rdchem.Mol object at 0x7fdcf47258c0>
NC(=O)c1ccc(N(C(N)=O)c2c(F)cccc2F)nc1-c1ccc(F)cc1F,13.95,train,<rdkit.Chem.rdchem.Mol object at 0x7fdcf47259a0>
COC(=O)/C=C/C/C=C\C[C@@H]1[C@@H](/C=C/[C@@H](O)COc2cccc(Cl)c2)[C@H](O)C[C@@H]1O,13.95,train,<rdkit.Chem.rdchem.Mol object at 0x7fdcf4725a10>
COC(=O)CCC=C=CCC1C(O)CC(O)C1/C=C/C(O)COc1ccccc1,13.95,train,<rdkit.Chem.rdchem.Mol object at 0x7fdcf4725a80>
O=C(CCCN1CCC(O)(c2ccc(Cl)cc2)CC1)c1ccc(F)cc1,13.96,test,<rdkit.Chem.rdchem.Mol object at 0x7fdcf4725af0>
CC(=O)Oc1c(I)cc(I)cc1C(=O)Nc1ccc(Cl)cc1,13.96,test,<rdkit.Chem.rdchem.Mol object at 0x7fdcf4725b60>
CN(C)C(=O)C(CCN1CCC(O)(c2ccc(Cl)cc2)CC1)(c1ccccc1)c1ccccc1,13.96,train,<rdkit.Chem.rdchem.Mol object at 0x7fdcf4725c40>
OC(CNc1ncccn1)c1ccccc1,13.96,train,<rdkit.Chem.rdchem.Mol object at 0x7fdcf4725cb0>
COCC(O)Cn1ccnc1[N+](=O)[O-],13.96,train,<rdkit.Chem.rdchem.Mol object at 0x7fdcf4725d20>
CC(=O)Nc1ccc(OCC(O)CNC(C)C)c(C(C)=O)c1,13.96,train,<rdkit.Chem.rdchem.Mol object at 0x7fdcf4725d90>
CN1C(=O)c2ccccc2C1Nc1ccc(OCCN2CCCCC2)cc1,13.96,train,<rdkit.Chem.rdchem.Mol object at 0x7fdcf4725e00>
CNC(=S)NCCSCc1[nH]cnc1C,13.96,train,<rdkit.Chem.rdchem.Mol object at 0x7fdcf4725e70>
CN(C)c1ccc([C@H]2C[C@@]3(C)[C@@H](CC[C@@]3(O)/C=C\CO)[C@@H]3CCC4=CC(=O)CCC4=C32)cc1,13.96,train,<rdkit.Chem.rdchem.Mol object at 0x7fdcf4725ee0>
CC(O)C(=O)O.O=C(CCCN1CCC(O)(c2ccc(Cl)cc2)CC1)c1ccc(F)cc1,13.96,train,<rdkit.Chem.rdchem.Mol object at 0x7fdcf4725f50>
CNC(=O)c1nn(C)c2c1C(C)(C)Cc1cnc(Nc3ccc(N4CCN(C)CC4)cc3)nc1-2,13.96,train,<rdkit.Chem.rdchem.Mol object at 0x7fdcf4725fc0>
CN1C(=O)[C@]23C[C@H]4C(C)(C)[C@]5(CNc6c5ccc5c6OC=CC(C)(C)O5)C[C@@]41CN2CC[C@@]3(C)O,13.96,train,<rdkit.Chem.rdchem.Mol object at 0x7fdcf4726030>
Cc1nc2ccccc2c(=O)n1CC(O)CO,13.97,test,<rdkit.Chem.rdchem.Mol object at 0x7fdcf47260a0>
C[N+](C)(C)CCO,13.97,train,<rdkit.Chem.rdchem.Mol object at 0x7fdcf4726110>
O=C1CN=C(c2ccccc2F)c2cc(Cl)ccc2N1CC(O)CO,13.97,train,<rdkit.Chem.rdchem.Mol object at 0x7fdcf47262d0>
[2H]C([2H])([2H])[N+](CCO)(C([2H])([2H])[2H])C([2H])([2H])[2H],13.97,train,<rdkit.Chem.rdchem.Mol object at 0x7fdcf4726340>
O=C(CN1CCOCC1)Nc1ccc(OC2CCN(C3CCC3)CC2)cc1,13.97,train,<rdkit.Chem.rdchem.Mol object at 0x7fdcf47263b0>
Cc1ccccc1OCC(O)CNCCOc1ccc(C(N)=O)cc1,13.98,test,<rdkit.Chem.rdchem.Mol object at 0x7fdcf4726490>
Cc1cccc(C)c1NC(=O)NCCCNC(C)C,13.98,test,<rdkit.Chem.rdchem.Mol object at 0x7fdcf4726500>
C[C@@H](C(=O)Nc1ccc(Cl)cc1)C1CCC(c2ccnc3ccc(F)cc23)CC1,13.98,test,<rdkit.Chem.rdchem.Mol object at 0x7fdcf4726570>
O=c1c(I)cn(CC(O)CO)cc1I,13.98,train,<rdkit.Chem.rdchem.Mol object at 0x7fdcf47265e0>
CCC(N)C1(O)Cc2ccccc2C1,13.98,train,<rdkit.Chem.rdchem.Mol object at 0x7fdcf4726650>
CC(=O)c1cc2c(o1)C(=O)c1ccccc1C2=O,13.98,train,<rdkit.Chem.rdchem.Mol object at 0x7fdcf47266c0>
C/C=C\[C@]1(O)CC[C@H]2[C@@H]3CCC4=CC(=O)CCC4=C3[C@@H](c3ccc(N(C)C)cc3)C[C@@]21C,13.98,train,<rdkit.Chem.rdchem.Mol object at 0x7fdcf4726730>
Cc1nnc(C(C)C)n1C1C[C@H]2CC[C@@H](C1)N2CC[C@@H](NC(=O)C1CCC(F)(F)CC1)c1ccccc1,13.98,train,<rdkit.Chem.rdchem.Mol object at 0x7fdcf47267a0>
CN1CCCC(C(=O)N2c3ccccc3NC(=O)c3cccnc32)C1,13.99,test,<rdkit.Chem.rdchem.Mol object at 0x7fdcf4726810>
CCCCCc1ccc(-c2cc3cn([C@H]4C[C@H](O)[C@@H](COC(=O)[C@@H](N)C(C)C)O4)c(=O)nc3o2)cc1,13.99,test,<rdkit.Chem.rdchem.Mol object at 0x7fdcf4726880>
CCCCN1CCCC1C(=O)Nc1c(C)cc(C)cc1C,13.99,train,<rdkit.Chem.rdchem.Mol object at 0x7fdcf47268f0>
COC(=O)CCC=C=CC[C@H]1C(=O)C[C@@H](O)[C@@H]1/C=C/[C@@H](O)COc1ccccc1,13.99,train,<rdkit.Chem.rdchem.Mol object at 0x7fdcf4726960>
CN1CCN(C(=O)N[C@@H](Cc2ccccc2)C(=O)N[C@H](/C=C/S(=O)(=O)c2ccccc2)CCc2ccccc2)CC1,13.99,train,<rdkit.Chem.rdchem.Mol object at 0x7fdcf47269d0>
CC[C@@H]1CN(C(=O)NCC(F)(F)F)C[C@@H]1c1cnc2cnc3[nH]ccc3n12,13.99,train,<rdkit.Chem.rdchem.Mol object at 0x7fdcf4726ab0>
Cc1ccc(C(=O)Oc2ccc(C(O)CNC(C)(C)C)cc2OC(=O)c2ccc(C)cc2)cc1,14.0,train,<rdkit.Chem.rdchem.Mol object at 0x7fdcf4726b90>
CN1CCC(C(=O)N2c3ccccc3NC(=O)c3cccnc32)CC1,14.0,train,<rdkit.Chem.rdchem.Mol object at 0x7fdcf4726c00>
OC[C@@H](O)CN1CCN(c2ccccc2)CC1,14.0,train,<rdkit.Chem.rdchem.Mol object at 0x7fdcf4726c70>
COc1ccc(C(=O)Oc2ccc(C(O)CNC(C)(C)C)cc2OC(C)=O)cc1,14.0,train,<rdkit.Chem.rdchem.Mol object at 0x7fdcf4726ce0>
COCc1c(-c2cc3cc(C)cc(OC)c3s2)c2c(N)ncnn2c1CN1CCNC(=O)C1,14.0,train,<rdkit.Chem.rdchem.Mol object at 0x7fdcf4726d50>
